2026-05-13 02:27:11 | INFO     | DonishAI запущен | model=ollama_chat/qwen2.5:3b
2026-05-13 02:27:12 | INFO     | Application started
2026-05-13 02:29:01 | INFO     | Application is stopping. This might take a moment.
2026-05-13 02:29:01 | INFO     | Application.stop() complete
2026-05-13 02:29:09 | INFO     | DonishAI запущен | model=ollama_chat/qwen2.5:3b
2026-05-13 02:29:10 | INFO     | Application started
2026-05-13 02:29:38 | INFO     | Application is stopping. This might take a moment.
2026-05-13 02:29:38 | INFO     | Application.stop() complete
2026-05-13 02:29:59 | INFO     | DonishAI запущен | model=ollama_chat/qwen2.5:3b
2026-05-13 02:29:59 | INFO     | Application started
2026-05-13 02:31:25 | INFO     | Application is stopping. This might take a moment.
2026-05-13 02:31:25 | INFO     | Application.stop() complete
2026-05-13 02:40:47 | INFO     | DonishAI v7.1 started | model=qwen2.5:3b
2026-05-13 02:40:48 | INFO     | HTTP Request: POST https://api.telegram.org/bot8223900828:AAGNG00joY9NKJRy9RnQSFq0St6kq9cZnCs/getMe "HTTP/1.1 200 OK"
2026-05-13 02:40:48 | INFO     | HTTP Request: POST https://api.telegram.org/bot8223900828:AAGNG00joY9NKJRy9RnQSFq0St6kq9cZnCs/deleteWebhook "HTTP/1.1 200 OK"
2026-05-13 02:40:48 | INFO     | Application started
2026-05-13 02:40:57 | INFO     | HTTP Request: POST https://api.telegram.org/bot8223900828:AAGNG00joY9NKJRy9RnQSFq0St6kq9cZnCs/getUpdates "HTTP/1.1 200 OK"
2026-05-13 02:40:57 | INFO     | START | user=2057476178 | lang=ru
2026-05-13 02:40:57 | INFO     | HTTP Request: POST https://api.telegram.org/bot8223900828:AAGNG00joY9NKJRy9RnQSFq0St6kq9cZnCs/sendMessage "HTTP/1.1 200 OK"
2026-05-13 02:41:02 | INFO     | HTTP Request: POST https://api.telegram.org/bot8223900828:AAGNG00joY9NKJRy9RnQSFq0St6kq9cZnCs/getUpdates "HTTP/1.1 200 OK"
2026-05-13 02:41:02 | INFO     | HTTP Request: POST https://api.telegram.org/bot8223900828:AAGNG00joY9NKJRy9RnQSFq0St6kq9cZnCs/answerCallbackQuery "HTTP/1.1 200 OK"
2026-05-13 02:41:03 | INFO     | HTTP Request: POST https://api.telegram.org/bot8223900828:AAGNG00joY9NKJRy9RnQSFq0St6kq9cZnCs/editMessageText "HTTP/1.1 200 OK"
2026-05-13 02:41:08 | INFO     | HTTP Request: POST https://api.telegram.org/bot8223900828:AAGNG00joY9NKJRy9RnQSFq0St6kq9cZnCs/getUpdates "HTTP/1.1 200 OK"
2026-05-13 02:41:08 | INFO     | START | user=2057476178 | lang=en
2026-05-13 02:41:09 | INFO     | HTTP Request: POST https://api.telegram.org/bot8223900828:AAGNG00joY9NKJRy9RnQSFq0St6kq9cZnCs/sendMessage "HTTP/1.1 200 OK"
2026-05-13 02:41:10 | INFO     | HTTP Request: POST https://api.telegram.org/bot8223900828:AAGNG00joY9NKJRy9RnQSFq0St6kq9cZnCs/getUpdates "HTTP/1.1 200 OK"
2026-05-13 02:41:11 | INFO     | HTTP Request: POST https://api.telegram.org/bot8223900828:AAGNG00joY9NKJRy9RnQSFq0St6kq9cZnCs/answerCallbackQuery "HTTP/1.1 200 OK"
2026-05-13 02:41:11 | INFO     | HTTP Request: POST https://api.telegram.org/bot8223900828:AAGNG00joY9NKJRy9RnQSFq0St6kq9cZnCs/editMessageText "HTTP/1.1 200 OK"
2026-05-13 02:41:14 | INFO     | HTTP Request: POST https://api.telegram.org/bot8223900828:AAGNG00joY9NKJRy9RnQSFq0St6kq9cZnCs/getUpdates "HTTP/1.1 200 OK"
2026-05-13 02:41:14 | INFO     | HTTP Request: POST https://api.telegram.org/bot8223900828:AAGNG00joY9NKJRy9RnQSFq0St6kq9cZnCs/sendChatAction "HTTP/1.1 200 OK"
2026-05-13 02:41:24 | INFO     | HTTP Request: POST https://api.telegram.org/bot8223900828:AAGNG00joY9NKJRy9RnQSFq0St6kq9cZnCs/getUpdates "HTTP/1.1 200 OK"
2026-05-13 02:41:25 | INFO     | HTTP Request: POST http://localhost:11434/api/chat "HTTP/1.1 200 OK"
2026-05-13 02:41:25 | INFO     | OK | model=qwen2.5:3b | lang=ru | 10.8s | attempt=1
2026-05-13 02:41:25 | INFO     | MSG | user=2057476178 | model=qwen2.5:3b | lang=ru | len=6 | 10.8s
2026-05-13 02:41:25 | INFO     | HTTP Request: POST https://api.telegram.org/bot8223900828:AAGNG00joY9NKJRy9RnQSFq0St6kq9cZnCs/sendMessage "HTTP/1.1 200 OK"
2026-05-13 02:41:29 | INFO     | HTTP Request: POST https://api.telegram.org/bot8223900828:AAGNG00joY9NKJRy9RnQSFq0St6kq9cZnCs/getUpdates "HTTP/1.1 200 OK"
2026-05-13 02:41:29 | INFO     | HTTP Request: POST https://api.telegram.org/bot8223900828:AAGNG00joY9NKJRy9RnQSFq0St6kq9cZnCs/sendChatAction "HTTP/1.1 200 OK"
2026-05-13 02:41:33 | INFO     | HTTP Request: POST http://localhost:11434/api/chat "HTTP/1.1 200 OK"
2026-05-13 02:41:33 | INFO     | OK | model=qwen2.5:3b | lang=ru | 4.3s | attempt=1
2026-05-13 02:41:33 | INFO     | MSG | user=2057476178 | model=qwen2.5:3b | lang=ru | len=13 | 4.3s
2026-05-13 02:41:34 | INFO     | HTTP Request: POST https://api.telegram.org/bot8223900828:AAGNG00joY9NKJRy9RnQSFq0St6kq9cZnCs/sendMessage "HTTP/1.1 200 OK"
2026-05-13 02:41:39 | INFO     | HTTP Request: POST https://api.telegram.org/bot8223900828:AAGNG00joY9NKJRy9RnQSFq0St6kq9cZnCs/getUpdates "HTTP/1.1 200 OK"
2026-05-13 02:41:48 | INFO     | HTTP Request: POST https://api.telegram.org/bot8223900828:AAGNG00joY9NKJRy9RnQSFq0St6kq9cZnCs/getUpdates "HTTP/1.1 200 OK"
2026-05-13 02:41:48 | INFO     | HTTP Request: POST https://api.telegram.org/bot8223900828:AAGNG00joY9NKJRy9RnQSFq0St6kq9cZnCs/sendChatAction "HTTP/1.1 200 OK"
2026-05-13 02:41:50 | INFO     | HTTP Request: POST http://localhost:11434/api/chat "HTTP/1.1 200 OK"
2026-05-13 02:41:50 | INFO     | OK | model=qwen2.5:3b | lang=ru | 1.6s | attempt=1
2026-05-13 02:41:50 | INFO     | MSG | user=2057476178 | model=qwen2.5:3b | lang=ru | len=28 | 1.6s
2026-05-13 02:41:50 | INFO     | HTTP Request: POST https://api.telegram.org/bot8223900828:AAGNG00joY9NKJRy9RnQSFq0St6kq9cZnCs/sendMessage "HTTP/1.1 200 OK"
2026-05-13 02:41:58 | INFO     | HTTP Request: POST https://api.telegram.org/bot8223900828:AAGNG00joY9NKJRy9RnQSFq0St6kq9cZnCs/getUpdates "HTTP/1.1 200 OK"
2026-05-13 02:42:08 | INFO     | HTTP Request: POST https://api.telegram.org/bot8223900828:AAGNG00joY9NKJRy9RnQSFq0St6kq9cZnCs/getUpdates "HTTP/1.1 200 OK"
2026-05-13 02:42:18 | INFO     | HTTP Request: POST https://api.telegram.org/bot8223900828:AAGNG00joY9NKJRy9RnQSFq0St6kq9cZnCs/getUpdates "HTTP/1.1 200 OK"
2026-05-13 02:42:24 | INFO     | HTTP Request: POST https://api.telegram.org/bot8223900828:AAGNG00joY9NKJRy9RnQSFq0St6kq9cZnCs/getUpdates "HTTP/1.1 200 OK"
2026-05-13 02:42:24 | INFO     | HTTP Request: POST https://api.telegram.org/bot8223900828:AAGNG00joY9NKJRy9RnQSFq0St6kq9cZnCs/sendChatAction "HTTP/1.1 200 OK"
2026-05-13 02:42:26 | INFO     | HTTP Request: POST http://localhost:11434/api/chat "HTTP/1.1 200 OK"
2026-05-13 02:42:26 | INFO     | OK | model=qwen2.5:3b | lang=ru | 1.7s | attempt=1
2026-05-13 02:42:26 | INFO     | MSG | user=2057476178 | model=qwen2.5:3b | lang=ru | len=117 | 1.7s
2026-05-13 02:42:26 | INFO     | HTTP Request: POST https://api.telegram.org/bot8223900828:AAGNG00joY9NKJRy9RnQSFq0St6kq9cZnCs/sendMessage "HTTP/1.1 200 OK"
2026-05-13 02:42:34 | INFO     | HTTP Request: POST https://api.telegram.org/bot8223900828:AAGNG00joY9NKJRy9RnQSFq0St6kq9cZnCs/getUpdates "HTTP/1.1 200 OK"
2026-05-13 02:42:35 | INFO     | HTTP Request: POST https://api.telegram.org/bot8223900828:AAGNG00joY9NKJRy9RnQSFq0St6kq9cZnCs/getUpdates "HTTP/1.1 200 OK"
2026-05-13 02:42:35 | INFO     | HTTP Request: POST https://api.telegram.org/bot8223900828:AAGNG00joY9NKJRy9RnQSFq0St6kq9cZnCs/sendChatAction "HTTP/1.1 200 OK"
2026-05-13 02:42:38 | INFO     | HTTP Request: POST http://localhost:11434/api/chat "HTTP/1.1 200 OK"
2026-05-13 02:42:38 | INFO     | OK | model=qwen2.5:3b | lang=ru | 2.9s | attempt=1
2026-05-13 02:42:38 | INFO     | MSG | user=2057476178 | model=qwen2.5:3b | lang=ru | len=17 | 2.9s
2026-05-13 02:42:38 | INFO     | HTTP Request: POST https://api.telegram.org/bot8223900828:AAGNG00joY9NKJRy9RnQSFq0St6kq9cZnCs/sendMessage "HTTP/1.1 200 OK"
2026-05-13 02:42:45 | INFO     | HTTP Request: POST https://api.telegram.org/bot8223900828:AAGNG00joY9NKJRy9RnQSFq0St6kq9cZnCs/getUpdates "HTTP/1.1 200 OK"
2026-05-13 02:42:49 | INFO     | HTTP Request: POST https://api.telegram.org/bot8223900828:AAGNG00joY9NKJRy9RnQSFq0St6kq9cZnCs/getUpdates "HTTP/1.1 200 OK"
2026-05-13 02:42:49 | INFO     | HTTP Request: POST https://api.telegram.org/bot8223900828:AAGNG00joY9NKJRy9RnQSFq0St6kq9cZnCs/sendChatAction "HTTP/1.1 200 OK"
2026-05-13 02:42:51 | INFO     | HTTP Request: POST http://localhost:11434/api/chat "HTTP/1.1 200 OK"
2026-05-13 02:42:51 | INFO     | OK | model=qwen2.5:3b | lang=ru | 2.4s | attempt=1
2026-05-13 02:42:51 | INFO     | MSG | user=2057476178 | model=qwen2.5:3b | lang=ru | len=16 | 2.4s
2026-05-13 02:42:52 | INFO     | HTTP Request: POST https://api.telegram.org/bot8223900828:AAGNG00joY9NKJRy9RnQSFq0St6kq9cZnCs/sendMessage "HTTP/1.1 200 OK"
2026-05-13 02:42:59 | INFO     | HTTP Request: POST https://api.telegram.org/bot8223900828:AAGNG00joY9NKJRy9RnQSFq0St6kq9cZnCs/getUpdates "HTTP/1.1 200 OK"
2026-05-13 02:43:09 | INFO     | HTTP Request: POST https://api.telegram.org/bot8223900828:AAGNG00joY9NKJRy9RnQSFq0St6kq9cZnCs/getUpdates "HTTP/1.1 200 OK"
2026-05-13 02:43:19 | INFO     | HTTP Request: POST https://api.telegram.org/bot8223900828:AAGNG00joY9NKJRy9RnQSFq0St6kq9cZnCs/getUpdates "HTTP/1.1 200 OK"
2026-05-13 02:43:29 | INFO     | HTTP Request: POST https://api.telegram.org/bot8223900828:AAGNG00joY9NKJRy9RnQSFq0St6kq9cZnCs/getUpdates "HTTP/1.1 200 OK"
2026-05-13 02:43:39 | INFO     | HTTP Request: POST https://api.telegram.org/bot8223900828:AAGNG00joY9NKJRy9RnQSFq0St6kq9cZnCs/getUpdates "HTTP/1.1 200 OK"
2026-05-13 02:43:49 | INFO     | HTTP Request: POST https://api.telegram.org/bot8223900828:AAGNG00joY9NKJRy9RnQSFq0St6kq9cZnCs/getUpdates "HTTP/1.1 200 OK"
2026-05-13 02:43:58 | INFO     | HTTP Request: POST https://api.telegram.org/bot8223900828:AAGNG00joY9NKJRy9RnQSFq0St6kq9cZnCs/getUpdates "HTTP/1.1 200 OK"
2026-05-13 02:43:58 | INFO     | HTTP Request: POST https://api.telegram.org/bot8223900828:AAGNG00joY9NKJRy9RnQSFq0St6kq9cZnCs/sendChatAction "HTTP/1.1 200 OK"
2026-05-13 02:44:01 | INFO     | HTTP Request: POST http://localhost:11434/api/chat "HTTP/1.1 200 OK"
2026-05-13 02:44:01 | INFO     | OK | model=qwen2.5:3b | lang=ru | 2.7s | attempt=1
2026-05-13 02:44:01 | INFO     | MSG | user=2057476178 | model=qwen2.5:3b | lang=ru | len=94 | 2.7s
2026-05-13 02:44:01 | INFO     | HTTP Request: POST https://api.telegram.org/bot8223900828:AAGNG00joY9NKJRy9RnQSFq0St6kq9cZnCs/sendMessage "HTTP/1.1 200 OK"
2026-05-13 02:44:08 | INFO     | HTTP Request: POST https://api.telegram.org/bot8223900828:AAGNG00joY9NKJRy9RnQSFq0St6kq9cZnCs/getUpdates "HTTP/1.1 200 OK"
2026-05-13 02:44:08 | INFO     | HTTP Request: POST https://api.telegram.org/bot8223900828:AAGNG00joY9NKJRy9RnQSFq0St6kq9cZnCs/getUpdates "HTTP/1.1 200 OK"
2026-05-13 02:44:08 | INFO     | HTTP Request: POST https://api.telegram.org/bot8223900828:AAGNG00joY9NKJRy9RnQSFq0St6kq9cZnCs/sendChatAction "HTTP/1.1 200 OK"
2026-05-13 02:44:12 | INFO     | HTTP Request: POST http://localhost:11434/api/chat "HTTP/1.1 200 OK"
2026-05-13 02:44:12 | INFO     | OK | model=qwen2.5:3b | lang=ru | 3.3s | attempt=1
2026-05-13 02:44:12 | INFO     | MSG | user=2057476178 | model=qwen2.5:3b | lang=ru | len=19 | 3.3s
2026-05-13 02:44:12 | INFO     | HTTP Request: POST https://api.telegram.org/bot8223900828:AAGNG00joY9NKJRy9RnQSFq0St6kq9cZnCs/sendMessage "HTTP/1.1 200 OK"
2026-05-13 02:44:18 | INFO     | HTTP Request: POST https://api.telegram.org/bot8223900828:AAGNG00joY9NKJRy9RnQSFq0St6kq9cZnCs/getUpdates "HTTP/1.1 200 OK"
2026-05-13 02:44:26 | INFO     | HTTP Request: POST https://api.telegram.org/bot8223900828:AAGNG00joY9NKJRy9RnQSFq0St6kq9cZnCs/getUpdates "HTTP/1.1 200 OK"
2026-05-13 02:44:26 | INFO     | HTTP Request: POST https://api.telegram.org/bot8223900828:AAGNG00joY9NKJRy9RnQSFq0St6kq9cZnCs/answerCallbackQuery "HTTP/1.1 200 OK"
2026-05-13 02:44:26 | INFO     | HTTP Request: POST https://api.telegram.org/bot8223900828:AAGNG00joY9NKJRy9RnQSFq0St6kq9cZnCs/editMessageReplyMarkup "HTTP/1.1 200 OK"
2026-05-13 02:44:26 | INFO     | HTTP Request: POST https://api.telegram.org/bot8223900828:AAGNG00joY9NKJRy9RnQSFq0St6kq9cZnCs/sendMessage "HTTP/1.1 200 OK"
2026-05-13 02:44:34 | INFO     | HTTP Request: POST https://api.telegram.org/bot8223900828:AAGNG00joY9NKJRy9RnQSFq0St6kq9cZnCs/getUpdates "HTTP/1.1 200 OK"
2026-05-13 02:44:35 | INFO     | HTTP Request: POST https://api.telegram.org/bot8223900828:AAGNG00joY9NKJRy9RnQSFq0St6kq9cZnCs/sendChatAction "HTTP/1.1 200 OK"
2026-05-13 02:44:36 | INFO     | HTTP Request: POST http://localhost:11434/api/chat "HTTP/1.1 200 OK"
2026-05-13 02:44:36 | INFO     | OK | model=qwen2.5:3b | lang=ru | 1.6s | attempt=1
2026-05-13 02:44:36 | INFO     | QUIZ_START | user=2057476178 | topic=математика | lang=ru
2026-05-13 02:44:36 | INFO     | HTTP Request: POST https://api.telegram.org/bot8223900828:AAGNG00joY9NKJRy9RnQSFq0St6kq9cZnCs/sendMessage "HTTP/1.1 200 OK"
2026-05-13 02:44:45 | INFO     | HTTP Request: POST https://api.telegram.org/bot8223900828:AAGNG00joY9NKJRy9RnQSFq0St6kq9cZnCs/getUpdates "HTTP/1.1 200 OK"
2026-05-13 02:44:55 | INFO     | HTTP Request: POST https://api.telegram.org/bot8223900828:AAGNG00joY9NKJRy9RnQSFq0St6kq9cZnCs/getUpdates "HTTP/1.1 200 OK"
2026-05-13 02:44:55 | INFO     | HTTP Request: POST https://api.telegram.org/bot8223900828:AAGNG00joY9NKJRy9RnQSFq0St6kq9cZnCs/sendChatAction "HTTP/1.1 200 OK"
2026-05-13 02:44:57 | INFO     | HTTP Request: POST http://localhost:11434/api/chat "HTTP/1.1 200 OK"
2026-05-13 02:44:57 | INFO     | OK | model=qwen2.5:3b | lang=ru | 2.2s | attempt=1
2026-05-13 02:44:57 | INFO     | QUIZ_EVAL | user=2057476178 | q=2 | model=qwen2.5:3b | 2.2s
2026-05-13 02:44:57 | INFO     | HTTP Request: POST https://api.telegram.org/bot8223900828:AAGNG00joY9NKJRy9RnQSFq0St6kq9cZnCs/sendMessage "HTTP/1.1 200 OK"
2026-05-13 02:45:05 | INFO     | HTTP Request: POST https://api.telegram.org/bot8223900828:AAGNG00joY9NKJRy9RnQSFq0St6kq9cZnCs/getUpdates "HTTP/1.1 200 OK"
2026-05-13 02:45:15 | INFO     | HTTP Request: POST https://api.telegram.org/bot8223900828:AAGNG00joY9NKJRy9RnQSFq0St6kq9cZnCs/getUpdates "HTTP/1.1 200 OK"
2026-05-13 02:45:15 | INFO     | HTTP Request: POST https://api.telegram.org/bot8223900828:AAGNG00joY9NKJRy9RnQSFq0St6kq9cZnCs/sendChatAction "HTTP/1.1 200 OK"
2026-05-13 02:45:18 | INFO     | HTTP Request: POST http://localhost:11434/api/chat "HTTP/1.1 200 OK"
2026-05-13 02:45:18 | INFO     | OK | model=qwen2.5:3b | lang=ru | 2.8s | attempt=1
2026-05-13 02:45:18 | INFO     | QUIZ_EVAL | user=2057476178 | q=3 | model=qwen2.5:3b | 2.8s
2026-05-13 02:45:18 | INFO     | HTTP Request: POST https://api.telegram.org/bot8223900828:AAGNG00joY9NKJRy9RnQSFq0St6kq9cZnCs/sendMessage "HTTP/1.1 200 OK"
2026-05-13 02:45:25 | INFO     | HTTP Request: POST https://api.telegram.org/bot8223900828:AAGNG00joY9NKJRy9RnQSFq0St6kq9cZnCs/getUpdates "HTTP/1.1 200 OK"
2026-05-13 02:45:35 | INFO     | HTTP Request: POST https://api.telegram.org/bot8223900828:AAGNG00joY9NKJRy9RnQSFq0St6kq9cZnCs/getUpdates "HTTP/1.1 200 OK"
2026-05-13 02:45:45 | INFO     | HTTP Request: POST https://api.telegram.org/bot8223900828:AAGNG00joY9NKJRy9RnQSFq0St6kq9cZnCs/getUpdates "HTTP/1.1 200 OK"
2026-05-13 02:45:55 | INFO     | HTTP Request: POST https://api.telegram.org/bot8223900828:AAGNG00joY9NKJRy9RnQSFq0St6kq9cZnCs/getUpdates "HTTP/1.1 200 OK"
2026-05-13 02:46:05 | INFO     | HTTP Request: POST https://api.telegram.org/bot8223900828:AAGNG00joY9NKJRy9RnQSFq0St6kq9cZnCs/getUpdates "HTTP/1.1 200 OK"
2026-05-13 02:46:15 | INFO     | HTTP Request: POST https://api.telegram.org/bot8223900828:AAGNG00joY9NKJRy9RnQSFq0St6kq9cZnCs/getUpdates "HTTP/1.1 200 OK"
2026-05-13 02:46:15 | INFO     | HTTP Request: POST https://api.telegram.org/bot8223900828:AAGNG00joY9NKJRy9RnQSFq0St6kq9cZnCs/sendChatAction "HTTP/1.1 200 OK"
2026-05-13 02:46:18 | INFO     | HTTP Request: POST http://localhost:11434/api/chat "HTTP/1.1 200 OK"
2026-05-13 02:46:18 | INFO     | OK | model=qwen2.5:3b | lang=ru | 2.3s | attempt=1
2026-05-13 02:46:18 | INFO     | QUIZ_EVAL | user=2057476178 | q=4 | model=qwen2.5:3b | 2.3s
2026-05-13 02:46:18 | INFO     | HTTP Request: POST https://api.telegram.org/bot8223900828:AAGNG00joY9NKJRy9RnQSFq0St6kq9cZnCs/sendMessage "HTTP/1.1 200 OK"
2026-05-13 02:46:25 | INFO     | HTTP Request: POST https://api.telegram.org/bot8223900828:AAGNG00joY9NKJRy9RnQSFq0St6kq9cZnCs/getUpdates "HTTP/1.1 200 OK"
2026-05-13 02:46:35 | INFO     | HTTP Request: POST https://api.telegram.org/bot8223900828:AAGNG00joY9NKJRy9RnQSFq0St6kq9cZnCs/getUpdates "HTTP/1.1 200 OK"
2026-05-13 02:46:45 | INFO     | HTTP Request: POST https://api.telegram.org/bot8223900828:AAGNG00joY9NKJRy9RnQSFq0St6kq9cZnCs/getUpdates "HTTP/1.1 200 OK"
2026-05-13 02:46:55 | INFO     | HTTP Request: POST https://api.telegram.org/bot8223900828:AAGNG00joY9NKJRy9RnQSFq0St6kq9cZnCs/getUpdates "HTTP/1.1 200 OK"
2026-05-13 02:47:06 | INFO     | HTTP Request: POST https://api.telegram.org/bot8223900828:AAGNG00joY9NKJRy9RnQSFq0St6kq9cZnCs/getUpdates "HTTP/1.1 200 OK"
2026-05-13 02:47:16 | INFO     | HTTP Request: POST https://api.telegram.org/bot8223900828:AAGNG00joY9NKJRy9RnQSFq0St6kq9cZnCs/getUpdates "HTTP/1.1 200 OK"
2026-05-13 02:47:26 | INFO     | HTTP Request: POST https://api.telegram.org/bot8223900828:AAGNG00joY9NKJRy9RnQSFq0St6kq9cZnCs/getUpdates "HTTP/1.1 200 OK"
2026-05-13 02:47:29 | INFO     | HTTP Request: POST https://api.telegram.org/bot8223900828:AAGNG00joY9NKJRy9RnQSFq0St6kq9cZnCs/getUpdates "HTTP/1.1 200 OK"
2026-05-13 02:47:29 | INFO     | HTTP Request: POST https://api.telegram.org/bot8223900828:AAGNG00joY9NKJRy9RnQSFq0St6kq9cZnCs/sendChatAction "HTTP/1.1 200 OK"
2026-05-13 02:47:32 | INFO     | HTTP Request: POST http://localhost:11434/api/chat "HTTP/1.1 200 OK"
2026-05-13 02:47:32 | INFO     | OK | model=qwen2.5:3b | lang=ru | 2.5s | attempt=1
2026-05-13 02:47:32 | INFO     | QUIZ_EVAL | user=2057476178 | q=5 | model=qwen2.5:3b | 2.5s
2026-05-13 02:47:32 | INFO     | HTTP Request: POST https://api.telegram.org/bot8223900828:AAGNG00joY9NKJRy9RnQSFq0St6kq9cZnCs/sendMessage "HTTP/1.1 200 OK"
2026-05-13 02:47:39 | INFO     | HTTP Request: POST https://api.telegram.org/bot8223900828:AAGNG00joY9NKJRy9RnQSFq0St6kq9cZnCs/getUpdates "HTTP/1.1 200 OK"
2026-05-13 02:47:49 | INFO     | HTTP Request: POST https://api.telegram.org/bot8223900828:AAGNG00joY9NKJRy9RnQSFq0St6kq9cZnCs/getUpdates "HTTP/1.1 200 OK"
2026-05-13 02:47:59 | INFO     | HTTP Request: POST https://api.telegram.org/bot8223900828:AAGNG00joY9NKJRy9RnQSFq0St6kq9cZnCs/getUpdates "HTTP/1.1 200 OK"
2026-05-13 02:48:01 | INFO     | HTTP Request: POST https://api.telegram.org/bot8223900828:AAGNG00joY9NKJRy9RnQSFq0St6kq9cZnCs/getUpdates "HTTP/1.1 200 OK"
2026-05-13 02:48:01 | INFO     | HTTP Request: POST https://api.telegram.org/bot8223900828:AAGNG00joY9NKJRy9RnQSFq0St6kq9cZnCs/sendChatAction "HTTP/1.1 200 OK"
2026-05-13 02:48:03 | INFO     | HTTP Request: POST http://localhost:11434/api/chat "HTTP/1.1 200 OK"
2026-05-13 02:48:03 | INFO     | OK | model=qwen2.5:3b | lang=ru | 2.2s | attempt=1
2026-05-13 02:48:03 | INFO     | QUIZ_EVAL | user=2057476178 | q=6 | model=qwen2.5:3b | 2.2s
2026-05-13 02:48:03 | INFO     | HTTP Request: POST https://api.telegram.org/bot8223900828:AAGNG00joY9NKJRy9RnQSFq0St6kq9cZnCs/sendMessage "HTTP/1.1 200 OK"
2026-05-13 02:48:11 | INFO     | HTTP Request: POST https://api.telegram.org/bot8223900828:AAGNG00joY9NKJRy9RnQSFq0St6kq9cZnCs/getUpdates "HTTP/1.1 200 OK"
2026-05-13 02:48:21 | INFO     | HTTP Request: POST https://api.telegram.org/bot8223900828:AAGNG00joY9NKJRy9RnQSFq0St6kq9cZnCs/getUpdates "HTTP/1.1 200 OK"
2026-05-13 02:48:31 | INFO     | HTTP Request: POST https://api.telegram.org/bot8223900828:AAGNG00joY9NKJRy9RnQSFq0St6kq9cZnCs/getUpdates "HTTP/1.1 200 OK"
2026-05-13 02:48:36 | INFO     | HTTP Request: POST https://api.telegram.org/bot8223900828:AAGNG00joY9NKJRy9RnQSFq0St6kq9cZnCs/getUpdates "HTTP/1.1 200 OK"
2026-05-13 02:48:36 | INFO     | HTTP Request: POST https://api.telegram.org/bot8223900828:AAGNG00joY9NKJRy9RnQSFq0St6kq9cZnCs/sendChatAction "HTTP/1.1 200 OK"
2026-05-13 02:48:40 | INFO     | HTTP Request: POST http://localhost:11434/api/chat "HTTP/1.1 200 OK"
2026-05-13 02:48:40 | INFO     | OK | model=qwen2.5:3b | lang=ru | 3.6s | attempt=1
2026-05-13 02:48:40 | INFO     | QUIZ_EVAL | user=2057476178 | q=7 | model=qwen2.5:3b | 3.6s
2026-05-13 02:48:40 | INFO     | HTTP Request: POST https://api.telegram.org/bot8223900828:AAGNG00joY9NKJRy9RnQSFq0St6kq9cZnCs/sendMessage "HTTP/1.1 200 OK"
2026-05-13 02:48:46 | INFO     | HTTP Request: POST https://api.telegram.org/bot8223900828:AAGNG00joY9NKJRy9RnQSFq0St6kq9cZnCs/getUpdates "HTTP/1.1 200 OK"
2026-05-13 02:48:47 | INFO     | HTTP Request: POST https://api.telegram.org/bot8223900828:AAGNG00joY9NKJRy9RnQSFq0St6kq9cZnCs/getUpdates "HTTP/1.1 200 OK"
2026-05-13 02:48:47 | INFO     | HTTP Request: POST https://api.telegram.org/bot8223900828:AAGNG00joY9NKJRy9RnQSFq0St6kq9cZnCs/answerCallbackQuery "HTTP/1.1 200 OK"
2026-05-13 02:48:47 | INFO     | HTTP Request: POST https://api.telegram.org/bot8223900828:AAGNG00joY9NKJRy9RnQSFq0St6kq9cZnCs/editMessageReplyMarkup "HTTP/1.1 200 OK"
2026-05-13 02:48:47 | INFO     | HTTP Request: POST https://api.telegram.org/bot8223900828:AAGNG00joY9NKJRy9RnQSFq0St6kq9cZnCs/sendMessage "HTTP/1.1 200 OK"
2026-05-13 02:48:51 | INFO     | HTTP Request: POST https://api.telegram.org/bot8223900828:AAGNG00joY9NKJRy9RnQSFq0St6kq9cZnCs/getUpdates "HTTP/1.1 200 OK"
2026-05-13 02:48:52 | INFO     | HTTP Request: POST https://api.telegram.org/bot8223900828:AAGNG00joY9NKJRy9RnQSFq0St6kq9cZnCs/answerCallbackQuery "HTTP/1.1 200 OK"
2026-05-13 02:48:52 | INFO     | HTTP Request: POST https://api.telegram.org/bot8223900828:AAGNG00joY9NKJRy9RnQSFq0St6kq9cZnCs/editMessageText "HTTP/1.1 200 OK"
2026-05-13 02:48:59 | INFO     | HTTP Request: POST https://api.telegram.org/bot8223900828:AAGNG00joY9NKJRy9RnQSFq0St6kq9cZnCs/getUpdates "HTTP/1.1 200 OK"
2026-05-13 02:48:59 | INFO     | HTTP Request: POST https://api.telegram.org/bot8223900828:AAGNG00joY9NKJRy9RnQSFq0St6kq9cZnCs/answerCallbackQuery "HTTP/1.1 200 OK"
2026-05-13 02:48:59 | INFO     | HTTP Request: POST https://api.telegram.org/bot8223900828:AAGNG00joY9NKJRy9RnQSFq0St6kq9cZnCs/editMessageText "HTTP/1.1 200 OK"
2026-05-13 02:49:06 | INFO     | HTTP Request: POST https://api.telegram.org/bot8223900828:AAGNG00joY9NKJRy9RnQSFq0St6kq9cZnCs/getUpdates "HTTP/1.1 200 OK"
2026-05-13 02:49:06 | INFO     | HTTP Request: POST https://api.telegram.org/bot8223900828:AAGNG00joY9NKJRy9RnQSFq0St6kq9cZnCs/answerCallbackQuery "HTTP/1.1 200 OK"
2026-05-13 02:49:07 | INFO     | HTTP Request: POST https://api.telegram.org/bot8223900828:AAGNG00joY9NKJRy9RnQSFq0St6kq9cZnCs/editMessageText "HTTP/1.1 200 OK"
2026-05-13 02:49:15 | INFO     | HTTP Request: POST https://api.telegram.org/bot8223900828:AAGNG00joY9NKJRy9RnQSFq0St6kq9cZnCs/getUpdates "HTTP/1.1 200 OK"
2026-05-13 02:49:16 | INFO     | HTTP Request: POST https://api.telegram.org/bot8223900828:AAGNG00joY9NKJRy9RnQSFq0St6kq9cZnCs/sendChatAction "HTTP/1.1 200 OK"
2026-05-13 02:49:25 | INFO     | HTTP Request: POST http://localhost:11434/api/chat "HTTP/1.1 200 OK"
2026-05-13 02:49:25 | INFO     | OK | model=qwen2.5:3b | lang=ru | 9.6s | attempt=1
2026-05-13 02:49:25 | INFO     | MSG | user=2057476178 | model=qwen2.5:3b | lang=ru | len=19 | 9.6s
2026-05-13 02:49:25 | INFO     | HTTP Request: POST https://api.telegram.org/bot8223900828:AAGNG00joY9NKJRy9RnQSFq0St6kq9cZnCs/getUpdates "HTTP/1.1 200 OK"
2026-05-13 02:49:26 | INFO     | HTTP Request: POST https://api.telegram.org/bot8223900828:AAGNG00joY9NKJRy9RnQSFq0St6kq9cZnCs/sendMessage "HTTP/1.1 200 OK"
2026-05-13 02:49:36 | INFO     | HTTP Request: POST https://api.telegram.org/bot8223900828:AAGNG00joY9NKJRy9RnQSFq0St6kq9cZnCs/getUpdates "HTTP/1.1 200 OK"
2026-05-13 02:49:45 | INFO     | HTTP Request: POST https://api.telegram.org/bot8223900828:AAGNG00joY9NKJRy9RnQSFq0St6kq9cZnCs/getUpdates "HTTP/1.1 200 OK"
2026-05-13 02:49:45 | INFO     | HTTP Request: POST https://api.telegram.org/bot8223900828:AAGNG00joY9NKJRy9RnQSFq0St6kq9cZnCs/sendChatAction "HTTP/1.1 200 OK"
2026-05-13 02:49:50 | INFO     | HTTP Request: POST http://localhost:11434/api/chat "HTTP/1.1 200 OK"
2026-05-13 02:49:50 | INFO     | OK | model=qwen2.5:3b | lang=ru | 4.5s | attempt=1
2026-05-13 02:49:50 | INFO     | MSG | user=2057476178 | model=qwen2.5:3b | lang=ru | len=28 | 4.5s
2026-05-13 02:49:50 | INFO     | HTTP Request: POST https://api.telegram.org/bot8223900828:AAGNG00joY9NKJRy9RnQSFq0St6kq9cZnCs/sendMessage "HTTP/1.1 200 OK"
2026-05-13 02:49:55 | INFO     | HTTP Request: POST https://api.telegram.org/bot8223900828:AAGNG00joY9NKJRy9RnQSFq0St6kq9cZnCs/getUpdates "HTTP/1.1 200 OK"
2026-05-13 02:50:05 | INFO     | HTTP Request: POST https://api.telegram.org/bot8223900828:AAGNG00joY9NKJRy9RnQSFq0St6kq9cZnCs/getUpdates "HTTP/1.1 200 OK"
2026-05-13 02:50:15 | INFO     | HTTP Request: POST https://api.telegram.org/bot8223900828:AAGNG00joY9NKJRy9RnQSFq0St6kq9cZnCs/getUpdates "HTTP/1.1 200 OK"
2026-05-13 02:50:26 | INFO     | HTTP Request: POST https://api.telegram.org/bot8223900828:AAGNG00joY9NKJRy9RnQSFq0St6kq9cZnCs/getUpdates "HTTP/1.1 200 OK"
2026-05-13 02:50:36 | INFO     | HTTP Request: POST https://api.telegram.org/bot8223900828:AAGNG00joY9NKJRy9RnQSFq0St6kq9cZnCs/getUpdates "HTTP/1.1 200 OK"
2026-05-13 02:50:46 | INFO     | HTTP Request: POST https://api.telegram.org/bot8223900828:AAGNG00joY9NKJRy9RnQSFq0St6kq9cZnCs/getUpdates "HTTP/1.1 200 OK"
2026-05-13 02:50:56 | INFO     | HTTP Request: POST https://api.telegram.org/bot8223900828:AAGNG00joY9NKJRy9RnQSFq0St6kq9cZnCs/getUpdates "HTTP/1.1 200 OK"
2026-05-13 02:51:06 | INFO     | HTTP Request: POST https://api.telegram.org/bot8223900828:AAGNG00joY9NKJRy9RnQSFq0St6kq9cZnCs/getUpdates "HTTP/1.1 200 OK"
2026-05-13 02:51:16 | INFO     | HTTP Request: POST https://api.telegram.org/bot8223900828:AAGNG00joY9NKJRy9RnQSFq0St6kq9cZnCs/getUpdates "HTTP/1.1 200 OK"
2026-05-13 02:51:26 | INFO     | HTTP Request: POST https://api.telegram.org/bot8223900828:AAGNG00joY9NKJRy9RnQSFq0St6kq9cZnCs/getUpdates "HTTP/1.1 200 OK"
2026-05-13 02:51:36 | INFO     | HTTP Request: POST https://api.telegram.org/bot8223900828:AAGNG00joY9NKJRy9RnQSFq0St6kq9cZnCs/getUpdates "HTTP/1.1 200 OK"
2026-05-13 02:51:47 | INFO     | HTTP Request: POST https://api.telegram.org/bot8223900828:AAGNG00joY9NKJRy9RnQSFq0St6kq9cZnCs/getUpdates "HTTP/1.1 200 OK"
2026-05-13 02:51:57 | INFO     | HTTP Request: POST https://api.telegram.org/bot8223900828:AAGNG00joY9NKJRy9RnQSFq0St6kq9cZnCs/getUpdates "HTTP/1.1 200 OK"
2026-05-13 02:52:03 | INFO     | HTTP Request: POST https://api.telegram.org/bot8223900828:AAGNG00joY9NKJRy9RnQSFq0St6kq9cZnCs/getUpdates "HTTP/1.1 200 OK"
2026-05-13 02:52:03 | INFO     | Application is stopping. This might take a moment.
2026-05-13 02:52:03 | INFO     | Application.stop() complete
2026-05-13 02:52:29 | INFO     | DonishAI v7.1 started | model=qwen2.5:3b
2026-05-13 02:52:30 | INFO     | HTTP Request: POST https://api.telegram.org/bot8223900828:AAGNG00joY9NKJRy9RnQSFq0St6kq9cZnCs/getMe "HTTP/1.1 200 OK"
2026-05-13 02:52:30 | INFO     | HTTP Request: POST https://api.telegram.org/bot8223900828:AAGNG00joY9NKJRy9RnQSFq0St6kq9cZnCs/deleteWebhook "HTTP/1.1 200 OK"
2026-05-13 02:52:30 | INFO     | Application started
2026-05-13 02:52:38 | INFO     | HTTP Request: POST https://api.telegram.org/bot8223900828:AAGNG00joY9NKJRy9RnQSFq0St6kq9cZnCs/getUpdates "HTTP/1.1 200 OK"
2026-05-13 02:52:38 | INFO     | START | user=2057476178 | lang=ru
2026-05-13 02:52:38 | INFO     | HTTP Request: POST https://api.telegram.org/bot8223900828:AAGNG00joY9NKJRy9RnQSFq0St6kq9cZnCs/sendMessage "HTTP/1.1 200 OK"
2026-05-13 02:52:48 | INFO     | HTTP Request: POST https://api.telegram.org/bot8223900828:AAGNG00joY9NKJRy9RnQSFq0St6kq9cZnCs/getUpdates "HTTP/1.1 200 OK"
2026-05-13 02:52:58 | INFO     | HTTP Request: POST https://api.telegram.org/bot8223900828:AAGNG00joY9NKJRy9RnQSFq0St6kq9cZnCs/getUpdates "HTTP/1.1 200 OK"
2026-05-13 02:53:08 | INFO     | HTTP Request: POST https://api.telegram.org/bot8223900828:AAGNG00joY9NKJRy9RnQSFq0St6kq9cZnCs/getUpdates "HTTP/1.1 200 OK"
2026-05-13 02:53:16 | INFO     | HTTP Request: POST https://api.telegram.org/bot8223900828:AAGNG00joY9NKJRy9RnQSFq0St6kq9cZnCs/getUpdates "HTTP/1.1 200 OK"
2026-05-13 02:53:16 | INFO     | HTTP Request: POST https://api.telegram.org/bot8223900828:AAGNG00joY9NKJRy9RnQSFq0St6kq9cZnCs/sendChatAction "HTTP/1.1 200 OK"
2026-05-13 02:53:18 | INFO     | HTTP Request: POST http://localhost:11434/api/chat "HTTP/1.1 200 OK"
2026-05-13 02:53:18 | INFO     | OK | model=qwen2.5:3b | lang=ru | 1.6s | attempt=1
2026-05-13 02:53:18 | INFO     | QUIZ_START | user=2057476178 | topic=алгебра | lang=ru
2026-05-13 02:53:18 | INFO     | HTTP Request: POST https://api.telegram.org/bot8223900828:AAGNG00joY9NKJRy9RnQSFq0St6kq9cZnCs/sendMessage "HTTP/1.1 200 OK"
2026-05-13 02:53:26 | INFO     | HTTP Request: POST https://api.telegram.org/bot8223900828:AAGNG00joY9NKJRy9RnQSFq0St6kq9cZnCs/getUpdates "HTTP/1.1 200 OK"
2026-05-13 02:53:36 | INFO     | HTTP Request: POST https://api.telegram.org/bot8223900828:AAGNG00joY9NKJRy9RnQSFq0St6kq9cZnCs/getUpdates "HTTP/1.1 200 OK"
2026-05-13 02:53:46 | INFO     | HTTP Request: POST https://api.telegram.org/bot8223900828:AAGNG00joY9NKJRy9RnQSFq0St6kq9cZnCs/getUpdates "HTTP/1.1 200 OK"
2026-05-13 02:53:56 | INFO     | HTTP Request: POST https://api.telegram.org/bot8223900828:AAGNG00joY9NKJRy9RnQSFq0St6kq9cZnCs/getUpdates "HTTP/1.1 200 OK"
2026-05-13 02:54:06 | INFO     | HTTP Request: POST https://api.telegram.org/bot8223900828:AAGNG00joY9NKJRy9RnQSFq0St6kq9cZnCs/getUpdates "HTTP/1.1 200 OK"
2026-05-13 02:54:09 | INFO     | HTTP Request: POST https://api.telegram.org/bot8223900828:AAGNG00joY9NKJRy9RnQSFq0St6kq9cZnCs/getUpdates "HTTP/1.1 200 OK"
2026-05-13 02:54:09 | INFO     | HTTP Request: POST https://api.telegram.org/bot8223900828:AAGNG00joY9NKJRy9RnQSFq0St6kq9cZnCs/sendChatAction "HTTP/1.1 200 OK"
2026-05-13 02:54:12 | INFO     | HTTP Request: POST http://localhost:11434/api/chat "HTTP/1.1 200 OK"
2026-05-13 02:54:12 | INFO     | OK | model=qwen2.5:3b | lang=ru | 2.5s | attempt=1
2026-05-13 02:54:12 | INFO     | QUIZ_EVAL | user=2057476178 | q=2 | model=qwen2.5:3b | 2.5s
2026-05-13 02:54:12 | INFO     | HTTP Request: POST https://api.telegram.org/bot8223900828:AAGNG00joY9NKJRy9RnQSFq0St6kq9cZnCs/sendMessage "HTTP/1.1 200 OK"
2026-05-13 02:54:19 | INFO     | HTTP Request: POST https://api.telegram.org/bot8223900828:AAGNG00joY9NKJRy9RnQSFq0St6kq9cZnCs/getUpdates "HTTP/1.1 200 OK"
2026-05-13 02:54:29 | INFO     | HTTP Request: POST https://api.telegram.org/bot8223900828:AAGNG00joY9NKJRy9RnQSFq0St6kq9cZnCs/getUpdates "HTTP/1.1 200 OK"
2026-05-13 02:54:39 | INFO     | HTTP Request: POST https://api.telegram.org/bot8223900828:AAGNG00joY9NKJRy9RnQSFq0St6kq9cZnCs/getUpdates "HTTP/1.1 200 OK"
2026-05-13 02:54:49 | INFO     | HTTP Request: POST https://api.telegram.org/bot8223900828:AAGNG00joY9NKJRy9RnQSFq0St6kq9cZnCs/getUpdates "HTTP/1.1 200 OK"
2026-05-13 02:54:59 | INFO     | HTTP Request: POST https://api.telegram.org/bot8223900828:AAGNG00joY9NKJRy9RnQSFq0St6kq9cZnCs/getUpdates "HTTP/1.1 200 OK"
2026-05-13 02:55:09 | INFO     | HTTP Request: POST https://api.telegram.org/bot8223900828:AAGNG00joY9NKJRy9RnQSFq0St6kq9cZnCs/getUpdates "HTTP/1.1 200 OK"
2026-05-13 02:55:20 | INFO     | HTTP Request: POST https://api.telegram.org/bot8223900828:AAGNG00joY9NKJRy9RnQSFq0St6kq9cZnCs/getUpdates "HTTP/1.1 200 OK"
2026-05-13 02:55:30 | INFO     | HTTP Request: POST https://api.telegram.org/bot8223900828:AAGNG00joY9NKJRy9RnQSFq0St6kq9cZnCs/getUpdates "HTTP/1.1 200 OK"
2026-05-13 02:55:36 | INFO     | HTTP Request: POST https://api.telegram.org/bot8223900828:AAGNG00joY9NKJRy9RnQSFq0St6kq9cZnCs/getUpdates "HTTP/1.1 200 OK"
2026-05-13 02:55:37 | INFO     | HTTP Request: POST https://api.telegram.org/bot8223900828:AAGNG00joY9NKJRy9RnQSFq0St6kq9cZnCs/sendChatAction "HTTP/1.1 200 OK"
2026-05-13 02:55:39 | INFO     | HTTP Request: POST http://localhost:11434/api/chat "HTTP/1.1 200 OK"
2026-05-13 02:55:39 | INFO     | OK | model=qwen2.5:3b | lang=ru | 2.3s | attempt=1
2026-05-13 02:55:39 | INFO     | QUIZ_EVAL | user=2057476178 | q=3 | model=qwen2.5:3b | 2.3s
2026-05-13 02:55:39 | INFO     | HTTP Request: POST https://api.telegram.org/bot8223900828:AAGNG00joY9NKJRy9RnQSFq0St6kq9cZnCs/sendMessage "HTTP/1.1 200 OK"
2026-05-13 02:55:46 | INFO     | HTTP Request: POST https://api.telegram.org/bot8223900828:AAGNG00joY9NKJRy9RnQSFq0St6kq9cZnCs/getUpdates "HTTP/1.1 200 OK"
2026-05-13 02:55:56 | INFO     | HTTP Request: POST https://api.telegram.org/bot8223900828:AAGNG00joY9NKJRy9RnQSFq0St6kq9cZnCs/getUpdates "HTTP/1.1 200 OK"
2026-05-13 02:56:06 | INFO     | HTTP Request: POST https://api.telegram.org/bot8223900828:AAGNG00joY9NKJRy9RnQSFq0St6kq9cZnCs/getUpdates "HTTP/1.1 200 OK"
2026-05-13 02:56:13 | INFO     | HTTP Request: POST https://api.telegram.org/bot8223900828:AAGNG00joY9NKJRy9RnQSFq0St6kq9cZnCs/getUpdates "HTTP/1.1 200 OK"
2026-05-13 02:56:13 | INFO     | HTTP Request: POST https://api.telegram.org/bot8223900828:AAGNG00joY9NKJRy9RnQSFq0St6kq9cZnCs/sendChatAction "HTTP/1.1 200 OK"
2026-05-13 02:56:15 | INFO     | HTTP Request: POST http://localhost:11434/api/chat "HTTP/1.1 200 OK"
2026-05-13 02:56:15 | INFO     | OK | model=qwen2.5:3b | lang=ru | 2.0s | attempt=1
2026-05-13 02:56:15 | INFO     | QUIZ_EVAL | user=2057476178 | q=4 | model=qwen2.5:3b | 2.0s
2026-05-13 02:56:15 | INFO     | HTTP Request: POST https://api.telegram.org/bot8223900828:AAGNG00joY9NKJRy9RnQSFq0St6kq9cZnCs/sendMessage "HTTP/1.1 200 OK"
2026-05-13 02:56:23 | INFO     | HTTP Request: POST https://api.telegram.org/bot8223900828:AAGNG00joY9NKJRy9RnQSFq0St6kq9cZnCs/getUpdates "HTTP/1.1 200 OK"
2026-05-13 02:56:33 | INFO     | HTTP Request: POST https://api.telegram.org/bot8223900828:AAGNG00joY9NKJRy9RnQSFq0St6kq9cZnCs/getUpdates "HTTP/1.1 200 OK"
2026-05-13 02:56:43 | INFO     | HTTP Request: POST https://api.telegram.org/bot8223900828:AAGNG00joY9NKJRy9RnQSFq0St6kq9cZnCs/getUpdates "HTTP/1.1 200 OK"
2026-05-13 02:56:53 | INFO     | HTTP Request: POST https://api.telegram.org/bot8223900828:AAGNG00joY9NKJRy9RnQSFq0St6kq9cZnCs/getUpdates "HTTP/1.1 200 OK"
2026-05-13 02:57:03 | INFO     | HTTP Request: POST https://api.telegram.org/bot8223900828:AAGNG00joY9NKJRy9RnQSFq0St6kq9cZnCs/getUpdates "HTTP/1.1 200 OK"
2026-05-13 02:57:07 | INFO     | HTTP Request: POST https://api.telegram.org/bot8223900828:AAGNG00joY9NKJRy9RnQSFq0St6kq9cZnCs/getUpdates "HTTP/1.1 200 OK"
2026-05-13 02:57:07 | INFO     | HTTP Request: POST https://api.telegram.org/bot8223900828:AAGNG00joY9NKJRy9RnQSFq0St6kq9cZnCs/sendChatAction "HTTP/1.1 200 OK"
2026-05-13 02:57:10 | INFO     | HTTP Request: POST http://localhost:11434/api/chat "HTTP/1.1 200 OK"
2026-05-13 02:57:10 | INFO     | OK | model=qwen2.5:3b | lang=ru | 2.7s | attempt=1
2026-05-13 02:57:10 | INFO     | QUIZ_EVAL | user=2057476178 | q=5 | model=qwen2.5:3b | 2.7s
2026-05-13 02:57:10 | INFO     | HTTP Request: POST https://api.telegram.org/bot8223900828:AAGNG00joY9NKJRy9RnQSFq0St6kq9cZnCs/sendMessage "HTTP/1.1 200 OK"
2026-05-13 02:57:17 | INFO     | HTTP Request: POST https://api.telegram.org/bot8223900828:AAGNG00joY9NKJRy9RnQSFq0St6kq9cZnCs/getUpdates "HTTP/1.1 200 OK"
2026-05-13 02:57:27 | INFO     | HTTP Request: POST https://api.telegram.org/bot8223900828:AAGNG00joY9NKJRy9RnQSFq0St6kq9cZnCs/getUpdates "HTTP/1.1 200 OK"
2026-05-13 02:57:37 | INFO     | HTTP Request: POST https://api.telegram.org/bot8223900828:AAGNG00joY9NKJRy9RnQSFq0St6kq9cZnCs/getUpdates "HTTP/1.1 200 OK"
2026-05-13 02:57:47 | INFO     | HTTP Request: POST https://api.telegram.org/bot8223900828:AAGNG00joY9NKJRy9RnQSFq0St6kq9cZnCs/getUpdates "HTTP/1.1 200 OK"
2026-05-13 02:57:47 | INFO     | HTTP Request: POST https://api.telegram.org/bot8223900828:AAGNG00joY9NKJRy9RnQSFq0St6kq9cZnCs/sendChatAction "HTTP/1.1 200 OK"
2026-05-13 02:57:50 | INFO     | HTTP Request: POST http://localhost:11434/api/chat "HTTP/1.1 200 OK"
2026-05-13 02:57:50 | INFO     | OK | model=qwen2.5:3b | lang=ru | 2.8s | attempt=1
2026-05-13 02:57:50 | INFO     | QUIZ_EVAL | user=2057476178 | q=6 | model=qwen2.5:3b | 2.8s
2026-05-13 02:57:50 | INFO     | HTTP Request: POST https://api.telegram.org/bot8223900828:AAGNG00joY9NKJRy9RnQSFq0St6kq9cZnCs/sendMessage "HTTP/1.1 200 OK"
2026-05-13 02:57:57 | INFO     | HTTP Request: POST https://api.telegram.org/bot8223900828:AAGNG00joY9NKJRy9RnQSFq0St6kq9cZnCs/getUpdates "HTTP/1.1 200 OK"
2026-05-13 02:58:07 | INFO     | HTTP Request: POST https://api.telegram.org/bot8223900828:AAGNG00joY9NKJRy9RnQSFq0St6kq9cZnCs/getUpdates "HTTP/1.1 200 OK"
2026-05-13 02:58:17 | INFO     | HTTP Request: POST https://api.telegram.org/bot8223900828:AAGNG00joY9NKJRy9RnQSFq0St6kq9cZnCs/getUpdates "HTTP/1.1 200 OK"
2026-05-13 02:58:27 | INFO     | HTTP Request: POST https://api.telegram.org/bot8223900828:AAGNG00joY9NKJRy9RnQSFq0St6kq9cZnCs/getUpdates "HTTP/1.1 200 OK"
2026-05-13 02:58:37 | INFO     | HTTP Request: POST https://api.telegram.org/bot8223900828:AAGNG00joY9NKJRy9RnQSFq0St6kq9cZnCs/getUpdates "HTTP/1.1 200 OK"
2026-05-13 02:58:48 | INFO     | HTTP Request: POST https://api.telegram.org/bot8223900828:AAGNG00joY9NKJRy9RnQSFq0St6kq9cZnCs/getUpdates "HTTP/1.1 200 OK"
2026-05-13 02:58:52 | INFO     | HTTP Request: POST https://api.telegram.org/bot8223900828:AAGNG00joY9NKJRy9RnQSFq0St6kq9cZnCs/getUpdates "HTTP/1.1 200 OK"
2026-05-13 02:58:52 | INFO     | HTTP Request: POST https://api.telegram.org/bot8223900828:AAGNG00joY9NKJRy9RnQSFq0St6kq9cZnCs/sendChatAction "HTTP/1.1 200 OK"
2026-05-13 02:58:55 | INFO     | HTTP Request: POST http://localhost:11434/api/chat "HTTP/1.1 200 OK"
2026-05-13 02:58:55 | INFO     | OK | model=qwen2.5:3b | lang=ru | 2.8s | attempt=1
2026-05-13 02:58:55 | INFO     | QUIZ_EVAL | user=2057476178 | q=7 | model=qwen2.5:3b | 2.8s
2026-05-13 02:58:55 | INFO     | HTTP Request: POST https://api.telegram.org/bot8223900828:AAGNG00joY9NKJRy9RnQSFq0St6kq9cZnCs/sendMessage "HTTP/1.1 200 OK"
2026-05-13 02:59:02 | INFO     | HTTP Request: POST https://api.telegram.org/bot8223900828:AAGNG00joY9NKJRy9RnQSFq0St6kq9cZnCs/getUpdates "HTTP/1.1 200 OK"
2026-05-13 02:59:07 | INFO     | HTTP Request: POST https://api.telegram.org/bot8223900828:AAGNG00joY9NKJRy9RnQSFq0St6kq9cZnCs/getUpdates "HTTP/1.1 200 OK"
2026-05-13 02:59:08 | INFO     | HTTP Request: POST https://api.telegram.org/bot8223900828:AAGNG00joY9NKJRy9RnQSFq0St6kq9cZnCs/sendChatAction "HTTP/1.1 200 OK"
2026-05-13 02:59:11 | INFO     | HTTP Request: POST http://localhost:11434/api/chat "HTTP/1.1 200 OK"
2026-05-13 02:59:11 | INFO     | OK | model=qwen2.5:3b | lang=ru | 2.9s | attempt=1
2026-05-13 02:59:11 | INFO     | QUIZ_EVAL | user=2057476178 | q=8 | model=qwen2.5:3b | 2.9s
2026-05-13 02:59:11 | INFO     | HTTP Request: POST https://api.telegram.org/bot8223900828:AAGNG00joY9NKJRy9RnQSFq0St6kq9cZnCs/sendMessage "HTTP/1.1 200 OK"
2026-05-13 02:59:18 | INFO     | HTTP Request: POST https://api.telegram.org/bot8223900828:AAGNG00joY9NKJRy9RnQSFq0St6kq9cZnCs/getUpdates "HTTP/1.1 200 OK"
2026-05-13 02:59:27 | INFO     | HTTP Request: POST https://api.telegram.org/bot8223900828:AAGNG00joY9NKJRy9RnQSFq0St6kq9cZnCs/getUpdates "HTTP/1.1 200 OK"
2026-05-13 02:59:28 | INFO     | HTTP Request: POST https://api.telegram.org/bot8223900828:AAGNG00joY9NKJRy9RnQSFq0St6kq9cZnCs/sendChatAction "HTTP/1.1 200 OK"
2026-05-13 02:59:31 | INFO     | HTTP Request: POST http://localhost:11434/api/chat "HTTP/1.1 200 OK"
2026-05-13 02:59:31 | INFO     | OK | model=qwen2.5:3b | lang=ru | 3.0s | attempt=1
2026-05-13 02:59:31 | INFO     | QUIZ_EVAL | user=2057476178 | q=9 | model=qwen2.5:3b | 3.0s
2026-05-13 02:59:31 | INFO     | HTTP Request: POST https://api.telegram.org/bot8223900828:AAGNG00joY9NKJRy9RnQSFq0St6kq9cZnCs/sendMessage "HTTP/1.1 200 OK"
2026-05-13 02:59:37 | INFO     | HTTP Request: POST https://api.telegram.org/bot8223900828:AAGNG00joY9NKJRy9RnQSFq0St6kq9cZnCs/getUpdates "HTTP/1.1 200 OK"
2026-05-13 02:59:47 | INFO     | HTTP Request: POST https://api.telegram.org/bot8223900828:AAGNG00joY9NKJRy9RnQSFq0St6kq9cZnCs/getUpdates "HTTP/1.1 200 OK"
2026-05-13 02:59:58 | INFO     | HTTP Request: POST https://api.telegram.org/bot8223900828:AAGNG00joY9NKJRy9RnQSFq0St6kq9cZnCs/getUpdates "HTTP/1.1 200 OK"
2026-05-13 03:00:08 | INFO     | HTTP Request: POST https://api.telegram.org/bot8223900828:AAGNG00joY9NKJRy9RnQSFq0St6kq9cZnCs/getUpdates "HTTP/1.1 200 OK"
2026-05-13 03:00:18 | INFO     | HTTP Request: POST https://api.telegram.org/bot8223900828:AAGNG00joY9NKJRy9RnQSFq0St6kq9cZnCs/getUpdates "HTTP/1.1 200 OK"
2026-05-13 03:00:28 | INFO     | HTTP Request: POST https://api.telegram.org/bot8223900828:AAGNG00joY9NKJRy9RnQSFq0St6kq9cZnCs/getUpdates "HTTP/1.1 200 OK"
2026-05-13 03:00:38 | INFO     | HTTP Request: POST https://api.telegram.org/bot8223900828:AAGNG00joY9NKJRy9RnQSFq0St6kq9cZnCs/getUpdates "HTTP/1.1 200 OK"
2026-05-13 03:00:48 | INFO     | HTTP Request: POST https://api.telegram.org/bot8223900828:AAGNG00joY9NKJRy9RnQSFq0St6kq9cZnCs/getUpdates "HTTP/1.1 200 OK"
2026-05-13 03:00:58 | INFO     | HTTP Request: POST https://api.telegram.org/bot8223900828:AAGNG00joY9NKJRy9RnQSFq0St6kq9cZnCs/getUpdates "HTTP/1.1 200 OK"
2026-05-13 03:01:08 | INFO     | HTTP Request: POST https://api.telegram.org/bot8223900828:AAGNG00joY9NKJRy9RnQSFq0St6kq9cZnCs/getUpdates "HTTP/1.1 200 OK"
2026-05-13 03:01:13 | INFO     | HTTP Request: POST https://api.telegram.org/bot8223900828:AAGNG00joY9NKJRy9RnQSFq0St6kq9cZnCs/getUpdates "HTTP/1.1 200 OK"
2026-05-13 03:01:13 | INFO     | Application is stopping. This might take a moment.
2026-05-13 03:01:13 | INFO     | Application.stop() complete
2026-05-13 03:01:15 | INFO     | DonishAI v7.1 started | model=qwen2.5:3b
2026-05-13 03:01:16 | INFO     | HTTP Request: POST https://api.telegram.org/bot8223900828:AAGNG00joY9NKJRy9RnQSFq0St6kq9cZnCs/getMe "HTTP/1.1 200 OK"
2026-05-13 03:01:16 | INFO     | HTTP Request: POST https://api.telegram.org/bot8223900828:AAGNG00joY9NKJRy9RnQSFq0St6kq9cZnCs/deleteWebhook "HTTP/1.1 200 OK"
2026-05-13 03:01:16 | INFO     | Application started
2026-05-13 03:01:23 | INFO     | HTTP Request: POST https://api.telegram.org/bot8223900828:AAGNG00joY9NKJRy9RnQSFq0St6kq9cZnCs/getUpdates "HTTP/1.1 200 OK"
2026-05-13 03:01:23 | INFO     | START | user=2057476178 | lang=ru
2026-05-13 03:01:23 | INFO     | HTTP Request: POST https://api.telegram.org/bot8223900828:AAGNG00joY9NKJRy9RnQSFq0St6kq9cZnCs/sendMessage "HTTP/1.1 200 OK"
2026-05-13 03:01:33 | INFO     | HTTP Request: POST https://api.telegram.org/bot8223900828:AAGNG00joY9NKJRy9RnQSFq0St6kq9cZnCs/getUpdates "HTTP/1.1 200 OK"
2026-05-13 03:01:37 | INFO     | HTTP Request: POST https://api.telegram.org/bot8223900828:AAGNG00joY9NKJRy9RnQSFq0St6kq9cZnCs/getUpdates "HTTP/1.1 200 OK"
2026-05-13 03:01:38 | INFO     | HTTP Request: POST https://api.telegram.org/bot8223900828:AAGNG00joY9NKJRy9RnQSFq0St6kq9cZnCs/sendChatAction "HTTP/1.1 200 OK"
2026-05-13 03:01:40 | INFO     | HTTP Request: POST http://localhost:11434/api/chat "HTTP/1.1 200 OK"
2026-05-13 03:01:40 | INFO     | OK | model=qwen2.5:3b | lang=ru | 1.6s | attempt=1
2026-05-13 03:01:40 | INFO     | QUIZ_START | user=2057476178 | topic=алгебра 8 класс | lang=ru
2026-05-13 03:01:40 | INFO     | HTTP Request: POST https://api.telegram.org/bot8223900828:AAGNG00joY9NKJRy9RnQSFq0St6kq9cZnCs/sendMessage "HTTP/1.1 200 OK"
2026-05-13 03:01:47 | INFO     | HTTP Request: POST https://api.telegram.org/bot8223900828:AAGNG00joY9NKJRy9RnQSFq0St6kq9cZnCs/getUpdates "HTTP/1.1 200 OK"
2026-05-13 03:01:58 | INFO     | HTTP Request: POST https://api.telegram.org/bot8223900828:AAGNG00joY9NKJRy9RnQSFq0St6kq9cZnCs/getUpdates "HTTP/1.1 200 OK"
2026-05-13 03:02:08 | INFO     | HTTP Request: POST https://api.telegram.org/bot8223900828:AAGNG00joY9NKJRy9RnQSFq0St6kq9cZnCs/getUpdates "HTTP/1.1 200 OK"
2026-05-13 03:02:18 | INFO     | HTTP Request: POST https://api.telegram.org/bot8223900828:AAGNG00joY9NKJRy9RnQSFq0St6kq9cZnCs/getUpdates "HTTP/1.1 200 OK"
2026-05-13 03:02:28 | INFO     | HTTP Request: POST https://api.telegram.org/bot8223900828:AAGNG00joY9NKJRy9RnQSFq0St6kq9cZnCs/getUpdates "HTTP/1.1 200 OK"
2026-05-13 03:02:33 | INFO     | HTTP Request: POST https://api.telegram.org/bot8223900828:AAGNG00joY9NKJRy9RnQSFq0St6kq9cZnCs/getUpdates "HTTP/1.1 200 OK"
2026-05-13 03:02:33 | INFO     | HTTP Request: POST https://api.telegram.org/bot8223900828:AAGNG00joY9NKJRy9RnQSFq0St6kq9cZnCs/sendChatAction "HTTP/1.1 200 OK"
2026-05-13 03:02:36 | INFO     | HTTP Request: POST http://localhost:11434/api/chat "HTTP/1.1 200 OK"
2026-05-13 03:02:36 | INFO     | OK | model=qwen2.5:3b | lang=ru | 2.4s | attempt=1
2026-05-13 03:02:36 | INFO     | QUIZ_EVAL | user=2057476178 | q=2 | model=qwen2.5:3b | 2.4s
2026-05-13 03:02:36 | INFO     | HTTP Request: POST https://api.telegram.org/bot8223900828:AAGNG00joY9NKJRy9RnQSFq0St6kq9cZnCs/sendMessage "HTTP/1.1 200 OK"
2026-05-13 03:02:43 | INFO     | HTTP Request: POST https://api.telegram.org/bot8223900828:AAGNG00joY9NKJRy9RnQSFq0St6kq9cZnCs/getUpdates "HTTP/1.1 200 OK"
2026-05-13 03:02:53 | INFO     | HTTP Request: POST https://api.telegram.org/bot8223900828:AAGNG00joY9NKJRy9RnQSFq0St6kq9cZnCs/getUpdates "HTTP/1.1 200 OK"
2026-05-13 03:03:03 | INFO     | HTTP Request: POST https://api.telegram.org/bot8223900828:AAGNG00joY9NKJRy9RnQSFq0St6kq9cZnCs/getUpdates "HTTP/1.1 200 OK"
2026-05-13 03:03:07 | INFO     | HTTP Request: POST https://api.telegram.org/bot8223900828:AAGNG00joY9NKJRy9RnQSFq0St6kq9cZnCs/getUpdates "HTTP/1.1 200 OK"
2026-05-13 03:03:07 | INFO     | HTTP Request: POST https://api.telegram.org/bot8223900828:AAGNG00joY9NKJRy9RnQSFq0St6kq9cZnCs/sendChatAction "HTTP/1.1 200 OK"
2026-05-13 03:03:10 | INFO     | HTTP Request: POST http://localhost:11434/api/chat "HTTP/1.1 200 OK"
2026-05-13 03:03:10 | INFO     | OK | model=qwen2.5:3b | lang=ru | 2.5s | attempt=1
2026-05-13 03:03:10 | INFO     | QUIZ_EVAL | user=2057476178 | q=3 | model=qwen2.5:3b | 2.5s
2026-05-13 03:03:10 | INFO     | HTTP Request: POST https://api.telegram.org/bot8223900828:AAGNG00joY9NKJRy9RnQSFq0St6kq9cZnCs/sendMessage "HTTP/1.1 200 OK"
2026-05-13 03:03:17 | INFO     | HTTP Request: POST https://api.telegram.org/bot8223900828:AAGNG00joY9NKJRy9RnQSFq0St6kq9cZnCs/getUpdates "HTTP/1.1 200 OK"
2026-05-13 03:03:27 | INFO     | HTTP Request: POST https://api.telegram.org/bot8223900828:AAGNG00joY9NKJRy9RnQSFq0St6kq9cZnCs/getUpdates "HTTP/1.1 200 OK"
2026-05-13 03:03:32 | INFO     | HTTP Request: POST https://api.telegram.org/bot8223900828:AAGNG00joY9NKJRy9RnQSFq0St6kq9cZnCs/getUpdates "HTTP/1.1 200 OK"
2026-05-13 03:03:32 | INFO     | HTTP Request: POST https://api.telegram.org/bot8223900828:AAGNG00joY9NKJRy9RnQSFq0St6kq9cZnCs/sendChatAction "HTTP/1.1 200 OK"
2026-05-13 03:03:35 | INFO     | HTTP Request: POST http://localhost:11434/api/chat "HTTP/1.1 200 OK"
2026-05-13 03:03:35 | INFO     | OK | model=qwen2.5:3b | lang=ru | 2.6s | attempt=1
2026-05-13 03:03:35 | INFO     | QUIZ_EVAL | user=2057476178 | q=4 | model=qwen2.5:3b | 2.6s
2026-05-13 03:03:35 | INFO     | HTTP Request: POST https://api.telegram.org/bot8223900828:AAGNG00joY9NKJRy9RnQSFq0St6kq9cZnCs/sendMessage "HTTP/1.1 200 OK"
2026-05-13 03:03:42 | INFO     | HTTP Request: POST https://api.telegram.org/bot8223900828:AAGNG00joY9NKJRy9RnQSFq0St6kq9cZnCs/getUpdates "HTTP/1.1 200 OK"
2026-05-13 03:03:52 | INFO     | HTTP Request: POST https://api.telegram.org/bot8223900828:AAGNG00joY9NKJRy9RnQSFq0St6kq9cZnCs/getUpdates "HTTP/1.1 200 OK"
2026-05-13 03:04:02 | INFO     | HTTP Request: POST https://api.telegram.org/bot8223900828:AAGNG00joY9NKJRy9RnQSFq0St6kq9cZnCs/getUpdates "HTTP/1.1 200 OK"
2026-05-13 03:04:11 | INFO     | HTTP Request: POST https://api.telegram.org/bot8223900828:AAGNG00joY9NKJRy9RnQSFq0St6kq9cZnCs/getUpdates "HTTP/1.1 200 OK"
2026-05-13 03:04:11 | INFO     | HTTP Request: POST https://api.telegram.org/bot8223900828:AAGNG00joY9NKJRy9RnQSFq0St6kq9cZnCs/sendChatAction "HTTP/1.1 200 OK"
2026-05-13 03:04:13 | INFO     | HTTP Request: POST http://localhost:11434/api/chat "HTTP/1.1 200 OK"
2026-05-13 03:04:13 | INFO     | OK | model=qwen2.5:3b | lang=ru | 2.4s | attempt=1
2026-05-13 03:04:13 | INFO     | QUIZ_EVAL | user=2057476178 | q=5 | model=qwen2.5:3b | 2.4s
2026-05-13 03:04:14 | INFO     | HTTP Request: POST https://api.telegram.org/bot8223900828:AAGNG00joY9NKJRy9RnQSFq0St6kq9cZnCs/sendMessage "HTTP/1.1 200 OK"
2026-05-13 03:04:21 | INFO     | HTTP Request: POST https://api.telegram.org/bot8223900828:AAGNG00joY9NKJRy9RnQSFq0St6kq9cZnCs/getUpdates "HTTP/1.1 200 OK"
2026-05-13 03:04:31 | INFO     | HTTP Request: POST https://api.telegram.org/bot8223900828:AAGNG00joY9NKJRy9RnQSFq0St6kq9cZnCs/getUpdates "HTTP/1.1 200 OK"
2026-05-13 03:04:41 | INFO     | HTTP Request: POST https://api.telegram.org/bot8223900828:AAGNG00joY9NKJRy9RnQSFq0St6kq9cZnCs/getUpdates "HTTP/1.1 200 OK"
2026-05-13 03:04:49 | INFO     | HTTP Request: POST https://api.telegram.org/bot8223900828:AAGNG00joY9NKJRy9RnQSFq0St6kq9cZnCs/getUpdates "HTTP/1.1 200 OK"
2026-05-13 03:04:50 | INFO     | HTTP Request: POST https://api.telegram.org/bot8223900828:AAGNG00joY9NKJRy9RnQSFq0St6kq9cZnCs/sendChatAction "HTTP/1.1 200 OK"
2026-05-13 03:04:52 | INFO     | HTTP Request: POST http://localhost:11434/api/chat "HTTP/1.1 200 OK"
2026-05-13 03:04:52 | INFO     | OK | model=qwen2.5:3b | lang=ru | 2.2s | attempt=1
2026-05-13 03:04:52 | INFO     | QUIZ_EVAL | user=2057476178 | q=6 | model=qwen2.5:3b | 2.2s
2026-05-13 03:04:52 | INFO     | HTTP Request: POST https://api.telegram.org/bot8223900828:AAGNG00joY9NKJRy9RnQSFq0St6kq9cZnCs/sendMessage "HTTP/1.1 200 OK"
2026-05-13 03:05:00 | INFO     | HTTP Request: POST https://api.telegram.org/bot8223900828:AAGNG00joY9NKJRy9RnQSFq0St6kq9cZnCs/getUpdates "HTTP/1.1 200 OK"
2026-05-13 03:05:10 | INFO     | HTTP Request: POST https://api.telegram.org/bot8223900828:AAGNG00joY9NKJRy9RnQSFq0St6kq9cZnCs/getUpdates "HTTP/1.1 200 OK"
2026-05-13 03:05:14 | INFO     | HTTP Request: POST https://api.telegram.org/bot8223900828:AAGNG00joY9NKJRy9RnQSFq0St6kq9cZnCs/getUpdates "HTTP/1.1 200 OK"
2026-05-13 03:05:14 | INFO     | HTTP Request: POST https://api.telegram.org/bot8223900828:AAGNG00joY9NKJRy9RnQSFq0St6kq9cZnCs/sendChatAction "HTTP/1.1 200 OK"
2026-05-13 03:05:16 | INFO     | HTTP Request: POST http://localhost:11434/api/chat "HTTP/1.1 200 OK"
2026-05-13 03:05:16 | INFO     | OK | model=qwen2.5:3b | lang=ru | 2.3s | attempt=1
2026-05-13 03:05:16 | INFO     | QUIZ_EVAL | user=2057476178 | q=7 | model=qwen2.5:3b | 2.3s
2026-05-13 03:05:17 | INFO     | HTTP Request: POST https://api.telegram.org/bot8223900828:AAGNG00joY9NKJRy9RnQSFq0St6kq9cZnCs/sendMessage "HTTP/1.1 200 OK"
2026-05-13 03:05:24 | INFO     | HTTP Request: POST https://api.telegram.org/bot8223900828:AAGNG00joY9NKJRy9RnQSFq0St6kq9cZnCs/getUpdates "HTTP/1.1 200 OK"
2026-05-13 03:05:29 | INFO     | HTTP Request: POST https://api.telegram.org/bot8223900828:AAGNG00joY9NKJRy9RnQSFq0St6kq9cZnCs/getUpdates "HTTP/1.1 200 OK"
2026-05-13 03:05:29 | INFO     | HTTP Request: POST https://api.telegram.org/bot8223900828:AAGNG00joY9NKJRy9RnQSFq0St6kq9cZnCs/sendChatAction "HTTP/1.1 200 OK"
2026-05-13 03:05:32 | INFO     | HTTP Request: POST http://localhost:11434/api/chat "HTTP/1.1 200 OK"
2026-05-13 03:05:32 | INFO     | OK | model=qwen2.5:3b | lang=ru | 2.4s | attempt=1
2026-05-13 03:05:32 | INFO     | QUIZ_EVAL | user=2057476178 | q=8 | model=qwen2.5:3b | 2.4s
2026-05-13 03:05:32 | INFO     | HTTP Request: POST https://api.telegram.org/bot8223900828:AAGNG00joY9NKJRy9RnQSFq0St6kq9cZnCs/sendMessage "HTTP/1.1 200 OK"
2026-05-13 03:05:39 | INFO     | HTTP Request: POST https://api.telegram.org/bot8223900828:AAGNG00joY9NKJRy9RnQSFq0St6kq9cZnCs/getUpdates "HTTP/1.1 200 OK"
2026-05-13 03:05:49 | INFO     | HTTP Request: POST https://api.telegram.org/bot8223900828:AAGNG00joY9NKJRy9RnQSFq0St6kq9cZnCs/getUpdates "HTTP/1.1 200 OK"
2026-05-13 03:05:59 | INFO     | HTTP Request: POST https://api.telegram.org/bot8223900828:AAGNG00joY9NKJRy9RnQSFq0St6kq9cZnCs/getUpdates "HTTP/1.1 200 OK"
2026-05-13 03:06:10 | INFO     | HTTP Request: POST https://api.telegram.org/bot8223900828:AAGNG00joY9NKJRy9RnQSFq0St6kq9cZnCs/getUpdates "HTTP/1.1 200 OK"
2026-05-13 03:06:20 | INFO     | HTTP Request: POST https://api.telegram.org/bot8223900828:AAGNG00joY9NKJRy9RnQSFq0St6kq9cZnCs/getUpdates "HTTP/1.1 200 OK"
2026-05-13 03:06:30 | INFO     | HTTP Request: POST https://api.telegram.org/bot8223900828:AAGNG00joY9NKJRy9RnQSFq0St6kq9cZnCs/getUpdates "HTTP/1.1 200 OK"
2026-05-13 03:06:40 | INFO     | HTTP Request: POST https://api.telegram.org/bot8223900828:AAGNG00joY9NKJRy9RnQSFq0St6kq9cZnCs/getUpdates "HTTP/1.1 200 OK"
2026-05-13 03:06:50 | INFO     | HTTP Request: POST https://api.telegram.org/bot8223900828:AAGNG00joY9NKJRy9RnQSFq0St6kq9cZnCs/getUpdates "HTTP/1.1 200 OK"
2026-05-13 03:07:00 | INFO     | HTTP Request: POST https://api.telegram.org/bot8223900828:AAGNG00joY9NKJRy9RnQSFq0St6kq9cZnCs/getUpdates "HTTP/1.1 200 OK"
2026-05-13 03:07:10 | INFO     | HTTP Request: POST https://api.telegram.org/bot8223900828:AAGNG00joY9NKJRy9RnQSFq0St6kq9cZnCs/getUpdates "HTTP/1.1 200 OK"
2026-05-13 14:54:34 | INFO     | DonishAI v7.1 started | model=qwen2.5:3b
2026-05-13 14:54:35 | INFO     | HTTP Request: POST https://api.telegram.org/bot8223900828:AAGNG00joY9NKJRy9RnQSFq0St6kq9cZnCs/getMe "HTTP/1.1 200 OK"
2026-05-13 14:54:35 | INFO     | HTTP Request: POST https://api.telegram.org/bot8223900828:AAGNG00joY9NKJRy9RnQSFq0St6kq9cZnCs/deleteWebhook "HTTP/1.1 200 OK"
2026-05-13 14:54:35 | INFO     | Application started
2026-05-13 14:54:36 | INFO     | HTTP Request: POST https://api.telegram.org/bot8223900828:AAGNG00joY9NKJRy9RnQSFq0St6kq9cZnCs/getUpdates "HTTP/1.1 200 OK"
2026-05-13 14:54:36 | INFO     | HTTP Request: POST https://api.telegram.org/bot8223900828:AAGNG00joY9NKJRy9RnQSFq0St6kq9cZnCs/sendMessage "HTTP/1.1 200 OK"
2026-05-13 14:54:46 | INFO     | HTTP Request: POST https://api.telegram.org/bot8223900828:AAGNG00joY9NKJRy9RnQSFq0St6kq9cZnCs/getUpdates "HTTP/1.1 200 OK"
2026-05-13 14:54:57 | INFO     | HTTP Request: POST https://api.telegram.org/bot8223900828:AAGNG00joY9NKJRy9RnQSFq0St6kq9cZnCs/getUpdates "HTTP/1.1 200 OK"
2026-05-13 14:55:07 | INFO     | HTTP Request: POST https://api.telegram.org/bot8223900828:AAGNG00joY9NKJRy9RnQSFq0St6kq9cZnCs/getUpdates "HTTP/1.1 200 OK"
2026-05-13 14:55:17 | INFO     | HTTP Request: POST https://api.telegram.org/bot8223900828:AAGNG00joY9NKJRy9RnQSFq0St6kq9cZnCs/getUpdates "HTTP/1.1 200 OK"
2026-05-13 14:55:28 | INFO     | HTTP Request: POST https://api.telegram.org/bot8223900828:AAGNG00joY9NKJRy9RnQSFq0St6kq9cZnCs/getUpdates "HTTP/1.1 200 OK"
2026-05-13 14:55:38 | INFO     | HTTP Request: POST https://api.telegram.org/bot8223900828:AAGNG00joY9NKJRy9RnQSFq0St6kq9cZnCs/getUpdates "HTTP/1.1 200 OK"
2026-05-13 14:55:49 | INFO     | HTTP Request: POST https://api.telegram.org/bot8223900828:AAGNG00joY9NKJRy9RnQSFq0St6kq9cZnCs/getUpdates "HTTP/1.1 200 OK"
2026-05-13 14:55:59 | INFO     | HTTP Request: POST https://api.telegram.org/bot8223900828:AAGNG00joY9NKJRy9RnQSFq0St6kq9cZnCs/getUpdates "HTTP/1.1 200 OK"
2026-05-13 14:56:09 | INFO     | HTTP Request: POST https://api.telegram.org/bot8223900828:AAGNG00joY9NKJRy9RnQSFq0St6kq9cZnCs/getUpdates "HTTP/1.1 200 OK"
2026-05-13 14:56:20 | INFO     | HTTP Request: POST https://api.telegram.org/bot8223900828:AAGNG00joY9NKJRy9RnQSFq0St6kq9cZnCs/getUpdates "HTTP/1.1 200 OK"
2026-05-13 14:56:30 | INFO     | HTTP Request: POST https://api.telegram.org/bot8223900828:AAGNG00joY9NKJRy9RnQSFq0St6kq9cZnCs/getUpdates "HTTP/1.1 200 OK"
2026-05-13 14:56:40 | INFO     | HTTP Request: POST https://api.telegram.org/bot8223900828:AAGNG00joY9NKJRy9RnQSFq0St6kq9cZnCs/getUpdates "HTTP/1.1 200 OK"
2026-05-13 14:56:50 | INFO     | HTTP Request: POST https://api.telegram.org/bot8223900828:AAGNG00joY9NKJRy9RnQSFq0St6kq9cZnCs/getUpdates "HTTP/1.1 200 OK"
2026-05-13 14:57:01 | INFO     | HTTP Request: POST https://api.telegram.org/bot8223900828:AAGNG00joY9NKJRy9RnQSFq0St6kq9cZnCs/getUpdates "HTTP/1.1 200 OK"
2026-05-13 14:57:11 | INFO     | HTTP Request: POST https://api.telegram.org/bot8223900828:AAGNG00joY9NKJRy9RnQSFq0St6kq9cZnCs/getUpdates "HTTP/1.1 200 OK"
2026-05-13 14:57:21 | INFO     | HTTP Request: POST https://api.telegram.org/bot8223900828:AAGNG00joY9NKJRy9RnQSFq0St6kq9cZnCs/getUpdates "HTTP/1.1 200 OK"
2026-05-13 14:57:31 | INFO     | HTTP Request: POST https://api.telegram.org/bot8223900828:AAGNG00joY9NKJRy9RnQSFq0St6kq9cZnCs/getUpdates "HTTP/1.1 200 OK"
2026-05-13 14:57:41 | INFO     | HTTP Request: POST https://api.telegram.org/bot8223900828:AAGNG00joY9NKJRy9RnQSFq0St6kq9cZnCs/getUpdates "HTTP/1.1 200 OK"
2026-05-13 14:57:52 | INFO     | HTTP Request: POST https://api.telegram.org/bot8223900828:AAGNG00joY9NKJRy9RnQSFq0St6kq9cZnCs/getUpdates "HTTP/1.1 200 OK"
2026-05-13 14:57:55 | INFO     | HTTP Request: POST https://api.telegram.org/bot8223900828:AAGNG00joY9NKJRy9RnQSFq0St6kq9cZnCs/getUpdates "HTTP/1.1 200 OK"
2026-05-13 14:57:55 | INFO     | HTTP Request: POST https://api.telegram.org/bot8223900828:AAGNG00joY9NKJRy9RnQSFq0St6kq9cZnCs/sendMessage "HTTP/1.1 200 OK"
2026-05-13 14:58:05 | INFO     | HTTP Request: POST https://api.telegram.org/bot8223900828:AAGNG00joY9NKJRy9RnQSFq0St6kq9cZnCs/getUpdates "HTTP/1.1 200 OK"
2026-05-13 14:58:15 | INFO     | HTTP Request: POST https://api.telegram.org/bot8223900828:AAGNG00joY9NKJRy9RnQSFq0St6kq9cZnCs/getUpdates "HTTP/1.1 200 OK"
2026-05-13 14:58:22 | INFO     | HTTP Request: POST https://api.telegram.org/bot8223900828:AAGNG00joY9NKJRy9RnQSFq0St6kq9cZnCs/getUpdates "HTTP/1.1 200 OK"
2026-05-13 14:58:23 | INFO     | HTTP Request: POST https://api.telegram.org/bot8223900828:AAGNG00joY9NKJRy9RnQSFq0St6kq9cZnCs/sendChatAction "HTTP/1.1 200 OK"
2026-05-13 14:58:26 | WARNING  | ConnectError | model=qwen2.5:3b
2026-05-13 14:58:28 | WARNING  | ConnectError | model=qwen2.5:1.5b
2026-05-13 14:58:29 | INFO     | HTTP Request: POST https://api.telegram.org/bot8223900828:AAGNG00joY9NKJRy9RnQSFq0St6kq9cZnCs/sendMessage "HTTP/1.1 200 OK"
2026-05-13 14:58:33 | INFO     | HTTP Request: POST https://api.telegram.org/bot8223900828:AAGNG00joY9NKJRy9RnQSFq0St6kq9cZnCs/getUpdates "HTTP/1.1 200 OK"
2026-05-13 14:58:43 | INFO     | HTTP Request: POST https://api.telegram.org/bot8223900828:AAGNG00joY9NKJRy9RnQSFq0St6kq9cZnCs/getUpdates "HTTP/1.1 200 OK"
2026-05-13 14:58:53 | INFO     | HTTP Request: POST https://api.telegram.org/bot8223900828:AAGNG00joY9NKJRy9RnQSFq0St6kq9cZnCs/getUpdates "HTTP/1.1 200 OK"
2026-05-13 14:58:53 | INFO     | HTTP Request: POST https://api.telegram.org/bot8223900828:AAGNG00joY9NKJRy9RnQSFq0St6kq9cZnCs/getUpdates "HTTP/1.1 200 OK"
2026-05-13 14:58:54 | INFO     | HTTP Request: POST https://api.telegram.org/bot8223900828:AAGNG00joY9NKJRy9RnQSFq0St6kq9cZnCs/sendChatAction "HTTP/1.1 200 OK"
2026-05-13 14:59:04 | INFO     | HTTP Request: POST https://api.telegram.org/bot8223900828:AAGNG00joY9NKJRy9RnQSFq0St6kq9cZnCs/getUpdates "HTTP/1.1 200 OK"
2026-05-13 14:59:04 | INFO     | HTTP Request: POST http://localhost:11434/api/chat "HTTP/1.1 200 OK"
2026-05-13 14:59:04 | INFO     | OK | model=qwen2.5:3b | lang=ru | 9.7s | attempt=1
2026-05-13 14:59:04 | INFO     | QUIZ_START | user=2057476178 | topic=матанализ первый семестр | lang=ru
2026-05-13 14:59:05 | INFO     | HTTP Request: POST https://api.telegram.org/bot8223900828:AAGNG00joY9NKJRy9RnQSFq0St6kq9cZnCs/sendMessage "HTTP/1.1 200 OK"
2026-05-13 14:59:14 | INFO     | HTTP Request: POST https://api.telegram.org/bot8223900828:AAGNG00joY9NKJRy9RnQSFq0St6kq9cZnCs/getUpdates "HTTP/1.1 200 OK"
2026-05-13 14:59:24 | INFO     | HTTP Request: POST https://api.telegram.org/bot8223900828:AAGNG00joY9NKJRy9RnQSFq0St6kq9cZnCs/getUpdates "HTTP/1.1 200 OK"
2026-05-13 14:59:35 | INFO     | HTTP Request: POST https://api.telegram.org/bot8223900828:AAGNG00joY9NKJRy9RnQSFq0St6kq9cZnCs/getUpdates "HTTP/1.1 200 OK"
2026-05-13 14:59:45 | INFO     | HTTP Request: POST https://api.telegram.org/bot8223900828:AAGNG00joY9NKJRy9RnQSFq0St6kq9cZnCs/getUpdates "HTTP/1.1 200 OK"
2026-05-13 14:59:55 | INFO     | HTTP Request: POST https://api.telegram.org/bot8223900828:AAGNG00joY9NKJRy9RnQSFq0St6kq9cZnCs/getUpdates "HTTP/1.1 200 OK"
2026-05-13 15:00:05 | INFO     | HTTP Request: POST https://api.telegram.org/bot8223900828:AAGNG00joY9NKJRy9RnQSFq0St6kq9cZnCs/getUpdates "HTTP/1.1 200 OK"
2026-05-13 15:00:16 | INFO     | HTTP Request: POST https://api.telegram.org/bot8223900828:AAGNG00joY9NKJRy9RnQSFq0St6kq9cZnCs/getUpdates "HTTP/1.1 200 OK"
2026-05-13 15:00:26 | INFO     | HTTP Request: POST https://api.telegram.org/bot8223900828:AAGNG00joY9NKJRy9RnQSFq0St6kq9cZnCs/getUpdates "HTTP/1.1 200 OK"
2026-05-13 15:00:36 | INFO     | HTTP Request: POST https://api.telegram.org/bot8223900828:AAGNG00joY9NKJRy9RnQSFq0St6kq9cZnCs/getUpdates "HTTP/1.1 200 OK"
2026-05-13 15:00:46 | INFO     | HTTP Request: POST https://api.telegram.org/bot8223900828:AAGNG00joY9NKJRy9RnQSFq0St6kq9cZnCs/getUpdates "HTTP/1.1 200 OK"
2026-05-13 15:00:56 | INFO     | HTTP Request: POST https://api.telegram.org/bot8223900828:AAGNG00joY9NKJRy9RnQSFq0St6kq9cZnCs/getUpdates "HTTP/1.1 200 OK"
2026-05-13 15:01:07 | INFO     | HTTP Request: POST https://api.telegram.org/bot8223900828:AAGNG00joY9NKJRy9RnQSFq0St6kq9cZnCs/getUpdates "HTTP/1.1 200 OK"
2026-05-13 15:01:17 | INFO     | HTTP Request: POST https://api.telegram.org/bot8223900828:AAGNG00joY9NKJRy9RnQSFq0St6kq9cZnCs/getUpdates "HTTP/1.1 200 OK"
2026-05-13 15:01:27 | INFO     | HTTP Request: POST https://api.telegram.org/bot8223900828:AAGNG00joY9NKJRy9RnQSFq0St6kq9cZnCs/getUpdates "HTTP/1.1 200 OK"
2026-05-13 15:01:37 | INFO     | HTTP Request: POST https://api.telegram.org/bot8223900828:AAGNG00joY9NKJRy9RnQSFq0St6kq9cZnCs/getUpdates "HTTP/1.1 200 OK"
2026-05-13 15:01:48 | INFO     | HTTP Request: POST https://api.telegram.org/bot8223900828:AAGNG00joY9NKJRy9RnQSFq0St6kq9cZnCs/getUpdates "HTTP/1.1 200 OK"
2026-05-13 15:01:58 | INFO     | HTTP Request: POST https://api.telegram.org/bot8223900828:AAGNG00joY9NKJRy9RnQSFq0St6kq9cZnCs/getUpdates "HTTP/1.1 200 OK"
2026-05-13 15:02:08 | INFO     | HTTP Request: POST https://api.telegram.org/bot8223900828:AAGNG00joY9NKJRy9RnQSFq0St6kq9cZnCs/getUpdates "HTTP/1.1 200 OK"
2026-05-13 15:02:19 | INFO     | HTTP Request: POST https://api.telegram.org/bot8223900828:AAGNG00joY9NKJRy9RnQSFq0St6kq9cZnCs/getUpdates "HTTP/1.1 200 OK"
2026-05-13 15:02:29 | INFO     | HTTP Request: POST https://api.telegram.org/bot8223900828:AAGNG00joY9NKJRy9RnQSFq0St6kq9cZnCs/getUpdates "HTTP/1.1 200 OK"
2026-05-13 15:02:39 | INFO     | HTTP Request: POST https://api.telegram.org/bot8223900828:AAGNG00joY9NKJRy9RnQSFq0St6kq9cZnCs/getUpdates "HTTP/1.1 200 OK"
2026-05-13 15:02:49 | INFO     | HTTP Request: POST https://api.telegram.org/bot8223900828:AAGNG00joY9NKJRy9RnQSFq0St6kq9cZnCs/getUpdates "HTTP/1.1 200 OK"
2026-05-13 15:02:59 | INFO     | HTTP Request: POST https://api.telegram.org/bot8223900828:AAGNG00joY9NKJRy9RnQSFq0St6kq9cZnCs/getUpdates "HTTP/1.1 200 OK"
2026-05-13 15:03:10 | INFO     | HTTP Request: POST https://api.telegram.org/bot8223900828:AAGNG00joY9NKJRy9RnQSFq0St6kq9cZnCs/getUpdates "HTTP/1.1 200 OK"
2026-05-13 15:03:20 | INFO     | HTTP Request: POST https://api.telegram.org/bot8223900828:AAGNG00joY9NKJRy9RnQSFq0St6kq9cZnCs/getUpdates "HTTP/1.1 200 OK"
2026-05-13 15:03:30 | INFO     | HTTP Request: POST https://api.telegram.org/bot8223900828:AAGNG00joY9NKJRy9RnQSFq0St6kq9cZnCs/getUpdates "HTTP/1.1 200 OK"
2026-05-13 15:03:40 | INFO     | HTTP Request: POST https://api.telegram.org/bot8223900828:AAGNG00joY9NKJRy9RnQSFq0St6kq9cZnCs/getUpdates "HTTP/1.1 200 OK"
2026-05-13 15:03:50 | INFO     | HTTP Request: POST https://api.telegram.org/bot8223900828:AAGNG00joY9NKJRy9RnQSFq0St6kq9cZnCs/getUpdates "HTTP/1.1 200 OK"
2026-05-13 15:04:01 | INFO     | HTTP Request: POST https://api.telegram.org/bot8223900828:AAGNG00joY9NKJRy9RnQSFq0St6kq9cZnCs/getUpdates "HTTP/1.1 200 OK"
2026-05-13 15:04:11 | INFO     | HTTP Request: POST https://api.telegram.org/bot8223900828:AAGNG00joY9NKJRy9RnQSFq0St6kq9cZnCs/getUpdates "HTTP/1.1 200 OK"
2026-05-13 15:04:21 | INFO     | HTTP Request: POST https://api.telegram.org/bot8223900828:AAGNG00joY9NKJRy9RnQSFq0St6kq9cZnCs/getUpdates "HTTP/1.1 200 OK"
2026-05-13 15:04:27 | INFO     | HTTP Request: POST https://api.telegram.org/bot8223900828:AAGNG00joY9NKJRy9RnQSFq0St6kq9cZnCs/getUpdates "HTTP/1.1 200 OK"
2026-05-13 15:04:27 | INFO     | HTTP Request: POST https://api.telegram.org/bot8223900828:AAGNG00joY9NKJRy9RnQSFq0St6kq9cZnCs/sendChatAction "HTTP/1.1 200 OK"
2026-05-13 15:04:37 | INFO     | HTTP Request: POST https://api.telegram.org/bot8223900828:AAGNG00joY9NKJRy9RnQSFq0St6kq9cZnCs/getUpdates "HTTP/1.1 200 OK"
2026-05-13 15:04:40 | INFO     | HTTP Request: POST http://localhost:11434/api/chat "HTTP/1.1 200 OK"
2026-05-13 15:04:40 | INFO     | OK | model=qwen2.5:3b | lang=ru | 13.0s | attempt=1
2026-05-13 15:04:40 | INFO     | QUIZ_EVAL | user=2057476178 | q=2 | model=qwen2.5:3b | 13.0s
2026-05-13 15:04:41 | INFO     | HTTP Request: POST https://api.telegram.org/bot8223900828:AAGNG00joY9NKJRy9RnQSFq0St6kq9cZnCs/sendMessage "HTTP/1.1 200 OK"
2026-05-13 15:04:47 | INFO     | HTTP Request: POST https://api.telegram.org/bot8223900828:AAGNG00joY9NKJRy9RnQSFq0St6kq9cZnCs/getUpdates "HTTP/1.1 200 OK"
2026-05-13 15:04:54 | INFO     | HTTP Request: POST https://api.telegram.org/bot8223900828:AAGNG00joY9NKJRy9RnQSFq0St6kq9cZnCs/getUpdates "HTTP/1.1 200 OK"
2026-05-13 15:04:55 | INFO     | HTTP Request: POST https://api.telegram.org/bot8223900828:AAGNG00joY9NKJRy9RnQSFq0St6kq9cZnCs/answerCallbackQuery "HTTP/1.1 200 OK"
2026-05-13 15:04:56 | INFO     | HTTP Request: POST https://api.telegram.org/bot8223900828:AAGNG00joY9NKJRy9RnQSFq0St6kq9cZnCs/editMessageReplyMarkup "HTTP/1.1 200 OK"
2026-05-13 15:04:56 | INFO     | HTTP Request: POST https://api.telegram.org/bot8223900828:AAGNG00joY9NKJRy9RnQSFq0St6kq9cZnCs/sendMessage "HTTP/1.1 200 OK"
2026-05-13 15:05:05 | INFO     | HTTP Request: POST https://api.telegram.org/bot8223900828:AAGNG00joY9NKJRy9RnQSFq0St6kq9cZnCs/getUpdates "HTTP/1.1 200 OK"
2026-05-13 15:05:15 | INFO     | HTTP Request: POST https://api.telegram.org/bot8223900828:AAGNG00joY9NKJRy9RnQSFq0St6kq9cZnCs/getUpdates "HTTP/1.1 200 OK"
2026-05-13 15:05:19 | INFO     | HTTP Request: POST https://api.telegram.org/bot8223900828:AAGNG00joY9NKJRy9RnQSFq0St6kq9cZnCs/getUpdates "HTTP/1.1 200 OK"
2026-05-13 15:05:19 | INFO     | Application is stopping. This might take a moment.
2026-05-13 15:05:19 | INFO     | Application.stop() complete
2026-05-13 19:25:44 | INFO     | DonishAI v7.1 started | model=qwen2.5:3b
2026-05-13 19:25:45 | INFO     | HTTP Request: POST https://api.telegram.org/bot8223900828:AAGNG00joY9NKJRy9RnQSFq0St6kq9cZnCs/getMe "HTTP/1.1 200 OK"
2026-05-13 19:25:46 | INFO     | HTTP Request: POST https://api.telegram.org/bot8223900828:AAGNG00joY9NKJRy9RnQSFq0St6kq9cZnCs/deleteWebhook "HTTP/1.1 200 OK"
2026-05-13 19:25:46 | INFO     | Application started
2026-05-13 19:25:56 | INFO     | HTTP Request: POST https://api.telegram.org/bot8223900828:AAGNG00joY9NKJRy9RnQSFq0St6kq9cZnCs/getUpdates "HTTP/1.1 200 OK"
2026-05-13 19:26:06 | INFO     | HTTP Request: POST https://api.telegram.org/bot8223900828:AAGNG00joY9NKJRy9RnQSFq0St6kq9cZnCs/getUpdates "HTTP/1.1 200 OK"
2026-05-13 19:26:16 | INFO     | HTTP Request: POST https://api.telegram.org/bot8223900828:AAGNG00joY9NKJRy9RnQSFq0St6kq9cZnCs/getUpdates "HTTP/1.1 200 OK"
2026-05-13 19:26:26 | INFO     | HTTP Request: POST https://api.telegram.org/bot8223900828:AAGNG00joY9NKJRy9RnQSFq0St6kq9cZnCs/getUpdates "HTTP/1.1 200 OK"
2026-05-13 19:26:36 | INFO     | HTTP Request: POST https://api.telegram.org/bot8223900828:AAGNG00joY9NKJRy9RnQSFq0St6kq9cZnCs/getUpdates "HTTP/1.1 200 OK"
2026-05-13 19:26:46 | INFO     | HTTP Request: POST https://api.telegram.org/bot8223900828:AAGNG00joY9NKJRy9RnQSFq0St6kq9cZnCs/getUpdates "HTTP/1.1 200 OK"
2026-05-13 19:26:57 | INFO     | HTTP Request: POST https://api.telegram.org/bot8223900828:AAGNG00joY9NKJRy9RnQSFq0St6kq9cZnCs/getUpdates "HTTP/1.1 200 OK"
2026-05-13 19:27:07 | INFO     | HTTP Request: POST https://api.telegram.org/bot8223900828:AAGNG00joY9NKJRy9RnQSFq0St6kq9cZnCs/getUpdates "HTTP/1.1 200 OK"
2026-05-13 19:27:17 | INFO     | HTTP Request: POST https://api.telegram.org/bot8223900828:AAGNG00joY9NKJRy9RnQSFq0St6kq9cZnCs/getUpdates "HTTP/1.1 200 OK"
2026-05-13 19:27:27 | INFO     | HTTP Request: POST https://api.telegram.org/bot8223900828:AAGNG00joY9NKJRy9RnQSFq0St6kq9cZnCs/getUpdates "HTTP/1.1 200 OK"
2026-05-13 19:27:37 | INFO     | HTTP Request: POST https://api.telegram.org/bot8223900828:AAGNG00joY9NKJRy9RnQSFq0St6kq9cZnCs/getUpdates "HTTP/1.1 200 OK"
2026-05-13 19:27:47 | INFO     | HTTP Request: POST https://api.telegram.org/bot8223900828:AAGNG00joY9NKJRy9RnQSFq0St6kq9cZnCs/getUpdates "HTTP/1.1 200 OK"
2026-05-13 19:27:57 | INFO     | HTTP Request: POST https://api.telegram.org/bot8223900828:AAGNG00joY9NKJRy9RnQSFq0St6kq9cZnCs/getUpdates "HTTP/1.1 200 OK"
2026-05-13 19:28:07 | INFO     | HTTP Request: POST https://api.telegram.org/bot8223900828:AAGNG00joY9NKJRy9RnQSFq0St6kq9cZnCs/getUpdates "HTTP/1.1 200 OK"
2026-05-13 19:28:18 | INFO     | HTTP Request: POST https://api.telegram.org/bot8223900828:AAGNG00joY9NKJRy9RnQSFq0St6kq9cZnCs/getUpdates "HTTP/1.1 200 OK"
2026-05-13 19:28:28 | INFO     | HTTP Request: POST https://api.telegram.org/bot8223900828:AAGNG00joY9NKJRy9RnQSFq0St6kq9cZnCs/getUpdates "HTTP/1.1 200 OK"
2026-05-13 19:28:38 | INFO     | HTTP Request: POST https://api.telegram.org/bot8223900828:AAGNG00joY9NKJRy9RnQSFq0St6kq9cZnCs/getUpdates "HTTP/1.1 200 OK"
2026-05-13 19:28:49 | INFO     | HTTP Request: POST https://api.telegram.org/bot8223900828:AAGNG00joY9NKJRy9RnQSFq0St6kq9cZnCs/getUpdates "HTTP/1.1 200 OK"
2026-05-13 19:28:59 | INFO     | HTTP Request: POST https://api.telegram.org/bot8223900828:AAGNG00joY9NKJRy9RnQSFq0St6kq9cZnCs/getUpdates "HTTP/1.1 200 OK"
2026-05-13 19:29:09 | INFO     | HTTP Request: POST https://api.telegram.org/bot8223900828:AAGNG00joY9NKJRy9RnQSFq0St6kq9cZnCs/getUpdates "HTTP/1.1 200 OK"
2026-05-13 19:29:20 | INFO     | HTTP Request: POST https://api.telegram.org/bot8223900828:AAGNG00joY9NKJRy9RnQSFq0St6kq9cZnCs/getUpdates "HTTP/1.1 200 OK"
2026-05-13 19:29:30 | INFO     | HTTP Request: POST https://api.telegram.org/bot8223900828:AAGNG00joY9NKJRy9RnQSFq0St6kq9cZnCs/getUpdates "HTTP/1.1 200 OK"
2026-05-13 19:29:40 | INFO     | HTTP Request: POST https://api.telegram.org/bot8223900828:AAGNG00joY9NKJRy9RnQSFq0St6kq9cZnCs/getUpdates "HTTP/1.1 200 OK"
2026-05-13 19:29:50 | INFO     | HTTP Request: POST https://api.telegram.org/bot8223900828:AAGNG00joY9NKJRy9RnQSFq0St6kq9cZnCs/getUpdates "HTTP/1.1 200 OK"
2026-05-13 19:30:00 | INFO     | HTTP Request: POST https://api.telegram.org/bot8223900828:AAGNG00joY9NKJRy9RnQSFq0St6kq9cZnCs/getUpdates "HTTP/1.1 200 OK"
2026-05-13 19:30:10 | INFO     | HTTP Request: POST https://api.telegram.org/bot8223900828:AAGNG00joY9NKJRy9RnQSFq0St6kq9cZnCs/getUpdates "HTTP/1.1 200 OK"
2026-05-13 19:30:20 | INFO     | HTTP Request: POST https://api.telegram.org/bot8223900828:AAGNG00joY9NKJRy9RnQSFq0St6kq9cZnCs/getUpdates "HTTP/1.1 200 OK"
2026-05-13 19:30:30 | INFO     | HTTP Request: POST https://api.telegram.org/bot8223900828:AAGNG00joY9NKJRy9RnQSFq0St6kq9cZnCs/getUpdates "HTTP/1.1 200 OK"
2026-05-13 19:30:40 | INFO     | HTTP Request: POST https://api.telegram.org/bot8223900828:AAGNG00joY9NKJRy9RnQSFq0St6kq9cZnCs/getUpdates "HTTP/1.1 200 OK"
2026-05-13 19:30:51 | INFO     | HTTP Request: POST https://api.telegram.org/bot8223900828:AAGNG00joY9NKJRy9RnQSFq0St6kq9cZnCs/getUpdates "HTTP/1.1 200 OK"
2026-05-13 19:31:01 | INFO     | HTTP Request: POST https://api.telegram.org/bot8223900828:AAGNG00joY9NKJRy9RnQSFq0St6kq9cZnCs/getUpdates "HTTP/1.1 200 OK"
2026-05-13 19:31:11 | INFO     | HTTP Request: POST https://api.telegram.org/bot8223900828:AAGNG00joY9NKJRy9RnQSFq0St6kq9cZnCs/getUpdates "HTTP/1.1 200 OK"
2026-05-13 19:31:21 | INFO     | HTTP Request: POST https://api.telegram.org/bot8223900828:AAGNG00joY9NKJRy9RnQSFq0St6kq9cZnCs/getUpdates "HTTP/1.1 200 OK"
2026-05-13 19:31:31 | INFO     | HTTP Request: POST https://api.telegram.org/bot8223900828:AAGNG00joY9NKJRy9RnQSFq0St6kq9cZnCs/getUpdates "HTTP/1.1 200 OK"
2026-05-13 19:31:41 | INFO     | HTTP Request: POST https://api.telegram.org/bot8223900828:AAGNG00joY9NKJRy9RnQSFq0St6kq9cZnCs/getUpdates "HTTP/1.1 200 OK"
2026-05-13 19:31:51 | INFO     | HTTP Request: POST https://api.telegram.org/bot8223900828:AAGNG00joY9NKJRy9RnQSFq0St6kq9cZnCs/getUpdates "HTTP/1.1 200 OK"
2026-05-13 19:32:02 | INFO     | HTTP Request: POST https://api.telegram.org/bot8223900828:AAGNG00joY9NKJRy9RnQSFq0St6kq9cZnCs/getUpdates "HTTP/1.1 200 OK"
2026-05-13 19:32:12 | INFO     | HTTP Request: POST https://api.telegram.org/bot8223900828:AAGNG00joY9NKJRy9RnQSFq0St6kq9cZnCs/getUpdates "HTTP/1.1 200 OK"
2026-05-13 19:32:22 | INFO     | HTTP Request: POST https://api.telegram.org/bot8223900828:AAGNG00joY9NKJRy9RnQSFq0St6kq9cZnCs/getUpdates "HTTP/1.1 200 OK"
2026-05-13 19:32:32 | INFO     | HTTP Request: POST https://api.telegram.org/bot8223900828:AAGNG00joY9NKJRy9RnQSFq0St6kq9cZnCs/getUpdates "HTTP/1.1 200 OK"
2026-05-13 19:32:42 | INFO     | HTTP Request: POST https://api.telegram.org/bot8223900828:AAGNG00joY9NKJRy9RnQSFq0St6kq9cZnCs/getUpdates "HTTP/1.1 200 OK"
2026-05-13 19:32:52 | INFO     | HTTP Request: POST https://api.telegram.org/bot8223900828:AAGNG00joY9NKJRy9RnQSFq0St6kq9cZnCs/getUpdates "HTTP/1.1 200 OK"
2026-05-13 19:33:02 | INFO     | HTTP Request: POST https://api.telegram.org/bot8223900828:AAGNG00joY9NKJRy9RnQSFq0St6kq9cZnCs/getUpdates "HTTP/1.1 200 OK"
2026-05-13 19:33:13 | INFO     | HTTP Request: POST https://api.telegram.org/bot8223900828:AAGNG00joY9NKJRy9RnQSFq0St6kq9cZnCs/getUpdates "HTTP/1.1 200 OK"
2026-05-13 19:33:23 | INFO     | HTTP Request: POST https://api.telegram.org/bot8223900828:AAGNG00joY9NKJRy9RnQSFq0St6kq9cZnCs/getUpdates "HTTP/1.1 200 OK"
2026-05-13 19:33:33 | INFO     | HTTP Request: POST https://api.telegram.org/bot8223900828:AAGNG00joY9NKJRy9RnQSFq0St6kq9cZnCs/getUpdates "HTTP/1.1 200 OK"
2026-05-13 19:33:43 | INFO     | HTTP Request: POST https://api.telegram.org/bot8223900828:AAGNG00joY9NKJRy9RnQSFq0St6kq9cZnCs/getUpdates "HTTP/1.1 200 OK"
2026-05-13 19:33:53 | INFO     | HTTP Request: POST https://api.telegram.org/bot8223900828:AAGNG00joY9NKJRy9RnQSFq0St6kq9cZnCs/getUpdates "HTTP/1.1 200 OK"
2026-05-13 19:34:03 | INFO     | HTTP Request: POST https://api.telegram.org/bot8223900828:AAGNG00joY9NKJRy9RnQSFq0St6kq9cZnCs/getUpdates "HTTP/1.1 200 OK"
2026-05-13 19:34:13 | INFO     | HTTP Request: POST https://api.telegram.org/bot8223900828:AAGNG00joY9NKJRy9RnQSFq0St6kq9cZnCs/getUpdates "HTTP/1.1 200 OK"
2026-05-13 19:34:23 | INFO     | HTTP Request: POST https://api.telegram.org/bot8223900828:AAGNG00joY9NKJRy9RnQSFq0St6kq9cZnCs/getUpdates "HTTP/1.1 200 OK"
2026-05-13 19:34:34 | INFO     | HTTP Request: POST https://api.telegram.org/bot8223900828:AAGNG00joY9NKJRy9RnQSFq0St6kq9cZnCs/getUpdates "HTTP/1.1 200 OK"
2026-05-13 19:34:44 | INFO     | HTTP Request: POST https://api.telegram.org/bot8223900828:AAGNG00joY9NKJRy9RnQSFq0St6kq9cZnCs/getUpdates "HTTP/1.1 200 OK"
2026-05-13 19:34:54 | INFO     | HTTP Request: POST https://api.telegram.org/bot8223900828:AAGNG00joY9NKJRy9RnQSFq0St6kq9cZnCs/getUpdates "HTTP/1.1 200 OK"
2026-05-13 19:35:04 | INFO     | HTTP Request: POST https://api.telegram.org/bot8223900828:AAGNG00joY9NKJRy9RnQSFq0St6kq9cZnCs/getUpdates "HTTP/1.1 200 OK"
2026-05-13 19:35:14 | INFO     | HTTP Request: POST https://api.telegram.org/bot8223900828:AAGNG00joY9NKJRy9RnQSFq0St6kq9cZnCs/getUpdates "HTTP/1.1 200 OK"
2026-05-13 19:35:24 | INFO     | HTTP Request: POST https://api.telegram.org/bot8223900828:AAGNG00joY9NKJRy9RnQSFq0St6kq9cZnCs/getUpdates "HTTP/1.1 200 OK"
2026-05-13 19:35:34 | INFO     | HTTP Request: POST https://api.telegram.org/bot8223900828:AAGNG00joY9NKJRy9RnQSFq0St6kq9cZnCs/getUpdates "HTTP/1.1 200 OK"
2026-05-13 19:35:45 | INFO     | HTTP Request: POST https://api.telegram.org/bot8223900828:AAGNG00joY9NKJRy9RnQSFq0St6kq9cZnCs/getUpdates "HTTP/1.1 200 OK"
2026-05-13 19:35:55 | INFO     | HTTP Request: POST https://api.telegram.org/bot8223900828:AAGNG00joY9NKJRy9RnQSFq0St6kq9cZnCs/getUpdates "HTTP/1.1 200 OK"
2026-05-13 19:36:05 | INFO     | HTTP Request: POST https://api.telegram.org/bot8223900828:AAGNG00joY9NKJRy9RnQSFq0St6kq9cZnCs/getUpdates "HTTP/1.1 200 OK"
2026-05-13 19:36:15 | INFO     | HTTP Request: POST https://api.telegram.org/bot8223900828:AAGNG00joY9NKJRy9RnQSFq0St6kq9cZnCs/getUpdates "HTTP/1.1 200 OK"
2026-05-13 19:36:25 | INFO     | HTTP Request: POST https://api.telegram.org/bot8223900828:AAGNG00joY9NKJRy9RnQSFq0St6kq9cZnCs/getUpdates "HTTP/1.1 200 OK"
2026-05-13 19:36:35 | INFO     | HTTP Request: POST https://api.telegram.org/bot8223900828:AAGNG00joY9NKJRy9RnQSFq0St6kq9cZnCs/getUpdates "HTTP/1.1 200 OK"
2026-05-13 19:36:45 | INFO     | HTTP Request: POST https://api.telegram.org/bot8223900828:AAGNG00joY9NKJRy9RnQSFq0St6kq9cZnCs/getUpdates "HTTP/1.1 200 OK"
2026-05-13 19:36:55 | INFO     | HTTP Request: POST https://api.telegram.org/bot8223900828:AAGNG00joY9NKJRy9RnQSFq0St6kq9cZnCs/getUpdates "HTTP/1.1 200 OK"
2026-05-13 19:37:06 | INFO     | HTTP Request: POST https://api.telegram.org/bot8223900828:AAGNG00joY9NKJRy9RnQSFq0St6kq9cZnCs/getUpdates "HTTP/1.1 200 OK"
2026-05-13 19:37:16 | INFO     | HTTP Request: POST https://api.telegram.org/bot8223900828:AAGNG00joY9NKJRy9RnQSFq0St6kq9cZnCs/getUpdates "HTTP/1.1 200 OK"
2026-05-13 19:37:26 | INFO     | HTTP Request: POST https://api.telegram.org/bot8223900828:AAGNG00joY9NKJRy9RnQSFq0St6kq9cZnCs/getUpdates "HTTP/1.1 200 OK"
2026-05-13 19:37:36 | INFO     | HTTP Request: POST https://api.telegram.org/bot8223900828:AAGNG00joY9NKJRy9RnQSFq0St6kq9cZnCs/getUpdates "HTTP/1.1 200 OK"
2026-05-13 19:37:46 | INFO     | HTTP Request: POST https://api.telegram.org/bot8223900828:AAGNG00joY9NKJRy9RnQSFq0St6kq9cZnCs/getUpdates "HTTP/1.1 200 OK"
2026-05-13 19:37:57 | INFO     | HTTP Request: POST https://api.telegram.org/bot8223900828:AAGNG00joY9NKJRy9RnQSFq0St6kq9cZnCs/getUpdates "HTTP/1.1 200 OK"
2026-05-13 19:38:07 | INFO     | HTTP Request: POST https://api.telegram.org/bot8223900828:AAGNG00joY9NKJRy9RnQSFq0St6kq9cZnCs/getUpdates "HTTP/1.1 200 OK"
2026-05-13 19:38:17 | INFO     | HTTP Request: POST https://api.telegram.org/bot8223900828:AAGNG00joY9NKJRy9RnQSFq0St6kq9cZnCs/getUpdates "HTTP/1.1 200 OK"
2026-05-13 19:38:27 | INFO     | HTTP Request: POST https://api.telegram.org/bot8223900828:AAGNG00joY9NKJRy9RnQSFq0St6kq9cZnCs/getUpdates "HTTP/1.1 200 OK"
2026-05-13 19:38:37 | INFO     | HTTP Request: POST https://api.telegram.org/bot8223900828:AAGNG00joY9NKJRy9RnQSFq0St6kq9cZnCs/getUpdates "HTTP/1.1 200 OK"
2026-05-13 19:38:47 | INFO     | HTTP Request: POST https://api.telegram.org/bot8223900828:AAGNG00joY9NKJRy9RnQSFq0St6kq9cZnCs/getUpdates "HTTP/1.1 200 OK"
2026-05-13 19:38:57 | INFO     | HTTP Request: POST https://api.telegram.org/bot8223900828:AAGNG00joY9NKJRy9RnQSFq0St6kq9cZnCs/getUpdates "HTTP/1.1 200 OK"
2026-05-13 19:39:08 | INFO     | HTTP Request: POST https://api.telegram.org/bot8223900828:AAGNG00joY9NKJRy9RnQSFq0St6kq9cZnCs/getUpdates "HTTP/1.1 200 OK"
2026-05-13 19:39:18 | INFO     | HTTP Request: POST https://api.telegram.org/bot8223900828:AAGNG00joY9NKJRy9RnQSFq0St6kq9cZnCs/getUpdates "HTTP/1.1 200 OK"
2026-05-13 19:39:28 | INFO     | HTTP Request: POST https://api.telegram.org/bot8223900828:AAGNG00joY9NKJRy9RnQSFq0St6kq9cZnCs/getUpdates "HTTP/1.1 200 OK"
2026-05-13 19:39:38 | INFO     | HTTP Request: POST https://api.telegram.org/bot8223900828:AAGNG00joY9NKJRy9RnQSFq0St6kq9cZnCs/getUpdates "HTTP/1.1 200 OK"
2026-05-13 19:39:48 | INFO     | HTTP Request: POST https://api.telegram.org/bot8223900828:AAGNG00joY9NKJRy9RnQSFq0St6kq9cZnCs/getUpdates "HTTP/1.1 200 OK"
2026-05-13 19:39:58 | INFO     | HTTP Request: POST https://api.telegram.org/bot8223900828:AAGNG00joY9NKJRy9RnQSFq0St6kq9cZnCs/getUpdates "HTTP/1.1 200 OK"
2026-05-13 19:40:09 | INFO     | HTTP Request: POST https://api.telegram.org/bot8223900828:AAGNG00joY9NKJRy9RnQSFq0St6kq9cZnCs/getUpdates "HTTP/1.1 200 OK"
2026-05-13 19:40:19 | INFO     | HTTP Request: POST https://api.telegram.org/bot8223900828:AAGNG00joY9NKJRy9RnQSFq0St6kq9cZnCs/getUpdates "HTTP/1.1 200 OK"
2026-05-13 19:40:29 | INFO     | HTTP Request: POST https://api.telegram.org/bot8223900828:AAGNG00joY9NKJRy9RnQSFq0St6kq9cZnCs/getUpdates "HTTP/1.1 200 OK"
2026-05-13 19:40:39 | INFO     | HTTP Request: POST https://api.telegram.org/bot8223900828:AAGNG00joY9NKJRy9RnQSFq0St6kq9cZnCs/getUpdates "HTTP/1.1 200 OK"
2026-05-13 19:40:49 | INFO     | HTTP Request: POST https://api.telegram.org/bot8223900828:AAGNG00joY9NKJRy9RnQSFq0St6kq9cZnCs/getUpdates "HTTP/1.1 200 OK"
2026-05-13 19:40:59 | INFO     | HTTP Request: POST https://api.telegram.org/bot8223900828:AAGNG00joY9NKJRy9RnQSFq0St6kq9cZnCs/getUpdates "HTTP/1.1 200 OK"
2026-05-13 19:41:09 | INFO     | HTTP Request: POST https://api.telegram.org/bot8223900828:AAGNG00joY9NKJRy9RnQSFq0St6kq9cZnCs/getUpdates "HTTP/1.1 200 OK"
2026-05-13 19:41:19 | INFO     | HTTP Request: POST https://api.telegram.org/bot8223900828:AAGNG00joY9NKJRy9RnQSFq0St6kq9cZnCs/getUpdates "HTTP/1.1 200 OK"
2026-05-13 19:41:30 | INFO     | HTTP Request: POST https://api.telegram.org/bot8223900828:AAGNG00joY9NKJRy9RnQSFq0St6kq9cZnCs/getUpdates "HTTP/1.1 200 OK"
2026-05-13 19:41:40 | INFO     | HTTP Request: POST https://api.telegram.org/bot8223900828:AAGNG00joY9NKJRy9RnQSFq0St6kq9cZnCs/getUpdates "HTTP/1.1 200 OK"
2026-05-13 19:41:50 | INFO     | HTTP Request: POST https://api.telegram.org/bot8223900828:AAGNG00joY9NKJRy9RnQSFq0St6kq9cZnCs/getUpdates "HTTP/1.1 200 OK"
2026-05-13 19:42:00 | INFO     | HTTP Request: POST https://api.telegram.org/bot8223900828:AAGNG00joY9NKJRy9RnQSFq0St6kq9cZnCs/getUpdates "HTTP/1.1 200 OK"
2026-05-13 19:42:10 | INFO     | HTTP Request: POST https://api.telegram.org/bot8223900828:AAGNG00joY9NKJRy9RnQSFq0St6kq9cZnCs/getUpdates "HTTP/1.1 200 OK"
2026-05-13 19:42:20 | INFO     | HTTP Request: POST https://api.telegram.org/bot8223900828:AAGNG00joY9NKJRy9RnQSFq0St6kq9cZnCs/getUpdates "HTTP/1.1 200 OK"
2026-05-13 19:42:30 | INFO     | HTTP Request: POST https://api.telegram.org/bot8223900828:AAGNG00joY9NKJRy9RnQSFq0St6kq9cZnCs/getUpdates "HTTP/1.1 200 OK"
2026-05-13 19:42:40 | INFO     | HTTP Request: POST https://api.telegram.org/bot8223900828:AAGNG00joY9NKJRy9RnQSFq0St6kq9cZnCs/getUpdates "HTTP/1.1 200 OK"
2026-05-13 19:42:51 | INFO     | HTTP Request: POST https://api.telegram.org/bot8223900828:AAGNG00joY9NKJRy9RnQSFq0St6kq9cZnCs/getUpdates "HTTP/1.1 200 OK"
2026-05-13 19:43:01 | INFO     | HTTP Request: POST https://api.telegram.org/bot8223900828:AAGNG00joY9NKJRy9RnQSFq0St6kq9cZnCs/getUpdates "HTTP/1.1 200 OK"
2026-05-13 19:43:11 | INFO     | HTTP Request: POST https://api.telegram.org/bot8223900828:AAGNG00joY9NKJRy9RnQSFq0St6kq9cZnCs/getUpdates "HTTP/1.1 200 OK"
2026-05-13 19:43:21 | INFO     | HTTP Request: POST https://api.telegram.org/bot8223900828:AAGNG00joY9NKJRy9RnQSFq0St6kq9cZnCs/getUpdates "HTTP/1.1 200 OK"
2026-05-13 19:43:31 | INFO     | HTTP Request: POST https://api.telegram.org/bot8223900828:AAGNG00joY9NKJRy9RnQSFq0St6kq9cZnCs/getUpdates "HTTP/1.1 200 OK"
2026-05-13 19:43:41 | INFO     | HTTP Request: POST https://api.telegram.org/bot8223900828:AAGNG00joY9NKJRy9RnQSFq0St6kq9cZnCs/getUpdates "HTTP/1.1 200 OK"
2026-05-13 19:43:52 | INFO     | HTTP Request: POST https://api.telegram.org/bot8223900828:AAGNG00joY9NKJRy9RnQSFq0St6kq9cZnCs/getUpdates "HTTP/1.1 200 OK"
2026-05-13 19:44:02 | INFO     | HTTP Request: POST https://api.telegram.org/bot8223900828:AAGNG00joY9NKJRy9RnQSFq0St6kq9cZnCs/getUpdates "HTTP/1.1 200 OK"
2026-05-13 19:44:12 | INFO     | HTTP Request: POST https://api.telegram.org/bot8223900828:AAGNG00joY9NKJRy9RnQSFq0St6kq9cZnCs/getUpdates "HTTP/1.1 200 OK"
2026-05-13 19:44:22 | INFO     | HTTP Request: POST https://api.telegram.org/bot8223900828:AAGNG00joY9NKJRy9RnQSFq0St6kq9cZnCs/getUpdates "HTTP/1.1 200 OK"
2026-05-13 19:44:32 | INFO     | HTTP Request: POST https://api.telegram.org/bot8223900828:AAGNG00joY9NKJRy9RnQSFq0St6kq9cZnCs/getUpdates "HTTP/1.1 200 OK"
2026-05-13 19:44:42 | INFO     | HTTP Request: POST https://api.telegram.org/bot8223900828:AAGNG00joY9NKJRy9RnQSFq0St6kq9cZnCs/getUpdates "HTTP/1.1 200 OK"
2026-05-13 19:44:43 | ERROR    | No error handlers are registered, logging exception.
Traceback (most recent call last):
  File "c:\Users\Suhrob\ollama_chat\.venv\Lib\site-packages\httpx\_transports\default.py", line 101, in map_httpcore_exceptions
    yield
  File "c:\Users\Suhrob\ollama_chat\.venv\Lib\site-packages\httpx\_transports\default.py", line 394, in handle_async_request
    resp = await self._pool.handle_async_request(req)
           ^^^^^^^^^^^^^^^^^^^^^^^^^^^^^^^^^^^^^^^^^^
  File "c:\Users\Suhrob\ollama_chat\.venv\Lib\site-packages\httpcore\_async\connection_pool.py", line 256, in handle_async_request
    raise exc from None
  File "c:\Users\Suhrob\ollama_chat\.venv\Lib\site-packages\httpcore\_async\connection_pool.py", line 236, in handle_async_request
    response = await connection.handle_async_request(
               ^^^^^^^^^^^^^^^^^^^^^^^^^^^^^^^^^^^^^^
        pool_request.request
        ^^^^^^^^^^^^^^^^^^^^
    )
    ^
  File "c:\Users\Suhrob\ollama_chat\.venv\Lib\site-packages\httpcore\_async\connection.py", line 103, in handle_async_request
    return await self._connection.handle_async_request(request)
           ^^^^^^^^^^^^^^^^^^^^^^^^^^^^^^^^^^^^^^^^^^^^^^^^^^^^
  File "c:\Users\Suhrob\ollama_chat\.venv\Lib\site-packages\httpcore\_async\http11.py", line 136, in handle_async_request
    raise exc
  File "c:\Users\Suhrob\ollama_chat\.venv\Lib\site-packages\httpcore\_async\http11.py", line 106, in handle_async_request
    ) = await self._receive_response_headers(**kwargs)
        ^^^^^^^^^^^^^^^^^^^^^^^^^^^^^^^^^^^^^^^^^^^^^^
  File "c:\Users\Suhrob\ollama_chat\.venv\Lib\site-packages\httpcore\_async\http11.py", line 177, in _receive_response_headers
    event = await self._receive_event(timeout=timeout)
            ^^^^^^^^^^^^^^^^^^^^^^^^^^^^^^^^^^^^^^^^^^
  File "c:\Users\Suhrob\ollama_chat\.venv\Lib\site-packages\httpcore\_async\http11.py", line 217, in _receive_event
    data = await self._network_stream.read(
           ^^^^^^^^^^^^^^^^^^^^^^^^^^^^^^^^
        self.READ_NUM_BYTES, timeout=timeout
        ^^^^^^^^^^^^^^^^^^^^^^^^^^^^^^^^^^^^
    )
    ^
  File "c:\Users\Suhrob\ollama_chat\.venv\Lib\site-packages\httpcore\_backends\anyio.py", line 32, in read
    with map_exceptions(exc_map):
         ~~~~~~~~~~~~~~^^^^^^^^^
  File "C:\Users\Suhrob\AppData\Local\Python\pythoncore-3.14-64\Lib\contextlib.py", line 162, in __exit__
    self.gen.throw(value)
    ~~~~~~~~~~~~~~^^^^^^^
  File "c:\Users\Suhrob\ollama_chat\.venv\Lib\site-packages\httpcore\_exceptions.py", line 14, in map_exceptions
    raise to_exc(exc) from exc
httpcore.ReadError

The above exception was the direct cause of the following exception:

Traceback (most recent call last):
  File "c:\Users\Suhrob\ollama_chat\.venv\Lib\site-packages\telegram\request\_httpxrequest.py", line 279, in do_request
    res = await self._client.request(
          ^^^^^^^^^^^^^^^^^^^^^^^^^^^
    ...<6 lines>...
    )
    ^
  File "c:\Users\Suhrob\ollama_chat\.venv\Lib\site-packages\httpx\_client.py", line 1540, in request
    return await self.send(request, auth=auth, follow_redirects=follow_redirects)
           ^^^^^^^^^^^^^^^^^^^^^^^^^^^^^^^^^^^^^^^^^^^^^^^^^^^^^^^^^^^^^^^^^^^^^^
  File "c:\Users\Suhrob\ollama_chat\.venv\Lib\site-packages\httpx\_client.py", line 1629, in send
    response = await self._send_handling_auth(
               ^^^^^^^^^^^^^^^^^^^^^^^^^^^^^^^
    ...<4 lines>...
    )
    ^
  File "c:\Users\Suhrob\ollama_chat\.venv\Lib\site-packages\httpx\_client.py", line 1657, in _send_handling_auth
    response = await self._send_handling_redirects(
               ^^^^^^^^^^^^^^^^^^^^^^^^^^^^^^^^^^^^
    ...<3 lines>...
    )
    ^
  File "c:\Users\Suhrob\ollama_chat\.venv\Lib\site-packages\httpx\_client.py", line 1694, in _send_handling_redirects
    response = await self._send_single_request(request)
               ^^^^^^^^^^^^^^^^^^^^^^^^^^^^^^^^^^^^^^^^
  File "c:\Users\Suhrob\ollama_chat\.venv\Lib\site-packages\httpx\_client.py", line 1730, in _send_single_request
    response = await transport.handle_async_request(request)
               ^^^^^^^^^^^^^^^^^^^^^^^^^^^^^^^^^^^^^^^^^^^^^
  File "c:\Users\Suhrob\ollama_chat\.venv\Lib\site-packages\httpx\_transports\default.py", line 393, in handle_async_request
    with map_httpcore_exceptions():
         ~~~~~~~~~~~~~~~~~~~~~~~^^
  File "C:\Users\Suhrob\AppData\Local\Python\pythoncore-3.14-64\Lib\contextlib.py", line 162, in __exit__
    self.gen.throw(value)
    ~~~~~~~~~~~~~~^^^^^^^
  File "c:\Users\Suhrob\ollama_chat\.venv\Lib\site-packages\httpx\_transports\default.py", line 118, in map_httpcore_exceptions
    raise mapped_exc(message) from exc
httpx.ReadError

The above exception was the direct cause of the following exception:

Traceback (most recent call last):
  File "c:\Users\Suhrob\ollama_chat\.venv\Lib\site-packages\telegram\ext\_utils\networkloop.py", line 161, in network_retry_loop
    await do_action()
  File "c:\Users\Suhrob\ollama_chat\.venv\Lib\site-packages\telegram\ext\_utils\networkloop.py", line 154, in do_action
    action_cb_task.result()
    ~~~~~~~~~~~~~~~~~~~~~^^
  File "c:\Users\Suhrob\ollama_chat\.venv\Lib\site-packages\telegram\ext\_updater.py", line 340, in polling_action_cb
    updates = await self.bot.get_updates(
              ^^^^^^^^^^^^^^^^^^^^^^^^^^^
    ...<3 lines>...
    )
    ^
  File "c:\Users\Suhrob\ollama_chat\.venv\Lib\site-packages\telegram\ext\_extbot.py", line 672, in get_updates
    updates = await super().get_updates(
              ^^^^^^^^^^^^^^^^^^^^^^^^^^
    ...<9 lines>...
    )
    ^
  File "c:\Users\Suhrob\ollama_chat\.venv\Lib\site-packages\telegram\_bot.py", line 4865, in get_updates
    await self._post(
    ^^^^^^^^^^^^^^^^^
    ...<7 lines>...
    ),
    ^
  File "c:\Users\Suhrob\ollama_chat\.venv\Lib\site-packages\telegram\_bot.py", line 704, in _post
    return await self._do_post(
           ^^^^^^^^^^^^^^^^^^^^
    ...<6 lines>...
    )
    ^
  File "c:\Users\Suhrob\ollama_chat\.venv\Lib\site-packages\telegram\ext\_extbot.py", line 370, in _do_post
    return await super()._do_post(
           ^^^^^^^^^^^^^^^^^^^^^^^
    ...<6 lines>...
    )
    ^
  File "c:\Users\Suhrob\ollama_chat\.venv\Lib\site-packages\telegram\_bot.py", line 733, in _do_post
    result = await request.post(
             ^^^^^^^^^^^^^^^^^^^
    ...<6 lines>...
    )
    ^
  File "c:\Users\Suhrob\ollama_chat\.venv\Lib\site-packages\telegram\request\_baserequest.py", line 198, in post
    result = await self._request_wrapper(
             ^^^^^^^^^^^^^^^^^^^^^^^^^^^^
    ...<7 lines>...
    )
    ^
  File "c:\Users\Suhrob\ollama_chat\.venv\Lib\site-packages\telegram\request\_baserequest.py", line 305, in _request_wrapper
    code, payload = await self.do_request(
                    ^^^^^^^^^^^^^^^^^^^^^^
    ...<7 lines>...
    )
    ^
  File "c:\Users\Suhrob\ollama_chat\.venv\Lib\site-packages\telegram\request\_httpxrequest.py", line 303, in do_request
    raise NetworkError(f"httpx.{err.__class__.__name__}: {err}") from err
telegram.error.NetworkError: httpx.ReadError: 
2026-05-13 19:44:54 | INFO     | HTTP Request: POST https://api.telegram.org/bot8223900828:AAGNG00joY9NKJRy9RnQSFq0St6kq9cZnCs/getUpdates "HTTP/1.1 200 OK"
2026-05-13 19:45:04 | INFO     | HTTP Request: POST https://api.telegram.org/bot8223900828:AAGNG00joY9NKJRy9RnQSFq0St6kq9cZnCs/getUpdates "HTTP/1.1 200 OK"
2026-05-13 19:45:14 | INFO     | HTTP Request: POST https://api.telegram.org/bot8223900828:AAGNG00joY9NKJRy9RnQSFq0St6kq9cZnCs/getUpdates "HTTP/1.1 200 OK"
2026-05-13 19:45:25 | INFO     | HTTP Request: POST https://api.telegram.org/bot8223900828:AAGNG00joY9NKJRy9RnQSFq0St6kq9cZnCs/getUpdates "HTTP/1.1 200 OK"
2026-05-13 19:45:35 | INFO     | HTTP Request: POST https://api.telegram.org/bot8223900828:AAGNG00joY9NKJRy9RnQSFq0St6kq9cZnCs/getUpdates "HTTP/1.1 200 OK"
2026-05-13 19:45:45 | INFO     | HTTP Request: POST https://api.telegram.org/bot8223900828:AAGNG00joY9NKJRy9RnQSFq0St6kq9cZnCs/getUpdates "HTTP/1.1 200 OK"
2026-05-13 19:45:55 | INFO     | HTTP Request: POST https://api.telegram.org/bot8223900828:AAGNG00joY9NKJRy9RnQSFq0St6kq9cZnCs/getUpdates "HTTP/1.1 200 OK"
2026-05-13 19:46:05 | INFO     | HTTP Request: POST https://api.telegram.org/bot8223900828:AAGNG00joY9NKJRy9RnQSFq0St6kq9cZnCs/getUpdates "HTTP/1.1 200 OK"
2026-05-13 19:46:15 | INFO     | HTTP Request: POST https://api.telegram.org/bot8223900828:AAGNG00joY9NKJRy9RnQSFq0St6kq9cZnCs/getUpdates "HTTP/1.1 200 OK"
2026-05-13 19:46:26 | INFO     | HTTP Request: POST https://api.telegram.org/bot8223900828:AAGNG00joY9NKJRy9RnQSFq0St6kq9cZnCs/getUpdates "HTTP/1.1 200 OK"
2026-05-13 19:46:36 | INFO     | HTTP Request: POST https://api.telegram.org/bot8223900828:AAGNG00joY9NKJRy9RnQSFq0St6kq9cZnCs/getUpdates "HTTP/1.1 200 OK"
2026-05-13 19:46:46 | INFO     | HTTP Request: POST https://api.telegram.org/bot8223900828:AAGNG00joY9NKJRy9RnQSFq0St6kq9cZnCs/getUpdates "HTTP/1.1 200 OK"
2026-05-13 19:46:56 | INFO     | HTTP Request: POST https://api.telegram.org/bot8223900828:AAGNG00joY9NKJRy9RnQSFq0St6kq9cZnCs/getUpdates "HTTP/1.1 200 OK"
2026-05-13 19:47:06 | INFO     | HTTP Request: POST https://api.telegram.org/bot8223900828:AAGNG00joY9NKJRy9RnQSFq0St6kq9cZnCs/getUpdates "HTTP/1.1 200 OK"
2026-05-13 19:47:16 | INFO     | HTTP Request: POST https://api.telegram.org/bot8223900828:AAGNG00joY9NKJRy9RnQSFq0St6kq9cZnCs/getUpdates "HTTP/1.1 200 OK"
2026-05-13 19:47:26 | INFO     | HTTP Request: POST https://api.telegram.org/bot8223900828:AAGNG00joY9NKJRy9RnQSFq0St6kq9cZnCs/getUpdates "HTTP/1.1 200 OK"
2026-05-13 19:47:36 | INFO     | HTTP Request: POST https://api.telegram.org/bot8223900828:AAGNG00joY9NKJRy9RnQSFq0St6kq9cZnCs/getUpdates "HTTP/1.1 200 OK"
2026-05-13 19:47:47 | INFO     | HTTP Request: POST https://api.telegram.org/bot8223900828:AAGNG00joY9NKJRy9RnQSFq0St6kq9cZnCs/getUpdates "HTTP/1.1 200 OK"
2026-05-13 19:47:57 | INFO     | HTTP Request: POST https://api.telegram.org/bot8223900828:AAGNG00joY9NKJRy9RnQSFq0St6kq9cZnCs/getUpdates "HTTP/1.1 200 OK"
2026-05-13 19:48:07 | INFO     | HTTP Request: POST https://api.telegram.org/bot8223900828:AAGNG00joY9NKJRy9RnQSFq0St6kq9cZnCs/getUpdates "HTTP/1.1 200 OK"
2026-05-13 19:48:17 | INFO     | HTTP Request: POST https://api.telegram.org/bot8223900828:AAGNG00joY9NKJRy9RnQSFq0St6kq9cZnCs/getUpdates "HTTP/1.1 200 OK"
2026-05-13 19:48:27 | INFO     | HTTP Request: POST https://api.telegram.org/bot8223900828:AAGNG00joY9NKJRy9RnQSFq0St6kq9cZnCs/getUpdates "HTTP/1.1 200 OK"
2026-05-13 19:48:37 | INFO     | HTTP Request: POST https://api.telegram.org/bot8223900828:AAGNG00joY9NKJRy9RnQSFq0St6kq9cZnCs/getUpdates "HTTP/1.1 200 OK"
2026-05-13 19:48:47 | INFO     | HTTP Request: POST https://api.telegram.org/bot8223900828:AAGNG00joY9NKJRy9RnQSFq0St6kq9cZnCs/getUpdates "HTTP/1.1 200 OK"
2026-05-13 19:48:58 | INFO     | HTTP Request: POST https://api.telegram.org/bot8223900828:AAGNG00joY9NKJRy9RnQSFq0St6kq9cZnCs/getUpdates "HTTP/1.1 200 OK"
2026-05-13 19:49:08 | INFO     | HTTP Request: POST https://api.telegram.org/bot8223900828:AAGNG00joY9NKJRy9RnQSFq0St6kq9cZnCs/getUpdates "HTTP/1.1 200 OK"
2026-05-13 19:49:18 | INFO     | HTTP Request: POST https://api.telegram.org/bot8223900828:AAGNG00joY9NKJRy9RnQSFq0St6kq9cZnCs/getUpdates "HTTP/1.1 200 OK"
2026-05-13 19:49:28 | INFO     | HTTP Request: POST https://api.telegram.org/bot8223900828:AAGNG00joY9NKJRy9RnQSFq0St6kq9cZnCs/getUpdates "HTTP/1.1 200 OK"
2026-05-13 19:49:38 | INFO     | HTTP Request: POST https://api.telegram.org/bot8223900828:AAGNG00joY9NKJRy9RnQSFq0St6kq9cZnCs/getUpdates "HTTP/1.1 200 OK"
2026-05-13 19:49:48 | INFO     | HTTP Request: POST https://api.telegram.org/bot8223900828:AAGNG00joY9NKJRy9RnQSFq0St6kq9cZnCs/getUpdates "HTTP/1.1 200 OK"
2026-05-13 19:49:59 | INFO     | HTTP Request: POST https://api.telegram.org/bot8223900828:AAGNG00joY9NKJRy9RnQSFq0St6kq9cZnCs/getUpdates "HTTP/1.1 200 OK"
2026-05-13 19:50:09 | INFO     | HTTP Request: POST https://api.telegram.org/bot8223900828:AAGNG00joY9NKJRy9RnQSFq0St6kq9cZnCs/getUpdates "HTTP/1.1 200 OK"
2026-05-13 19:50:19 | INFO     | HTTP Request: POST https://api.telegram.org/bot8223900828:AAGNG00joY9NKJRy9RnQSFq0St6kq9cZnCs/getUpdates "HTTP/1.1 200 OK"
2026-05-13 19:50:29 | INFO     | HTTP Request: POST https://api.telegram.org/bot8223900828:AAGNG00joY9NKJRy9RnQSFq0St6kq9cZnCs/getUpdates "HTTP/1.1 200 OK"
2026-05-13 19:50:39 | INFO     | HTTP Request: POST https://api.telegram.org/bot8223900828:AAGNG00joY9NKJRy9RnQSFq0St6kq9cZnCs/getUpdates "HTTP/1.1 200 OK"
2026-05-13 19:50:49 | INFO     | HTTP Request: POST https://api.telegram.org/bot8223900828:AAGNG00joY9NKJRy9RnQSFq0St6kq9cZnCs/getUpdates "HTTP/1.1 200 OK"
2026-05-13 19:50:59 | INFO     | HTTP Request: POST https://api.telegram.org/bot8223900828:AAGNG00joY9NKJRy9RnQSFq0St6kq9cZnCs/getUpdates "HTTP/1.1 200 OK"
2026-05-13 19:51:10 | INFO     | HTTP Request: POST https://api.telegram.org/bot8223900828:AAGNG00joY9NKJRy9RnQSFq0St6kq9cZnCs/getUpdates "HTTP/1.1 200 OK"
2026-05-13 19:51:23 | INFO     | HTTP Request: POST https://api.telegram.org/bot8223900828:AAGNG00joY9NKJRy9RnQSFq0St6kq9cZnCs/getUpdates "HTTP/1.1 200 OK"
2026-05-13 19:51:54 | INFO     | HTTP Request: POST https://api.telegram.org/bot8223900828:AAGNG00joY9NKJRy9RnQSFq0St6kq9cZnCs/getUpdates "HTTP/1.1 200 OK"
2026-05-13 19:52:04 | INFO     | HTTP Request: POST https://api.telegram.org/bot8223900828:AAGNG00joY9NKJRy9RnQSFq0St6kq9cZnCs/getUpdates "HTTP/1.1 200 OK"
2026-05-13 19:52:14 | INFO     | HTTP Request: POST https://api.telegram.org/bot8223900828:AAGNG00joY9NKJRy9RnQSFq0St6kq9cZnCs/getUpdates "HTTP/1.1 200 OK"
2026-05-13 19:52:24 | INFO     | HTTP Request: POST https://api.telegram.org/bot8223900828:AAGNG00joY9NKJRy9RnQSFq0St6kq9cZnCs/getUpdates "HTTP/1.1 200 OK"
2026-05-13 19:52:34 | INFO     | HTTP Request: POST https://api.telegram.org/bot8223900828:AAGNG00joY9NKJRy9RnQSFq0St6kq9cZnCs/getUpdates "HTTP/1.1 200 OK"
2026-05-13 19:52:45 | INFO     | HTTP Request: POST https://api.telegram.org/bot8223900828:AAGNG00joY9NKJRy9RnQSFq0St6kq9cZnCs/getUpdates "HTTP/1.1 200 OK"
2026-05-13 19:52:55 | INFO     | HTTP Request: POST https://api.telegram.org/bot8223900828:AAGNG00joY9NKJRy9RnQSFq0St6kq9cZnCs/getUpdates "HTTP/1.1 200 OK"
2026-05-13 19:53:05 | INFO     | HTTP Request: POST https://api.telegram.org/bot8223900828:AAGNG00joY9NKJRy9RnQSFq0St6kq9cZnCs/getUpdates "HTTP/1.1 200 OK"
2026-05-13 19:53:15 | INFO     | HTTP Request: POST https://api.telegram.org/bot8223900828:AAGNG00joY9NKJRy9RnQSFq0St6kq9cZnCs/getUpdates "HTTP/1.1 200 OK"
2026-05-13 19:53:25 | INFO     | HTTP Request: POST https://api.telegram.org/bot8223900828:AAGNG00joY9NKJRy9RnQSFq0St6kq9cZnCs/getUpdates "HTTP/1.1 200 OK"
2026-05-13 19:53:35 | INFO     | HTTP Request: POST https://api.telegram.org/bot8223900828:AAGNG00joY9NKJRy9RnQSFq0St6kq9cZnCs/getUpdates "HTTP/1.1 200 OK"
2026-05-13 19:53:45 | INFO     | HTTP Request: POST https://api.telegram.org/bot8223900828:AAGNG00joY9NKJRy9RnQSFq0St6kq9cZnCs/getUpdates "HTTP/1.1 200 OK"
2026-05-13 19:53:55 | INFO     | HTTP Request: POST https://api.telegram.org/bot8223900828:AAGNG00joY9NKJRy9RnQSFq0St6kq9cZnCs/getUpdates "HTTP/1.1 200 OK"
2026-05-13 19:54:06 | INFO     | HTTP Request: POST https://api.telegram.org/bot8223900828:AAGNG00joY9NKJRy9RnQSFq0St6kq9cZnCs/getUpdates "HTTP/1.1 200 OK"
2026-05-13 19:54:16 | INFO     | HTTP Request: POST https://api.telegram.org/bot8223900828:AAGNG00joY9NKJRy9RnQSFq0St6kq9cZnCs/getUpdates "HTTP/1.1 200 OK"
2026-05-13 19:54:27 | INFO     | HTTP Request: POST https://api.telegram.org/bot8223900828:AAGNG00joY9NKJRy9RnQSFq0St6kq9cZnCs/getUpdates "HTTP/1.1 200 OK"
2026-05-13 19:54:37 | INFO     | HTTP Request: POST https://api.telegram.org/bot8223900828:AAGNG00joY9NKJRy9RnQSFq0St6kq9cZnCs/getUpdates "HTTP/1.1 200 OK"
2026-05-13 19:54:47 | INFO     | HTTP Request: POST https://api.telegram.org/bot8223900828:AAGNG00joY9NKJRy9RnQSFq0St6kq9cZnCs/getUpdates "HTTP/1.1 200 OK"
2026-05-13 19:54:57 | INFO     | HTTP Request: POST https://api.telegram.org/bot8223900828:AAGNG00joY9NKJRy9RnQSFq0St6kq9cZnCs/getUpdates "HTTP/1.1 200 OK"
2026-05-13 19:55:07 | INFO     | HTTP Request: POST https://api.telegram.org/bot8223900828:AAGNG00joY9NKJRy9RnQSFq0St6kq9cZnCs/getUpdates "HTTP/1.1 200 OK"
2026-05-13 19:55:18 | INFO     | HTTP Request: POST https://api.telegram.org/bot8223900828:AAGNG00joY9NKJRy9RnQSFq0St6kq9cZnCs/getUpdates "HTTP/1.1 200 OK"
2026-05-13 19:55:28 | INFO     | HTTP Request: POST https://api.telegram.org/bot8223900828:AAGNG00joY9NKJRy9RnQSFq0St6kq9cZnCs/getUpdates "HTTP/1.1 200 OK"
2026-05-13 19:55:38 | INFO     | HTTP Request: POST https://api.telegram.org/bot8223900828:AAGNG00joY9NKJRy9RnQSFq0St6kq9cZnCs/getUpdates "HTTP/1.1 200 OK"
2026-05-13 19:55:48 | INFO     | HTTP Request: POST https://api.telegram.org/bot8223900828:AAGNG00joY9NKJRy9RnQSFq0St6kq9cZnCs/getUpdates "HTTP/1.1 200 OK"
2026-05-13 19:55:58 | INFO     | HTTP Request: POST https://api.telegram.org/bot8223900828:AAGNG00joY9NKJRy9RnQSFq0St6kq9cZnCs/getUpdates "HTTP/1.1 200 OK"
2026-05-13 19:56:08 | INFO     | HTTP Request: POST https://api.telegram.org/bot8223900828:AAGNG00joY9NKJRy9RnQSFq0St6kq9cZnCs/getUpdates "HTTP/1.1 200 OK"
2026-05-13 19:56:18 | INFO     | HTTP Request: POST https://api.telegram.org/bot8223900828:AAGNG00joY9NKJRy9RnQSFq0St6kq9cZnCs/getUpdates "HTTP/1.1 200 OK"
2026-05-13 19:56:28 | INFO     | HTTP Request: POST https://api.telegram.org/bot8223900828:AAGNG00joY9NKJRy9RnQSFq0St6kq9cZnCs/getUpdates "HTTP/1.1 200 OK"
2026-05-13 19:56:39 | INFO     | HTTP Request: POST https://api.telegram.org/bot8223900828:AAGNG00joY9NKJRy9RnQSFq0St6kq9cZnCs/getUpdates "HTTP/1.1 200 OK"
2026-05-13 19:56:49 | INFO     | HTTP Request: POST https://api.telegram.org/bot8223900828:AAGNG00joY9NKJRy9RnQSFq0St6kq9cZnCs/getUpdates "HTTP/1.1 200 OK"
2026-05-13 19:56:59 | INFO     | HTTP Request: POST https://api.telegram.org/bot8223900828:AAGNG00joY9NKJRy9RnQSFq0St6kq9cZnCs/getUpdates "HTTP/1.1 200 OK"
2026-05-13 19:57:09 | INFO     | HTTP Request: POST https://api.telegram.org/bot8223900828:AAGNG00joY9NKJRy9RnQSFq0St6kq9cZnCs/getUpdates "HTTP/1.1 200 OK"
2026-05-13 19:57:19 | INFO     | HTTP Request: POST https://api.telegram.org/bot8223900828:AAGNG00joY9NKJRy9RnQSFq0St6kq9cZnCs/getUpdates "HTTP/1.1 200 OK"
2026-05-13 19:57:29 | INFO     | HTTP Request: POST https://api.telegram.org/bot8223900828:AAGNG00joY9NKJRy9RnQSFq0St6kq9cZnCs/getUpdates "HTTP/1.1 200 OK"
2026-05-13 19:57:39 | INFO     | HTTP Request: POST https://api.telegram.org/bot8223900828:AAGNG00joY9NKJRy9RnQSFq0St6kq9cZnCs/getUpdates "HTTP/1.1 200 OK"
2026-05-13 19:57:50 | INFO     | HTTP Request: POST https://api.telegram.org/bot8223900828:AAGNG00joY9NKJRy9RnQSFq0St6kq9cZnCs/getUpdates "HTTP/1.1 200 OK"
2026-05-13 19:58:00 | INFO     | HTTP Request: POST https://api.telegram.org/bot8223900828:AAGNG00joY9NKJRy9RnQSFq0St6kq9cZnCs/getUpdates "HTTP/1.1 200 OK"
2026-05-13 19:58:10 | INFO     | HTTP Request: POST https://api.telegram.org/bot8223900828:AAGNG00joY9NKJRy9RnQSFq0St6kq9cZnCs/getUpdates "HTTP/1.1 200 OK"
2026-05-13 19:58:20 | INFO     | HTTP Request: POST https://api.telegram.org/bot8223900828:AAGNG00joY9NKJRy9RnQSFq0St6kq9cZnCs/getUpdates "HTTP/1.1 200 OK"
2026-05-13 19:58:30 | INFO     | HTTP Request: POST https://api.telegram.org/bot8223900828:AAGNG00joY9NKJRy9RnQSFq0St6kq9cZnCs/getUpdates "HTTP/1.1 200 OK"
2026-05-13 19:58:40 | INFO     | HTTP Request: POST https://api.telegram.org/bot8223900828:AAGNG00joY9NKJRy9RnQSFq0St6kq9cZnCs/getUpdates "HTTP/1.1 200 OK"
2026-05-13 19:58:50 | INFO     | HTTP Request: POST https://api.telegram.org/bot8223900828:AAGNG00joY9NKJRy9RnQSFq0St6kq9cZnCs/getUpdates "HTTP/1.1 200 OK"
2026-05-13 19:59:01 | INFO     | HTTP Request: POST https://api.telegram.org/bot8223900828:AAGNG00joY9NKJRy9RnQSFq0St6kq9cZnCs/getUpdates "HTTP/1.1 200 OK"
2026-05-13 19:59:11 | INFO     | HTTP Request: POST https://api.telegram.org/bot8223900828:AAGNG00joY9NKJRy9RnQSFq0St6kq9cZnCs/getUpdates "HTTP/1.1 200 OK"
2026-05-13 19:59:21 | INFO     | HTTP Request: POST https://api.telegram.org/bot8223900828:AAGNG00joY9NKJRy9RnQSFq0St6kq9cZnCs/getUpdates "HTTP/1.1 200 OK"
2026-05-13 19:59:31 | INFO     | HTTP Request: POST https://api.telegram.org/bot8223900828:AAGNG00joY9NKJRy9RnQSFq0St6kq9cZnCs/getUpdates "HTTP/1.1 200 OK"
2026-05-13 19:59:41 | INFO     | HTTP Request: POST https://api.telegram.org/bot8223900828:AAGNG00joY9NKJRy9RnQSFq0St6kq9cZnCs/getUpdates "HTTP/1.1 200 OK"
2026-05-13 19:59:51 | INFO     | HTTP Request: POST https://api.telegram.org/bot8223900828:AAGNG00joY9NKJRy9RnQSFq0St6kq9cZnCs/getUpdates "HTTP/1.1 200 OK"
2026-05-13 20:00:01 | INFO     | HTTP Request: POST https://api.telegram.org/bot8223900828:AAGNG00joY9NKJRy9RnQSFq0St6kq9cZnCs/getUpdates "HTTP/1.1 200 OK"
2026-05-13 20:00:12 | INFO     | HTTP Request: POST https://api.telegram.org/bot8223900828:AAGNG00joY9NKJRy9RnQSFq0St6kq9cZnCs/getUpdates "HTTP/1.1 200 OK"
2026-05-13 20:00:22 | INFO     | HTTP Request: POST https://api.telegram.org/bot8223900828:AAGNG00joY9NKJRy9RnQSFq0St6kq9cZnCs/getUpdates "HTTP/1.1 200 OK"
2026-05-13 20:00:32 | INFO     | HTTP Request: POST https://api.telegram.org/bot8223900828:AAGNG00joY9NKJRy9RnQSFq0St6kq9cZnCs/getUpdates "HTTP/1.1 200 OK"
2026-05-13 20:00:42 | INFO     | HTTP Request: POST https://api.telegram.org/bot8223900828:AAGNG00joY9NKJRy9RnQSFq0St6kq9cZnCs/getUpdates "HTTP/1.1 200 OK"
2026-05-13 20:00:52 | INFO     | HTTP Request: POST https://api.telegram.org/bot8223900828:AAGNG00joY9NKJRy9RnQSFq0St6kq9cZnCs/getUpdates "HTTP/1.1 200 OK"
2026-05-13 20:01:02 | INFO     | HTTP Request: POST https://api.telegram.org/bot8223900828:AAGNG00joY9NKJRy9RnQSFq0St6kq9cZnCs/getUpdates "HTTP/1.1 200 OK"
2026-05-13 20:01:12 | INFO     | HTTP Request: POST https://api.telegram.org/bot8223900828:AAGNG00joY9NKJRy9RnQSFq0St6kq9cZnCs/getUpdates "HTTP/1.1 200 OK"
2026-05-13 20:01:23 | INFO     | HTTP Request: POST https://api.telegram.org/bot8223900828:AAGNG00joY9NKJRy9RnQSFq0St6kq9cZnCs/getUpdates "HTTP/1.1 200 OK"
2026-05-13 20:01:33 | INFO     | HTTP Request: POST https://api.telegram.org/bot8223900828:AAGNG00joY9NKJRy9RnQSFq0St6kq9cZnCs/getUpdates "HTTP/1.1 200 OK"
2026-05-13 20:01:43 | INFO     | HTTP Request: POST https://api.telegram.org/bot8223900828:AAGNG00joY9NKJRy9RnQSFq0St6kq9cZnCs/getUpdates "HTTP/1.1 200 OK"
2026-05-13 20:01:53 | INFO     | HTTP Request: POST https://api.telegram.org/bot8223900828:AAGNG00joY9NKJRy9RnQSFq0St6kq9cZnCs/getUpdates "HTTP/1.1 200 OK"
2026-05-13 20:02:03 | INFO     | HTTP Request: POST https://api.telegram.org/bot8223900828:AAGNG00joY9NKJRy9RnQSFq0St6kq9cZnCs/getUpdates "HTTP/1.1 200 OK"
2026-05-13 20:02:14 | INFO     | HTTP Request: POST https://api.telegram.org/bot8223900828:AAGNG00joY9NKJRy9RnQSFq0St6kq9cZnCs/getUpdates "HTTP/1.1 200 OK"
2026-05-13 20:02:24 | INFO     | HTTP Request: POST https://api.telegram.org/bot8223900828:AAGNG00joY9NKJRy9RnQSFq0St6kq9cZnCs/getUpdates "HTTP/1.1 200 OK"
2026-05-13 20:02:34 | INFO     | HTTP Request: POST https://api.telegram.org/bot8223900828:AAGNG00joY9NKJRy9RnQSFq0St6kq9cZnCs/getUpdates "HTTP/1.1 200 OK"
2026-05-13 20:02:44 | INFO     | HTTP Request: POST https://api.telegram.org/bot8223900828:AAGNG00joY9NKJRy9RnQSFq0St6kq9cZnCs/getUpdates "HTTP/1.1 200 OK"
2026-05-13 20:02:54 | INFO     | HTTP Request: POST https://api.telegram.org/bot8223900828:AAGNG00joY9NKJRy9RnQSFq0St6kq9cZnCs/getUpdates "HTTP/1.1 200 OK"
2026-05-13 20:03:04 | INFO     | HTTP Request: POST https://api.telegram.org/bot8223900828:AAGNG00joY9NKJRy9RnQSFq0St6kq9cZnCs/getUpdates "HTTP/1.1 200 OK"
2026-05-13 20:03:14 | INFO     | HTTP Request: POST https://api.telegram.org/bot8223900828:AAGNG00joY9NKJRy9RnQSFq0St6kq9cZnCs/getUpdates "HTTP/1.1 200 OK"
2026-05-13 20:03:25 | INFO     | HTTP Request: POST https://api.telegram.org/bot8223900828:AAGNG00joY9NKJRy9RnQSFq0St6kq9cZnCs/getUpdates "HTTP/1.1 200 OK"
2026-05-13 20:03:35 | INFO     | HTTP Request: POST https://api.telegram.org/bot8223900828:AAGNG00joY9NKJRy9RnQSFq0St6kq9cZnCs/getUpdates "HTTP/1.1 200 OK"
2026-05-13 20:03:45 | INFO     | HTTP Request: POST https://api.telegram.org/bot8223900828:AAGNG00joY9NKJRy9RnQSFq0St6kq9cZnCs/getUpdates "HTTP/1.1 200 OK"
2026-05-13 20:03:55 | INFO     | HTTP Request: POST https://api.telegram.org/bot8223900828:AAGNG00joY9NKJRy9RnQSFq0St6kq9cZnCs/getUpdates "HTTP/1.1 200 OK"
2026-05-13 20:04:05 | INFO     | HTTP Request: POST https://api.telegram.org/bot8223900828:AAGNG00joY9NKJRy9RnQSFq0St6kq9cZnCs/getUpdates "HTTP/1.1 200 OK"
2026-05-13 20:04:16 | INFO     | HTTP Request: POST https://api.telegram.org/bot8223900828:AAGNG00joY9NKJRy9RnQSFq0St6kq9cZnCs/getUpdates "HTTP/1.1 200 OK"
2026-05-13 20:04:26 | INFO     | HTTP Request: POST https://api.telegram.org/bot8223900828:AAGNG00joY9NKJRy9RnQSFq0St6kq9cZnCs/getUpdates "HTTP/1.1 200 OK"
2026-05-13 20:04:36 | INFO     | HTTP Request: POST https://api.telegram.org/bot8223900828:AAGNG00joY9NKJRy9RnQSFq0St6kq9cZnCs/getUpdates "HTTP/1.1 200 OK"
2026-05-13 20:04:46 | INFO     | HTTP Request: POST https://api.telegram.org/bot8223900828:AAGNG00joY9NKJRy9RnQSFq0St6kq9cZnCs/getUpdates "HTTP/1.1 200 OK"
2026-05-13 20:04:57 | INFO     | HTTP Request: POST https://api.telegram.org/bot8223900828:AAGNG00joY9NKJRy9RnQSFq0St6kq9cZnCs/getUpdates "HTTP/1.1 200 OK"
2026-05-13 20:05:07 | INFO     | HTTP Request: POST https://api.telegram.org/bot8223900828:AAGNG00joY9NKJRy9RnQSFq0St6kq9cZnCs/getUpdates "HTTP/1.1 200 OK"
2026-05-13 20:05:17 | INFO     | HTTP Request: POST https://api.telegram.org/bot8223900828:AAGNG00joY9NKJRy9RnQSFq0St6kq9cZnCs/getUpdates "HTTP/1.1 200 OK"
2026-05-13 20:05:27 | INFO     | HTTP Request: POST https://api.telegram.org/bot8223900828:AAGNG00joY9NKJRy9RnQSFq0St6kq9cZnCs/getUpdates "HTTP/1.1 200 OK"
2026-05-13 20:05:38 | INFO     | HTTP Request: POST https://api.telegram.org/bot8223900828:AAGNG00joY9NKJRy9RnQSFq0St6kq9cZnCs/getUpdates "HTTP/1.1 200 OK"
2026-05-13 20:05:48 | INFO     | HTTP Request: POST https://api.telegram.org/bot8223900828:AAGNG00joY9NKJRy9RnQSFq0St6kq9cZnCs/getUpdates "HTTP/1.1 200 OK"
2026-05-13 20:05:58 | INFO     | HTTP Request: POST https://api.telegram.org/bot8223900828:AAGNG00joY9NKJRy9RnQSFq0St6kq9cZnCs/getUpdates "HTTP/1.1 200 OK"
2026-05-13 20:06:08 | INFO     | HTTP Request: POST https://api.telegram.org/bot8223900828:AAGNG00joY9NKJRy9RnQSFq0St6kq9cZnCs/getUpdates "HTTP/1.1 200 OK"
2026-05-13 20:06:18 | INFO     | HTTP Request: POST https://api.telegram.org/bot8223900828:AAGNG00joY9NKJRy9RnQSFq0St6kq9cZnCs/getUpdates "HTTP/1.1 200 OK"
2026-05-13 20:06:28 | INFO     | HTTP Request: POST https://api.telegram.org/bot8223900828:AAGNG00joY9NKJRy9RnQSFq0St6kq9cZnCs/getUpdates "HTTP/1.1 200 OK"
2026-05-13 20:06:38 | INFO     | HTTP Request: POST https://api.telegram.org/bot8223900828:AAGNG00joY9NKJRy9RnQSFq0St6kq9cZnCs/getUpdates "HTTP/1.1 200 OK"
2026-05-13 20:06:49 | INFO     | HTTP Request: POST https://api.telegram.org/bot8223900828:AAGNG00joY9NKJRy9RnQSFq0St6kq9cZnCs/getUpdates "HTTP/1.1 200 OK"
2026-05-13 20:06:59 | INFO     | HTTP Request: POST https://api.telegram.org/bot8223900828:AAGNG00joY9NKJRy9RnQSFq0St6kq9cZnCs/getUpdates "HTTP/1.1 200 OK"
2026-05-13 20:07:09 | INFO     | HTTP Request: POST https://api.telegram.org/bot8223900828:AAGNG00joY9NKJRy9RnQSFq0St6kq9cZnCs/getUpdates "HTTP/1.1 200 OK"
2026-05-13 20:07:19 | INFO     | HTTP Request: POST https://api.telegram.org/bot8223900828:AAGNG00joY9NKJRy9RnQSFq0St6kq9cZnCs/getUpdates "HTTP/1.1 200 OK"
2026-05-13 20:07:29 | INFO     | HTTP Request: POST https://api.telegram.org/bot8223900828:AAGNG00joY9NKJRy9RnQSFq0St6kq9cZnCs/getUpdates "HTTP/1.1 200 OK"
2026-05-13 20:07:39 | INFO     | HTTP Request: POST https://api.telegram.org/bot8223900828:AAGNG00joY9NKJRy9RnQSFq0St6kq9cZnCs/getUpdates "HTTP/1.1 200 OK"
2026-05-13 20:07:49 | INFO     | HTTP Request: POST https://api.telegram.org/bot8223900828:AAGNG00joY9NKJRy9RnQSFq0St6kq9cZnCs/getUpdates "HTTP/1.1 200 OK"
2026-05-13 20:07:59 | INFO     | HTTP Request: POST https://api.telegram.org/bot8223900828:AAGNG00joY9NKJRy9RnQSFq0St6kq9cZnCs/getUpdates "HTTP/1.1 200 OK"
2026-05-13 20:08:10 | INFO     | HTTP Request: POST https://api.telegram.org/bot8223900828:AAGNG00joY9NKJRy9RnQSFq0St6kq9cZnCs/getUpdates "HTTP/1.1 200 OK"
2026-05-13 20:08:20 | INFO     | HTTP Request: POST https://api.telegram.org/bot8223900828:AAGNG00joY9NKJRy9RnQSFq0St6kq9cZnCs/getUpdates "HTTP/1.1 200 OK"
2026-05-13 20:08:30 | INFO     | HTTP Request: POST https://api.telegram.org/bot8223900828:AAGNG00joY9NKJRy9RnQSFq0St6kq9cZnCs/getUpdates "HTTP/1.1 200 OK"
2026-05-13 20:08:40 | INFO     | HTTP Request: POST https://api.telegram.org/bot8223900828:AAGNG00joY9NKJRy9RnQSFq0St6kq9cZnCs/getUpdates "HTTP/1.1 200 OK"
2026-05-13 20:08:51 | INFO     | HTTP Request: POST https://api.telegram.org/bot8223900828:AAGNG00joY9NKJRy9RnQSFq0St6kq9cZnCs/getUpdates "HTTP/1.1 200 OK"
2026-05-13 20:09:01 | INFO     | HTTP Request: POST https://api.telegram.org/bot8223900828:AAGNG00joY9NKJRy9RnQSFq0St6kq9cZnCs/getUpdates "HTTP/1.1 200 OK"
2026-05-13 20:09:11 | INFO     | HTTP Request: POST https://api.telegram.org/bot8223900828:AAGNG00joY9NKJRy9RnQSFq0St6kq9cZnCs/getUpdates "HTTP/1.1 200 OK"
2026-05-13 20:09:21 | INFO     | HTTP Request: POST https://api.telegram.org/bot8223900828:AAGNG00joY9NKJRy9RnQSFq0St6kq9cZnCs/getUpdates "HTTP/1.1 200 OK"
2026-05-13 20:09:32 | INFO     | HTTP Request: POST https://api.telegram.org/bot8223900828:AAGNG00joY9NKJRy9RnQSFq0St6kq9cZnCs/getUpdates "HTTP/1.1 200 OK"
2026-05-13 20:09:42 | INFO     | HTTP Request: POST https://api.telegram.org/bot8223900828:AAGNG00joY9NKJRy9RnQSFq0St6kq9cZnCs/getUpdates "HTTP/1.1 200 OK"
2026-05-13 20:09:52 | INFO     | HTTP Request: POST https://api.telegram.org/bot8223900828:AAGNG00joY9NKJRy9RnQSFq0St6kq9cZnCs/getUpdates "HTTP/1.1 200 OK"
2026-05-13 20:10:02 | INFO     | HTTP Request: POST https://api.telegram.org/bot8223900828:AAGNG00joY9NKJRy9RnQSFq0St6kq9cZnCs/getUpdates "HTTP/1.1 200 OK"
2026-05-13 20:10:13 | INFO     | HTTP Request: POST https://api.telegram.org/bot8223900828:AAGNG00joY9NKJRy9RnQSFq0St6kq9cZnCs/getUpdates "HTTP/1.1 200 OK"
2026-05-13 20:10:23 | INFO     | HTTP Request: POST https://api.telegram.org/bot8223900828:AAGNG00joY9NKJRy9RnQSFq0St6kq9cZnCs/getUpdates "HTTP/1.1 200 OK"
2026-05-13 20:10:33 | INFO     | HTTP Request: POST https://api.telegram.org/bot8223900828:AAGNG00joY9NKJRy9RnQSFq0St6kq9cZnCs/getUpdates "HTTP/1.1 200 OK"
2026-05-13 20:10:43 | INFO     | HTTP Request: POST https://api.telegram.org/bot8223900828:AAGNG00joY9NKJRy9RnQSFq0St6kq9cZnCs/getUpdates "HTTP/1.1 200 OK"
2026-05-13 20:10:53 | INFO     | HTTP Request: POST https://api.telegram.org/bot8223900828:AAGNG00joY9NKJRy9RnQSFq0St6kq9cZnCs/getUpdates "HTTP/1.1 200 OK"
2026-05-13 20:11:03 | INFO     | HTTP Request: POST https://api.telegram.org/bot8223900828:AAGNG00joY9NKJRy9RnQSFq0St6kq9cZnCs/getUpdates "HTTP/1.1 200 OK"
2026-05-13 20:11:13 | INFO     | HTTP Request: POST https://api.telegram.org/bot8223900828:AAGNG00joY9NKJRy9RnQSFq0St6kq9cZnCs/getUpdates "HTTP/1.1 200 OK"
2026-05-13 20:11:24 | INFO     | HTTP Request: POST https://api.telegram.org/bot8223900828:AAGNG00joY9NKJRy9RnQSFq0St6kq9cZnCs/getUpdates "HTTP/1.1 200 OK"
2026-05-13 20:11:34 | INFO     | HTTP Request: POST https://api.telegram.org/bot8223900828:AAGNG00joY9NKJRy9RnQSFq0St6kq9cZnCs/getUpdates "HTTP/1.1 200 OK"
2026-05-13 20:11:44 | INFO     | HTTP Request: POST https://api.telegram.org/bot8223900828:AAGNG00joY9NKJRy9RnQSFq0St6kq9cZnCs/getUpdates "HTTP/1.1 200 OK"
2026-05-13 20:11:54 | INFO     | HTTP Request: POST https://api.telegram.org/bot8223900828:AAGNG00joY9NKJRy9RnQSFq0St6kq9cZnCs/getUpdates "HTTP/1.1 200 OK"
2026-05-13 20:12:04 | INFO     | HTTP Request: POST https://api.telegram.org/bot8223900828:AAGNG00joY9NKJRy9RnQSFq0St6kq9cZnCs/getUpdates "HTTP/1.1 200 OK"
2026-05-13 20:12:14 | INFO     | HTTP Request: POST https://api.telegram.org/bot8223900828:AAGNG00joY9NKJRy9RnQSFq0St6kq9cZnCs/getUpdates "HTTP/1.1 200 OK"
2026-05-13 20:12:25 | INFO     | HTTP Request: POST https://api.telegram.org/bot8223900828:AAGNG00joY9NKJRy9RnQSFq0St6kq9cZnCs/getUpdates "HTTP/1.1 200 OK"
2026-05-13 20:12:35 | INFO     | HTTP Request: POST https://api.telegram.org/bot8223900828:AAGNG00joY9NKJRy9RnQSFq0St6kq9cZnCs/getUpdates "HTTP/1.1 200 OK"
2026-05-13 20:12:45 | INFO     | HTTP Request: POST https://api.telegram.org/bot8223900828:AAGNG00joY9NKJRy9RnQSFq0St6kq9cZnCs/getUpdates "HTTP/1.1 200 OK"
2026-05-13 20:12:55 | INFO     | HTTP Request: POST https://api.telegram.org/bot8223900828:AAGNG00joY9NKJRy9RnQSFq0St6kq9cZnCs/getUpdates "HTTP/1.1 200 OK"
2026-05-13 20:13:05 | INFO     | HTTP Request: POST https://api.telegram.org/bot8223900828:AAGNG00joY9NKJRy9RnQSFq0St6kq9cZnCs/getUpdates "HTTP/1.1 200 OK"
2026-05-13 20:13:15 | INFO     | HTTP Request: POST https://api.telegram.org/bot8223900828:AAGNG00joY9NKJRy9RnQSFq0St6kq9cZnCs/getUpdates "HTTP/1.1 200 OK"
2026-05-13 20:13:25 | INFO     | HTTP Request: POST https://api.telegram.org/bot8223900828:AAGNG00joY9NKJRy9RnQSFq0St6kq9cZnCs/getUpdates "HTTP/1.1 200 OK"
2026-05-13 20:13:36 | INFO     | HTTP Request: POST https://api.telegram.org/bot8223900828:AAGNG00joY9NKJRy9RnQSFq0St6kq9cZnCs/getUpdates "HTTP/1.1 200 OK"
2026-05-13 20:13:46 | INFO     | HTTP Request: POST https://api.telegram.org/bot8223900828:AAGNG00joY9NKJRy9RnQSFq0St6kq9cZnCs/getUpdates "HTTP/1.1 200 OK"
2026-05-13 20:13:56 | INFO     | HTTP Request: POST https://api.telegram.org/bot8223900828:AAGNG00joY9NKJRy9RnQSFq0St6kq9cZnCs/getUpdates "HTTP/1.1 200 OK"
2026-05-13 20:14:06 | INFO     | HTTP Request: POST https://api.telegram.org/bot8223900828:AAGNG00joY9NKJRy9RnQSFq0St6kq9cZnCs/getUpdates "HTTP/1.1 200 OK"
2026-05-13 20:14:16 | INFO     | HTTP Request: POST https://api.telegram.org/bot8223900828:AAGNG00joY9NKJRy9RnQSFq0St6kq9cZnCs/getUpdates "HTTP/1.1 200 OK"
2026-05-13 20:14:26 | INFO     | HTTP Request: POST https://api.telegram.org/bot8223900828:AAGNG00joY9NKJRy9RnQSFq0St6kq9cZnCs/getUpdates "HTTP/1.1 200 OK"
2026-05-13 20:14:36 | INFO     | HTTP Request: POST https://api.telegram.org/bot8223900828:AAGNG00joY9NKJRy9RnQSFq0St6kq9cZnCs/getUpdates "HTTP/1.1 200 OK"
2026-05-13 20:14:47 | INFO     | HTTP Request: POST https://api.telegram.org/bot8223900828:AAGNG00joY9NKJRy9RnQSFq0St6kq9cZnCs/getUpdates "HTTP/1.1 200 OK"
2026-05-13 20:14:57 | INFO     | HTTP Request: POST https://api.telegram.org/bot8223900828:AAGNG00joY9NKJRy9RnQSFq0St6kq9cZnCs/getUpdates "HTTP/1.1 200 OK"
2026-05-13 20:15:07 | INFO     | HTTP Request: POST https://api.telegram.org/bot8223900828:AAGNG00joY9NKJRy9RnQSFq0St6kq9cZnCs/getUpdates "HTTP/1.1 200 OK"
2026-05-13 20:15:17 | INFO     | HTTP Request: POST https://api.telegram.org/bot8223900828:AAGNG00joY9NKJRy9RnQSFq0St6kq9cZnCs/getUpdates "HTTP/1.1 200 OK"
2026-05-13 20:15:27 | INFO     | HTTP Request: POST https://api.telegram.org/bot8223900828:AAGNG00joY9NKJRy9RnQSFq0St6kq9cZnCs/getUpdates "HTTP/1.1 200 OK"
2026-05-13 20:15:37 | INFO     | HTTP Request: POST https://api.telegram.org/bot8223900828:AAGNG00joY9NKJRy9RnQSFq0St6kq9cZnCs/getUpdates "HTTP/1.1 200 OK"
2026-05-13 20:15:48 | INFO     | HTTP Request: POST https://api.telegram.org/bot8223900828:AAGNG00joY9NKJRy9RnQSFq0St6kq9cZnCs/getUpdates "HTTP/1.1 200 OK"
2026-05-13 20:15:58 | INFO     | HTTP Request: POST https://api.telegram.org/bot8223900828:AAGNG00joY9NKJRy9RnQSFq0St6kq9cZnCs/getUpdates "HTTP/1.1 200 OK"
2026-05-13 20:16:08 | INFO     | HTTP Request: POST https://api.telegram.org/bot8223900828:AAGNG00joY9NKJRy9RnQSFq0St6kq9cZnCs/getUpdates "HTTP/1.1 200 OK"
2026-05-13 20:16:18 | INFO     | HTTP Request: POST https://api.telegram.org/bot8223900828:AAGNG00joY9NKJRy9RnQSFq0St6kq9cZnCs/getUpdates "HTTP/1.1 200 OK"
2026-05-13 20:16:28 | INFO     | HTTP Request: POST https://api.telegram.org/bot8223900828:AAGNG00joY9NKJRy9RnQSFq0St6kq9cZnCs/getUpdates "HTTP/1.1 200 OK"
2026-05-13 20:16:38 | INFO     | HTTP Request: POST https://api.telegram.org/bot8223900828:AAGNG00joY9NKJRy9RnQSFq0St6kq9cZnCs/getUpdates "HTTP/1.1 200 OK"
2026-05-13 20:16:48 | INFO     | HTTP Request: POST https://api.telegram.org/bot8223900828:AAGNG00joY9NKJRy9RnQSFq0St6kq9cZnCs/getUpdates "HTTP/1.1 200 OK"
2026-05-13 20:16:59 | INFO     | HTTP Request: POST https://api.telegram.org/bot8223900828:AAGNG00joY9NKJRy9RnQSFq0St6kq9cZnCs/getUpdates "HTTP/1.1 200 OK"
2026-05-13 20:17:09 | INFO     | HTTP Request: POST https://api.telegram.org/bot8223900828:AAGNG00joY9NKJRy9RnQSFq0St6kq9cZnCs/getUpdates "HTTP/1.1 200 OK"
2026-05-13 20:17:19 | INFO     | HTTP Request: POST https://api.telegram.org/bot8223900828:AAGNG00joY9NKJRy9RnQSFq0St6kq9cZnCs/getUpdates "HTTP/1.1 200 OK"
2026-05-13 20:17:29 | INFO     | HTTP Request: POST https://api.telegram.org/bot8223900828:AAGNG00joY9NKJRy9RnQSFq0St6kq9cZnCs/getUpdates "HTTP/1.1 200 OK"
2026-05-13 20:17:39 | INFO     | HTTP Request: POST https://api.telegram.org/bot8223900828:AAGNG00joY9NKJRy9RnQSFq0St6kq9cZnCs/getUpdates "HTTP/1.1 200 OK"
2026-05-13 20:17:49 | INFO     | HTTP Request: POST https://api.telegram.org/bot8223900828:AAGNG00joY9NKJRy9RnQSFq0St6kq9cZnCs/getUpdates "HTTP/1.1 200 OK"
2026-05-13 20:17:59 | INFO     | HTTP Request: POST https://api.telegram.org/bot8223900828:AAGNG00joY9NKJRy9RnQSFq0St6kq9cZnCs/getUpdates "HTTP/1.1 200 OK"
2026-05-13 20:18:10 | INFO     | HTTP Request: POST https://api.telegram.org/bot8223900828:AAGNG00joY9NKJRy9RnQSFq0St6kq9cZnCs/getUpdates "HTTP/1.1 200 OK"
2026-05-13 20:18:20 | INFO     | HTTP Request: POST https://api.telegram.org/bot8223900828:AAGNG00joY9NKJRy9RnQSFq0St6kq9cZnCs/getUpdates "HTTP/1.1 200 OK"
2026-05-13 20:18:30 | INFO     | HTTP Request: POST https://api.telegram.org/bot8223900828:AAGNG00joY9NKJRy9RnQSFq0St6kq9cZnCs/getUpdates "HTTP/1.1 200 OK"
2026-05-13 20:18:40 | INFO     | HTTP Request: POST https://api.telegram.org/bot8223900828:AAGNG00joY9NKJRy9RnQSFq0St6kq9cZnCs/getUpdates "HTTP/1.1 200 OK"
2026-05-13 20:18:50 | INFO     | HTTP Request: POST https://api.telegram.org/bot8223900828:AAGNG00joY9NKJRy9RnQSFq0St6kq9cZnCs/getUpdates "HTTP/1.1 200 OK"
2026-05-13 20:19:00 | INFO     | HTTP Request: POST https://api.telegram.org/bot8223900828:AAGNG00joY9NKJRy9RnQSFq0St6kq9cZnCs/getUpdates "HTTP/1.1 200 OK"
2026-05-13 20:19:10 | INFO     | HTTP Request: POST https://api.telegram.org/bot8223900828:AAGNG00joY9NKJRy9RnQSFq0St6kq9cZnCs/getUpdates "HTTP/1.1 200 OK"
2026-05-13 20:19:21 | INFO     | HTTP Request: POST https://api.telegram.org/bot8223900828:AAGNG00joY9NKJRy9RnQSFq0St6kq9cZnCs/getUpdates "HTTP/1.1 200 OK"
2026-05-13 20:19:31 | INFO     | HTTP Request: POST https://api.telegram.org/bot8223900828:AAGNG00joY9NKJRy9RnQSFq0St6kq9cZnCs/getUpdates "HTTP/1.1 200 OK"
2026-05-13 20:19:41 | INFO     | HTTP Request: POST https://api.telegram.org/bot8223900828:AAGNG00joY9NKJRy9RnQSFq0St6kq9cZnCs/getUpdates "HTTP/1.1 200 OK"
2026-05-13 20:19:51 | INFO     | HTTP Request: POST https://api.telegram.org/bot8223900828:AAGNG00joY9NKJRy9RnQSFq0St6kq9cZnCs/getUpdates "HTTP/1.1 200 OK"
2026-05-13 20:20:01 | INFO     | HTTP Request: POST https://api.telegram.org/bot8223900828:AAGNG00joY9NKJRy9RnQSFq0St6kq9cZnCs/getUpdates "HTTP/1.1 200 OK"
2026-05-13 20:20:11 | INFO     | HTTP Request: POST https://api.telegram.org/bot8223900828:AAGNG00joY9NKJRy9RnQSFq0St6kq9cZnCs/getUpdates "HTTP/1.1 200 OK"
2026-05-13 20:20:21 | INFO     | HTTP Request: POST https://api.telegram.org/bot8223900828:AAGNG00joY9NKJRy9RnQSFq0St6kq9cZnCs/getUpdates "HTTP/1.1 200 OK"
2026-05-13 20:20:32 | INFO     | HTTP Request: POST https://api.telegram.org/bot8223900828:AAGNG00joY9NKJRy9RnQSFq0St6kq9cZnCs/getUpdates "HTTP/1.1 200 OK"
2026-05-13 20:20:42 | INFO     | HTTP Request: POST https://api.telegram.org/bot8223900828:AAGNG00joY9NKJRy9RnQSFq0St6kq9cZnCs/getUpdates "HTTP/1.1 200 OK"
2026-05-13 20:20:52 | INFO     | HTTP Request: POST https://api.telegram.org/bot8223900828:AAGNG00joY9NKJRy9RnQSFq0St6kq9cZnCs/getUpdates "HTTP/1.1 200 OK"
2026-05-13 20:21:02 | INFO     | HTTP Request: POST https://api.telegram.org/bot8223900828:AAGNG00joY9NKJRy9RnQSFq0St6kq9cZnCs/getUpdates "HTTP/1.1 200 OK"
2026-05-13 20:21:12 | INFO     | HTTP Request: POST https://api.telegram.org/bot8223900828:AAGNG00joY9NKJRy9RnQSFq0St6kq9cZnCs/getUpdates "HTTP/1.1 200 OK"
2026-05-13 20:21:22 | INFO     | HTTP Request: POST https://api.telegram.org/bot8223900828:AAGNG00joY9NKJRy9RnQSFq0St6kq9cZnCs/getUpdates "HTTP/1.1 200 OK"
2026-05-13 20:21:32 | INFO     | HTTP Request: POST https://api.telegram.org/bot8223900828:AAGNG00joY9NKJRy9RnQSFq0St6kq9cZnCs/getUpdates "HTTP/1.1 200 OK"
2026-05-13 20:21:42 | INFO     | HTTP Request: POST https://api.telegram.org/bot8223900828:AAGNG00joY9NKJRy9RnQSFq0St6kq9cZnCs/getUpdates "HTTP/1.1 200 OK"
2026-05-13 20:21:53 | INFO     | HTTP Request: POST https://api.telegram.org/bot8223900828:AAGNG00joY9NKJRy9RnQSFq0St6kq9cZnCs/getUpdates "HTTP/1.1 200 OK"
2026-05-13 20:22:03 | INFO     | HTTP Request: POST https://api.telegram.org/bot8223900828:AAGNG00joY9NKJRy9RnQSFq0St6kq9cZnCs/getUpdates "HTTP/1.1 200 OK"
2026-05-13 20:22:13 | INFO     | HTTP Request: POST https://api.telegram.org/bot8223900828:AAGNG00joY9NKJRy9RnQSFq0St6kq9cZnCs/getUpdates "HTTP/1.1 200 OK"
2026-05-13 20:22:23 | INFO     | HTTP Request: POST https://api.telegram.org/bot8223900828:AAGNG00joY9NKJRy9RnQSFq0St6kq9cZnCs/getUpdates "HTTP/1.1 200 OK"
2026-05-13 20:22:33 | INFO     | HTTP Request: POST https://api.telegram.org/bot8223900828:AAGNG00joY9NKJRy9RnQSFq0St6kq9cZnCs/getUpdates "HTTP/1.1 200 OK"
2026-05-13 20:22:43 | INFO     | HTTP Request: POST https://api.telegram.org/bot8223900828:AAGNG00joY9NKJRy9RnQSFq0St6kq9cZnCs/getUpdates "HTTP/1.1 200 OK"
2026-05-13 20:22:54 | INFO     | HTTP Request: POST https://api.telegram.org/bot8223900828:AAGNG00joY9NKJRy9RnQSFq0St6kq9cZnCs/getUpdates "HTTP/1.1 200 OK"
2026-05-13 20:23:04 | INFO     | HTTP Request: POST https://api.telegram.org/bot8223900828:AAGNG00joY9NKJRy9RnQSFq0St6kq9cZnCs/getUpdates "HTTP/1.1 200 OK"
2026-05-13 20:23:14 | INFO     | HTTP Request: POST https://api.telegram.org/bot8223900828:AAGNG00joY9NKJRy9RnQSFq0St6kq9cZnCs/getUpdates "HTTP/1.1 200 OK"
2026-05-13 20:23:24 | INFO     | HTTP Request: POST https://api.telegram.org/bot8223900828:AAGNG00joY9NKJRy9RnQSFq0St6kq9cZnCs/getUpdates "HTTP/1.1 200 OK"
2026-05-13 20:23:34 | INFO     | HTTP Request: POST https://api.telegram.org/bot8223900828:AAGNG00joY9NKJRy9RnQSFq0St6kq9cZnCs/getUpdates "HTTP/1.1 200 OK"
2026-05-13 20:23:44 | INFO     | HTTP Request: POST https://api.telegram.org/bot8223900828:AAGNG00joY9NKJRy9RnQSFq0St6kq9cZnCs/getUpdates "HTTP/1.1 200 OK"
2026-05-13 20:23:54 | INFO     | HTTP Request: POST https://api.telegram.org/bot8223900828:AAGNG00joY9NKJRy9RnQSFq0St6kq9cZnCs/getUpdates "HTTP/1.1 200 OK"
2026-05-13 20:24:05 | INFO     | HTTP Request: POST https://api.telegram.org/bot8223900828:AAGNG00joY9NKJRy9RnQSFq0St6kq9cZnCs/getUpdates "HTTP/1.1 200 OK"
2026-05-13 20:24:15 | INFO     | HTTP Request: POST https://api.telegram.org/bot8223900828:AAGNG00joY9NKJRy9RnQSFq0St6kq9cZnCs/getUpdates "HTTP/1.1 200 OK"
2026-05-13 20:24:25 | INFO     | HTTP Request: POST https://api.telegram.org/bot8223900828:AAGNG00joY9NKJRy9RnQSFq0St6kq9cZnCs/getUpdates "HTTP/1.1 200 OK"
2026-05-13 20:24:35 | INFO     | HTTP Request: POST https://api.telegram.org/bot8223900828:AAGNG00joY9NKJRy9RnQSFq0St6kq9cZnCs/getUpdates "HTTP/1.1 200 OK"
2026-05-13 20:24:45 | INFO     | HTTP Request: POST https://api.telegram.org/bot8223900828:AAGNG00joY9NKJRy9RnQSFq0St6kq9cZnCs/getUpdates "HTTP/1.1 200 OK"
2026-05-13 20:24:55 | INFO     | HTTP Request: POST https://api.telegram.org/bot8223900828:AAGNG00joY9NKJRy9RnQSFq0St6kq9cZnCs/getUpdates "HTTP/1.1 200 OK"
2026-05-13 20:25:05 | INFO     | HTTP Request: POST https://api.telegram.org/bot8223900828:AAGNG00joY9NKJRy9RnQSFq0St6kq9cZnCs/getUpdates "HTTP/1.1 200 OK"
2026-05-13 20:25:15 | INFO     | HTTP Request: POST https://api.telegram.org/bot8223900828:AAGNG00joY9NKJRy9RnQSFq0St6kq9cZnCs/getUpdates "HTTP/1.1 200 OK"
2026-05-13 20:25:26 | INFO     | HTTP Request: POST https://api.telegram.org/bot8223900828:AAGNG00joY9NKJRy9RnQSFq0St6kq9cZnCs/getUpdates "HTTP/1.1 200 OK"
2026-05-13 20:25:36 | INFO     | HTTP Request: POST https://api.telegram.org/bot8223900828:AAGNG00joY9NKJRy9RnQSFq0St6kq9cZnCs/getUpdates "HTTP/1.1 200 OK"
2026-05-13 20:25:46 | INFO     | HTTP Request: POST https://api.telegram.org/bot8223900828:AAGNG00joY9NKJRy9RnQSFq0St6kq9cZnCs/getUpdates "HTTP/1.1 200 OK"
2026-05-13 20:25:56 | INFO     | HTTP Request: POST https://api.telegram.org/bot8223900828:AAGNG00joY9NKJRy9RnQSFq0St6kq9cZnCs/getUpdates "HTTP/1.1 200 OK"
2026-05-13 20:26:06 | INFO     | HTTP Request: POST https://api.telegram.org/bot8223900828:AAGNG00joY9NKJRy9RnQSFq0St6kq9cZnCs/getUpdates "HTTP/1.1 200 OK"
2026-05-13 20:26:16 | INFO     | HTTP Request: POST https://api.telegram.org/bot8223900828:AAGNG00joY9NKJRy9RnQSFq0St6kq9cZnCs/getUpdates "HTTP/1.1 200 OK"
2026-05-13 20:26:26 | INFO     | HTTP Request: POST https://api.telegram.org/bot8223900828:AAGNG00joY9NKJRy9RnQSFq0St6kq9cZnCs/getUpdates "HTTP/1.1 200 OK"
2026-05-13 20:26:37 | INFO     | HTTP Request: POST https://api.telegram.org/bot8223900828:AAGNG00joY9NKJRy9RnQSFq0St6kq9cZnCs/getUpdates "HTTP/1.1 200 OK"
2026-05-13 20:26:47 | INFO     | HTTP Request: POST https://api.telegram.org/bot8223900828:AAGNG00joY9NKJRy9RnQSFq0St6kq9cZnCs/getUpdates "HTTP/1.1 200 OK"
2026-05-13 20:26:57 | INFO     | HTTP Request: POST https://api.telegram.org/bot8223900828:AAGNG00joY9NKJRy9RnQSFq0St6kq9cZnCs/getUpdates "HTTP/1.1 200 OK"
2026-05-13 20:27:07 | INFO     | HTTP Request: POST https://api.telegram.org/bot8223900828:AAGNG00joY9NKJRy9RnQSFq0St6kq9cZnCs/getUpdates "HTTP/1.1 200 OK"
2026-05-13 20:27:18 | INFO     | HTTP Request: POST https://api.telegram.org/bot8223900828:AAGNG00joY9NKJRy9RnQSFq0St6kq9cZnCs/getUpdates "HTTP/1.1 200 OK"
2026-05-13 20:27:28 | INFO     | HTTP Request: POST https://api.telegram.org/bot8223900828:AAGNG00joY9NKJRy9RnQSFq0St6kq9cZnCs/getUpdates "HTTP/1.1 200 OK"
2026-05-13 20:27:38 | INFO     | HTTP Request: POST https://api.telegram.org/bot8223900828:AAGNG00joY9NKJRy9RnQSFq0St6kq9cZnCs/getUpdates "HTTP/1.1 200 OK"
2026-05-13 20:27:48 | INFO     | HTTP Request: POST https://api.telegram.org/bot8223900828:AAGNG00joY9NKJRy9RnQSFq0St6kq9cZnCs/getUpdates "HTTP/1.1 200 OK"
2026-05-13 20:27:58 | INFO     | HTTP Request: POST https://api.telegram.org/bot8223900828:AAGNG00joY9NKJRy9RnQSFq0St6kq9cZnCs/getUpdates "HTTP/1.1 200 OK"
2026-05-13 20:28:08 | INFO     | HTTP Request: POST https://api.telegram.org/bot8223900828:AAGNG00joY9NKJRy9RnQSFq0St6kq9cZnCs/getUpdates "HTTP/1.1 200 OK"
2026-05-13 20:28:18 | INFO     | HTTP Request: POST https://api.telegram.org/bot8223900828:AAGNG00joY9NKJRy9RnQSFq0St6kq9cZnCs/getUpdates "HTTP/1.1 200 OK"
2026-05-13 20:28:29 | INFO     | HTTP Request: POST https://api.telegram.org/bot8223900828:AAGNG00joY9NKJRy9RnQSFq0St6kq9cZnCs/getUpdates "HTTP/1.1 200 OK"
2026-05-13 20:28:39 | INFO     | HTTP Request: POST https://api.telegram.org/bot8223900828:AAGNG00joY9NKJRy9RnQSFq0St6kq9cZnCs/getUpdates "HTTP/1.1 200 OK"
2026-05-13 20:28:49 | INFO     | HTTP Request: POST https://api.telegram.org/bot8223900828:AAGNG00joY9NKJRy9RnQSFq0St6kq9cZnCs/getUpdates "HTTP/1.1 200 OK"
2026-05-13 20:28:59 | INFO     | HTTP Request: POST https://api.telegram.org/bot8223900828:AAGNG00joY9NKJRy9RnQSFq0St6kq9cZnCs/getUpdates "HTTP/1.1 200 OK"
2026-05-13 20:29:09 | INFO     | HTTP Request: POST https://api.telegram.org/bot8223900828:AAGNG00joY9NKJRy9RnQSFq0St6kq9cZnCs/getUpdates "HTTP/1.1 200 OK"
2026-05-13 20:29:19 | INFO     | HTTP Request: POST https://api.telegram.org/bot8223900828:AAGNG00joY9NKJRy9RnQSFq0St6kq9cZnCs/getUpdates "HTTP/1.1 200 OK"
2026-05-13 20:29:29 | INFO     | HTTP Request: POST https://api.telegram.org/bot8223900828:AAGNG00joY9NKJRy9RnQSFq0St6kq9cZnCs/getUpdates "HTTP/1.1 200 OK"
2026-05-13 20:29:40 | INFO     | HTTP Request: POST https://api.telegram.org/bot8223900828:AAGNG00joY9NKJRy9RnQSFq0St6kq9cZnCs/getUpdates "HTTP/1.1 200 OK"
2026-05-13 20:29:50 | INFO     | HTTP Request: POST https://api.telegram.org/bot8223900828:AAGNG00joY9NKJRy9RnQSFq0St6kq9cZnCs/getUpdates "HTTP/1.1 200 OK"
2026-05-13 20:30:00 | INFO     | HTTP Request: POST https://api.telegram.org/bot8223900828:AAGNG00joY9NKJRy9RnQSFq0St6kq9cZnCs/getUpdates "HTTP/1.1 200 OK"
2026-05-13 20:30:10 | INFO     | HTTP Request: POST https://api.telegram.org/bot8223900828:AAGNG00joY9NKJRy9RnQSFq0St6kq9cZnCs/getUpdates "HTTP/1.1 200 OK"
2026-05-13 20:30:20 | INFO     | HTTP Request: POST https://api.telegram.org/bot8223900828:AAGNG00joY9NKJRy9RnQSFq0St6kq9cZnCs/getUpdates "HTTP/1.1 200 OK"
2026-05-13 20:30:30 | INFO     | HTTP Request: POST https://api.telegram.org/bot8223900828:AAGNG00joY9NKJRy9RnQSFq0St6kq9cZnCs/getUpdates "HTTP/1.1 200 OK"
2026-05-13 20:30:40 | INFO     | HTTP Request: POST https://api.telegram.org/bot8223900828:AAGNG00joY9NKJRy9RnQSFq0St6kq9cZnCs/getUpdates "HTTP/1.1 200 OK"
2026-05-13 20:30:51 | INFO     | HTTP Request: POST https://api.telegram.org/bot8223900828:AAGNG00joY9NKJRy9RnQSFq0St6kq9cZnCs/getUpdates "HTTP/1.1 200 OK"
2026-05-13 20:31:01 | INFO     | HTTP Request: POST https://api.telegram.org/bot8223900828:AAGNG00joY9NKJRy9RnQSFq0St6kq9cZnCs/getUpdates "HTTP/1.1 200 OK"
2026-05-13 20:31:11 | INFO     | HTTP Request: POST https://api.telegram.org/bot8223900828:AAGNG00joY9NKJRy9RnQSFq0St6kq9cZnCs/getUpdates "HTTP/1.1 200 OK"
2026-05-13 20:31:16 | INFO     | HTTP Request: POST https://api.telegram.org/bot8223900828:AAGNG00joY9NKJRy9RnQSFq0St6kq9cZnCs/getUpdates "HTTP/1.1 200 OK"
2026-05-13 20:31:16 | INFO     | Application is stopping. This might take a moment.
2026-05-13 20:31:16 | INFO     | Application.stop() complete
2026-05-18 23:10:01 | INFO     | DonishAI v7.1 started | model=qwen2.5:3b
2026-05-18 23:10:01 | INFO     | HTTP Request: POST https://api.telegram.org/bot8223900828:AAGNG00joY9NKJRy9RnQSFq0St6kq9cZnCs/getMe "HTTP/1.1 200 OK"
2026-05-18 23:10:01 | INFO     | HTTP Request: POST https://api.telegram.org/bot8223900828:AAGNG00joY9NKJRy9RnQSFq0St6kq9cZnCs/deleteWebhook "HTTP/1.1 200 OK"
2026-05-18 23:10:01 | INFO     | Application started
2026-05-18 23:10:12 | INFO     | HTTP Request: POST https://api.telegram.org/bot8223900828:AAGNG00joY9NKJRy9RnQSFq0St6kq9cZnCs/getUpdates "HTTP/1.1 200 OK"
2026-05-18 23:10:13 | INFO     | HTTP Request: POST https://api.telegram.org/bot8223900828:AAGNG00joY9NKJRy9RnQSFq0St6kq9cZnCs/getUpdates "HTTP/1.1 200 OK"
2026-05-18 23:10:13 | INFO     | START | user=2057476178 | lang=ru
2026-05-18 23:10:13 | INFO     | HTTP Request: POST https://api.telegram.org/bot8223900828:AAGNG00joY9NKJRy9RnQSFq0St6kq9cZnCs/sendMessage "HTTP/1.1 200 OK"
2026-05-18 23:10:20 | INFO     | HTTP Request: POST https://api.telegram.org/bot8223900828:AAGNG00joY9NKJRy9RnQSFq0St6kq9cZnCs/getUpdates "HTTP/1.1 200 OK"
2026-05-18 23:10:20 | INFO     | HTTP Request: POST https://api.telegram.org/bot8223900828:AAGNG00joY9NKJRy9RnQSFq0St6kq9cZnCs/sendChatAction "HTTP/1.1 200 OK"
2026-05-18 23:10:23 | WARNING  | ConnectError | model=qwen2.5:3b
2026-05-18 23:10:26 | WARNING  | ConnectError | model=qwen2.5:1.5b
2026-05-18 23:10:26 | INFO     | MSG | user=2057476178 | model=None | lang=ru | len=14 | 0s
2026-05-18 23:10:26 | INFO     | HTTP Request: POST https://api.telegram.org/bot8223900828:AAGNG00joY9NKJRy9RnQSFq0St6kq9cZnCs/sendMessage "HTTP/1.1 200 OK"
2026-05-18 23:10:30 | INFO     | HTTP Request: POST https://api.telegram.org/bot8223900828:AAGNG00joY9NKJRy9RnQSFq0St6kq9cZnCs/getUpdates "HTTP/1.1 200 OK"
2026-05-18 23:10:40 | INFO     | HTTP Request: POST https://api.telegram.org/bot8223900828:AAGNG00joY9NKJRy9RnQSFq0St6kq9cZnCs/getUpdates "HTTP/1.1 200 OK"
2026-05-18 23:10:49 | INFO     | HTTP Request: POST https://api.telegram.org/bot8223900828:AAGNG00joY9NKJRy9RnQSFq0St6kq9cZnCs/getUpdates "HTTP/1.1 200 OK"
2026-05-18 23:10:50 | INFO     | HTTP Request: POST https://api.telegram.org/bot8223900828:AAGNG00joY9NKJRy9RnQSFq0St6kq9cZnCs/sendChatAction "HTTP/1.1 200 OK"
2026-05-18 23:10:59 | INFO     | HTTP Request: POST https://api.telegram.org/bot8223900828:AAGNG00joY9NKJRy9RnQSFq0St6kq9cZnCs/getUpdates "HTTP/1.1 200 OK"
2026-05-18 23:11:02 | INFO     | HTTP Request: POST http://localhost:11434/api/chat "HTTP/1.1 200 OK"
2026-05-18 23:11:02 | INFO     | OK | model=qwen2.5:3b | lang=ru | 12.3s | attempt=1
2026-05-18 23:11:02 | INFO     | MSG | user=2057476178 | model=qwen2.5:3b | lang=ru | len=3 | 12.3s
2026-05-18 23:11:02 | INFO     | HTTP Request: POST https://api.telegram.org/bot8223900828:AAGNG00joY9NKJRy9RnQSFq0St6kq9cZnCs/sendMessage "HTTP/1.1 200 OK"
2026-05-18 23:11:09 | INFO     | HTTP Request: POST https://api.telegram.org/bot8223900828:AAGNG00joY9NKJRy9RnQSFq0St6kq9cZnCs/getUpdates "HTTP/1.1 200 OK"
2026-05-18 23:11:20 | INFO     | HTTP Request: POST https://api.telegram.org/bot8223900828:AAGNG00joY9NKJRy9RnQSFq0St6kq9cZnCs/getUpdates "HTTP/1.1 200 OK"
2026-05-18 23:11:30 | INFO     | HTTP Request: POST https://api.telegram.org/bot8223900828:AAGNG00joY9NKJRy9RnQSFq0St6kq9cZnCs/getUpdates "HTTP/1.1 200 OK"
2026-05-18 23:11:39 | INFO     | HTTP Request: POST https://api.telegram.org/bot8223900828:AAGNG00joY9NKJRy9RnQSFq0St6kq9cZnCs/getUpdates "HTTP/1.1 200 OK"
2026-05-18 23:11:39 | INFO     | HTTP Request: POST https://api.telegram.org/bot8223900828:AAGNG00joY9NKJRy9RnQSFq0St6kq9cZnCs/sendChatAction "HTTP/1.1 200 OK"
2026-05-18 23:11:42 | INFO     | HTTP Request: POST http://localhost:11434/api/chat "HTTP/1.1 200 OK"
2026-05-18 23:11:42 | INFO     | OK | model=qwen2.5:3b | lang=ru | 2.9s | attempt=1
2026-05-18 23:11:42 | INFO     | MSG | user=2057476178 | model=qwen2.5:3b | lang=ru | len=67 | 2.9s
2026-05-18 23:11:42 | INFO     | HTTP Request: POST https://api.telegram.org/bot8223900828:AAGNG00joY9NKJRy9RnQSFq0St6kq9cZnCs/sendMessage "HTTP/1.1 200 OK"
2026-05-18 23:11:49 | INFO     | HTTP Request: POST https://api.telegram.org/bot8223900828:AAGNG00joY9NKJRy9RnQSFq0St6kq9cZnCs/getUpdates "HTTP/1.1 200 OK"
2026-05-18 23:11:59 | INFO     | HTTP Request: POST https://api.telegram.org/bot8223900828:AAGNG00joY9NKJRy9RnQSFq0St6kq9cZnCs/getUpdates "HTTP/1.1 200 OK"
2026-05-18 23:12:09 | INFO     | HTTP Request: POST https://api.telegram.org/bot8223900828:AAGNG00joY9NKJRy9RnQSFq0St6kq9cZnCs/getUpdates "HTTP/1.1 200 OK"
2026-05-18 23:12:19 | INFO     | HTTP Request: POST https://api.telegram.org/bot8223900828:AAGNG00joY9NKJRy9RnQSFq0St6kq9cZnCs/getUpdates "HTTP/1.1 200 OK"
2026-05-18 23:12:26 | INFO     | HTTP Request: POST https://api.telegram.org/bot8223900828:AAGNG00joY9NKJRy9RnQSFq0St6kq9cZnCs/getUpdates "HTTP/1.1 200 OK"
2026-05-18 23:12:27 | INFO     | HTTP Request: POST https://api.telegram.org/bot8223900828:AAGNG00joY9NKJRy9RnQSFq0St6kq9cZnCs/sendChatAction "HTTP/1.1 200 OK"
2026-05-18 23:12:32 | INFO     | HTTP Request: POST http://localhost:11434/api/chat "HTTP/1.1 200 OK"
2026-05-18 23:12:32 | INFO     | OK | model=qwen2.5:3b | lang=ru | 5.1s | attempt=1
2026-05-18 23:12:32 | INFO     | MSG | user=2057476178 | model=qwen2.5:3b | lang=ru | len=175 | 5.1s
2026-05-18 23:12:33 | INFO     | HTTP Request: POST https://api.telegram.org/bot8223900828:AAGNG00joY9NKJRy9RnQSFq0St6kq9cZnCs/sendMessage "HTTP/1.1 200 OK"
2026-05-18 23:12:36 | INFO     | HTTP Request: POST https://api.telegram.org/bot8223900828:AAGNG00joY9NKJRy9RnQSFq0St6kq9cZnCs/getUpdates "HTTP/1.1 200 OK"
2026-05-18 23:12:47 | INFO     | HTTP Request: POST https://api.telegram.org/bot8223900828:AAGNG00joY9NKJRy9RnQSFq0St6kq9cZnCs/getUpdates "HTTP/1.1 200 OK"
2026-05-18 23:12:53 | INFO     | HTTP Request: POST https://api.telegram.org/bot8223900828:AAGNG00joY9NKJRy9RnQSFq0St6kq9cZnCs/getUpdates "HTTP/1.1 200 OK"
2026-05-18 23:12:53 | INFO     | HTTP Request: POST https://api.telegram.org/bot8223900828:AAGNG00joY9NKJRy9RnQSFq0St6kq9cZnCs/sendChatAction "HTTP/1.1 200 OK"
2026-05-18 23:12:58 | INFO     | HTTP Request: POST http://localhost:11434/api/chat "HTTP/1.1 200 OK"
2026-05-18 23:12:58 | INFO     | OK | model=qwen2.5:3b | lang=ru | 5.2s | attempt=1
2026-05-18 23:12:58 | INFO     | MSG | user=2057476178 | model=qwen2.5:3b | lang=ru | len=792 | 5.2s
2026-05-18 23:12:59 | INFO     | HTTP Request: POST https://api.telegram.org/bot8223900828:AAGNG00joY9NKJRy9RnQSFq0St6kq9cZnCs/sendMessage "HTTP/1.1 200 OK"
2026-05-18 23:13:03 | INFO     | HTTP Request: POST https://api.telegram.org/bot8223900828:AAGNG00joY9NKJRy9RnQSFq0St6kq9cZnCs/getUpdates "HTTP/1.1 200 OK"
2026-05-18 23:13:13 | INFO     | HTTP Request: POST https://api.telegram.org/bot8223900828:AAGNG00joY9NKJRy9RnQSFq0St6kq9cZnCs/getUpdates "HTTP/1.1 200 OK"
2026-05-18 23:13:23 | INFO     | HTTP Request: POST https://api.telegram.org/bot8223900828:AAGNG00joY9NKJRy9RnQSFq0St6kq9cZnCs/getUpdates "HTTP/1.1 200 OK"
2026-05-18 23:13:33 | INFO     | HTTP Request: POST https://api.telegram.org/bot8223900828:AAGNG00joY9NKJRy9RnQSFq0St6kq9cZnCs/getUpdates "HTTP/1.1 200 OK"
2026-05-18 23:13:43 | INFO     | HTTP Request: POST https://api.telegram.org/bot8223900828:AAGNG00joY9NKJRy9RnQSFq0St6kq9cZnCs/getUpdates "HTTP/1.1 200 OK"
2026-05-18 23:13:54 | INFO     | HTTP Request: POST https://api.telegram.org/bot8223900828:AAGNG00joY9NKJRy9RnQSFq0St6kq9cZnCs/getUpdates "HTTP/1.1 200 OK"
2026-05-18 23:14:04 | INFO     | HTTP Request: POST https://api.telegram.org/bot8223900828:AAGNG00joY9NKJRy9RnQSFq0St6kq9cZnCs/getUpdates "HTTP/1.1 200 OK"
2026-05-18 23:14:14 | INFO     | HTTP Request: POST https://api.telegram.org/bot8223900828:AAGNG00joY9NKJRy9RnQSFq0St6kq9cZnCs/getUpdates "HTTP/1.1 200 OK"
2026-05-18 23:14:21 | INFO     | HTTP Request: POST https://api.telegram.org/bot8223900828:AAGNG00joY9NKJRy9RnQSFq0St6kq9cZnCs/getUpdates "HTTP/1.1 200 OK"
2026-05-18 23:14:21 | INFO     | HTTP Request: POST https://api.telegram.org/bot8223900828:AAGNG00joY9NKJRy9RnQSFq0St6kq9cZnCs/sendChatAction "HTTP/1.1 200 OK"
2026-05-18 23:14:30 | INFO     | HTTP Request: POST http://localhost:11434/api/chat "HTTP/1.1 200 OK"
2026-05-18 23:14:30 | INFO     | OK | model=qwen2.5:3b | lang=ru | 9.2s | attempt=1
2026-05-18 23:14:30 | INFO     | MSG | user=2057476178 | model=qwen2.5:3b | lang=ru | len=646 | 9.2s
2026-05-18 23:14:31 | INFO     | HTTP Request: POST https://api.telegram.org/bot8223900828:AAGNG00joY9NKJRy9RnQSFq0St6kq9cZnCs/sendMessage "HTTP/1.1 200 OK"
2026-05-18 23:14:31 | INFO     | HTTP Request: POST https://api.telegram.org/bot8223900828:AAGNG00joY9NKJRy9RnQSFq0St6kq9cZnCs/getUpdates "HTTP/1.1 200 OK"
2026-05-18 23:14:41 | INFO     | HTTP Request: POST https://api.telegram.org/bot8223900828:AAGNG00joY9NKJRy9RnQSFq0St6kq9cZnCs/getUpdates "HTTP/1.1 200 OK"
2026-05-18 23:14:51 | INFO     | HTTP Request: POST https://api.telegram.org/bot8223900828:AAGNG00joY9NKJRy9RnQSFq0St6kq9cZnCs/getUpdates "HTTP/1.1 200 OK"
2026-05-18 23:15:02 | INFO     | HTTP Request: POST https://api.telegram.org/bot8223900828:AAGNG00joY9NKJRy9RnQSFq0St6kq9cZnCs/getUpdates "HTTP/1.1 200 OK"
2026-05-18 23:15:12 | INFO     | HTTP Request: POST https://api.telegram.org/bot8223900828:AAGNG00joY9NKJRy9RnQSFq0St6kq9cZnCs/getUpdates "HTTP/1.1 200 OK"
2026-05-18 23:15:22 | INFO     | HTTP Request: POST https://api.telegram.org/bot8223900828:AAGNG00joY9NKJRy9RnQSFq0St6kq9cZnCs/getUpdates "HTTP/1.1 200 OK"
2026-05-18 23:15:32 | INFO     | HTTP Request: POST https://api.telegram.org/bot8223900828:AAGNG00joY9NKJRy9RnQSFq0St6kq9cZnCs/getUpdates "HTTP/1.1 200 OK"
2026-05-18 23:15:42 | INFO     | HTTP Request: POST https://api.telegram.org/bot8223900828:AAGNG00joY9NKJRy9RnQSFq0St6kq9cZnCs/getUpdates "HTTP/1.1 200 OK"
2026-05-18 23:15:52 | INFO     | HTTP Request: POST https://api.telegram.org/bot8223900828:AAGNG00joY9NKJRy9RnQSFq0St6kq9cZnCs/getUpdates "HTTP/1.1 200 OK"
2026-05-18 23:16:02 | INFO     | HTTP Request: POST https://api.telegram.org/bot8223900828:AAGNG00joY9NKJRy9RnQSFq0St6kq9cZnCs/getUpdates "HTTP/1.1 200 OK"
2026-05-18 23:16:03 | INFO     | HTTP Request: POST https://api.telegram.org/bot8223900828:AAGNG00joY9NKJRy9RnQSFq0St6kq9cZnCs/getUpdates "HTTP/1.1 200 OK"
2026-05-18 23:16:03 | INFO     | HTTP Request: POST https://api.telegram.org/bot8223900828:AAGNG00joY9NKJRy9RnQSFq0St6kq9cZnCs/sendChatAction "HTTP/1.1 200 OK"
2026-05-18 23:16:13 | INFO     | HTTP Request: POST http://localhost:11434/api/chat "HTTP/1.1 200 OK"
2026-05-18 23:16:13 | INFO     | OK | model=qwen2.5:3b | lang=ru | 9.4s | attempt=1
2026-05-18 23:16:13 | INFO     | MSG | user=2057476178 | model=qwen2.5:3b | lang=ru | len=604 | 9.4s
2026-05-18 23:16:13 | INFO     | HTTP Request: POST https://api.telegram.org/bot8223900828:AAGNG00joY9NKJRy9RnQSFq0St6kq9cZnCs/sendMessage "HTTP/1.1 200 OK"
2026-05-18 23:16:13 | INFO     | HTTP Request: POST https://api.telegram.org/bot8223900828:AAGNG00joY9NKJRy9RnQSFq0St6kq9cZnCs/getUpdates "HTTP/1.1 200 OK"
2026-05-18 23:16:23 | INFO     | HTTP Request: POST https://api.telegram.org/bot8223900828:AAGNG00joY9NKJRy9RnQSFq0St6kq9cZnCs/getUpdates "HTTP/1.1 200 OK"
2026-05-18 23:16:33 | INFO     | HTTP Request: POST https://api.telegram.org/bot8223900828:AAGNG00joY9NKJRy9RnQSFq0St6kq9cZnCs/getUpdates "HTTP/1.1 200 OK"
2026-05-18 23:16:43 | INFO     | HTTP Request: POST https://api.telegram.org/bot8223900828:AAGNG00joY9NKJRy9RnQSFq0St6kq9cZnCs/getUpdates "HTTP/1.1 200 OK"
2026-05-18 23:16:53 | INFO     | HTTP Request: POST https://api.telegram.org/bot8223900828:AAGNG00joY9NKJRy9RnQSFq0St6kq9cZnCs/getUpdates "HTTP/1.1 200 OK"
2026-05-18 23:17:04 | INFO     | HTTP Request: POST https://api.telegram.org/bot8223900828:AAGNG00joY9NKJRy9RnQSFq0St6kq9cZnCs/getUpdates "HTTP/1.1 200 OK"
2026-05-18 23:17:08 | INFO     | HTTP Request: POST https://api.telegram.org/bot8223900828:AAGNG00joY9NKJRy9RnQSFq0St6kq9cZnCs/getUpdates "HTTP/1.1 200 OK"
2026-05-18 23:17:08 | INFO     | Application is stopping. This might take a moment.
2026-05-18 23:17:08 | INFO     | Application.stop() complete
2026-05-18 23:19:57 | INFO     | DonishAI v7.1 started | model=qwen2.5:3b
2026-05-18 23:19:57 | INFO     | HTTP Request: POST https://api.telegram.org/bot8223900828:AAGNG00joY9NKJRy9RnQSFq0St6kq9cZnCs/getMe "HTTP/1.1 200 OK"
2026-05-18 23:19:57 | INFO     | HTTP Request: POST https://api.telegram.org/bot8223900828:AAGNG00joY9NKJRy9RnQSFq0St6kq9cZnCs/deleteWebhook "HTTP/1.1 200 OK"
2026-05-18 23:19:57 | INFO     | Application started
2026-05-18 23:20:00 | INFO     | HTTP Request: POST https://api.telegram.org/bot8223900828:AAGNG00joY9NKJRy9RnQSFq0St6kq9cZnCs/getUpdates "HTTP/1.1 200 OK"
2026-05-18 23:20:00 | INFO     | START | user=2057476178 | lang=ru
2026-05-18 23:20:00 | INFO     | HTTP Request: POST https://api.telegram.org/bot8223900828:AAGNG00joY9NKJRy9RnQSFq0St6kq9cZnCs/sendMessage "HTTP/1.1 200 OK"
2026-05-18 23:20:02 | INFO     | HTTP Request: POST https://api.telegram.org/bot8223900828:AAGNG00joY9NKJRy9RnQSFq0St6kq9cZnCs/getUpdates "HTTP/1.1 200 OK"
2026-05-18 23:20:02 | INFO     | HTTP Request: POST https://api.telegram.org/bot8223900828:AAGNG00joY9NKJRy9RnQSFq0St6kq9cZnCs/answerCallbackQuery "HTTP/1.1 200 OK"
2026-05-18 23:20:02 | INFO     | HTTP Request: POST https://api.telegram.org/bot8223900828:AAGNG00joY9NKJRy9RnQSFq0St6kq9cZnCs/editMessageText "HTTP/1.1 200 OK"
2026-05-18 23:20:08 | INFO     | HTTP Request: POST https://api.telegram.org/bot8223900828:AAGNG00joY9NKJRy9RnQSFq0St6kq9cZnCs/getUpdates "HTTP/1.1 200 OK"
2026-05-18 23:20:09 | INFO     | HTTP Request: POST https://api.telegram.org/bot8223900828:AAGNG00joY9NKJRy9RnQSFq0St6kq9cZnCs/sendChatAction "HTTP/1.1 200 OK"
2026-05-18 23:20:10 | INFO     | HTTP Request: POST http://localhost:11434/api/chat "HTTP/1.1 200 OK"
2026-05-18 23:20:10 | INFO     | OK | model=qwen2.5:3b | lang=en | 1.6s | attempt=1
2026-05-18 23:20:10 | INFO     | MSG | user=2057476178 | model=qwen2.5:3b | lang=en | len=6 | 1.6s
2026-05-18 23:20:11 | INFO     | HTTP Request: POST https://api.telegram.org/bot8223900828:AAGNG00joY9NKJRy9RnQSFq0St6kq9cZnCs/sendMessage "HTTP/1.1 200 OK"
2026-05-18 23:20:19 | INFO     | HTTP Request: POST https://api.telegram.org/bot8223900828:AAGNG00joY9NKJRy9RnQSFq0St6kq9cZnCs/getUpdates "HTTP/1.1 200 OK"
2026-05-18 23:20:29 | INFO     | HTTP Request: POST https://api.telegram.org/bot8223900828:AAGNG00joY9NKJRy9RnQSFq0St6kq9cZnCs/getUpdates "HTTP/1.1 200 OK"
2026-05-18 23:20:39 | INFO     | HTTP Request: POST https://api.telegram.org/bot8223900828:AAGNG00joY9NKJRy9RnQSFq0St6kq9cZnCs/getUpdates "HTTP/1.1 200 OK"
2026-05-18 23:20:49 | INFO     | HTTP Request: POST https://api.telegram.org/bot8223900828:AAGNG00joY9NKJRy9RnQSFq0St6kq9cZnCs/getUpdates "HTTP/1.1 200 OK"
2026-05-18 23:20:59 | INFO     | HTTP Request: POST https://api.telegram.org/bot8223900828:AAGNG00joY9NKJRy9RnQSFq0St6kq9cZnCs/getUpdates "HTTP/1.1 200 OK"
2026-05-18 23:21:09 | INFO     | HTTP Request: POST https://api.telegram.org/bot8223900828:AAGNG00joY9NKJRy9RnQSFq0St6kq9cZnCs/getUpdates "HTTP/1.1 200 OK"
2026-05-18 23:21:19 | INFO     | HTTP Request: POST https://api.telegram.org/bot8223900828:AAGNG00joY9NKJRy9RnQSFq0St6kq9cZnCs/getUpdates "HTTP/1.1 200 OK"
2026-05-18 23:21:29 | INFO     | HTTP Request: POST https://api.telegram.org/bot8223900828:AAGNG00joY9NKJRy9RnQSFq0St6kq9cZnCs/getUpdates "HTTP/1.1 200 OK"
2026-05-18 23:21:40 | INFO     | HTTP Request: POST https://api.telegram.org/bot8223900828:AAGNG00joY9NKJRy9RnQSFq0St6kq9cZnCs/getUpdates "HTTP/1.1 200 OK"
2026-05-18 23:21:50 | INFO     | HTTP Request: POST https://api.telegram.org/bot8223900828:AAGNG00joY9NKJRy9RnQSFq0St6kq9cZnCs/getUpdates "HTTP/1.1 200 OK"
2026-05-18 23:22:00 | INFO     | HTTP Request: POST https://api.telegram.org/bot8223900828:AAGNG00joY9NKJRy9RnQSFq0St6kq9cZnCs/getUpdates "HTTP/1.1 200 OK"
2026-05-18 23:22:10 | INFO     | HTTP Request: POST https://api.telegram.org/bot8223900828:AAGNG00joY9NKJRy9RnQSFq0St6kq9cZnCs/getUpdates "HTTP/1.1 200 OK"
2026-05-18 23:22:20 | INFO     | HTTP Request: POST https://api.telegram.org/bot8223900828:AAGNG00joY9NKJRy9RnQSFq0St6kq9cZnCs/getUpdates "HTTP/1.1 200 OK"
2026-05-18 23:22:30 | INFO     | HTTP Request: POST https://api.telegram.org/bot8223900828:AAGNG00joY9NKJRy9RnQSFq0St6kq9cZnCs/getUpdates "HTTP/1.1 200 OK"
2026-05-18 23:22:40 | INFO     | HTTP Request: POST https://api.telegram.org/bot8223900828:AAGNG00joY9NKJRy9RnQSFq0St6kq9cZnCs/getUpdates "HTTP/1.1 200 OK"
2026-05-18 23:22:50 | INFO     | HTTP Request: POST https://api.telegram.org/bot8223900828:AAGNG00joY9NKJRy9RnQSFq0St6kq9cZnCs/getUpdates "HTTP/1.1 200 OK"
2026-05-18 23:23:01 | INFO     | HTTP Request: POST https://api.telegram.org/bot8223900828:AAGNG00joY9NKJRy9RnQSFq0St6kq9cZnCs/getUpdates "HTTP/1.1 200 OK"
2026-05-18 23:23:11 | INFO     | HTTP Request: POST https://api.telegram.org/bot8223900828:AAGNG00joY9NKJRy9RnQSFq0St6kq9cZnCs/getUpdates "HTTP/1.1 200 OK"
2026-05-18 23:23:21 | INFO     | HTTP Request: POST https://api.telegram.org/bot8223900828:AAGNG00joY9NKJRy9RnQSFq0St6kq9cZnCs/getUpdates "HTTP/1.1 200 OK"
2026-05-18 23:23:31 | INFO     | HTTP Request: POST https://api.telegram.org/bot8223900828:AAGNG00joY9NKJRy9RnQSFq0St6kq9cZnCs/getUpdates "HTTP/1.1 200 OK"
2026-05-18 23:23:41 | INFO     | HTTP Request: POST https://api.telegram.org/bot8223900828:AAGNG00joY9NKJRy9RnQSFq0St6kq9cZnCs/getUpdates "HTTP/1.1 200 OK"
2026-05-18 23:23:51 | INFO     | HTTP Request: POST https://api.telegram.org/bot8223900828:AAGNG00joY9NKJRy9RnQSFq0St6kq9cZnCs/getUpdates "HTTP/1.1 200 OK"
2026-05-18 23:24:01 | INFO     | HTTP Request: POST https://api.telegram.org/bot8223900828:AAGNG00joY9NKJRy9RnQSFq0St6kq9cZnCs/getUpdates "HTTP/1.1 200 OK"
2026-05-18 23:24:12 | INFO     | HTTP Request: POST https://api.telegram.org/bot8223900828:AAGNG00joY9NKJRy9RnQSFq0St6kq9cZnCs/getUpdates "HTTP/1.1 200 OK"
2026-05-18 23:24:22 | INFO     | HTTP Request: POST https://api.telegram.org/bot8223900828:AAGNG00joY9NKJRy9RnQSFq0St6kq9cZnCs/getUpdates "HTTP/1.1 200 OK"
2026-05-18 23:24:32 | INFO     | HTTP Request: POST https://api.telegram.org/bot8223900828:AAGNG00joY9NKJRy9RnQSFq0St6kq9cZnCs/getUpdates "HTTP/1.1 200 OK"
2026-05-18 23:24:42 | INFO     | HTTP Request: POST https://api.telegram.org/bot8223900828:AAGNG00joY9NKJRy9RnQSFq0St6kq9cZnCs/getUpdates "HTTP/1.1 200 OK"
2026-05-18 23:24:52 | INFO     | HTTP Request: POST https://api.telegram.org/bot8223900828:AAGNG00joY9NKJRy9RnQSFq0St6kq9cZnCs/getUpdates "HTTP/1.1 200 OK"
2026-05-18 23:25:02 | INFO     | HTTP Request: POST https://api.telegram.org/bot8223900828:AAGNG00joY9NKJRy9RnQSFq0St6kq9cZnCs/getUpdates "HTTP/1.1 200 OK"
2026-05-18 23:25:12 | INFO     | HTTP Request: POST https://api.telegram.org/bot8223900828:AAGNG00joY9NKJRy9RnQSFq0St6kq9cZnCs/getUpdates "HTTP/1.1 200 OK"
2026-05-18 23:25:23 | INFO     | HTTP Request: POST https://api.telegram.org/bot8223900828:AAGNG00joY9NKJRy9RnQSFq0St6kq9cZnCs/getUpdates "HTTP/1.1 200 OK"
2026-05-18 23:25:33 | INFO     | HTTP Request: POST https://api.telegram.org/bot8223900828:AAGNG00joY9NKJRy9RnQSFq0St6kq9cZnCs/getUpdates "HTTP/1.1 200 OK"
2026-05-18 23:25:43 | INFO     | HTTP Request: POST https://api.telegram.org/bot8223900828:AAGNG00joY9NKJRy9RnQSFq0St6kq9cZnCs/getUpdates "HTTP/1.1 200 OK"
2026-05-18 23:25:53 | INFO     | HTTP Request: POST https://api.telegram.org/bot8223900828:AAGNG00joY9NKJRy9RnQSFq0St6kq9cZnCs/getUpdates "HTTP/1.1 200 OK"
2026-05-18 23:26:03 | INFO     | HTTP Request: POST https://api.telegram.org/bot8223900828:AAGNG00joY9NKJRy9RnQSFq0St6kq9cZnCs/getUpdates "HTTP/1.1 200 OK"
2026-05-18 23:26:13 | INFO     | HTTP Request: POST https://api.telegram.org/bot8223900828:AAGNG00joY9NKJRy9RnQSFq0St6kq9cZnCs/getUpdates "HTTP/1.1 200 OK"
2026-05-18 23:26:23 | INFO     | HTTP Request: POST https://api.telegram.org/bot8223900828:AAGNG00joY9NKJRy9RnQSFq0St6kq9cZnCs/getUpdates "HTTP/1.1 200 OK"
2026-05-18 23:26:33 | INFO     | HTTP Request: POST https://api.telegram.org/bot8223900828:AAGNG00joY9NKJRy9RnQSFq0St6kq9cZnCs/getUpdates "HTTP/1.1 200 OK"
2026-05-18 23:26:43 | INFO     | HTTP Request: POST https://api.telegram.org/bot8223900828:AAGNG00joY9NKJRy9RnQSFq0St6kq9cZnCs/getUpdates "HTTP/1.1 200 OK"
2026-05-18 23:26:54 | INFO     | HTTP Request: POST https://api.telegram.org/bot8223900828:AAGNG00joY9NKJRy9RnQSFq0St6kq9cZnCs/getUpdates "HTTP/1.1 200 OK"
2026-05-18 23:27:04 | INFO     | HTTP Request: POST https://api.telegram.org/bot8223900828:AAGNG00joY9NKJRy9RnQSFq0St6kq9cZnCs/getUpdates "HTTP/1.1 200 OK"
2026-05-18 23:27:14 | INFO     | HTTP Request: POST https://api.telegram.org/bot8223900828:AAGNG00joY9NKJRy9RnQSFq0St6kq9cZnCs/getUpdates "HTTP/1.1 200 OK"
2026-05-18 23:27:24 | INFO     | HTTP Request: POST https://api.telegram.org/bot8223900828:AAGNG00joY9NKJRy9RnQSFq0St6kq9cZnCs/getUpdates "HTTP/1.1 200 OK"
2026-05-18 23:27:34 | INFO     | HTTP Request: POST https://api.telegram.org/bot8223900828:AAGNG00joY9NKJRy9RnQSFq0St6kq9cZnCs/getUpdates "HTTP/1.1 200 OK"
2026-05-18 23:27:44 | INFO     | HTTP Request: POST https://api.telegram.org/bot8223900828:AAGNG00joY9NKJRy9RnQSFq0St6kq9cZnCs/getUpdates "HTTP/1.1 200 OK"
2026-05-18 23:27:54 | INFO     | HTTP Request: POST https://api.telegram.org/bot8223900828:AAGNG00joY9NKJRy9RnQSFq0St6kq9cZnCs/getUpdates "HTTP/1.1 200 OK"
2026-05-18 23:28:04 | INFO     | HTTP Request: POST https://api.telegram.org/bot8223900828:AAGNG00joY9NKJRy9RnQSFq0St6kq9cZnCs/getUpdates "HTTP/1.1 200 OK"
2026-05-18 23:28:14 | INFO     | HTTP Request: POST https://api.telegram.org/bot8223900828:AAGNG00joY9NKJRy9RnQSFq0St6kq9cZnCs/getUpdates "HTTP/1.1 200 OK"
2026-05-18 23:28:25 | INFO     | HTTP Request: POST https://api.telegram.org/bot8223900828:AAGNG00joY9NKJRy9RnQSFq0St6kq9cZnCs/getUpdates "HTTP/1.1 200 OK"
2026-05-18 23:28:35 | INFO     | HTTP Request: POST https://api.telegram.org/bot8223900828:AAGNG00joY9NKJRy9RnQSFq0St6kq9cZnCs/getUpdates "HTTP/1.1 200 OK"
2026-05-18 23:28:45 | INFO     | HTTP Request: POST https://api.telegram.org/bot8223900828:AAGNG00joY9NKJRy9RnQSFq0St6kq9cZnCs/getUpdates "HTTP/1.1 200 OK"
2026-05-18 23:28:55 | INFO     | HTTP Request: POST https://api.telegram.org/bot8223900828:AAGNG00joY9NKJRy9RnQSFq0St6kq9cZnCs/getUpdates "HTTP/1.1 200 OK"
2026-05-18 23:29:05 | INFO     | HTTP Request: POST https://api.telegram.org/bot8223900828:AAGNG00joY9NKJRy9RnQSFq0St6kq9cZnCs/getUpdates "HTTP/1.1 200 OK"
2026-05-18 23:29:15 | INFO     | HTTP Request: POST https://api.telegram.org/bot8223900828:AAGNG00joY9NKJRy9RnQSFq0St6kq9cZnCs/getUpdates "HTTP/1.1 200 OK"
2026-05-18 23:29:25 | INFO     | HTTP Request: POST https://api.telegram.org/bot8223900828:AAGNG00joY9NKJRy9RnQSFq0St6kq9cZnCs/getUpdates "HTTP/1.1 200 OK"
2026-05-18 23:29:35 | INFO     | HTTP Request: POST https://api.telegram.org/bot8223900828:AAGNG00joY9NKJRy9RnQSFq0St6kq9cZnCs/getUpdates "HTTP/1.1 200 OK"
2026-05-18 23:29:45 | INFO     | HTTP Request: POST https://api.telegram.org/bot8223900828:AAGNG00joY9NKJRy9RnQSFq0St6kq9cZnCs/getUpdates "HTTP/1.1 200 OK"
2026-05-18 23:29:56 | INFO     | HTTP Request: POST https://api.telegram.org/bot8223900828:AAGNG00joY9NKJRy9RnQSFq0St6kq9cZnCs/getUpdates "HTTP/1.1 200 OK"
2026-05-18 23:30:06 | INFO     | HTTP Request: POST https://api.telegram.org/bot8223900828:AAGNG00joY9NKJRy9RnQSFq0St6kq9cZnCs/getUpdates "HTTP/1.1 200 OK"
2026-05-18 23:30:16 | INFO     | HTTP Request: POST https://api.telegram.org/bot8223900828:AAGNG00joY9NKJRy9RnQSFq0St6kq9cZnCs/getUpdates "HTTP/1.1 200 OK"
2026-05-18 23:30:26 | INFO     | HTTP Request: POST https://api.telegram.org/bot8223900828:AAGNG00joY9NKJRy9RnQSFq0St6kq9cZnCs/getUpdates "HTTP/1.1 200 OK"
2026-05-18 23:30:36 | INFO     | HTTP Request: POST https://api.telegram.org/bot8223900828:AAGNG00joY9NKJRy9RnQSFq0St6kq9cZnCs/getUpdates "HTTP/1.1 200 OK"
2026-05-18 23:30:46 | INFO     | HTTP Request: POST https://api.telegram.org/bot8223900828:AAGNG00joY9NKJRy9RnQSFq0St6kq9cZnCs/getUpdates "HTTP/1.1 200 OK"
2026-05-18 23:30:56 | INFO     | HTTP Request: POST https://api.telegram.org/bot8223900828:AAGNG00joY9NKJRy9RnQSFq0St6kq9cZnCs/getUpdates "HTTP/1.1 200 OK"
2026-05-18 23:31:06 | INFO     | HTTP Request: POST https://api.telegram.org/bot8223900828:AAGNG00joY9NKJRy9RnQSFq0St6kq9cZnCs/getUpdates "HTTP/1.1 200 OK"
2026-05-18 23:31:16 | INFO     | HTTP Request: POST https://api.telegram.org/bot8223900828:AAGNG00joY9NKJRy9RnQSFq0St6kq9cZnCs/getUpdates "HTTP/1.1 200 OK"
2026-05-18 23:31:27 | INFO     | HTTP Request: POST https://api.telegram.org/bot8223900828:AAGNG00joY9NKJRy9RnQSFq0St6kq9cZnCs/getUpdates "HTTP/1.1 200 OK"
2026-05-18 23:31:37 | INFO     | HTTP Request: POST https://api.telegram.org/bot8223900828:AAGNG00joY9NKJRy9RnQSFq0St6kq9cZnCs/getUpdates "HTTP/1.1 200 OK"
2026-05-18 23:31:47 | INFO     | HTTP Request: POST https://api.telegram.org/bot8223900828:AAGNG00joY9NKJRy9RnQSFq0St6kq9cZnCs/getUpdates "HTTP/1.1 200 OK"
2026-05-18 23:31:57 | INFO     | HTTP Request: POST https://api.telegram.org/bot8223900828:AAGNG00joY9NKJRy9RnQSFq0St6kq9cZnCs/getUpdates "HTTP/1.1 200 OK"
2026-05-18 23:32:07 | INFO     | HTTP Request: POST https://api.telegram.org/bot8223900828:AAGNG00joY9NKJRy9RnQSFq0St6kq9cZnCs/getUpdates "HTTP/1.1 200 OK"
2026-05-18 23:32:17 | INFO     | HTTP Request: POST https://api.telegram.org/bot8223900828:AAGNG00joY9NKJRy9RnQSFq0St6kq9cZnCs/getUpdates "HTTP/1.1 200 OK"
2026-05-18 23:32:27 | INFO     | HTTP Request: POST https://api.telegram.org/bot8223900828:AAGNG00joY9NKJRy9RnQSFq0St6kq9cZnCs/getUpdates "HTTP/1.1 200 OK"
2026-05-18 23:32:37 | INFO     | HTTP Request: POST https://api.telegram.org/bot8223900828:AAGNG00joY9NKJRy9RnQSFq0St6kq9cZnCs/getUpdates "HTTP/1.1 200 OK"
2026-05-18 23:32:47 | INFO     | HTTP Request: POST https://api.telegram.org/bot8223900828:AAGNG00joY9NKJRy9RnQSFq0St6kq9cZnCs/getUpdates "HTTP/1.1 200 OK"
2026-05-18 23:32:58 | INFO     | HTTP Request: POST https://api.telegram.org/bot8223900828:AAGNG00joY9NKJRy9RnQSFq0St6kq9cZnCs/getUpdates "HTTP/1.1 200 OK"
2026-05-18 23:33:02 | INFO     | HTTP Request: POST https://api.telegram.org/bot8223900828:AAGNG00joY9NKJRy9RnQSFq0St6kq9cZnCs/getUpdates "HTTP/1.1 200 OK"
2026-05-18 23:33:02 | INFO     | Application is stopping. This might take a moment.
2026-05-18 23:33:02 | INFO     | Application.stop() complete
2026-05-19 00:12:09,665 | INFO     | DonishAI started | model=qwen2.5:3b
2026-05-19 00:12:10,368 | INFO     | HTTP Request: POST https://api.telegram.org/bot8257984718:AAGMaRpeBDzAYTp_sbQ2MifX8HJ0QNYq_bk/getMe "HTTP/1.1 200 OK"
2026-05-19 00:12:10,475 | INFO     | HTTP Request: POST https://api.telegram.org/bot8257984718:AAGMaRpeBDzAYTp_sbQ2MifX8HJ0QNYq_bk/deleteWebhook "HTTP/1.1 200 OK"
2026-05-19 00:12:10,477 | INFO     | Application started
2026-05-19 00:12:20,805 | INFO     | HTTP Request: POST https://api.telegram.org/bot8257984718:AAGMaRpeBDzAYTp_sbQ2MifX8HJ0QNYq_bk/getUpdates "HTTP/1.1 200 OK"
2026-05-19 00:12:30,915 | INFO     | HTTP Request: POST https://api.telegram.org/bot8257984718:AAGMaRpeBDzAYTp_sbQ2MifX8HJ0QNYq_bk/getUpdates "HTTP/1.1 200 OK"
2026-05-19 00:12:41,025 | INFO     | HTTP Request: POST https://api.telegram.org/bot8257984718:AAGMaRpeBDzAYTp_sbQ2MifX8HJ0QNYq_bk/getUpdates "HTTP/1.1 200 OK"
2026-05-19 00:12:51,134 | INFO     | HTTP Request: POST https://api.telegram.org/bot8257984718:AAGMaRpeBDzAYTp_sbQ2MifX8HJ0QNYq_bk/getUpdates "HTTP/1.1 200 OK"
2026-05-19 00:12:56,982 | INFO     | HTTP Request: POST https://api.telegram.org/bot8257984718:AAGMaRpeBDzAYTp_sbQ2MifX8HJ0QNYq_bk/getUpdates "HTTP/1.1 200 OK"
2026-05-19 00:12:56,984 | INFO     | Application is stopping. This might take a moment.
2026-05-19 00:12:56,984 | INFO     | Application.stop() complete
2026-05-19 00:13:14,369 | INFO     | DonishAI started | model=qwen2.5:3b
2026-05-19 00:13:14,804 | INFO     | HTTP Request: POST https://api.telegram.org/bot8257984718:AAGMaRpeBDzAYTp_sbQ2MifX8HJ0QNYq_bk/getMe "HTTP/1.1 200 OK"
2026-05-19 00:13:14,911 | INFO     | HTTP Request: POST https://api.telegram.org/bot8257984718:AAGMaRpeBDzAYTp_sbQ2MifX8HJ0QNYq_bk/deleteWebhook "HTTP/1.1 200 OK"
2026-05-19 00:13:14,915 | INFO     | Application started
2026-05-19 00:13:25,231 | INFO     | HTTP Request: POST https://api.telegram.org/bot8257984718:AAGMaRpeBDzAYTp_sbQ2MifX8HJ0QNYq_bk/getUpdates "HTTP/1.1 200 OK"
2026-05-19 00:13:35,339 | INFO     | HTTP Request: POST https://api.telegram.org/bot8257984718:AAGMaRpeBDzAYTp_sbQ2MifX8HJ0QNYq_bk/getUpdates "HTTP/1.1 200 OK"
2026-05-19 00:13:45,445 | INFO     | HTTP Request: POST https://api.telegram.org/bot8257984718:AAGMaRpeBDzAYTp_sbQ2MifX8HJ0QNYq_bk/getUpdates "HTTP/1.1 200 OK"
2026-05-19 00:13:55,554 | INFO     | HTTP Request: POST https://api.telegram.org/bot8257984718:AAGMaRpeBDzAYTp_sbQ2MifX8HJ0QNYq_bk/getUpdates "HTTP/1.1 200 OK"
2026-05-19 00:14:05,660 | INFO     | HTTP Request: POST https://api.telegram.org/bot8257984718:AAGMaRpeBDzAYTp_sbQ2MifX8HJ0QNYq_bk/getUpdates "HTTP/1.1 200 OK"
2026-05-19 00:14:15,769 | INFO     | HTTP Request: POST https://api.telegram.org/bot8257984718:AAGMaRpeBDzAYTp_sbQ2MifX8HJ0QNYq_bk/getUpdates "HTTP/1.1 200 OK"
2026-05-19 00:14:25,875 | INFO     | HTTP Request: POST https://api.telegram.org/bot8257984718:AAGMaRpeBDzAYTp_sbQ2MifX8HJ0QNYq_bk/getUpdates "HTTP/1.1 200 OK"
2026-05-19 00:14:35,983 | INFO     | HTTP Request: POST https://api.telegram.org/bot8257984718:AAGMaRpeBDzAYTp_sbQ2MifX8HJ0QNYq_bk/getUpdates "HTTP/1.1 200 OK"
2026-05-19 00:14:46,091 | INFO     | HTTP Request: POST https://api.telegram.org/bot8257984718:AAGMaRpeBDzAYTp_sbQ2MifX8HJ0QNYq_bk/getUpdates "HTTP/1.1 200 OK"
2026-05-19 00:14:56,201 | INFO     | HTTP Request: POST https://api.telegram.org/bot8257984718:AAGMaRpeBDzAYTp_sbQ2MifX8HJ0QNYq_bk/getUpdates "HTTP/1.1 200 OK"
2026-05-19 00:15:06,308 | INFO     | HTTP Request: POST https://api.telegram.org/bot8257984718:AAGMaRpeBDzAYTp_sbQ2MifX8HJ0QNYq_bk/getUpdates "HTTP/1.1 200 OK"
2026-05-19 00:15:16,417 | INFO     | HTTP Request: POST https://api.telegram.org/bot8257984718:AAGMaRpeBDzAYTp_sbQ2MifX8HJ0QNYq_bk/getUpdates "HTTP/1.1 200 OK"
2026-05-19 00:15:26,530 | INFO     | HTTP Request: POST https://api.telegram.org/bot8257984718:AAGMaRpeBDzAYTp_sbQ2MifX8HJ0QNYq_bk/getUpdates "HTTP/1.1 200 OK"
2026-05-19 00:15:36,637 | INFO     | HTTP Request: POST https://api.telegram.org/bot8257984718:AAGMaRpeBDzAYTp_sbQ2MifX8HJ0QNYq_bk/getUpdates "HTTP/1.1 200 OK"
2026-05-19 00:17:29,637 | INFO     | DonishAI started | model=qwen2.5:3b
2026-05-19 00:17:30,194 | INFO     | HTTP Request: POST https://api.telegram.org/bot8257984718:AAGMaRpeBDzAYTp_sbQ2MifX8HJ0QNYq_bk/getMe "HTTP/1.1 200 OK"
2026-05-19 00:17:30,303 | INFO     | HTTP Request: POST https://api.telegram.org/bot8257984718:AAGMaRpeBDzAYTp_sbQ2MifX8HJ0QNYq_bk/deleteWebhook "HTTP/1.1 200 OK"
2026-05-19 00:17:30,311 | INFO     | Application started
2026-05-19 00:17:39,031 | INFO     | HTTP Request: POST https://api.telegram.org/bot8257984718:AAGMaRpeBDzAYTp_sbQ2MifX8HJ0QNYq_bk/getUpdates "HTTP/1.1 200 OK"
2026-05-19 00:17:39,033 | INFO     | Application is stopping. This might take a moment.
2026-05-19 00:17:39,033 | INFO     | Application.stop() complete
2026-05-19 00:17:48,680 | INFO     | DonishAI started | model=qwen2.5:3b
2026-05-19 00:17:49,104 | INFO     | HTTP Request: POST https://api.telegram.org/bot8257984718:AAGMaRpeBDzAYTp_sbQ2MifX8HJ0QNYq_bk/getMe "HTTP/1.1 200 OK"
2026-05-19 00:17:49,216 | INFO     | HTTP Request: POST https://api.telegram.org/bot8257984718:AAGMaRpeBDzAYTp_sbQ2MifX8HJ0QNYq_bk/deleteWebhook "HTTP/1.1 200 OK"
2026-05-19 00:17:49,219 | INFO     | Application started
2026-05-19 00:17:59,538 | INFO     | HTTP Request: POST https://api.telegram.org/bot8257984718:AAGMaRpeBDzAYTp_sbQ2MifX8HJ0QNYq_bk/getUpdates "HTTP/1.1 200 OK"
2026-05-19 00:18:09,644 | INFO     | HTTP Request: POST https://api.telegram.org/bot8257984718:AAGMaRpeBDzAYTp_sbQ2MifX8HJ0QNYq_bk/getUpdates "HTTP/1.1 200 OK"
2026-05-19 00:18:16,713 | INFO     | HTTP Request: POST https://api.telegram.org/bot8257984718:AAGMaRpeBDzAYTp_sbQ2MifX8HJ0QNYq_bk/getUpdates "HTTP/1.1 200 OK"
2026-05-19 00:18:16,715 | INFO     | Application is stopping. This might take a moment.
2026-05-19 00:18:16,715 | INFO     | Application.stop() complete
2026-05-19 00:21:12,906 | INFO     | DonishAI started | model=qwen2.5:3b
2026-05-19 00:21:13,504 | INFO     | HTTP Request: POST https://api.telegram.org/bot8223900828:AAGNG00joY9NKJRy9RnQSFq0St6kq9cZnCs/getMe "HTTP/1.1 200 OK"
2026-05-19 00:21:13,614 | INFO     | HTTP Request: POST https://api.telegram.org/bot8223900828:AAGNG00joY9NKJRy9RnQSFq0St6kq9cZnCs/deleteWebhook "HTTP/1.1 200 OK"
2026-05-19 00:21:13,616 | INFO     | Application started
2026-05-19 00:21:13,938 | INFO     | HTTP Request: POST https://api.telegram.org/bot8223900828:AAGNG00joY9NKJRy9RnQSFq0St6kq9cZnCs/getUpdates "HTTP/1.1 200 OK"
2026-05-19 00:21:14,094 | INFO     | HTTP Request: POST https://api.telegram.org/bot8223900828:AAGNG00joY9NKJRy9RnQSFq0St6kq9cZnCs/sendMessage "HTTP/1.1 200 OK"
2026-05-19 00:21:14,225 | INFO     | HTTP Request: POST https://api.telegram.org/bot8223900828:AAGNG00joY9NKJRy9RnQSFq0St6kq9cZnCs/sendMessage "HTTP/1.1 200 OK"
2026-05-19 00:21:24,047 | INFO     | HTTP Request: POST https://api.telegram.org/bot8223900828:AAGNG00joY9NKJRy9RnQSFq0St6kq9cZnCs/getUpdates "HTTP/1.1 200 OK"
2026-05-19 00:21:34,156 | INFO     | HTTP Request: POST https://api.telegram.org/bot8223900828:AAGNG00joY9NKJRy9RnQSFq0St6kq9cZnCs/getUpdates "HTTP/1.1 200 OK"
2026-05-19 00:21:44,265 | INFO     | HTTP Request: POST https://api.telegram.org/bot8223900828:AAGNG00joY9NKJRy9RnQSFq0St6kq9cZnCs/getUpdates "HTTP/1.1 200 OK"
2026-05-19 00:21:54,373 | INFO     | HTTP Request: POST https://api.telegram.org/bot8223900828:AAGNG00joY9NKJRy9RnQSFq0St6kq9cZnCs/getUpdates "HTTP/1.1 200 OK"
2026-05-19 00:22:04,483 | INFO     | HTTP Request: POST https://api.telegram.org/bot8223900828:AAGNG00joY9NKJRy9RnQSFq0St6kq9cZnCs/getUpdates "HTTP/1.1 200 OK"
2026-05-19 00:22:14,605 | INFO     | HTTP Request: POST https://api.telegram.org/bot8223900828:AAGNG00joY9NKJRy9RnQSFq0St6kq9cZnCs/getUpdates "HTTP/1.1 200 OK"
2026-05-19 00:22:24,720 | INFO     | HTTP Request: POST https://api.telegram.org/bot8223900828:AAGNG00joY9NKJRy9RnQSFq0St6kq9cZnCs/getUpdates "HTTP/1.1 200 OK"
2026-05-19 00:22:34,830 | INFO     | HTTP Request: POST https://api.telegram.org/bot8223900828:AAGNG00joY9NKJRy9RnQSFq0St6kq9cZnCs/getUpdates "HTTP/1.1 200 OK"
2026-05-19 00:22:44,941 | INFO     | HTTP Request: POST https://api.telegram.org/bot8223900828:AAGNG00joY9NKJRy9RnQSFq0St6kq9cZnCs/getUpdates "HTTP/1.1 200 OK"
2026-05-19 00:22:55,065 | INFO     | HTTP Request: POST https://api.telegram.org/bot8223900828:AAGNG00joY9NKJRy9RnQSFq0St6kq9cZnCs/getUpdates "HTTP/1.1 200 OK"
2026-05-19 00:23:05,175 | INFO     | HTTP Request: POST https://api.telegram.org/bot8223900828:AAGNG00joY9NKJRy9RnQSFq0St6kq9cZnCs/getUpdates "HTTP/1.1 200 OK"
2026-05-19 00:23:15,284 | INFO     | HTTP Request: POST https://api.telegram.org/bot8223900828:AAGNG00joY9NKJRy9RnQSFq0St6kq9cZnCs/getUpdates "HTTP/1.1 200 OK"
2026-05-19 00:23:25,394 | INFO     | HTTP Request: POST https://api.telegram.org/bot8223900828:AAGNG00joY9NKJRy9RnQSFq0St6kq9cZnCs/getUpdates "HTTP/1.1 200 OK"
2026-05-19 00:23:31,231 | INFO     | HTTP Request: POST https://api.telegram.org/bot8223900828:AAGNG00joY9NKJRy9RnQSFq0St6kq9cZnCs/getUpdates "HTTP/1.1 200 OK"
2026-05-19 00:23:31,236 | INFO     | Application is stopping. This might take a moment.
2026-05-19 00:23:31,241 | INFO     | Application.stop() complete
2026-05-19 00:24:37,421 | INFO     | DonishAI started | model=qwen2.5:3b
2026-05-19 00:24:37,880 | INFO     | HTTP Request: POST https://api.telegram.org/bot8223900828:AAGNG00joY9NKJRy9RnQSFq0St6kq9cZnCs/getMe "HTTP/1.1 200 OK"
2026-05-19 00:24:37,995 | INFO     | HTTP Request: POST https://api.telegram.org/bot8223900828:AAGNG00joY9NKJRy9RnQSFq0St6kq9cZnCs/deleteWebhook "HTTP/1.1 200 OK"
2026-05-19 00:24:37,997 | INFO     | Application started
2026-05-19 00:24:38,312 | INFO     | HTTP Request: POST https://api.telegram.org/bot8223900828:AAGNG00joY9NKJRy9RnQSFq0St6kq9cZnCs/getUpdates "HTTP/1.1 200 OK"
2026-05-19 00:24:38,459 | INFO     | HTTP Request: POST https://api.telegram.org/bot8223900828:AAGNG00joY9NKJRy9RnQSFq0St6kq9cZnCs/sendMessage "HTTP/1.1 200 OK"
2026-05-19 00:24:38,608 | INFO     | HTTP Request: POST https://api.telegram.org/bot8223900828:AAGNG00joY9NKJRy9RnQSFq0St6kq9cZnCs/sendMessage "HTTP/1.1 200 OK"
2026-05-19 00:24:48,421 | INFO     | HTTP Request: POST https://api.telegram.org/bot8223900828:AAGNG00joY9NKJRy9RnQSFq0St6kq9cZnCs/getUpdates "HTTP/1.1 200 OK"
2026-05-19 00:24:56,168 | INFO     | HTTP Request: POST https://api.telegram.org/bot8223900828:AAGNG00joY9NKJRy9RnQSFq0St6kq9cZnCs/getUpdates "HTTP/1.1 200 OK"
2026-05-19 00:24:56,506 | INFO     | HTTP Request: POST https://api.telegram.org/bot8223900828:AAGNG00joY9NKJRy9RnQSFq0St6kq9cZnCs/sendChatAction "HTTP/1.1 200 OK"
2026-05-19 00:25:06,276 | INFO     | HTTP Request: POST https://api.telegram.org/bot8223900828:AAGNG00joY9NKJRy9RnQSFq0St6kq9cZnCs/getUpdates "HTTP/1.1 200 OK"
2026-05-19 00:25:06,954 | INFO     | HTTP Request: POST http://localhost:11434/api/chat "HTTP/1.1 200 OK"
2026-05-19 00:25:06,957 | INFO     | MSG | user=2057476178 | len=14
2026-05-19 00:25:07,297 | INFO     | HTTP Request: POST https://api.telegram.org/bot8223900828:AAGNG00joY9NKJRy9RnQSFq0St6kq9cZnCs/sendMessage "HTTP/1.1 200 OK"
2026-05-19 00:25:16,384 | INFO     | HTTP Request: POST https://api.telegram.org/bot8223900828:AAGNG00joY9NKJRy9RnQSFq0St6kq9cZnCs/getUpdates "HTTP/1.1 200 OK"
2026-05-19 00:25:20,859 | INFO     | HTTP Request: POST https://api.telegram.org/bot8223900828:AAGNG00joY9NKJRy9RnQSFq0St6kq9cZnCs/getUpdates "HTTP/1.1 200 OK"
2026-05-19 00:25:21,233 | INFO     | HTTP Request: POST https://api.telegram.org/bot8223900828:AAGNG00joY9NKJRy9RnQSFq0St6kq9cZnCs/sendChatAction "HTTP/1.1 200 OK"
2026-05-19 00:25:26,076 | INFO     | HTTP Request: POST http://localhost:11434/api/chat "HTTP/1.1 200 OK"
2026-05-19 00:25:26,077 | INFO     | MSG | user=2057476178 | len=38
2026-05-19 00:25:26,241 | INFO     | HTTP Request: POST https://api.telegram.org/bot8223900828:AAGNG00joY9NKJRy9RnQSFq0St6kq9cZnCs/sendMessage "HTTP/1.1 200 OK"
2026-05-19 00:25:30,964 | INFO     | HTTP Request: POST https://api.telegram.org/bot8223900828:AAGNG00joY9NKJRy9RnQSFq0St6kq9cZnCs/getUpdates "HTTP/1.1 200 OK"
2026-05-19 00:25:41,069 | INFO     | HTTP Request: POST https://api.telegram.org/bot8223900828:AAGNG00joY9NKJRy9RnQSFq0St6kq9cZnCs/getUpdates "HTTP/1.1 200 OK"
2026-05-19 00:25:45,929 | INFO     | HTTP Request: POST https://api.telegram.org/bot8223900828:AAGNG00joY9NKJRy9RnQSFq0St6kq9cZnCs/getUpdates "HTTP/1.1 200 OK"
2026-05-19 00:25:46,258 | INFO     | HTTP Request: POST https://api.telegram.org/bot8223900828:AAGNG00joY9NKJRy9RnQSFq0St6kq9cZnCs/sendChatAction "HTTP/1.1 200 OK"
2026-05-19 00:25:55,289 | INFO     | HTTP Request: POST http://localhost:11434/api/chat "HTTP/1.1 200 OK"
2026-05-19 00:25:55,292 | INFO     | MSG | user=2057476178 | len=8
2026-05-19 00:25:55,661 | INFO     | HTTP Request: POST https://api.telegram.org/bot8223900828:AAGNG00joY9NKJRy9RnQSFq0St6kq9cZnCs/sendMessage "HTTP/1.1 200 OK"
2026-05-19 00:25:56,035 | INFO     | HTTP Request: POST https://api.telegram.org/bot8223900828:AAGNG00joY9NKJRy9RnQSFq0St6kq9cZnCs/getUpdates "HTTP/1.1 200 OK"
2026-05-19 00:26:06,142 | INFO     | HTTP Request: POST https://api.telegram.org/bot8223900828:AAGNG00joY9NKJRy9RnQSFq0St6kq9cZnCs/getUpdates "HTTP/1.1 200 OK"
2026-05-19 00:26:11,575 | INFO     | HTTP Request: POST https://api.telegram.org/bot8223900828:AAGNG00joY9NKJRy9RnQSFq0St6kq9cZnCs/getUpdates "HTTP/1.1 200 OK"
2026-05-19 00:26:11,954 | INFO     | HTTP Request: POST https://api.telegram.org/bot8223900828:AAGNG00joY9NKJRy9RnQSFq0St6kq9cZnCs/sendChatAction "HTTP/1.1 200 OK"
2026-05-19 00:26:14,917 | INFO     | HTTP Request: POST http://localhost:11434/api/chat "HTTP/1.1 200 OK"
2026-05-19 00:26:14,918 | INFO     | MSG | user=2057476178 | len=17
2026-05-19 00:26:15,047 | INFO     | HTTP Request: POST https://api.telegram.org/bot8223900828:AAGNG00joY9NKJRy9RnQSFq0St6kq9cZnCs/sendMessage "HTTP/1.1 200 OK"
2026-05-19 00:26:21,683 | INFO     | HTTP Request: POST https://api.telegram.org/bot8223900828:AAGNG00joY9NKJRy9RnQSFq0St6kq9cZnCs/getUpdates "HTTP/1.1 200 OK"
2026-05-19 00:26:28,401 | INFO     | HTTP Request: POST https://api.telegram.org/bot8223900828:AAGNG00joY9NKJRy9RnQSFq0St6kq9cZnCs/getUpdates "HTTP/1.1 200 OK"
2026-05-19 00:26:28,887 | INFO     | HTTP Request: POST https://api.telegram.org/bot8223900828:AAGNG00joY9NKJRy9RnQSFq0St6kq9cZnCs/sendChatAction "HTTP/1.1 200 OK"
2026-05-19 00:26:33,313 | INFO     | HTTP Request: POST http://localhost:11434/api/chat "HTTP/1.1 200 OK"
2026-05-19 00:26:33,314 | INFO     | MSG | user=2057476178 | len=13
2026-05-19 00:26:33,448 | INFO     | HTTP Request: POST https://api.telegram.org/bot8223900828:AAGNG00joY9NKJRy9RnQSFq0St6kq9cZnCs/sendMessage "HTTP/1.1 200 OK"
2026-05-19 00:26:38,509 | INFO     | HTTP Request: POST https://api.telegram.org/bot8223900828:AAGNG00joY9NKJRy9RnQSFq0St6kq9cZnCs/getUpdates "HTTP/1.1 200 OK"
2026-05-19 00:26:48,620 | INFO     | HTTP Request: POST https://api.telegram.org/bot8223900828:AAGNG00joY9NKJRy9RnQSFq0St6kq9cZnCs/getUpdates "HTTP/1.1 200 OK"
2026-05-19 00:26:58,725 | INFO     | HTTP Request: POST https://api.telegram.org/bot8223900828:AAGNG00joY9NKJRy9RnQSFq0St6kq9cZnCs/getUpdates "HTTP/1.1 200 OK"
2026-05-19 00:27:02,052 | INFO     | HTTP Request: POST https://api.telegram.org/bot8223900828:AAGNG00joY9NKJRy9RnQSFq0St6kq9cZnCs/getUpdates "HTTP/1.1 200 OK"
2026-05-19 00:27:02,381 | INFO     | HTTP Request: POST https://api.telegram.org/bot8223900828:AAGNG00joY9NKJRy9RnQSFq0St6kq9cZnCs/sendChatAction "HTTP/1.1 200 OK"
2026-05-19 00:27:11,973 | INFO     | HTTP Request: POST http://localhost:11434/api/chat "HTTP/1.1 200 OK"
2026-05-19 00:27:11,974 | INFO     | MSG | user=2057476178 | len=42
2026-05-19 00:27:12,157 | INFO     | HTTP Request: POST https://api.telegram.org/bot8223900828:AAGNG00joY9NKJRy9RnQSFq0St6kq9cZnCs/getUpdates "HTTP/1.1 200 OK"
2026-05-19 00:27:12,328 | INFO     | HTTP Request: POST https://api.telegram.org/bot8223900828:AAGNG00joY9NKJRy9RnQSFq0St6kq9cZnCs/sendMessage "HTTP/1.1 200 OK"
2026-05-19 00:27:22,261 | INFO     | HTTP Request: POST https://api.telegram.org/bot8223900828:AAGNG00joY9NKJRy9RnQSFq0St6kq9cZnCs/getUpdates "HTTP/1.1 200 OK"
2026-05-19 00:27:32,364 | INFO     | HTTP Request: POST https://api.telegram.org/bot8223900828:AAGNG00joY9NKJRy9RnQSFq0St6kq9cZnCs/getUpdates "HTTP/1.1 200 OK"
2026-05-19 00:27:34,292 | INFO     | HTTP Request: POST https://api.telegram.org/bot8223900828:AAGNG00joY9NKJRy9RnQSFq0St6kq9cZnCs/getUpdates "HTTP/1.1 200 OK"
2026-05-19 00:27:44,398 | INFO     | HTTP Request: POST https://api.telegram.org/bot8223900828:AAGNG00joY9NKJRy9RnQSFq0St6kq9cZnCs/getUpdates "HTTP/1.1 200 OK"
2026-05-19 00:27:54,351 | INFO     | HTTP Request: POST https://api.telegram.org/bot8223900828:AAGNG00joY9NKJRy9RnQSFq0St6kq9cZnCs/getUpdates "HTTP/1.1 200 OK"
2026-05-19 00:27:54,702 | INFO     | HTTP Request: POST https://api.telegram.org/bot8223900828:AAGNG00joY9NKJRy9RnQSFq0St6kq9cZnCs/sendMessage "HTTP/1.1 200 OK"
2026-05-19 00:27:59,091 | INFO     | HTTP Request: POST https://api.telegram.org/bot8223900828:AAGNG00joY9NKJRy9RnQSFq0St6kq9cZnCs/getUpdates "HTTP/1.1 200 OK"
2026-05-19 00:28:01,998 | INFO     | HTTP Request: POST https://api.telegram.org/bot8223900828:AAGNG00joY9NKJRy9RnQSFq0St6kq9cZnCs/getUpdates "HTTP/1.1 200 OK"
2026-05-19 00:28:02,351 | INFO     | HTTP Request: POST https://api.telegram.org/bot8223900828:AAGNG00joY9NKJRy9RnQSFq0St6kq9cZnCs/sendMessage "HTTP/1.1 200 OK"
2026-05-19 00:28:04,039 | INFO     | HTTP Request: POST https://api.telegram.org/bot8223900828:AAGNG00joY9NKJRy9RnQSFq0St6kq9cZnCs/getUpdates "HTTP/1.1 200 OK"
2026-05-19 00:28:04,206 | INFO     | HTTP Request: POST https://api.telegram.org/bot8223900828:AAGNG00joY9NKJRy9RnQSFq0St6kq9cZnCs/sendMessage "HTTP/1.1 200 OK"
2026-05-19 00:28:14,146 | INFO     | HTTP Request: POST https://api.telegram.org/bot8223900828:AAGNG00joY9NKJRy9RnQSFq0St6kq9cZnCs/getUpdates "HTTP/1.1 200 OK"
2026-05-19 00:28:24,252 | INFO     | HTTP Request: POST https://api.telegram.org/bot8223900828:AAGNG00joY9NKJRy9RnQSFq0St6kq9cZnCs/getUpdates "HTTP/1.1 200 OK"
2026-05-19 00:28:34,359 | INFO     | HTTP Request: POST https://api.telegram.org/bot8223900828:AAGNG00joY9NKJRy9RnQSFq0St6kq9cZnCs/getUpdates "HTTP/1.1 200 OK"
2026-05-19 00:28:44,476 | INFO     | HTTP Request: POST https://api.telegram.org/bot8223900828:AAGNG00joY9NKJRy9RnQSFq0St6kq9cZnCs/getUpdates "HTTP/1.1 200 OK"
2026-05-19 00:28:54,581 | INFO     | HTTP Request: POST https://api.telegram.org/bot8223900828:AAGNG00joY9NKJRy9RnQSFq0St6kq9cZnCs/getUpdates "HTTP/1.1 200 OK"
2026-05-19 00:29:04,697 | INFO     | HTTP Request: POST https://api.telegram.org/bot8223900828:AAGNG00joY9NKJRy9RnQSFq0St6kq9cZnCs/getUpdates "HTTP/1.1 200 OK"
2026-05-19 00:29:14,804 | INFO     | HTTP Request: POST https://api.telegram.org/bot8223900828:AAGNG00joY9NKJRy9RnQSFq0St6kq9cZnCs/getUpdates "HTTP/1.1 200 OK"
2026-05-19 00:29:24,909 | INFO     | HTTP Request: POST https://api.telegram.org/bot8223900828:AAGNG00joY9NKJRy9RnQSFq0St6kq9cZnCs/getUpdates "HTTP/1.1 200 OK"
2026-05-19 00:29:35,015 | INFO     | HTTP Request: POST https://api.telegram.org/bot8223900828:AAGNG00joY9NKJRy9RnQSFq0St6kq9cZnCs/getUpdates "HTTP/1.1 200 OK"
2026-05-19 00:29:45,121 | INFO     | HTTP Request: POST https://api.telegram.org/bot8223900828:AAGNG00joY9NKJRy9RnQSFq0St6kq9cZnCs/getUpdates "HTTP/1.1 200 OK"
2026-05-19 00:29:55,227 | INFO     | HTTP Request: POST https://api.telegram.org/bot8223900828:AAGNG00joY9NKJRy9RnQSFq0St6kq9cZnCs/getUpdates "HTTP/1.1 200 OK"
2026-05-19 00:30:05,336 | INFO     | HTTP Request: POST https://api.telegram.org/bot8223900828:AAGNG00joY9NKJRy9RnQSFq0St6kq9cZnCs/getUpdates "HTTP/1.1 200 OK"
2026-05-19 00:30:07,542 | INFO     | HTTP Request: POST https://api.telegram.org/bot8223900828:AAGNG00joY9NKJRy9RnQSFq0St6kq9cZnCs/getUpdates "HTTP/1.1 200 OK"
2026-05-19 00:30:07,918 | INFO     | HTTP Request: POST https://api.telegram.org/bot8223900828:AAGNG00joY9NKJRy9RnQSFq0St6kq9cZnCs/sendMessage "HTTP/1.1 200 OK"
2026-05-19 00:30:09,700 | INFO     | HTTP Request: POST https://api.telegram.org/bot8223900828:AAGNG00joY9NKJRy9RnQSFq0St6kq9cZnCs/getUpdates "HTTP/1.1 200 OK"
2026-05-19 00:30:09,906 | INFO     | HTTP Request: POST https://api.telegram.org/bot8223900828:AAGNG00joY9NKJRy9RnQSFq0St6kq9cZnCs/sendMessage "HTTP/1.1 200 OK"
2026-05-19 00:30:12,033 | INFO     | HTTP Request: POST https://api.telegram.org/bot8223900828:AAGNG00joY9NKJRy9RnQSFq0St6kq9cZnCs/getUpdates "HTTP/1.1 200 OK"
2026-05-19 00:30:12,173 | INFO     | HTTP Request: POST https://api.telegram.org/bot8223900828:AAGNG00joY9NKJRy9RnQSFq0St6kq9cZnCs/sendMessage "HTTP/1.1 200 OK"
2026-05-19 00:30:13,654 | INFO     | HTTP Request: POST https://api.telegram.org/bot8223900828:AAGNG00joY9NKJRy9RnQSFq0St6kq9cZnCs/getUpdates "HTTP/1.1 200 OK"
2026-05-19 00:30:13,796 | INFO     | HTTP Request: POST https://api.telegram.org/bot8223900828:AAGNG00joY9NKJRy9RnQSFq0St6kq9cZnCs/sendMessage "HTTP/1.1 200 OK"
2026-05-19 00:30:23,766 | INFO     | HTTP Request: POST https://api.telegram.org/bot8223900828:AAGNG00joY9NKJRy9RnQSFq0St6kq9cZnCs/getUpdates "HTTP/1.1 200 OK"
2026-05-19 00:30:25,615 | INFO     | HTTP Request: POST https://api.telegram.org/bot8223900828:AAGNG00joY9NKJRy9RnQSFq0St6kq9cZnCs/getUpdates "HTTP/1.1 200 OK"
2026-05-19 00:30:25,993 | INFO     | HTTP Request: POST https://api.telegram.org/bot8223900828:AAGNG00joY9NKJRy9RnQSFq0St6kq9cZnCs/sendChatAction "HTTP/1.1 200 OK"
2026-05-19 00:30:27,661 | INFO     | HTTP Request: POST http://localhost:11434/api/chat "HTTP/1.1 200 OK"
2026-05-19 00:30:27,663 | INFO     | QUIZ_START | user=2057476178 | topic=атом
2026-05-19 00:30:27,799 | INFO     | HTTP Request: POST https://api.telegram.org/bot8223900828:AAGNG00joY9NKJRy9RnQSFq0St6kq9cZnCs/sendMessage "HTTP/1.1 200 OK"
2026-05-19 00:30:34,328 | INFO     | HTTP Request: POST https://api.telegram.org/bot8223900828:AAGNG00joY9NKJRy9RnQSFq0St6kq9cZnCs/getUpdates "HTTP/1.1 200 OK"
2026-05-19 00:30:34,658 | INFO     | HTTP Request: POST https://api.telegram.org/bot8223900828:AAGNG00joY9NKJRy9RnQSFq0St6kq9cZnCs/sendChatAction "HTTP/1.1 200 OK"
2026-05-19 00:30:37,660 | INFO     | HTTP Request: POST http://localhost:11434/api/chat "HTTP/1.1 200 OK"
2026-05-19 00:30:37,662 | INFO     | QUIZ_EVAL | user=2057476178 | q=2
2026-05-19 00:30:37,797 | INFO     | HTTP Request: POST https://api.telegram.org/bot8223900828:AAGNG00joY9NKJRy9RnQSFq0St6kq9cZnCs/sendMessage "HTTP/1.1 200 OK"
2026-05-19 00:30:44,439 | INFO     | HTTP Request: POST https://api.telegram.org/bot8223900828:AAGNG00joY9NKJRy9RnQSFq0St6kq9cZnCs/getUpdates "HTTP/1.1 200 OK"
2026-05-19 00:30:54,542 | INFO     | HTTP Request: POST https://api.telegram.org/bot8223900828:AAGNG00joY9NKJRy9RnQSFq0St6kq9cZnCs/getUpdates "HTTP/1.1 200 OK"
2026-05-19 00:31:04,648 | INFO     | HTTP Request: POST https://api.telegram.org/bot8223900828:AAGNG00joY9NKJRy9RnQSFq0St6kq9cZnCs/getUpdates "HTTP/1.1 200 OK"
2026-05-19 00:31:10,429 | INFO     | HTTP Request: POST https://api.telegram.org/bot8223900828:AAGNG00joY9NKJRy9RnQSFq0St6kq9cZnCs/getUpdates "HTTP/1.1 200 OK"
2026-05-19 00:31:10,797 | INFO     | HTTP Request: POST https://api.telegram.org/bot8223900828:AAGNG00joY9NKJRy9RnQSFq0St6kq9cZnCs/sendChatAction "HTTP/1.1 200 OK"
2026-05-19 00:31:14,764 | INFO     | HTTP Request: POST http://localhost:11434/api/chat "HTTP/1.1 200 OK"
2026-05-19 00:31:14,767 | INFO     | QUIZ_EVAL | user=2057476178 | q=3
2026-05-19 00:31:14,911 | INFO     | HTTP Request: POST https://api.telegram.org/bot8223900828:AAGNG00joY9NKJRy9RnQSFq0St6kq9cZnCs/sendMessage "HTTP/1.1 200 OK"
2026-05-19 00:31:20,555 | INFO     | HTTP Request: POST https://api.telegram.org/bot8223900828:AAGNG00joY9NKJRy9RnQSFq0St6kq9cZnCs/getUpdates "HTTP/1.1 200 OK"
2026-05-19 00:31:30,660 | INFO     | HTTP Request: POST https://api.telegram.org/bot8223900828:AAGNG00joY9NKJRy9RnQSFq0St6kq9cZnCs/getUpdates "HTTP/1.1 200 OK"
2026-05-19 00:31:40,769 | INFO     | HTTP Request: POST https://api.telegram.org/bot8223900828:AAGNG00joY9NKJRy9RnQSFq0St6kq9cZnCs/getUpdates "HTTP/1.1 200 OK"
2026-05-19 00:31:50,872 | INFO     | HTTP Request: POST https://api.telegram.org/bot8223900828:AAGNG00joY9NKJRy9RnQSFq0St6kq9cZnCs/getUpdates "HTTP/1.1 200 OK"
2026-05-19 00:32:00,618 | INFO     | HTTP Request: POST https://api.telegram.org/bot8223900828:AAGNG00joY9NKJRy9RnQSFq0St6kq9cZnCs/getUpdates "HTTP/1.1 200 OK"
2026-05-19 00:32:00,953 | INFO     | HTTP Request: POST https://api.telegram.org/bot8223900828:AAGNG00joY9NKJRy9RnQSFq0St6kq9cZnCs/sendChatAction "HTTP/1.1 200 OK"
2026-05-19 00:32:05,415 | INFO     | HTTP Request: POST http://localhost:11434/api/chat "HTTP/1.1 200 OK"
2026-05-19 00:32:05,418 | INFO     | QUIZ_EVAL | user=2057476178 | q=4
2026-05-19 00:32:05,557 | INFO     | HTTP Request: POST https://api.telegram.org/bot8223900828:AAGNG00joY9NKJRy9RnQSFq0St6kq9cZnCs/sendMessage "HTTP/1.1 200 OK"
2026-05-19 00:32:10,739 | INFO     | HTTP Request: POST https://api.telegram.org/bot8223900828:AAGNG00joY9NKJRy9RnQSFq0St6kq9cZnCs/getUpdates "HTTP/1.1 200 OK"
2026-05-19 00:32:20,846 | INFO     | HTTP Request: POST https://api.telegram.org/bot8223900828:AAGNG00joY9NKJRy9RnQSFq0St6kq9cZnCs/getUpdates "HTTP/1.1 200 OK"
2026-05-19 00:32:30,950 | INFO     | HTTP Request: POST https://api.telegram.org/bot8223900828:AAGNG00joY9NKJRy9RnQSFq0St6kq9cZnCs/getUpdates "HTTP/1.1 200 OK"
2026-05-19 00:32:41,131 | INFO     | HTTP Request: POST https://api.telegram.org/bot8223900828:AAGNG00joY9NKJRy9RnQSFq0St6kq9cZnCs/getUpdates "HTTP/1.1 200 OK"
2026-05-19 00:32:42,780 | INFO     | HTTP Request: POST https://api.telegram.org/bot8223900828:AAGNG00joY9NKJRy9RnQSFq0St6kq9cZnCs/getUpdates "HTTP/1.1 200 OK"
2026-05-19 00:32:43,156 | INFO     | HTTP Request: POST https://api.telegram.org/bot8223900828:AAGNG00joY9NKJRy9RnQSFq0St6kq9cZnCs/sendChatAction "HTTP/1.1 200 OK"
2026-05-19 00:32:47,755 | INFO     | HTTP Request: POST http://localhost:11434/api/chat "HTTP/1.1 200 OK"
2026-05-19 00:32:47,759 | INFO     | QUIZ_EVAL | user=2057476178 | q=5
2026-05-19 00:32:47,900 | INFO     | HTTP Request: POST https://api.telegram.org/bot8223900828:AAGNG00joY9NKJRy9RnQSFq0St6kq9cZnCs/sendMessage "HTTP/1.1 200 OK"
2026-05-19 00:32:52,932 | INFO     | HTTP Request: POST https://api.telegram.org/bot8223900828:AAGNG00joY9NKJRy9RnQSFq0St6kq9cZnCs/getUpdates "HTTP/1.1 200 OK"
2026-05-19 00:33:03,036 | INFO     | HTTP Request: POST https://api.telegram.org/bot8223900828:AAGNG00joY9NKJRy9RnQSFq0St6kq9cZnCs/getUpdates "HTTP/1.1 200 OK"
2026-05-19 00:33:13,140 | INFO     | HTTP Request: POST https://api.telegram.org/bot8223900828:AAGNG00joY9NKJRy9RnQSFq0St6kq9cZnCs/getUpdates "HTTP/1.1 200 OK"
2026-05-19 00:33:23,247 | INFO     | HTTP Request: POST https://api.telegram.org/bot8223900828:AAGNG00joY9NKJRy9RnQSFq0St6kq9cZnCs/getUpdates "HTTP/1.1 200 OK"
2026-05-19 00:33:33,354 | INFO     | HTTP Request: POST https://api.telegram.org/bot8223900828:AAGNG00joY9NKJRy9RnQSFq0St6kq9cZnCs/getUpdates "HTTP/1.1 200 OK"
2026-05-19 00:33:43,459 | INFO     | HTTP Request: POST https://api.telegram.org/bot8223900828:AAGNG00joY9NKJRy9RnQSFq0St6kq9cZnCs/getUpdates "HTTP/1.1 200 OK"
2026-05-19 00:33:53,566 | INFO     | HTTP Request: POST https://api.telegram.org/bot8223900828:AAGNG00joY9NKJRy9RnQSFq0St6kq9cZnCs/getUpdates "HTTP/1.1 200 OK"
2026-05-19 00:34:03,674 | INFO     | HTTP Request: POST https://api.telegram.org/bot8223900828:AAGNG00joY9NKJRy9RnQSFq0St6kq9cZnCs/getUpdates "HTTP/1.1 200 OK"
2026-05-19 00:34:13,799 | INFO     | HTTP Request: POST https://api.telegram.org/bot8223900828:AAGNG00joY9NKJRy9RnQSFq0St6kq9cZnCs/getUpdates "HTTP/1.1 200 OK"
2026-05-19 00:34:23,905 | INFO     | HTTP Request: POST https://api.telegram.org/bot8223900828:AAGNG00joY9NKJRy9RnQSFq0St6kq9cZnCs/getUpdates "HTTP/1.1 200 OK"
2026-05-19 00:34:34,009 | INFO     | HTTP Request: POST https://api.telegram.org/bot8223900828:AAGNG00joY9NKJRy9RnQSFq0St6kq9cZnCs/getUpdates "HTTP/1.1 200 OK"
2026-05-19 00:34:44,118 | INFO     | HTTP Request: POST https://api.telegram.org/bot8223900828:AAGNG00joY9NKJRy9RnQSFq0St6kq9cZnCs/getUpdates "HTTP/1.1 200 OK"
2026-05-19 00:34:54,222 | INFO     | HTTP Request: POST https://api.telegram.org/bot8223900828:AAGNG00joY9NKJRy9RnQSFq0St6kq9cZnCs/getUpdates "HTTP/1.1 200 OK"
2026-05-19 00:35:04,328 | INFO     | HTTP Request: POST https://api.telegram.org/bot8223900828:AAGNG00joY9NKJRy9RnQSFq0St6kq9cZnCs/getUpdates "HTTP/1.1 200 OK"
2026-05-19 00:35:14,433 | INFO     | HTTP Request: POST https://api.telegram.org/bot8223900828:AAGNG00joY9NKJRy9RnQSFq0St6kq9cZnCs/getUpdates "HTTP/1.1 200 OK"
2026-05-19 00:35:24,536 | INFO     | HTTP Request: POST https://api.telegram.org/bot8223900828:AAGNG00joY9NKJRy9RnQSFq0St6kq9cZnCs/getUpdates "HTTP/1.1 200 OK"
2026-05-19 00:35:34,643 | INFO     | HTTP Request: POST https://api.telegram.org/bot8223900828:AAGNG00joY9NKJRy9RnQSFq0St6kq9cZnCs/getUpdates "HTTP/1.1 200 OK"
2026-05-19 00:35:44,749 | INFO     | HTTP Request: POST https://api.telegram.org/bot8223900828:AAGNG00joY9NKJRy9RnQSFq0St6kq9cZnCs/getUpdates "HTTP/1.1 200 OK"
2026-05-19 00:35:54,854 | INFO     | HTTP Request: POST https://api.telegram.org/bot8223900828:AAGNG00joY9NKJRy9RnQSFq0St6kq9cZnCs/getUpdates "HTTP/1.1 200 OK"
2026-05-19 00:36:04,959 | INFO     | HTTP Request: POST https://api.telegram.org/bot8223900828:AAGNG00joY9NKJRy9RnQSFq0St6kq9cZnCs/getUpdates "HTTP/1.1 200 OK"
2026-05-19 00:36:15,065 | INFO     | HTTP Request: POST https://api.telegram.org/bot8223900828:AAGNG00joY9NKJRy9RnQSFq0St6kq9cZnCs/getUpdates "HTTP/1.1 200 OK"
2026-05-19 00:36:25,172 | INFO     | HTTP Request: POST https://api.telegram.org/bot8223900828:AAGNG00joY9NKJRy9RnQSFq0St6kq9cZnCs/getUpdates "HTTP/1.1 200 OK"
2026-05-19 00:36:35,277 | INFO     | HTTP Request: POST https://api.telegram.org/bot8223900828:AAGNG00joY9NKJRy9RnQSFq0St6kq9cZnCs/getUpdates "HTTP/1.1 200 OK"
2026-05-19 00:36:45,381 | INFO     | HTTP Request: POST https://api.telegram.org/bot8223900828:AAGNG00joY9NKJRy9RnQSFq0St6kq9cZnCs/getUpdates "HTTP/1.1 200 OK"
2026-05-19 00:36:55,485 | INFO     | HTTP Request: POST https://api.telegram.org/bot8223900828:AAGNG00joY9NKJRy9RnQSFq0St6kq9cZnCs/getUpdates "HTTP/1.1 200 OK"
2026-05-19 00:37:05,590 | INFO     | HTTP Request: POST https://api.telegram.org/bot8223900828:AAGNG00joY9NKJRy9RnQSFq0St6kq9cZnCs/getUpdates "HTTP/1.1 200 OK"
2026-05-19 00:37:15,694 | INFO     | HTTP Request: POST https://api.telegram.org/bot8223900828:AAGNG00joY9NKJRy9RnQSFq0St6kq9cZnCs/getUpdates "HTTP/1.1 200 OK"
2026-05-19 00:37:25,799 | INFO     | HTTP Request: POST https://api.telegram.org/bot8223900828:AAGNG00joY9NKJRy9RnQSFq0St6kq9cZnCs/getUpdates "HTTP/1.1 200 OK"
2026-05-19 00:37:35,902 | INFO     | HTTP Request: POST https://api.telegram.org/bot8223900828:AAGNG00joY9NKJRy9RnQSFq0St6kq9cZnCs/getUpdates "HTTP/1.1 200 OK"
2026-05-19 00:37:46,006 | INFO     | HTTP Request: POST https://api.telegram.org/bot8223900828:AAGNG00joY9NKJRy9RnQSFq0St6kq9cZnCs/getUpdates "HTTP/1.1 200 OK"
2026-05-19 00:37:56,111 | INFO     | HTTP Request: POST https://api.telegram.org/bot8223900828:AAGNG00joY9NKJRy9RnQSFq0St6kq9cZnCs/getUpdates "HTTP/1.1 200 OK"
2026-05-19 00:38:06,217 | INFO     | HTTP Request: POST https://api.telegram.org/bot8223900828:AAGNG00joY9NKJRy9RnQSFq0St6kq9cZnCs/getUpdates "HTTP/1.1 200 OK"
2026-05-19 00:38:16,320 | INFO     | HTTP Request: POST https://api.telegram.org/bot8223900828:AAGNG00joY9NKJRy9RnQSFq0St6kq9cZnCs/getUpdates "HTTP/1.1 200 OK"
2026-05-19 00:38:26,428 | INFO     | HTTP Request: POST https://api.telegram.org/bot8223900828:AAGNG00joY9NKJRy9RnQSFq0St6kq9cZnCs/getUpdates "HTTP/1.1 200 OK"
2026-05-19 00:38:36,532 | INFO     | HTTP Request: POST https://api.telegram.org/bot8223900828:AAGNG00joY9NKJRy9RnQSFq0St6kq9cZnCs/getUpdates "HTTP/1.1 200 OK"
2026-05-19 00:38:46,638 | INFO     | HTTP Request: POST https://api.telegram.org/bot8223900828:AAGNG00joY9NKJRy9RnQSFq0St6kq9cZnCs/getUpdates "HTTP/1.1 200 OK"
2026-05-19 00:38:56,745 | INFO     | HTTP Request: POST https://api.telegram.org/bot8223900828:AAGNG00joY9NKJRy9RnQSFq0St6kq9cZnCs/getUpdates "HTTP/1.1 200 OK"
2026-05-19 00:39:06,850 | INFO     | HTTP Request: POST https://api.telegram.org/bot8223900828:AAGNG00joY9NKJRy9RnQSFq0St6kq9cZnCs/getUpdates "HTTP/1.1 200 OK"
2026-05-19 00:39:16,954 | INFO     | HTTP Request: POST https://api.telegram.org/bot8223900828:AAGNG00joY9NKJRy9RnQSFq0St6kq9cZnCs/getUpdates "HTTP/1.1 200 OK"
2026-05-19 00:39:27,060 | INFO     | HTTP Request: POST https://api.telegram.org/bot8223900828:AAGNG00joY9NKJRy9RnQSFq0St6kq9cZnCs/getUpdates "HTTP/1.1 200 OK"
2026-05-19 00:39:37,166 | INFO     | HTTP Request: POST https://api.telegram.org/bot8223900828:AAGNG00joY9NKJRy9RnQSFq0St6kq9cZnCs/getUpdates "HTTP/1.1 200 OK"
2026-05-19 00:39:47,277 | INFO     | HTTP Request: POST https://api.telegram.org/bot8223900828:AAGNG00joY9NKJRy9RnQSFq0St6kq9cZnCs/getUpdates "HTTP/1.1 200 OK"
2026-05-19 00:39:57,381 | INFO     | HTTP Request: POST https://api.telegram.org/bot8223900828:AAGNG00joY9NKJRy9RnQSFq0St6kq9cZnCs/getUpdates "HTTP/1.1 200 OK"
2026-05-19 00:40:07,488 | INFO     | HTTP Request: POST https://api.telegram.org/bot8223900828:AAGNG00joY9NKJRy9RnQSFq0St6kq9cZnCs/getUpdates "HTTP/1.1 200 OK"
2026-05-19 00:40:17,593 | INFO     | HTTP Request: POST https://api.telegram.org/bot8223900828:AAGNG00joY9NKJRy9RnQSFq0St6kq9cZnCs/getUpdates "HTTP/1.1 200 OK"
2026-05-19 00:40:27,703 | INFO     | HTTP Request: POST https://api.telegram.org/bot8223900828:AAGNG00joY9NKJRy9RnQSFq0St6kq9cZnCs/getUpdates "HTTP/1.1 200 OK"
2026-05-19 00:40:37,808 | INFO     | HTTP Request: POST https://api.telegram.org/bot8223900828:AAGNG00joY9NKJRy9RnQSFq0St6kq9cZnCs/getUpdates "HTTP/1.1 200 OK"
2026-05-19 00:40:47,915 | INFO     | HTTP Request: POST https://api.telegram.org/bot8223900828:AAGNG00joY9NKJRy9RnQSFq0St6kq9cZnCs/getUpdates "HTTP/1.1 200 OK"
2026-05-19 00:40:58,021 | INFO     | HTTP Request: POST https://api.telegram.org/bot8223900828:AAGNG00joY9NKJRy9RnQSFq0St6kq9cZnCs/getUpdates "HTTP/1.1 200 OK"
2026-05-19 00:41:08,448 | INFO     | HTTP Request: POST https://api.telegram.org/bot8223900828:AAGNG00joY9NKJRy9RnQSFq0St6kq9cZnCs/getUpdates "HTTP/1.1 200 OK"
2026-05-19 00:41:18,553 | INFO     | HTTP Request: POST https://api.telegram.org/bot8223900828:AAGNG00joY9NKJRy9RnQSFq0St6kq9cZnCs/getUpdates "HTTP/1.1 200 OK"
2026-05-19 00:41:28,656 | INFO     | HTTP Request: POST https://api.telegram.org/bot8223900828:AAGNG00joY9NKJRy9RnQSFq0St6kq9cZnCs/getUpdates "HTTP/1.1 200 OK"
2026-05-19 00:41:38,766 | INFO     | HTTP Request: POST https://api.telegram.org/bot8223900828:AAGNG00joY9NKJRy9RnQSFq0St6kq9cZnCs/getUpdates "HTTP/1.1 200 OK"
2026-05-19 00:41:48,870 | INFO     | HTTP Request: POST https://api.telegram.org/bot8223900828:AAGNG00joY9NKJRy9RnQSFq0St6kq9cZnCs/getUpdates "HTTP/1.1 200 OK"
2026-05-19 00:41:58,974 | INFO     | HTTP Request: POST https://api.telegram.org/bot8223900828:AAGNG00joY9NKJRy9RnQSFq0St6kq9cZnCs/getUpdates "HTTP/1.1 200 OK"
2026-05-19 00:42:09,079 | INFO     | HTTP Request: POST https://api.telegram.org/bot8223900828:AAGNG00joY9NKJRy9RnQSFq0St6kq9cZnCs/getUpdates "HTTP/1.1 200 OK"
2026-05-19 00:42:19,183 | INFO     | HTTP Request: POST https://api.telegram.org/bot8223900828:AAGNG00joY9NKJRy9RnQSFq0St6kq9cZnCs/getUpdates "HTTP/1.1 200 OK"
2026-05-19 00:42:29,300 | INFO     | HTTP Request: POST https://api.telegram.org/bot8223900828:AAGNG00joY9NKJRy9RnQSFq0St6kq9cZnCs/getUpdates "HTTP/1.1 200 OK"
2026-05-19 00:42:39,410 | INFO     | HTTP Request: POST https://api.telegram.org/bot8223900828:AAGNG00joY9NKJRy9RnQSFq0St6kq9cZnCs/getUpdates "HTTP/1.1 200 OK"
2026-05-19 00:42:49,513 | INFO     | HTTP Request: POST https://api.telegram.org/bot8223900828:AAGNG00joY9NKJRy9RnQSFq0St6kq9cZnCs/getUpdates "HTTP/1.1 200 OK"
2026-05-19 00:42:59,621 | INFO     | HTTP Request: POST https://api.telegram.org/bot8223900828:AAGNG00joY9NKJRy9RnQSFq0St6kq9cZnCs/getUpdates "HTTP/1.1 200 OK"
2026-05-19 00:43:09,737 | INFO     | HTTP Request: POST https://api.telegram.org/bot8223900828:AAGNG00joY9NKJRy9RnQSFq0St6kq9cZnCs/getUpdates "HTTP/1.1 200 OK"
2026-05-19 00:43:19,845 | INFO     | HTTP Request: POST https://api.telegram.org/bot8223900828:AAGNG00joY9NKJRy9RnQSFq0St6kq9cZnCs/getUpdates "HTTP/1.1 200 OK"
2026-05-19 00:43:29,951 | INFO     | HTTP Request: POST https://api.telegram.org/bot8223900828:AAGNG00joY9NKJRy9RnQSFq0St6kq9cZnCs/getUpdates "HTTP/1.1 200 OK"
2026-05-19 00:43:40,060 | INFO     | HTTP Request: POST https://api.telegram.org/bot8223900828:AAGNG00joY9NKJRy9RnQSFq0St6kq9cZnCs/getUpdates "HTTP/1.1 200 OK"
2026-05-19 00:43:50,165 | INFO     | HTTP Request: POST https://api.telegram.org/bot8223900828:AAGNG00joY9NKJRy9RnQSFq0St6kq9cZnCs/getUpdates "HTTP/1.1 200 OK"
2026-05-19 00:44:00,273 | INFO     | HTTP Request: POST https://api.telegram.org/bot8223900828:AAGNG00joY9NKJRy9RnQSFq0St6kq9cZnCs/getUpdates "HTTP/1.1 200 OK"
2026-05-19 00:44:10,377 | INFO     | HTTP Request: POST https://api.telegram.org/bot8223900828:AAGNG00joY9NKJRy9RnQSFq0St6kq9cZnCs/getUpdates "HTTP/1.1 200 OK"
2026-05-19 00:44:20,484 | INFO     | HTTP Request: POST https://api.telegram.org/bot8223900828:AAGNG00joY9NKJRy9RnQSFq0St6kq9cZnCs/getUpdates "HTTP/1.1 200 OK"
2026-05-19 00:44:30,589 | INFO     | HTTP Request: POST https://api.telegram.org/bot8223900828:AAGNG00joY9NKJRy9RnQSFq0St6kq9cZnCs/getUpdates "HTTP/1.1 200 OK"
2026-05-19 00:44:40,695 | INFO     | HTTP Request: POST https://api.telegram.org/bot8223900828:AAGNG00joY9NKJRy9RnQSFq0St6kq9cZnCs/getUpdates "HTTP/1.1 200 OK"
2026-05-19 00:44:50,932 | INFO     | HTTP Request: POST https://api.telegram.org/bot8223900828:AAGNG00joY9NKJRy9RnQSFq0St6kq9cZnCs/getUpdates "HTTP/1.1 200 OK"
2026-05-19 00:45:01,049 | INFO     | HTTP Request: POST https://api.telegram.org/bot8223900828:AAGNG00joY9NKJRy9RnQSFq0St6kq9cZnCs/getUpdates "HTTP/1.1 200 OK"
2026-05-19 00:45:11,175 | INFO     | HTTP Request: POST https://api.telegram.org/bot8223900828:AAGNG00joY9NKJRy9RnQSFq0St6kq9cZnCs/getUpdates "HTTP/1.1 200 OK"
2026-05-19 00:45:21,285 | INFO     | HTTP Request: POST https://api.telegram.org/bot8223900828:AAGNG00joY9NKJRy9RnQSFq0St6kq9cZnCs/getUpdates "HTTP/1.1 200 OK"
2026-05-19 00:45:31,393 | INFO     | HTTP Request: POST https://api.telegram.org/bot8223900828:AAGNG00joY9NKJRy9RnQSFq0St6kq9cZnCs/getUpdates "HTTP/1.1 200 OK"
2026-05-19 00:45:41,496 | INFO     | HTTP Request: POST https://api.telegram.org/bot8223900828:AAGNG00joY9NKJRy9RnQSFq0St6kq9cZnCs/getUpdates "HTTP/1.1 200 OK"
2026-05-19 00:45:51,598 | INFO     | HTTP Request: POST https://api.telegram.org/bot8223900828:AAGNG00joY9NKJRy9RnQSFq0St6kq9cZnCs/getUpdates "HTTP/1.1 200 OK"
2026-05-19 00:46:01,701 | INFO     | HTTP Request: POST https://api.telegram.org/bot8223900828:AAGNG00joY9NKJRy9RnQSFq0St6kq9cZnCs/getUpdates "HTTP/1.1 200 OK"
2026-05-19 00:46:11,803 | INFO     | HTTP Request: POST https://api.telegram.org/bot8223900828:AAGNG00joY9NKJRy9RnQSFq0St6kq9cZnCs/getUpdates "HTTP/1.1 200 OK"
2026-05-19 00:46:21,905 | INFO     | HTTP Request: POST https://api.telegram.org/bot8223900828:AAGNG00joY9NKJRy9RnQSFq0St6kq9cZnCs/getUpdates "HTTP/1.1 200 OK"
2026-05-19 00:46:32,008 | INFO     | HTTP Request: POST https://api.telegram.org/bot8223900828:AAGNG00joY9NKJRy9RnQSFq0St6kq9cZnCs/getUpdates "HTTP/1.1 200 OK"
2026-05-19 00:46:42,117 | INFO     | HTTP Request: POST https://api.telegram.org/bot8223900828:AAGNG00joY9NKJRy9RnQSFq0St6kq9cZnCs/getUpdates "HTTP/1.1 200 OK"
2026-05-19 00:46:52,230 | INFO     | HTTP Request: POST https://api.telegram.org/bot8223900828:AAGNG00joY9NKJRy9RnQSFq0St6kq9cZnCs/getUpdates "HTTP/1.1 200 OK"
2026-05-19 00:47:02,337 | INFO     | HTTP Request: POST https://api.telegram.org/bot8223900828:AAGNG00joY9NKJRy9RnQSFq0St6kq9cZnCs/getUpdates "HTTP/1.1 200 OK"
2026-05-19 00:47:12,448 | INFO     | HTTP Request: POST https://api.telegram.org/bot8223900828:AAGNG00joY9NKJRy9RnQSFq0St6kq9cZnCs/getUpdates "HTTP/1.1 200 OK"
2026-05-19 00:47:22,557 | INFO     | HTTP Request: POST https://api.telegram.org/bot8223900828:AAGNG00joY9NKJRy9RnQSFq0St6kq9cZnCs/getUpdates "HTTP/1.1 200 OK"
2026-05-19 00:47:32,665 | INFO     | HTTP Request: POST https://api.telegram.org/bot8223900828:AAGNG00joY9NKJRy9RnQSFq0St6kq9cZnCs/getUpdates "HTTP/1.1 200 OK"
2026-05-19 00:47:42,778 | INFO     | HTTP Request: POST https://api.telegram.org/bot8223900828:AAGNG00joY9NKJRy9RnQSFq0St6kq9cZnCs/getUpdates "HTTP/1.1 200 OK"
2026-05-19 00:47:52,882 | INFO     | HTTP Request: POST https://api.telegram.org/bot8223900828:AAGNG00joY9NKJRy9RnQSFq0St6kq9cZnCs/getUpdates "HTTP/1.1 200 OK"
2026-05-19 00:48:02,985 | INFO     | HTTP Request: POST https://api.telegram.org/bot8223900828:AAGNG00joY9NKJRy9RnQSFq0St6kq9cZnCs/getUpdates "HTTP/1.1 200 OK"
2026-05-19 00:48:13,101 | INFO     | HTTP Request: POST https://api.telegram.org/bot8223900828:AAGNG00joY9NKJRy9RnQSFq0St6kq9cZnCs/getUpdates "HTTP/1.1 200 OK"
2026-05-19 00:48:23,211 | INFO     | HTTP Request: POST https://api.telegram.org/bot8223900828:AAGNG00joY9NKJRy9RnQSFq0St6kq9cZnCs/getUpdates "HTTP/1.1 200 OK"
2026-05-19 00:48:33,316 | INFO     | HTTP Request: POST https://api.telegram.org/bot8223900828:AAGNG00joY9NKJRy9RnQSFq0St6kq9cZnCs/getUpdates "HTTP/1.1 200 OK"
2026-05-19 00:48:43,419 | INFO     | HTTP Request: POST https://api.telegram.org/bot8223900828:AAGNG00joY9NKJRy9RnQSFq0St6kq9cZnCs/getUpdates "HTTP/1.1 200 OK"
2026-05-19 00:48:53,523 | INFO     | HTTP Request: POST https://api.telegram.org/bot8223900828:AAGNG00joY9NKJRy9RnQSFq0St6kq9cZnCs/getUpdates "HTTP/1.1 200 OK"
2026-05-19 00:49:03,631 | INFO     | HTTP Request: POST https://api.telegram.org/bot8223900828:AAGNG00joY9NKJRy9RnQSFq0St6kq9cZnCs/getUpdates "HTTP/1.1 200 OK"
2026-05-19 00:49:13,736 | INFO     | HTTP Request: POST https://api.telegram.org/bot8223900828:AAGNG00joY9NKJRy9RnQSFq0St6kq9cZnCs/getUpdates "HTTP/1.1 200 OK"
2026-05-19 00:49:23,842 | INFO     | HTTP Request: POST https://api.telegram.org/bot8223900828:AAGNG00joY9NKJRy9RnQSFq0St6kq9cZnCs/getUpdates "HTTP/1.1 200 OK"
2026-05-19 00:49:33,957 | INFO     | HTTP Request: POST https://api.telegram.org/bot8223900828:AAGNG00joY9NKJRy9RnQSFq0St6kq9cZnCs/getUpdates "HTTP/1.1 200 OK"
2026-05-19 00:49:44,066 | INFO     | HTTP Request: POST https://api.telegram.org/bot8223900828:AAGNG00joY9NKJRy9RnQSFq0St6kq9cZnCs/getUpdates "HTTP/1.1 200 OK"
2026-05-19 00:49:54,175 | INFO     | HTTP Request: POST https://api.telegram.org/bot8223900828:AAGNG00joY9NKJRy9RnQSFq0St6kq9cZnCs/getUpdates "HTTP/1.1 200 OK"
2026-05-19 00:50:04,295 | INFO     | HTTP Request: POST https://api.telegram.org/bot8223900828:AAGNG00joY9NKJRy9RnQSFq0St6kq9cZnCs/getUpdates "HTTP/1.1 200 OK"
2026-05-19 00:50:14,403 | INFO     | HTTP Request: POST https://api.telegram.org/bot8223900828:AAGNG00joY9NKJRy9RnQSFq0St6kq9cZnCs/getUpdates "HTTP/1.1 200 OK"
2026-05-19 00:50:24,510 | INFO     | HTTP Request: POST https://api.telegram.org/bot8223900828:AAGNG00joY9NKJRy9RnQSFq0St6kq9cZnCs/getUpdates "HTTP/1.1 200 OK"
2026-05-19 00:50:34,615 | INFO     | HTTP Request: POST https://api.telegram.org/bot8223900828:AAGNG00joY9NKJRy9RnQSFq0St6kq9cZnCs/getUpdates "HTTP/1.1 200 OK"
2026-05-19 00:50:44,726 | INFO     | HTTP Request: POST https://api.telegram.org/bot8223900828:AAGNG00joY9NKJRy9RnQSFq0St6kq9cZnCs/getUpdates "HTTP/1.1 200 OK"
2026-05-19 00:50:54,832 | INFO     | HTTP Request: POST https://api.telegram.org/bot8223900828:AAGNG00joY9NKJRy9RnQSFq0St6kq9cZnCs/getUpdates "HTTP/1.1 200 OK"
2026-05-19 00:51:04,947 | INFO     | HTTP Request: POST https://api.telegram.org/bot8223900828:AAGNG00joY9NKJRy9RnQSFq0St6kq9cZnCs/getUpdates "HTTP/1.1 200 OK"
2026-05-19 00:51:15,059 | INFO     | HTTP Request: POST https://api.telegram.org/bot8223900828:AAGNG00joY9NKJRy9RnQSFq0St6kq9cZnCs/getUpdates "HTTP/1.1 200 OK"
2026-05-19 00:51:25,165 | INFO     | HTTP Request: POST https://api.telegram.org/bot8223900828:AAGNG00joY9NKJRy9RnQSFq0St6kq9cZnCs/getUpdates "HTTP/1.1 200 OK"
2026-05-19 00:51:35,270 | INFO     | HTTP Request: POST https://api.telegram.org/bot8223900828:AAGNG00joY9NKJRy9RnQSFq0St6kq9cZnCs/getUpdates "HTTP/1.1 200 OK"
2026-05-19 00:51:45,381 | INFO     | HTTP Request: POST https://api.telegram.org/bot8223900828:AAGNG00joY9NKJRy9RnQSFq0St6kq9cZnCs/getUpdates "HTTP/1.1 200 OK"
2026-05-19 00:51:55,507 | INFO     | HTTP Request: POST https://api.telegram.org/bot8223900828:AAGNG00joY9NKJRy9RnQSFq0St6kq9cZnCs/getUpdates "HTTP/1.1 200 OK"
2026-05-19 00:52:05,636 | INFO     | HTTP Request: POST https://api.telegram.org/bot8223900828:AAGNG00joY9NKJRy9RnQSFq0St6kq9cZnCs/getUpdates "HTTP/1.1 200 OK"
2026-05-19 00:52:15,742 | INFO     | HTTP Request: POST https://api.telegram.org/bot8223900828:AAGNG00joY9NKJRy9RnQSFq0St6kq9cZnCs/getUpdates "HTTP/1.1 200 OK"
2026-05-19 00:52:25,847 | INFO     | HTTP Request: POST https://api.telegram.org/bot8223900828:AAGNG00joY9NKJRy9RnQSFq0St6kq9cZnCs/getUpdates "HTTP/1.1 200 OK"
2026-05-19 00:52:35,955 | INFO     | HTTP Request: POST https://api.telegram.org/bot8223900828:AAGNG00joY9NKJRy9RnQSFq0St6kq9cZnCs/getUpdates "HTTP/1.1 200 OK"
2026-05-19 00:52:46,062 | INFO     | HTTP Request: POST https://api.telegram.org/bot8223900828:AAGNG00joY9NKJRy9RnQSFq0St6kq9cZnCs/getUpdates "HTTP/1.1 200 OK"
2026-05-19 00:52:56,171 | INFO     | HTTP Request: POST https://api.telegram.org/bot8223900828:AAGNG00joY9NKJRy9RnQSFq0St6kq9cZnCs/getUpdates "HTTP/1.1 200 OK"
2026-05-19 00:53:06,278 | INFO     | HTTP Request: POST https://api.telegram.org/bot8223900828:AAGNG00joY9NKJRy9RnQSFq0St6kq9cZnCs/getUpdates "HTTP/1.1 200 OK"
2026-05-19 00:53:16,388 | INFO     | HTTP Request: POST https://api.telegram.org/bot8223900828:AAGNG00joY9NKJRy9RnQSFq0St6kq9cZnCs/getUpdates "HTTP/1.1 200 OK"
2026-05-19 00:53:26,495 | INFO     | HTTP Request: POST https://api.telegram.org/bot8223900828:AAGNG00joY9NKJRy9RnQSFq0St6kq9cZnCs/getUpdates "HTTP/1.1 200 OK"
2026-05-19 00:53:36,603 | INFO     | HTTP Request: POST https://api.telegram.org/bot8223900828:AAGNG00joY9NKJRy9RnQSFq0St6kq9cZnCs/getUpdates "HTTP/1.1 200 OK"
2026-05-19 00:53:46,714 | INFO     | HTTP Request: POST https://api.telegram.org/bot8223900828:AAGNG00joY9NKJRy9RnQSFq0St6kq9cZnCs/getUpdates "HTTP/1.1 200 OK"
2026-05-19 00:53:56,823 | INFO     | HTTP Request: POST https://api.telegram.org/bot8223900828:AAGNG00joY9NKJRy9RnQSFq0St6kq9cZnCs/getUpdates "HTTP/1.1 200 OK"
2026-05-19 00:54:06,933 | INFO     | HTTP Request: POST https://api.telegram.org/bot8223900828:AAGNG00joY9NKJRy9RnQSFq0St6kq9cZnCs/getUpdates "HTTP/1.1 200 OK"
2026-05-19 00:54:17,050 | INFO     | HTTP Request: POST https://api.telegram.org/bot8223900828:AAGNG00joY9NKJRy9RnQSFq0St6kq9cZnCs/getUpdates "HTTP/1.1 200 OK"
2026-05-19 00:54:27,163 | INFO     | HTTP Request: POST https://api.telegram.org/bot8223900828:AAGNG00joY9NKJRy9RnQSFq0St6kq9cZnCs/getUpdates "HTTP/1.1 200 OK"
2026-05-19 00:54:30,831 | INFO     | HTTP Request: POST https://api.telegram.org/bot8223900828:AAGNG00joY9NKJRy9RnQSFq0St6kq9cZnCs/getUpdates "HTTP/1.1 200 OK"
2026-05-19 00:54:30,843 | INFO     | Application is stopping. This might take a moment.
2026-05-19 00:54:30,845 | INFO     | Application.stop() complete
2026-05-19 00:54:38,502 | INFO     | DonishAI started | model=qwen2.5:3b
2026-05-19 00:54:39,327 | INFO     | HTTP Request: POST https://api.telegram.org/bot8223900828:AAGNG00joY9NKJRy9RnQSFq0St6kq9cZnCs/getMe "HTTP/1.1 200 OK"
2026-05-19 00:54:39,443 | INFO     | HTTP Request: POST https://api.telegram.org/bot8223900828:AAGNG00joY9NKJRy9RnQSFq0St6kq9cZnCs/deleteWebhook "HTTP/1.1 200 OK"
2026-05-19 00:54:39,447 | INFO     | Application started
2026-05-19 00:54:49,768 | INFO     | HTTP Request: POST https://api.telegram.org/bot8223900828:AAGNG00joY9NKJRy9RnQSFq0St6kq9cZnCs/getUpdates "HTTP/1.1 200 OK"
2026-05-19 00:54:55,427 | INFO     | HTTP Request: POST https://api.telegram.org/bot8223900828:AAGNG00joY9NKJRy9RnQSFq0St6kq9cZnCs/getUpdates "HTTP/1.1 200 OK"
2026-05-19 00:54:55,789 | INFO     | HTTP Request: POST https://api.telegram.org/bot8223900828:AAGNG00joY9NKJRy9RnQSFq0St6kq9cZnCs/sendMessage "HTTP/1.1 200 OK"
2026-05-19 00:55:05,533 | INFO     | HTTP Request: POST https://api.telegram.org/bot8223900828:AAGNG00joY9NKJRy9RnQSFq0St6kq9cZnCs/getUpdates "HTTP/1.1 200 OK"
2026-05-19 00:55:15,638 | INFO     | HTTP Request: POST https://api.telegram.org/bot8223900828:AAGNG00joY9NKJRy9RnQSFq0St6kq9cZnCs/getUpdates "HTTP/1.1 200 OK"
2026-05-19 00:55:15,743 | INFO     | HTTP Request: POST https://api.telegram.org/bot8223900828:AAGNG00joY9NKJRy9RnQSFq0St6kq9cZnCs/getUpdates "HTTP/1.1 200 OK"
2026-05-19 00:55:16,112 | INFO     | HTTP Request: POST https://api.telegram.org/bot8223900828:AAGNG00joY9NKJRy9RnQSFq0St6kq9cZnCs/sendChatAction "HTTP/1.1 200 OK"
2026-05-19 00:55:20,047 | INFO     | HTTP Request: POST http://localhost:11434/api/chat "HTTP/1.1 200 OK"
2026-05-19 00:55:20,068 | INFO     | QUIZ_START | user=2057476178 | topic=закон Кулона
2026-05-19 00:55:20,209 | INFO     | HTTP Request: POST https://api.telegram.org/bot8223900828:AAGNG00joY9NKJRy9RnQSFq0St6kq9cZnCs/sendMessage "HTTP/1.1 200 OK"
2026-05-19 00:55:25,850 | INFO     | HTTP Request: POST https://api.telegram.org/bot8223900828:AAGNG00joY9NKJRy9RnQSFq0St6kq9cZnCs/getUpdates "HTTP/1.1 200 OK"
2026-05-19 00:55:35,958 | INFO     | HTTP Request: POST https://api.telegram.org/bot8223900828:AAGNG00joY9NKJRy9RnQSFq0St6kq9cZnCs/getUpdates "HTTP/1.1 200 OK"
2026-05-19 00:55:46,064 | INFO     | HTTP Request: POST https://api.telegram.org/bot8223900828:AAGNG00joY9NKJRy9RnQSFq0St6kq9cZnCs/getUpdates "HTTP/1.1 200 OK"
2026-05-19 00:55:56,197 | INFO     | HTTP Request: POST https://api.telegram.org/bot8223900828:AAGNG00joY9NKJRy9RnQSFq0St6kq9cZnCs/getUpdates "HTTP/1.1 200 OK"
2026-05-19 00:56:06,302 | INFO     | HTTP Request: POST https://api.telegram.org/bot8223900828:AAGNG00joY9NKJRy9RnQSFq0St6kq9cZnCs/getUpdates "HTTP/1.1 200 OK"
2026-05-19 00:56:11,183 | INFO     | HTTP Request: POST https://api.telegram.org/bot8223900828:AAGNG00joY9NKJRy9RnQSFq0St6kq9cZnCs/getUpdates "HTTP/1.1 200 OK"
2026-05-19 00:56:11,196 | INFO     | Application is stopping. This might take a moment.
2026-05-19 00:56:11,197 | INFO     | Application.stop() complete
2026-05-19 00:56:14,923 | INFO     | DonishAI started | model=qwen2.5:3b
2026-05-19 00:56:15,607 | INFO     | HTTP Request: POST https://api.telegram.org/bot8223900828:AAGNG00joY9NKJRy9RnQSFq0St6kq9cZnCs/getMe "HTTP/1.1 200 OK"
2026-05-19 00:56:15,710 | INFO     | HTTP Request: POST https://api.telegram.org/bot8223900828:AAGNG00joY9NKJRy9RnQSFq0St6kq9cZnCs/deleteWebhook "HTTP/1.1 200 OK"
2026-05-19 00:56:15,731 | INFO     | Application started
2026-05-19 00:56:17,529 | INFO     | HTTP Request: POST https://api.telegram.org/bot8223900828:AAGNG00joY9NKJRy9RnQSFq0St6kq9cZnCs/getUpdates "HTTP/1.1 200 OK"
2026-05-19 00:56:17,647 | INFO     | HTTP Request: POST https://api.telegram.org/bot8223900828:AAGNG00joY9NKJRy9RnQSFq0St6kq9cZnCs/answerCallbackQuery "HTTP/1.1 200 OK"
2026-05-19 00:56:17,768 | INFO     | HTTP Request: POST https://api.telegram.org/bot8223900828:AAGNG00joY9NKJRy9RnQSFq0St6kq9cZnCs/editMessageReplyMarkup "HTTP/1.1 200 OK"
2026-05-19 00:56:17,908 | INFO     | HTTP Request: POST https://api.telegram.org/bot8223900828:AAGNG00joY9NKJRy9RnQSFq0St6kq9cZnCs/sendMessage "HTTP/1.1 200 OK"
2026-05-19 00:56:21,875 | INFO     | HTTP Request: POST https://api.telegram.org/bot8223900828:AAGNG00joY9NKJRy9RnQSFq0St6kq9cZnCs/getUpdates "HTTP/1.1 200 OK"
2026-05-19 00:56:22,092 | INFO     | HTTP Request: POST https://api.telegram.org/bot8223900828:AAGNG00joY9NKJRy9RnQSFq0St6kq9cZnCs/sendMessage "HTTP/1.1 200 OK"
2026-05-19 00:56:30,264 | INFO     | HTTP Request: POST https://api.telegram.org/bot8223900828:AAGNG00joY9NKJRy9RnQSFq0St6kq9cZnCs/getUpdates "HTTP/1.1 200 OK"
2026-05-19 00:56:30,605 | INFO     | HTTP Request: POST https://api.telegram.org/bot8223900828:AAGNG00joY9NKJRy9RnQSFq0St6kq9cZnCs/sendChatAction "HTTP/1.1 200 OK"
2026-05-19 00:56:32,784 | INFO     | HTTP Request: POST http://localhost:11434/api/chat "HTTP/1.1 200 OK"
2026-05-19 00:56:32,785 | INFO     | QUIZ_START | user=2057476178 | topic=физика
2026-05-19 00:56:32,938 | INFO     | HTTP Request: POST https://api.telegram.org/bot8223900828:AAGNG00joY9NKJRy9RnQSFq0St6kq9cZnCs/sendMessage "HTTP/1.1 200 OK"
2026-05-19 00:56:40,514 | INFO     | HTTP Request: POST https://api.telegram.org/bot8223900828:AAGNG00joY9NKJRy9RnQSFq0St6kq9cZnCs/getUpdates "HTTP/1.1 200 OK"
2026-05-19 00:56:45,598 | INFO     | HTTP Request: POST https://api.telegram.org/bot8223900828:AAGNG00joY9NKJRy9RnQSFq0St6kq9cZnCs/getUpdates "HTTP/1.1 200 OK"
2026-05-19 00:56:46,003 | INFO     | HTTP Request: POST https://api.telegram.org/bot8223900828:AAGNG00joY9NKJRy9RnQSFq0St6kq9cZnCs/sendChatAction "HTTP/1.1 200 OK"
2026-05-19 00:56:49,131 | INFO     | HTTP Request: POST http://localhost:11434/api/chat "HTTP/1.1 200 OK"
2026-05-19 00:56:49,133 | INFO     | QUIZ_EVAL | user=2057476178 | q=2
2026-05-19 00:56:49,329 | INFO     | HTTP Request: POST https://api.telegram.org/bot8223900828:AAGNG00joY9NKJRy9RnQSFq0St6kq9cZnCs/sendMessage "HTTP/1.1 200 OK"
2026-05-19 00:56:55,709 | INFO     | HTTP Request: POST https://api.telegram.org/bot8223900828:AAGNG00joY9NKJRy9RnQSFq0St6kq9cZnCs/getUpdates "HTTP/1.1 200 OK"
2026-05-19 00:57:05,819 | INFO     | HTTP Request: POST https://api.telegram.org/bot8223900828:AAGNG00joY9NKJRy9RnQSFq0St6kq9cZnCs/getUpdates "HTTP/1.1 200 OK"
2026-05-19 00:57:15,950 | INFO     | HTTP Request: POST https://api.telegram.org/bot8223900828:AAGNG00joY9NKJRy9RnQSFq0St6kq9cZnCs/getUpdates "HTTP/1.1 200 OK"
2026-05-19 00:57:26,065 | INFO     | HTTP Request: POST https://api.telegram.org/bot8223900828:AAGNG00joY9NKJRy9RnQSFq0St6kq9cZnCs/getUpdates "HTTP/1.1 200 OK"
2026-05-19 00:57:36,172 | INFO     | HTTP Request: POST https://api.telegram.org/bot8223900828:AAGNG00joY9NKJRy9RnQSFq0St6kq9cZnCs/getUpdates "HTTP/1.1 200 OK"
2026-05-19 00:57:46,293 | INFO     | HTTP Request: POST https://api.telegram.org/bot8223900828:AAGNG00joY9NKJRy9RnQSFq0St6kq9cZnCs/getUpdates "HTTP/1.1 200 OK"
2026-05-19 00:57:56,405 | INFO     | HTTP Request: POST https://api.telegram.org/bot8223900828:AAGNG00joY9NKJRy9RnQSFq0St6kq9cZnCs/getUpdates "HTTP/1.1 200 OK"
2026-05-19 00:58:06,515 | INFO     | HTTP Request: POST https://api.telegram.org/bot8223900828:AAGNG00joY9NKJRy9RnQSFq0St6kq9cZnCs/getUpdates "HTTP/1.1 200 OK"
2026-05-19 00:58:16,625 | INFO     | HTTP Request: POST https://api.telegram.org/bot8223900828:AAGNG00joY9NKJRy9RnQSFq0St6kq9cZnCs/getUpdates "HTTP/1.1 200 OK"
2026-05-19 00:58:26,733 | INFO     | HTTP Request: POST https://api.telegram.org/bot8223900828:AAGNG00joY9NKJRy9RnQSFq0St6kq9cZnCs/getUpdates "HTTP/1.1 200 OK"
2026-05-19 00:58:36,847 | INFO     | HTTP Request: POST https://api.telegram.org/bot8223900828:AAGNG00joY9NKJRy9RnQSFq0St6kq9cZnCs/getUpdates "HTTP/1.1 200 OK"
2026-05-19 00:58:46,961 | INFO     | HTTP Request: POST https://api.telegram.org/bot8223900828:AAGNG00joY9NKJRy9RnQSFq0St6kq9cZnCs/getUpdates "HTTP/1.1 200 OK"
2026-05-19 00:58:57,075 | INFO     | HTTP Request: POST https://api.telegram.org/bot8223900828:AAGNG00joY9NKJRy9RnQSFq0St6kq9cZnCs/getUpdates "HTTP/1.1 200 OK"
2026-05-19 00:59:07,186 | INFO     | HTTP Request: POST https://api.telegram.org/bot8223900828:AAGNG00joY9NKJRy9RnQSFq0St6kq9cZnCs/getUpdates "HTTP/1.1 200 OK"
2026-05-19 00:59:17,303 | INFO     | HTTP Request: POST https://api.telegram.org/bot8223900828:AAGNG00joY9NKJRy9RnQSFq0St6kq9cZnCs/getUpdates "HTTP/1.1 200 OK"
2026-05-19 00:59:20,476 | INFO     | HTTP Request: POST https://api.telegram.org/bot8223900828:AAGNG00joY9NKJRy9RnQSFq0St6kq9cZnCs/getUpdates "HTTP/1.1 200 OK"
2026-05-19 00:59:20,478 | INFO     | Application is stopping. This might take a moment.
2026-05-19 00:59:20,478 | INFO     | Application.stop() complete
2026-05-19 00:59:23,266 | INFO     | DonishAI started | model=qwen2.5:3b
2026-05-19 00:59:23,978 | INFO     | HTTP Request: POST https://api.telegram.org/bot8223900828:AAGNG00joY9NKJRy9RnQSFq0St6kq9cZnCs/getMe "HTTP/1.1 200 OK"
2026-05-19 00:59:24,088 | INFO     | HTTP Request: POST https://api.telegram.org/bot8223900828:AAGNG00joY9NKJRy9RnQSFq0St6kq9cZnCs/deleteWebhook "HTTP/1.1 200 OK"
2026-05-19 00:59:24,091 | INFO     | Application started
2026-05-19 00:59:27,931 | INFO     | HTTP Request: POST https://api.telegram.org/bot8223900828:AAGNG00joY9NKJRy9RnQSFq0St6kq9cZnCs/getUpdates "HTTP/1.1 200 OK"
2026-05-19 00:59:28,104 | INFO     | HTTP Request: POST https://api.telegram.org/bot8223900828:AAGNG00joY9NKJRy9RnQSFq0St6kq9cZnCs/sendMessage "HTTP/1.1 200 OK"
2026-05-19 00:59:38,042 | INFO     | HTTP Request: POST https://api.telegram.org/bot8223900828:AAGNG00joY9NKJRy9RnQSFq0St6kq9cZnCs/getUpdates "HTTP/1.1 200 OK"
2026-05-19 00:59:41,356 | INFO     | HTTP Request: POST https://api.telegram.org/bot8223900828:AAGNG00joY9NKJRy9RnQSFq0St6kq9cZnCs/getUpdates "HTTP/1.1 200 OK"
2026-05-19 00:59:41,733 | INFO     | HTTP Request: POST https://api.telegram.org/bot8223900828:AAGNG00joY9NKJRy9RnQSFq0St6kq9cZnCs/sendChatAction "HTTP/1.1 200 OK"
2026-05-19 00:59:44,083 | INFO     | HTTP Request: POST http://localhost:11434/api/chat "HTTP/1.1 200 OK"
2026-05-19 00:59:44,086 | INFO     | QUIZ_START | user=2057476178 | topic=Электростатика
2026-05-19 00:59:44,221 | INFO     | HTTP Request: POST https://api.telegram.org/bot8223900828:AAGNG00joY9NKJRy9RnQSFq0St6kq9cZnCs/sendMessage "HTTP/1.1 200 OK"
2026-05-19 00:59:51,464 | INFO     | HTTP Request: POST https://api.telegram.org/bot8223900828:AAGNG00joY9NKJRy9RnQSFq0St6kq9cZnCs/getUpdates "HTTP/1.1 200 OK"
2026-05-19 01:00:01,579 | INFO     | HTTP Request: POST https://api.telegram.org/bot8223900828:AAGNG00joY9NKJRy9RnQSFq0St6kq9cZnCs/getUpdates "HTTP/1.1 200 OK"
2026-05-19 01:00:11,696 | INFO     | HTTP Request: POST https://api.telegram.org/bot8223900828:AAGNG00joY9NKJRy9RnQSFq0St6kq9cZnCs/getUpdates "HTTP/1.1 200 OK"
2026-05-19 01:00:21,806 | INFO     | HTTP Request: POST https://api.telegram.org/bot8223900828:AAGNG00joY9NKJRy9RnQSFq0St6kq9cZnCs/getUpdates "HTTP/1.1 200 OK"
2026-05-19 01:00:31,912 | INFO     | HTTP Request: POST https://api.telegram.org/bot8223900828:AAGNG00joY9NKJRy9RnQSFq0St6kq9cZnCs/getUpdates "HTTP/1.1 200 OK"
2026-05-19 01:00:42,022 | INFO     | HTTP Request: POST https://api.telegram.org/bot8223900828:AAGNG00joY9NKJRy9RnQSFq0St6kq9cZnCs/getUpdates "HTTP/1.1 200 OK"
2026-05-19 01:00:52,134 | INFO     | HTTP Request: POST https://api.telegram.org/bot8223900828:AAGNG00joY9NKJRy9RnQSFq0St6kq9cZnCs/getUpdates "HTTP/1.1 200 OK"
2026-05-19 01:01:02,244 | INFO     | HTTP Request: POST https://api.telegram.org/bot8223900828:AAGNG00joY9NKJRy9RnQSFq0St6kq9cZnCs/getUpdates "HTTP/1.1 200 OK"
2026-05-19 01:01:04,264 | INFO     | HTTP Request: POST https://api.telegram.org/bot8223900828:AAGNG00joY9NKJRy9RnQSFq0St6kq9cZnCs/getUpdates "HTTP/1.1 200 OK"
2026-05-19 01:01:04,639 | INFO     | HTTP Request: POST https://api.telegram.org/bot8223900828:AAGNG00joY9NKJRy9RnQSFq0St6kq9cZnCs/answerCallbackQuery "HTTP/1.1 200 OK"
2026-05-19 01:01:04,768 | INFO     | HTTP Request: POST https://api.telegram.org/bot8223900828:AAGNG00joY9NKJRy9RnQSFq0St6kq9cZnCs/editMessageReplyMarkup "HTTP/1.1 200 OK"
2026-05-19 01:01:04,920 | INFO     | HTTP Request: POST https://api.telegram.org/bot8223900828:AAGNG00joY9NKJRy9RnQSFq0St6kq9cZnCs/sendMessage "HTTP/1.1 200 OK"
2026-05-19 01:01:14,392 | INFO     | HTTP Request: POST https://api.telegram.org/bot8223900828:AAGNG00joY9NKJRy9RnQSFq0St6kq9cZnCs/getUpdates "HTTP/1.1 200 OK"
2026-05-19 01:01:24,498 | INFO     | HTTP Request: POST https://api.telegram.org/bot8223900828:AAGNG00joY9NKJRy9RnQSFq0St6kq9cZnCs/getUpdates "HTTP/1.1 200 OK"
2026-05-19 01:01:34,606 | INFO     | HTTP Request: POST https://api.telegram.org/bot8223900828:AAGNG00joY9NKJRy9RnQSFq0St6kq9cZnCs/getUpdates "HTTP/1.1 200 OK"
2026-05-19 01:01:44,714 | INFO     | HTTP Request: POST https://api.telegram.org/bot8223900828:AAGNG00joY9NKJRy9RnQSFq0St6kq9cZnCs/getUpdates "HTTP/1.1 200 OK"
2026-05-19 01:01:54,822 | INFO     | HTTP Request: POST https://api.telegram.org/bot8223900828:AAGNG00joY9NKJRy9RnQSFq0St6kq9cZnCs/getUpdates "HTTP/1.1 200 OK"
2026-05-19 01:02:04,931 | INFO     | HTTP Request: POST https://api.telegram.org/bot8223900828:AAGNG00joY9NKJRy9RnQSFq0St6kq9cZnCs/getUpdates "HTTP/1.1 200 OK"
2026-05-19 01:02:15,038 | INFO     | HTTP Request: POST https://api.telegram.org/bot8223900828:AAGNG00joY9NKJRy9RnQSFq0St6kq9cZnCs/getUpdates "HTTP/1.1 200 OK"
2026-05-19 01:02:25,145 | INFO     | HTTP Request: POST https://api.telegram.org/bot8223900828:AAGNG00joY9NKJRy9RnQSFq0St6kq9cZnCs/getUpdates "HTTP/1.1 200 OK"
2026-05-19 01:02:35,251 | INFO     | HTTP Request: POST https://api.telegram.org/bot8223900828:AAGNG00joY9NKJRy9RnQSFq0St6kq9cZnCs/getUpdates "HTTP/1.1 200 OK"
2026-05-19 01:02:47,058 | INFO     | HTTP Request: POST https://api.telegram.org/bot8223900828:AAGNG00joY9NKJRy9RnQSFq0St6kq9cZnCs/getUpdates "HTTP/1.1 200 OK"
2026-05-19 01:02:57,164 | INFO     | HTTP Request: POST https://api.telegram.org/bot8223900828:AAGNG00joY9NKJRy9RnQSFq0St6kq9cZnCs/getUpdates "HTTP/1.1 200 OK"
2026-05-19 01:03:07,270 | INFO     | HTTP Request: POST https://api.telegram.org/bot8223900828:AAGNG00joY9NKJRy9RnQSFq0St6kq9cZnCs/getUpdates "HTTP/1.1 200 OK"
2026-05-19 01:03:17,382 | INFO     | HTTP Request: POST https://api.telegram.org/bot8223900828:AAGNG00joY9NKJRy9RnQSFq0St6kq9cZnCs/getUpdates "HTTP/1.1 200 OK"
2026-05-19 01:03:27,490 | INFO     | HTTP Request: POST https://api.telegram.org/bot8223900828:AAGNG00joY9NKJRy9RnQSFq0St6kq9cZnCs/getUpdates "HTTP/1.1 200 OK"
2026-05-19 01:03:37,601 | INFO     | HTTP Request: POST https://api.telegram.org/bot8223900828:AAGNG00joY9NKJRy9RnQSFq0St6kq9cZnCs/getUpdates "HTTP/1.1 200 OK"
2026-05-19 01:03:47,721 | INFO     | HTTP Request: POST https://api.telegram.org/bot8223900828:AAGNG00joY9NKJRy9RnQSFq0St6kq9cZnCs/getUpdates "HTTP/1.1 200 OK"
2026-05-19 01:03:57,825 | INFO     | HTTP Request: POST https://api.telegram.org/bot8223900828:AAGNG00joY9NKJRy9RnQSFq0St6kq9cZnCs/getUpdates "HTTP/1.1 200 OK"
2026-05-19 01:04:07,932 | INFO     | HTTP Request: POST https://api.telegram.org/bot8223900828:AAGNG00joY9NKJRy9RnQSFq0St6kq9cZnCs/getUpdates "HTTP/1.1 200 OK"
2026-05-19 01:04:18,039 | INFO     | HTTP Request: POST https://api.telegram.org/bot8223900828:AAGNG00joY9NKJRy9RnQSFq0St6kq9cZnCs/getUpdates "HTTP/1.1 200 OK"
2026-05-19 01:04:28,147 | INFO     | HTTP Request: POST https://api.telegram.org/bot8223900828:AAGNG00joY9NKJRy9RnQSFq0St6kq9cZnCs/getUpdates "HTTP/1.1 200 OK"
2026-05-19 01:04:38,254 | INFO     | HTTP Request: POST https://api.telegram.org/bot8223900828:AAGNG00joY9NKJRy9RnQSFq0St6kq9cZnCs/getUpdates "HTTP/1.1 200 OK"
2026-05-19 01:04:48,363 | INFO     | HTTP Request: POST https://api.telegram.org/bot8223900828:AAGNG00joY9NKJRy9RnQSFq0St6kq9cZnCs/getUpdates "HTTP/1.1 200 OK"
2026-05-19 01:04:58,471 | INFO     | HTTP Request: POST https://api.telegram.org/bot8223900828:AAGNG00joY9NKJRy9RnQSFq0St6kq9cZnCs/getUpdates "HTTP/1.1 200 OK"
2026-05-19 01:05:08,576 | INFO     | HTTP Request: POST https://api.telegram.org/bot8223900828:AAGNG00joY9NKJRy9RnQSFq0St6kq9cZnCs/getUpdates "HTTP/1.1 200 OK"
2026-05-19 01:05:18,683 | INFO     | HTTP Request: POST https://api.telegram.org/bot8223900828:AAGNG00joY9NKJRy9RnQSFq0St6kq9cZnCs/getUpdates "HTTP/1.1 200 OK"
2026-05-19 01:05:28,801 | INFO     | HTTP Request: POST https://api.telegram.org/bot8223900828:AAGNG00joY9NKJRy9RnQSFq0St6kq9cZnCs/getUpdates "HTTP/1.1 200 OK"
2026-05-19 01:05:38,911 | INFO     | HTTP Request: POST https://api.telegram.org/bot8223900828:AAGNG00joY9NKJRy9RnQSFq0St6kq9cZnCs/getUpdates "HTTP/1.1 200 OK"
2026-05-19 01:05:49,022 | INFO     | HTTP Request: POST https://api.telegram.org/bot8223900828:AAGNG00joY9NKJRy9RnQSFq0St6kq9cZnCs/getUpdates "HTTP/1.1 200 OK"
2026-05-19 01:05:59,133 | INFO     | HTTP Request: POST https://api.telegram.org/bot8223900828:AAGNG00joY9NKJRy9RnQSFq0St6kq9cZnCs/getUpdates "HTTP/1.1 200 OK"
2026-05-19 01:06:09,241 | INFO     | HTTP Request: POST https://api.telegram.org/bot8223900828:AAGNG00joY9NKJRy9RnQSFq0St6kq9cZnCs/getUpdates "HTTP/1.1 200 OK"
2026-05-19 01:06:19,352 | INFO     | HTTP Request: POST https://api.telegram.org/bot8223900828:AAGNG00joY9NKJRy9RnQSFq0St6kq9cZnCs/getUpdates "HTTP/1.1 200 OK"
2026-05-19 01:06:29,462 | INFO     | HTTP Request: POST https://api.telegram.org/bot8223900828:AAGNG00joY9NKJRy9RnQSFq0St6kq9cZnCs/getUpdates "HTTP/1.1 200 OK"
2026-05-19 01:06:39,571 | INFO     | HTTP Request: POST https://api.telegram.org/bot8223900828:AAGNG00joY9NKJRy9RnQSFq0St6kq9cZnCs/getUpdates "HTTP/1.1 200 OK"
2026-05-19 01:06:42,700 | INFO     | HTTP Request: POST https://api.telegram.org/bot8223900828:AAGNG00joY9NKJRy9RnQSFq0St6kq9cZnCs/getUpdates "HTTP/1.1 200 OK"
2026-05-19 01:06:42,702 | INFO     | Application is stopping. This might take a moment.
2026-05-19 01:06:42,703 | INFO     | Application.stop() complete
2026-05-19 01:06:45,820 | INFO     | ╔══════════════════════════════════════╗
2026-05-19 01:06:45,821 | INFO     | ║  📚  DonishAI — МГУ Душанбе          ║
2026-05-19 01:06:45,821 | INFO     | ║  Модель : qwen2.5:3b                 ║
2026-05-19 01:06:45,821 | INFO     | ║  Стоп   : Ctrl+C                     ║
2026-05-19 01:06:45,822 | INFO     | ╚══════════════════════════════════════╝
2026-05-19 01:06:46,526 | INFO     | DonishAI started | model=qwen2.5:3b
2026-05-19 01:06:47,180 | INFO     | HTTP Request: POST https://api.telegram.org/bot8223900828:AAGNG00joY9NKJRy9RnQSFq0St6kq9cZnCs/getMe "HTTP/1.1 200 OK"
2026-05-19 01:06:47,552 | INFO     | HTTP Request: POST https://api.telegram.org/bot8223900828:AAGNG00joY9NKJRy9RnQSFq0St6kq9cZnCs/deleteWebhook "HTTP/1.1 200 OK"
2026-05-19 01:06:47,556 | INFO     | Application started
2026-05-19 01:06:54,211 | INFO     | HTTP Request: POST https://api.telegram.org/bot8223900828:AAGNG00joY9NKJRy9RnQSFq0St6kq9cZnCs/getUpdates "HTTP/1.1 200 OK"
2026-05-19 01:06:54,555 | INFO     | HTTP Request: POST https://api.telegram.org/bot8223900828:AAGNG00joY9NKJRy9RnQSFq0St6kq9cZnCs/sendMessage "HTTP/1.1 200 OK"
2026-05-19 01:07:04,321 | INFO     | HTTP Request: POST https://api.telegram.org/bot8223900828:AAGNG00joY9NKJRy9RnQSFq0St6kq9cZnCs/getUpdates "HTTP/1.1 200 OK"
2026-05-19 01:07:07,670 | INFO     | HTTP Request: POST https://api.telegram.org/bot8223900828:AAGNG00joY9NKJRy9RnQSFq0St6kq9cZnCs/getUpdates "HTTP/1.1 200 OK"
2026-05-19 01:07:08,019 | INFO     | HTTP Request: POST https://api.telegram.org/bot8223900828:AAGNG00joY9NKJRy9RnQSFq0St6kq9cZnCs/sendChatAction "HTTP/1.1 200 OK"
2026-05-19 01:07:17,782 | INFO     | HTTP Request: POST https://api.telegram.org/bot8223900828:AAGNG00joY9NKJRy9RnQSFq0St6kq9cZnCs/getUpdates "HTTP/1.1 200 OK"
2026-05-19 01:07:18,581 | INFO     | HTTP Request: POST http://localhost:11434/api/chat "HTTP/1.1 200 OK"
2026-05-19 01:07:18,600 | INFO     | QUIZ_START | user=2057476178 | topic=рекурсия
2026-05-19 01:07:18,954 | INFO     | HTTP Request: POST https://api.telegram.org/bot8223900828:AAGNG00joY9NKJRy9RnQSFq0St6kq9cZnCs/sendMessage "HTTP/1.1 200 OK"
2026-05-19 01:07:27,890 | INFO     | HTTP Request: POST https://api.telegram.org/bot8223900828:AAGNG00joY9NKJRy9RnQSFq0St6kq9cZnCs/getUpdates "HTTP/1.1 200 OK"
2026-05-19 01:07:37,337 | INFO     | HTTP Request: POST https://api.telegram.org/bot8223900828:AAGNG00joY9NKJRy9RnQSFq0St6kq9cZnCs/getUpdates "HTTP/1.1 200 OK"
2026-05-19 01:07:37,667 | INFO     | HTTP Request: POST https://api.telegram.org/bot8223900828:AAGNG00joY9NKJRy9RnQSFq0St6kq9cZnCs/sendChatAction "HTTP/1.1 200 OK"
2026-05-19 01:07:39,517 | INFO     | HTTP Request: POST http://localhost:11434/api/chat "HTTP/1.1 200 OK"
2026-05-19 01:07:39,518 | INFO     | QUIZ_EVAL | user=2057476178 | q=2
2026-05-19 01:07:39,674 | INFO     | HTTP Request: POST https://api.telegram.org/bot8223900828:AAGNG00joY9NKJRy9RnQSFq0St6kq9cZnCs/sendMessage "HTTP/1.1 200 OK"
2026-05-19 01:07:47,759 | INFO     | HTTP Request: POST https://api.telegram.org/bot8223900828:AAGNG00joY9NKJRy9RnQSFq0St6kq9cZnCs/getUpdates "HTTP/1.1 200 OK"
2026-05-19 01:07:57,867 | INFO     | HTTP Request: POST https://api.telegram.org/bot8223900828:AAGNG00joY9NKJRy9RnQSFq0St6kq9cZnCs/getUpdates "HTTP/1.1 200 OK"
2026-05-19 01:08:07,973 | INFO     | HTTP Request: POST https://api.telegram.org/bot8223900828:AAGNG00joY9NKJRy9RnQSFq0St6kq9cZnCs/getUpdates "HTTP/1.1 200 OK"
2026-05-19 01:08:18,081 | INFO     | HTTP Request: POST https://api.telegram.org/bot8223900828:AAGNG00joY9NKJRy9RnQSFq0St6kq9cZnCs/getUpdates "HTTP/1.1 200 OK"
2026-05-19 01:08:28,191 | INFO     | HTTP Request: POST https://api.telegram.org/bot8223900828:AAGNG00joY9NKJRy9RnQSFq0St6kq9cZnCs/getUpdates "HTTP/1.1 200 OK"
2026-05-19 01:08:38,298 | INFO     | HTTP Request: POST https://api.telegram.org/bot8223900828:AAGNG00joY9NKJRy9RnQSFq0St6kq9cZnCs/getUpdates "HTTP/1.1 200 OK"
2026-05-19 01:08:48,407 | INFO     | HTTP Request: POST https://api.telegram.org/bot8223900828:AAGNG00joY9NKJRy9RnQSFq0St6kq9cZnCs/getUpdates "HTTP/1.1 200 OK"
2026-05-19 01:08:56,760 | INFO     | HTTP Request: POST https://api.telegram.org/bot8223900828:AAGNG00joY9NKJRy9RnQSFq0St6kq9cZnCs/getUpdates "HTTP/1.1 200 OK"
2026-05-19 01:08:56,761 | INFO     | Application is stopping. This might take a moment.
2026-05-19 01:08:56,762 | INFO     | Application.stop() complete
2026-05-19 01:08:58,589 | INFO     | ╔══════════════════════════════════════╗
2026-05-19 01:08:58,589 | INFO     | ║  📚  DonishAI — МГУ Душанбе          ║
2026-05-19 01:08:58,590 | INFO     | ║  Модель : qwen2.5:3b                 ║
2026-05-19 01:08:58,590 | INFO     | ║  Стоп   : Ctrl+C                     ║
2026-05-19 01:08:58,590 | INFO     | ╚══════════════════════════════════════╝
2026-05-19 01:08:59,301 | INFO     | DonishAI started | model=qwen2.5:3b
2026-05-19 01:08:59,881 | INFO     | HTTP Request: POST https://api.telegram.org/bot8223900828:AAGNG00joY9NKJRy9RnQSFq0St6kq9cZnCs/getMe "HTTP/1.1 200 OK"
2026-05-19 01:09:00,270 | INFO     | HTTP Request: POST https://api.telegram.org/bot8223900828:AAGNG00joY9NKJRy9RnQSFq0St6kq9cZnCs/deleteWebhook "HTTP/1.1 200 OK"
2026-05-19 01:09:00,272 | INFO     | Application started
2026-05-19 01:09:01,785 | INFO     | HTTP Request: POST https://api.telegram.org/bot8223900828:AAGNG00joY9NKJRy9RnQSFq0St6kq9cZnCs/getUpdates "HTTP/1.1 200 OK"
2026-05-19 01:09:01,906 | INFO     | HTTP Request: POST https://api.telegram.org/bot8223900828:AAGNG00joY9NKJRy9RnQSFq0St6kq9cZnCs/answerCallbackQuery "HTTP/1.1 200 OK"
2026-05-19 01:09:02,039 | INFO     | HTTP Request: POST https://api.telegram.org/bot8223900828:AAGNG00joY9NKJRy9RnQSFq0St6kq9cZnCs/editMessageReplyMarkup "HTTP/1.1 200 OK"
2026-05-19 01:09:02,168 | INFO     | HTTP Request: POST https://api.telegram.org/bot8223900828:AAGNG00joY9NKJRy9RnQSFq0St6kq9cZnCs/sendMessage "HTTP/1.1 200 OK"
2026-05-19 01:09:04,787 | INFO     | HTTP Request: POST https://api.telegram.org/bot8223900828:AAGNG00joY9NKJRy9RnQSFq0St6kq9cZnCs/getUpdates "HTTP/1.1 200 OK"
2026-05-19 01:09:04,925 | INFO     | HTTP Request: POST https://api.telegram.org/bot8223900828:AAGNG00joY9NKJRy9RnQSFq0St6kq9cZnCs/sendMessage "HTTP/1.1 200 OK"
2026-05-19 01:09:07,452 | INFO     | HTTP Request: POST https://api.telegram.org/bot8223900828:AAGNG00joY9NKJRy9RnQSFq0St6kq9cZnCs/getUpdates "HTTP/1.1 200 OK"
2026-05-19 01:09:07,566 | INFO     | HTTP Request: POST https://api.telegram.org/bot8223900828:AAGNG00joY9NKJRy9RnQSFq0St6kq9cZnCs/sendChatAction "HTTP/1.1 200 OK"
2026-05-19 01:09:09,911 | INFO     | HTTP Request: POST http://localhost:11434/api/chat "HTTP/1.1 200 OK"
2026-05-19 01:09:09,912 | INFO     | QUIZ_START | user=2057476178 | topic=рекурсия
2026-05-19 01:09:10,044 | INFO     | HTTP Request: POST https://api.telegram.org/bot8223900828:AAGNG00joY9NKJRy9RnQSFq0St6kq9cZnCs/sendMessage "HTTP/1.1 200 OK"
2026-05-19 01:09:17,570 | INFO     | HTTP Request: POST https://api.telegram.org/bot8223900828:AAGNG00joY9NKJRy9RnQSFq0St6kq9cZnCs/getUpdates "HTTP/1.1 200 OK"
2026-05-19 01:09:18,758 | INFO     | HTTP Request: POST https://api.telegram.org/bot8223900828:AAGNG00joY9NKJRy9RnQSFq0St6kq9cZnCs/getUpdates "HTTP/1.1 200 OK"
2026-05-19 01:09:19,278 | INFO     | HTTP Request: POST https://api.telegram.org/bot8223900828:AAGNG00joY9NKJRy9RnQSFq0St6kq9cZnCs/sendChatAction "HTTP/1.1 200 OK"
2026-05-19 01:09:23,988 | INFO     | HTTP Request: POST http://localhost:11434/api/chat "HTTP/1.1 200 OK"
2026-05-19 01:09:23,989 | INFO     | QUIZ_EVAL | user=2057476178 | q=2
2026-05-19 01:09:24,126 | INFO     | HTTP Request: POST https://api.telegram.org/bot8223900828:AAGNG00joY9NKJRy9RnQSFq0St6kq9cZnCs/sendMessage "HTTP/1.1 200 OK"
2026-05-19 01:09:28,875 | INFO     | HTTP Request: POST https://api.telegram.org/bot8223900828:AAGNG00joY9NKJRy9RnQSFq0St6kq9cZnCs/getUpdates "HTTP/1.1 200 OK"
2026-05-19 01:09:38,987 | INFO     | HTTP Request: POST https://api.telegram.org/bot8223900828:AAGNG00joY9NKJRy9RnQSFq0St6kq9cZnCs/getUpdates "HTTP/1.1 200 OK"
2026-05-19 01:09:49,105 | INFO     | HTTP Request: POST https://api.telegram.org/bot8223900828:AAGNG00joY9NKJRy9RnQSFq0St6kq9cZnCs/getUpdates "HTTP/1.1 200 OK"
2026-05-19 01:09:59,216 | INFO     | HTTP Request: POST https://api.telegram.org/bot8223900828:AAGNG00joY9NKJRy9RnQSFq0St6kq9cZnCs/getUpdates "HTTP/1.1 200 OK"
2026-05-19 01:10:09,328 | INFO     | HTTP Request: POST https://api.telegram.org/bot8223900828:AAGNG00joY9NKJRy9RnQSFq0St6kq9cZnCs/getUpdates "HTTP/1.1 200 OK"
2026-05-19 01:10:19,441 | INFO     | HTTP Request: POST https://api.telegram.org/bot8223900828:AAGNG00joY9NKJRy9RnQSFq0St6kq9cZnCs/getUpdates "HTTP/1.1 200 OK"
2026-05-19 01:10:29,547 | INFO     | HTTP Request: POST https://api.telegram.org/bot8223900828:AAGNG00joY9NKJRy9RnQSFq0St6kq9cZnCs/getUpdates "HTTP/1.1 200 OK"
2026-05-19 01:10:39,654 | INFO     | HTTP Request: POST https://api.telegram.org/bot8223900828:AAGNG00joY9NKJRy9RnQSFq0St6kq9cZnCs/getUpdates "HTTP/1.1 200 OK"
2026-05-19 01:10:49,765 | INFO     | HTTP Request: POST https://api.telegram.org/bot8223900828:AAGNG00joY9NKJRy9RnQSFq0St6kq9cZnCs/getUpdates "HTTP/1.1 200 OK"
2026-05-19 01:10:59,887 | INFO     | HTTP Request: POST https://api.telegram.org/bot8223900828:AAGNG00joY9NKJRy9RnQSFq0St6kq9cZnCs/getUpdates "HTTP/1.1 200 OK"
2026-05-19 01:11:10,002 | INFO     | HTTP Request: POST https://api.telegram.org/bot8223900828:AAGNG00joY9NKJRy9RnQSFq0St6kq9cZnCs/getUpdates "HTTP/1.1 200 OK"
2026-05-19 01:11:20,123 | INFO     | HTTP Request: POST https://api.telegram.org/bot8223900828:AAGNG00joY9NKJRy9RnQSFq0St6kq9cZnCs/getUpdates "HTTP/1.1 200 OK"
2026-05-19 01:11:30,250 | INFO     | HTTP Request: POST https://api.telegram.org/bot8223900828:AAGNG00joY9NKJRy9RnQSFq0St6kq9cZnCs/getUpdates "HTTP/1.1 200 OK"
2026-05-19 01:11:40,360 | INFO     | HTTP Request: POST https://api.telegram.org/bot8223900828:AAGNG00joY9NKJRy9RnQSFq0St6kq9cZnCs/getUpdates "HTTP/1.1 200 OK"
2026-05-19 01:11:50,477 | INFO     | HTTP Request: POST https://api.telegram.org/bot8223900828:AAGNG00joY9NKJRy9RnQSFq0St6kq9cZnCs/getUpdates "HTTP/1.1 200 OK"
2026-05-19 01:12:00,584 | INFO     | HTTP Request: POST https://api.telegram.org/bot8223900828:AAGNG00joY9NKJRy9RnQSFq0St6kq9cZnCs/getUpdates "HTTP/1.1 200 OK"
2026-05-19 01:12:10,696 | INFO     | HTTP Request: POST https://api.telegram.org/bot8223900828:AAGNG00joY9NKJRy9RnQSFq0St6kq9cZnCs/getUpdates "HTTP/1.1 200 OK"
2026-05-19 01:12:20,812 | INFO     | HTTP Request: POST https://api.telegram.org/bot8223900828:AAGNG00joY9NKJRy9RnQSFq0St6kq9cZnCs/getUpdates "HTTP/1.1 200 OK"
2026-05-19 01:12:30,924 | INFO     | HTTP Request: POST https://api.telegram.org/bot8223900828:AAGNG00joY9NKJRy9RnQSFq0St6kq9cZnCs/getUpdates "HTTP/1.1 200 OK"
2026-05-19 01:12:41,033 | INFO     | HTTP Request: POST https://api.telegram.org/bot8223900828:AAGNG00joY9NKJRy9RnQSFq0St6kq9cZnCs/getUpdates "HTTP/1.1 200 OK"
2026-05-19 01:12:51,139 | INFO     | HTTP Request: POST https://api.telegram.org/bot8223900828:AAGNG00joY9NKJRy9RnQSFq0St6kq9cZnCs/getUpdates "HTTP/1.1 200 OK"
2026-05-19 01:13:01,251 | INFO     | HTTP Request: POST https://api.telegram.org/bot8223900828:AAGNG00joY9NKJRy9RnQSFq0St6kq9cZnCs/getUpdates "HTTP/1.1 200 OK"
2026-05-19 01:13:11,358 | INFO     | HTTP Request: POST https://api.telegram.org/bot8223900828:AAGNG00joY9NKJRy9RnQSFq0St6kq9cZnCs/getUpdates "HTTP/1.1 200 OK"
2026-05-19 01:13:21,488 | INFO     | HTTP Request: POST https://api.telegram.org/bot8223900828:AAGNG00joY9NKJRy9RnQSFq0St6kq9cZnCs/getUpdates "HTTP/1.1 200 OK"
2026-05-19 01:13:31,604 | INFO     | HTTP Request: POST https://api.telegram.org/bot8223900828:AAGNG00joY9NKJRy9RnQSFq0St6kq9cZnCs/getUpdates "HTTP/1.1 200 OK"
2026-05-19 01:13:41,713 | INFO     | HTTP Request: POST https://api.telegram.org/bot8223900828:AAGNG00joY9NKJRy9RnQSFq0St6kq9cZnCs/getUpdates "HTTP/1.1 200 OK"
2026-05-19 01:13:51,823 | INFO     | HTTP Request: POST https://api.telegram.org/bot8223900828:AAGNG00joY9NKJRy9RnQSFq0St6kq9cZnCs/getUpdates "HTTP/1.1 200 OK"
2026-05-19 01:14:01,937 | INFO     | HTTP Request: POST https://api.telegram.org/bot8223900828:AAGNG00joY9NKJRy9RnQSFq0St6kq9cZnCs/getUpdates "HTTP/1.1 200 OK"
2026-05-19 01:14:12,058 | INFO     | HTTP Request: POST https://api.telegram.org/bot8223900828:AAGNG00joY9NKJRy9RnQSFq0St6kq9cZnCs/getUpdates "HTTP/1.1 200 OK"
2026-05-19 01:14:22,175 | INFO     | HTTP Request: POST https://api.telegram.org/bot8223900828:AAGNG00joY9NKJRy9RnQSFq0St6kq9cZnCs/getUpdates "HTTP/1.1 200 OK"
2026-05-19 01:14:32,294 | INFO     | HTTP Request: POST https://api.telegram.org/bot8223900828:AAGNG00joY9NKJRy9RnQSFq0St6kq9cZnCs/getUpdates "HTTP/1.1 200 OK"
2026-05-19 01:14:42,408 | INFO     | HTTP Request: POST https://api.telegram.org/bot8223900828:AAGNG00joY9NKJRy9RnQSFq0St6kq9cZnCs/getUpdates "HTTP/1.1 200 OK"
2026-05-19 01:14:52,519 | INFO     | HTTP Request: POST https://api.telegram.org/bot8223900828:AAGNG00joY9NKJRy9RnQSFq0St6kq9cZnCs/getUpdates "HTTP/1.1 200 OK"
2026-05-19 01:15:02,637 | INFO     | HTTP Request: POST https://api.telegram.org/bot8223900828:AAGNG00joY9NKJRy9RnQSFq0St6kq9cZnCs/getUpdates "HTTP/1.1 200 OK"
2026-05-19 01:15:12,754 | INFO     | HTTP Request: POST https://api.telegram.org/bot8223900828:AAGNG00joY9NKJRy9RnQSFq0St6kq9cZnCs/getUpdates "HTTP/1.1 200 OK"
2026-05-19 01:15:22,874 | INFO     | HTTP Request: POST https://api.telegram.org/bot8223900828:AAGNG00joY9NKJRy9RnQSFq0St6kq9cZnCs/getUpdates "HTTP/1.1 200 OK"
2026-05-19 01:15:32,986 | INFO     | HTTP Request: POST https://api.telegram.org/bot8223900828:AAGNG00joY9NKJRy9RnQSFq0St6kq9cZnCs/getUpdates "HTTP/1.1 200 OK"
2026-05-19 01:15:43,102 | INFO     | HTTP Request: POST https://api.telegram.org/bot8223900828:AAGNG00joY9NKJRy9RnQSFq0St6kq9cZnCs/getUpdates "HTTP/1.1 200 OK"
2026-05-19 01:15:53,215 | INFO     | HTTP Request: POST https://api.telegram.org/bot8223900828:AAGNG00joY9NKJRy9RnQSFq0St6kq9cZnCs/getUpdates "HTTP/1.1 200 OK"
2026-05-19 01:16:03,329 | INFO     | HTTP Request: POST https://api.telegram.org/bot8223900828:AAGNG00joY9NKJRy9RnQSFq0St6kq9cZnCs/getUpdates "HTTP/1.1 200 OK"
2026-05-19 01:16:13,447 | INFO     | HTTP Request: POST https://api.telegram.org/bot8223900828:AAGNG00joY9NKJRy9RnQSFq0St6kq9cZnCs/getUpdates "HTTP/1.1 200 OK"
2026-05-19 01:16:23,565 | INFO     | HTTP Request: POST https://api.telegram.org/bot8223900828:AAGNG00joY9NKJRy9RnQSFq0St6kq9cZnCs/getUpdates "HTTP/1.1 200 OK"
2026-05-19 01:16:33,681 | INFO     | HTTP Request: POST https://api.telegram.org/bot8223900828:AAGNG00joY9NKJRy9RnQSFq0St6kq9cZnCs/getUpdates "HTTP/1.1 200 OK"
2026-05-19 01:16:43,788 | INFO     | HTTP Request: POST https://api.telegram.org/bot8223900828:AAGNG00joY9NKJRy9RnQSFq0St6kq9cZnCs/getUpdates "HTTP/1.1 200 OK"
2026-05-19 01:16:53,895 | INFO     | HTTP Request: POST https://api.telegram.org/bot8223900828:AAGNG00joY9NKJRy9RnQSFq0St6kq9cZnCs/getUpdates "HTTP/1.1 200 OK"
2026-05-19 01:17:01,333 | INFO     | ╔══════════════════════════════════════╗
2026-05-19 01:17:01,333 | INFO     | ║  📚  DonishAI — МГУ Душанбе          ║
2026-05-19 01:17:01,334 | INFO     | ║  Модель : qwen2.5:3b                 ║
2026-05-19 01:17:01,334 | INFO     | ║  Стоп   : Ctrl+C                     ║
2026-05-19 01:17:01,334 | INFO     | ╚══════════════════════════════════════╝
2026-05-19 01:17:01,957 | INFO     | DonishAI started | model=qwen2.5:3b
2026-05-19 01:17:02,578 | INFO     | HTTP Request: POST https://api.telegram.org/bot8223900828:AAGNG00joY9NKJRy9RnQSFq0St6kq9cZnCs/getMe "HTTP/1.1 200 OK"
2026-05-19 01:17:02,979 | INFO     | HTTP Request: POST https://api.telegram.org/bot8223900828:AAGNG00joY9NKJRy9RnQSFq0St6kq9cZnCs/deleteWebhook "HTTP/1.1 200 OK"
2026-05-19 01:17:02,981 | INFO     | Application started
2026-05-19 01:17:13,291 | INFO     | HTTP Request: POST https://api.telegram.org/bot8223900828:AAGNG00joY9NKJRy9RnQSFq0St6kq9cZnCs/getUpdates "HTTP/1.1 200 OK"
2026-05-19 01:17:20,469 | INFO     | HTTP Request: POST https://api.telegram.org/bot8223900828:AAGNG00joY9NKJRy9RnQSFq0St6kq9cZnCs/getUpdates "HTTP/1.1 200 OK"
2026-05-19 01:17:20,817 | INFO     | HTTP Request: POST https://api.telegram.org/bot8223900828:AAGNG00joY9NKJRy9RnQSFq0St6kq9cZnCs/sendMessage "HTTP/1.1 200 OK"
2026-05-19 01:17:23,626 | INFO     | HTTP Request: POST https://api.telegram.org/bot8223900828:AAGNG00joY9NKJRy9RnQSFq0St6kq9cZnCs/getUpdates "HTTP/1.1 200 OK"
2026-05-19 01:17:23,754 | INFO     | HTTP Request: POST https://api.telegram.org/bot8223900828:AAGNG00joY9NKJRy9RnQSFq0St6kq9cZnCs/sendMessage "HTTP/1.1 200 OK"
2026-05-19 01:17:27,514 | INFO     | HTTP Request: POST https://api.telegram.org/bot8223900828:AAGNG00joY9NKJRy9RnQSFq0St6kq9cZnCs/getUpdates "HTTP/1.1 200 OK"
2026-05-19 01:17:27,634 | INFO     | HTTP Request: POST https://api.telegram.org/bot8223900828:AAGNG00joY9NKJRy9RnQSFq0St6kq9cZnCs/sendChatAction "HTTP/1.1 200 OK"
2026-05-19 01:17:37,632 | INFO     | HTTP Request: POST https://api.telegram.org/bot8223900828:AAGNG00joY9NKJRy9RnQSFq0St6kq9cZnCs/getUpdates "HTTP/1.1 200 OK"
2026-05-19 01:17:38,518 | INFO     | HTTP Request: POST http://localhost:11434/api/chat "HTTP/1.1 200 OK"
2026-05-19 01:17:38,534 | INFO     | QUIZ_START | user=2057476178 | topic=рекурсия | correct=B
2026-05-19 01:17:38,889 | INFO     | HTTP Request: POST https://api.telegram.org/bot8223900828:AAGNG00joY9NKJRy9RnQSFq0St6kq9cZnCs/sendMessage "HTTP/1.1 200 OK"
2026-05-19 01:17:47,742 | INFO     | HTTP Request: POST https://api.telegram.org/bot8223900828:AAGNG00joY9NKJRy9RnQSFq0St6kq9cZnCs/getUpdates "HTTP/1.1 200 OK"
2026-05-19 01:17:55,212 | INFO     | HTTP Request: POST https://api.telegram.org/bot8223900828:AAGNG00joY9NKJRy9RnQSFq0St6kq9cZnCs/getUpdates "HTTP/1.1 200 OK"
2026-05-19 01:17:55,563 | INFO     | HTTP Request: POST https://api.telegram.org/bot8223900828:AAGNG00joY9NKJRy9RnQSFq0St6kq9cZnCs/sendChatAction "HTTP/1.1 200 OK"
2026-05-19 01:17:57,526 | INFO     | HTTP Request: POST http://localhost:11434/api/chat "HTTP/1.1 200 OK"
2026-05-19 01:17:57,528 | WARNING  | QUIZ_EVAL: нет ПРАВИЛЬНЫЙ_ОТВЕТ | user=2057476178 | q=2
2026-05-19 01:17:57,529 | INFO     | QUIZ_EVAL | user=2057476178 | q=2 | correct=
2026-05-19 01:17:57,665 | INFO     | HTTP Request: POST https://api.telegram.org/bot8223900828:AAGNG00joY9NKJRy9RnQSFq0St6kq9cZnCs/sendMessage "HTTP/1.1 200 OK"
2026-05-19 01:18:05,322 | INFO     | HTTP Request: POST https://api.telegram.org/bot8223900828:AAGNG00joY9NKJRy9RnQSFq0St6kq9cZnCs/getUpdates "HTTP/1.1 200 OK"
2026-05-19 01:18:15,428 | INFO     | HTTP Request: POST https://api.telegram.org/bot8223900828:AAGNG00joY9NKJRy9RnQSFq0St6kq9cZnCs/getUpdates "HTTP/1.1 200 OK"
2026-05-19 01:18:25,536 | INFO     | HTTP Request: POST https://api.telegram.org/bot8223900828:AAGNG00joY9NKJRy9RnQSFq0St6kq9cZnCs/getUpdates "HTTP/1.1 200 OK"
2026-05-19 01:18:35,644 | INFO     | HTTP Request: POST https://api.telegram.org/bot8223900828:AAGNG00joY9NKJRy9RnQSFq0St6kq9cZnCs/getUpdates "HTTP/1.1 200 OK"
2026-05-19 01:18:45,756 | INFO     | HTTP Request: POST https://api.telegram.org/bot8223900828:AAGNG00joY9NKJRy9RnQSFq0St6kq9cZnCs/getUpdates "HTTP/1.1 200 OK"
2026-05-19 01:18:55,869 | INFO     | HTTP Request: POST https://api.telegram.org/bot8223900828:AAGNG00joY9NKJRy9RnQSFq0St6kq9cZnCs/getUpdates "HTTP/1.1 200 OK"
2026-05-19 01:19:05,981 | INFO     | HTTP Request: POST https://api.telegram.org/bot8223900828:AAGNG00joY9NKJRy9RnQSFq0St6kq9cZnCs/getUpdates "HTTP/1.1 200 OK"
2026-05-19 01:19:16,099 | INFO     | HTTP Request: POST https://api.telegram.org/bot8223900828:AAGNG00joY9NKJRy9RnQSFq0St6kq9cZnCs/getUpdates "HTTP/1.1 200 OK"
2026-05-19 01:19:26,205 | INFO     | HTTP Request: POST https://api.telegram.org/bot8223900828:AAGNG00joY9NKJRy9RnQSFq0St6kq9cZnCs/getUpdates "HTTP/1.1 200 OK"
2026-05-19 01:19:36,327 | INFO     | HTTP Request: POST https://api.telegram.org/bot8223900828:AAGNG00joY9NKJRy9RnQSFq0St6kq9cZnCs/getUpdates "HTTP/1.1 200 OK"
2026-05-19 01:19:46,446 | INFO     | HTTP Request: POST https://api.telegram.org/bot8223900828:AAGNG00joY9NKJRy9RnQSFq0St6kq9cZnCs/getUpdates "HTTP/1.1 200 OK"
2026-05-19 01:19:56,554 | INFO     | HTTP Request: POST https://api.telegram.org/bot8223900828:AAGNG00joY9NKJRy9RnQSFq0St6kq9cZnCs/getUpdates "HTTP/1.1 200 OK"
2026-05-19 01:20:06,665 | INFO     | HTTP Request: POST https://api.telegram.org/bot8223900828:AAGNG00joY9NKJRy9RnQSFq0St6kq9cZnCs/getUpdates "HTTP/1.1 200 OK"
2026-05-19 01:20:13,630 | INFO     | ╔══════════════════════════════════════╗
2026-05-19 01:20:13,632 | INFO     | ║  📚  DonishAI — МГУ Душанбе          ║
2026-05-19 01:20:13,632 | INFO     | ║  Модель : qwen2.5:3b                 ║
2026-05-19 01:20:13,632 | INFO     | ║  Стоп   : Ctrl+C                     ║
2026-05-19 01:20:13,632 | INFO     | ╚══════════════════════════════════════╝
2026-05-19 01:20:14,314 | INFO     | DonishAI started | model=qwen2.5:3b
2026-05-19 01:20:14,949 | INFO     | HTTP Request: POST https://api.telegram.org/bot8223900828:AAGNG00joY9NKJRy9RnQSFq0St6kq9cZnCs/getMe "HTTP/1.1 200 OK"
2026-05-19 01:20:15,284 | INFO     | HTTP Request: POST https://api.telegram.org/bot8223900828:AAGNG00joY9NKJRy9RnQSFq0St6kq9cZnCs/deleteWebhook "HTTP/1.1 200 OK"
2026-05-19 01:20:15,288 | INFO     | Application started
2026-05-19 01:20:20,186 | INFO     | HTTP Request: POST https://api.telegram.org/bot8223900828:AAGNG00joY9NKJRy9RnQSFq0St6kq9cZnCs/getUpdates "HTTP/1.1 200 OK"
2026-05-19 01:20:20,317 | INFO     | HTTP Request: POST https://api.telegram.org/bot8223900828:AAGNG00joY9NKJRy9RnQSFq0St6kq9cZnCs/sendMessage "HTTP/1.1 200 OK"
2026-05-19 01:20:23,224 | INFO     | HTTP Request: POST https://api.telegram.org/bot8223900828:AAGNG00joY9NKJRy9RnQSFq0St6kq9cZnCs/getUpdates "HTTP/1.1 200 OK"
2026-05-19 01:20:23,358 | INFO     | HTTP Request: POST https://api.telegram.org/bot8223900828:AAGNG00joY9NKJRy9RnQSFq0St6kq9cZnCs/sendMessage "HTTP/1.1 200 OK"
2026-05-19 01:20:28,002 | INFO     | HTTP Request: POST https://api.telegram.org/bot8223900828:AAGNG00joY9NKJRy9RnQSFq0St6kq9cZnCs/getUpdates "HTTP/1.1 200 OK"
2026-05-19 01:20:28,117 | INFO     | HTTP Request: POST https://api.telegram.org/bot8223900828:AAGNG00joY9NKJRy9RnQSFq0St6kq9cZnCs/sendChatAction "HTTP/1.1 200 OK"
2026-05-19 01:20:31,071 | INFO     | HTTP Request: POST http://localhost:11434/api/chat "HTTP/1.1 200 OK"
2026-05-19 01:20:31,072 | INFO     | QUIZ_START | user=2057476178 | topic=рекурсия | correct=B
2026-05-19 01:20:31,200 | INFO     | HTTP Request: POST https://api.telegram.org/bot8223900828:AAGNG00joY9NKJRy9RnQSFq0St6kq9cZnCs/sendMessage "HTTP/1.1 200 OK"
2026-05-19 01:20:38,106 | INFO     | HTTP Request: POST https://api.telegram.org/bot8223900828:AAGNG00joY9NKJRy9RnQSFq0St6kq9cZnCs/getUpdates "HTTP/1.1 200 OK"
2026-05-19 01:20:48,211 | INFO     | HTTP Request: POST https://api.telegram.org/bot8223900828:AAGNG00joY9NKJRy9RnQSFq0St6kq9cZnCs/getUpdates "HTTP/1.1 200 OK"
2026-05-19 01:20:49,540 | INFO     | HTTP Request: POST https://api.telegram.org/bot8223900828:AAGNG00joY9NKJRy9RnQSFq0St6kq9cZnCs/getUpdates "HTTP/1.1 200 OK"
2026-05-19 01:20:49,989 | INFO     | HTTP Request: POST https://api.telegram.org/bot8223900828:AAGNG00joY9NKJRy9RnQSFq0St6kq9cZnCs/sendChatAction "HTTP/1.1 200 OK"
2026-05-19 01:20:51,784 | INFO     | HTTP Request: POST http://localhost:11434/api/chat "HTTP/1.1 200 OK"
2026-05-19 01:20:51,793 | WARNING  | QUIZ_EVAL: нет ПРАВИЛЬНЫЙ_ОТВЕТ | user=2057476178 | q=2
2026-05-19 01:20:51,793 | INFO     | QUIZ_EVAL | user=2057476178 | q=2 | correct=
2026-05-19 01:20:51,926 | INFO     | HTTP Request: POST https://api.telegram.org/bot8223900828:AAGNG00joY9NKJRy9RnQSFq0St6kq9cZnCs/sendMessage "HTTP/1.1 200 OK"
2026-05-19 01:20:59,650 | INFO     | HTTP Request: POST https://api.telegram.org/bot8223900828:AAGNG00joY9NKJRy9RnQSFq0St6kq9cZnCs/getUpdates "HTTP/1.1 200 OK"
2026-05-19 01:21:09,755 | INFO     | HTTP Request: POST https://api.telegram.org/bot8223900828:AAGNG00joY9NKJRy9RnQSFq0St6kq9cZnCs/getUpdates "HTTP/1.1 200 OK"
2026-05-19 01:21:10,105 | INFO     | HTTP Request: POST https://api.telegram.org/bot8223900828:AAGNG00joY9NKJRy9RnQSFq0St6kq9cZnCs/sendChatAction "HTTP/1.1 200 OK"
2026-05-19 01:21:11,577 | INFO     | HTTP Request: POST http://localhost:11434/api/chat "HTTP/1.1 200 OK"
2026-05-19 01:21:11,579 | WARNING  | QUIZ_EVAL: нет ПРАВИЛЬНЫЙ_ОТВЕТ | user=2057476178 | q=3
2026-05-19 01:21:11,579 | INFO     | QUIZ_EVAL | user=2057476178 | q=3 | correct=
2026-05-19 01:21:11,713 | INFO     | HTTP Request: POST https://api.telegram.org/bot8223900828:AAGNG00joY9NKJRy9RnQSFq0St6kq9cZnCs/sendMessage "HTTP/1.1 200 OK"
2026-05-19 01:21:19,864 | INFO     | HTTP Request: POST https://api.telegram.org/bot8223900828:AAGNG00joY9NKJRy9RnQSFq0St6kq9cZnCs/getUpdates "HTTP/1.1 200 OK"
2026-05-19 01:21:21,009 | INFO     | HTTP Request: POST https://api.telegram.org/bot8223900828:AAGNG00joY9NKJRy9RnQSFq0St6kq9cZnCs/getUpdates "HTTP/1.1 200 OK"
2026-05-19 01:21:21,380 | INFO     | HTTP Request: POST https://api.telegram.org/bot8223900828:AAGNG00joY9NKJRy9RnQSFq0St6kq9cZnCs/sendChatAction "HTTP/1.1 200 OK"
2026-05-19 01:21:24,767 | INFO     | HTTP Request: POST http://localhost:11434/api/chat "HTTP/1.1 200 OK"
2026-05-19 01:21:24,769 | INFO     | QUIZ_EVAL | user=2057476178 | q=4 | correct=C
2026-05-19 01:21:24,955 | INFO     | HTTP Request: POST https://api.telegram.org/bot8223900828:AAGNG00joY9NKJRy9RnQSFq0St6kq9cZnCs/sendMessage "HTTP/1.1 200 OK"
2026-05-19 01:21:31,119 | INFO     | HTTP Request: POST https://api.telegram.org/bot8223900828:AAGNG00joY9NKJRy9RnQSFq0St6kq9cZnCs/getUpdates "HTTP/1.1 200 OK"
2026-05-19 01:21:41,236 | INFO     | HTTP Request: POST https://api.telegram.org/bot8223900828:AAGNG00joY9NKJRy9RnQSFq0St6kq9cZnCs/getUpdates "HTTP/1.1 200 OK"
2026-05-19 01:21:51,345 | INFO     | HTTP Request: POST https://api.telegram.org/bot8223900828:AAGNG00joY9NKJRy9RnQSFq0St6kq9cZnCs/getUpdates "HTTP/1.1 200 OK"
2026-05-19 01:22:01,454 | INFO     | HTTP Request: POST https://api.telegram.org/bot8223900828:AAGNG00joY9NKJRy9RnQSFq0St6kq9cZnCs/getUpdates "HTTP/1.1 200 OK"
2026-05-19 01:22:11,571 | INFO     | HTTP Request: POST https://api.telegram.org/bot8223900828:AAGNG00joY9NKJRy9RnQSFq0St6kq9cZnCs/getUpdates "HTTP/1.1 200 OK"
2026-05-19 01:22:21,678 | INFO     | HTTP Request: POST https://api.telegram.org/bot8223900828:AAGNG00joY9NKJRy9RnQSFq0St6kq9cZnCs/getUpdates "HTTP/1.1 200 OK"
2026-05-19 01:22:31,794 | INFO     | HTTP Request: POST https://api.telegram.org/bot8223900828:AAGNG00joY9NKJRy9RnQSFq0St6kq9cZnCs/getUpdates "HTTP/1.1 200 OK"
2026-05-19 01:22:41,899 | INFO     | HTTP Request: POST https://api.telegram.org/bot8223900828:AAGNG00joY9NKJRy9RnQSFq0St6kq9cZnCs/getUpdates "HTTP/1.1 200 OK"
2026-05-19 01:22:52,007 | INFO     | HTTP Request: POST https://api.telegram.org/bot8223900828:AAGNG00joY9NKJRy9RnQSFq0St6kq9cZnCs/getUpdates "HTTP/1.1 200 OK"
2026-05-19 01:23:02,118 | INFO     | HTTP Request: POST https://api.telegram.org/bot8223900828:AAGNG00joY9NKJRy9RnQSFq0St6kq9cZnCs/getUpdates "HTTP/1.1 200 OK"
2026-05-19 01:23:12,229 | INFO     | HTTP Request: POST https://api.telegram.org/bot8223900828:AAGNG00joY9NKJRy9RnQSFq0St6kq9cZnCs/getUpdates "HTTP/1.1 200 OK"
2026-05-19 01:23:22,343 | INFO     | HTTP Request: POST https://api.telegram.org/bot8223900828:AAGNG00joY9NKJRy9RnQSFq0St6kq9cZnCs/getUpdates "HTTP/1.1 200 OK"
2026-05-19 01:23:32,509 | INFO     | HTTP Request: POST https://api.telegram.org/bot8223900828:AAGNG00joY9NKJRy9RnQSFq0St6kq9cZnCs/getUpdates "HTTP/1.1 200 OK"
2026-05-19 01:23:42,618 | INFO     | HTTP Request: POST https://api.telegram.org/bot8223900828:AAGNG00joY9NKJRy9RnQSFq0St6kq9cZnCs/getUpdates "HTTP/1.1 200 OK"
2026-05-19 01:23:52,731 | INFO     | HTTP Request: POST https://api.telegram.org/bot8223900828:AAGNG00joY9NKJRy9RnQSFq0St6kq9cZnCs/getUpdates "HTTP/1.1 200 OK"
2026-05-19 01:24:02,841 | INFO     | HTTP Request: POST https://api.telegram.org/bot8223900828:AAGNG00joY9NKJRy9RnQSFq0St6kq9cZnCs/getUpdates "HTTP/1.1 200 OK"
2026-05-19 01:24:12,952 | INFO     | HTTP Request: POST https://api.telegram.org/bot8223900828:AAGNG00joY9NKJRy9RnQSFq0St6kq9cZnCs/getUpdates "HTTP/1.1 200 OK"
2026-05-19 01:24:23,064 | INFO     | HTTP Request: POST https://api.telegram.org/bot8223900828:AAGNG00joY9NKJRy9RnQSFq0St6kq9cZnCs/getUpdates "HTTP/1.1 200 OK"
2026-05-19 01:24:33,182 | INFO     | HTTP Request: POST https://api.telegram.org/bot8223900828:AAGNG00joY9NKJRy9RnQSFq0St6kq9cZnCs/getUpdates "HTTP/1.1 200 OK"
2026-05-19 01:24:43,289 | INFO     | HTTP Request: POST https://api.telegram.org/bot8223900828:AAGNG00joY9NKJRy9RnQSFq0St6kq9cZnCs/getUpdates "HTTP/1.1 200 OK"
2026-05-19 01:24:53,399 | INFO     | HTTP Request: POST https://api.telegram.org/bot8223900828:AAGNG00joY9NKJRy9RnQSFq0St6kq9cZnCs/getUpdates "HTTP/1.1 200 OK"
2026-05-19 01:25:03,509 | INFO     | HTTP Request: POST https://api.telegram.org/bot8223900828:AAGNG00joY9NKJRy9RnQSFq0St6kq9cZnCs/getUpdates "HTTP/1.1 200 OK"
2026-05-19 01:25:13,620 | INFO     | HTTP Request: POST https://api.telegram.org/bot8223900828:AAGNG00joY9NKJRy9RnQSFq0St6kq9cZnCs/getUpdates "HTTP/1.1 200 OK"
2026-05-19 01:25:23,730 | INFO     | HTTP Request: POST https://api.telegram.org/bot8223900828:AAGNG00joY9NKJRy9RnQSFq0St6kq9cZnCs/getUpdates "HTTP/1.1 200 OK"
2026-05-19 01:25:33,841 | INFO     | HTTP Request: POST https://api.telegram.org/bot8223900828:AAGNG00joY9NKJRy9RnQSFq0St6kq9cZnCs/getUpdates "HTTP/1.1 200 OK"
2026-05-19 01:25:43,956 | INFO     | HTTP Request: POST https://api.telegram.org/bot8223900828:AAGNG00joY9NKJRy9RnQSFq0St6kq9cZnCs/getUpdates "HTTP/1.1 200 OK"
2026-05-19 01:25:54,068 | INFO     | HTTP Request: POST https://api.telegram.org/bot8223900828:AAGNG00joY9NKJRy9RnQSFq0St6kq9cZnCs/getUpdates "HTTP/1.1 200 OK"
2026-05-19 01:26:04,177 | INFO     | HTTP Request: POST https://api.telegram.org/bot8223900828:AAGNG00joY9NKJRy9RnQSFq0St6kq9cZnCs/getUpdates "HTTP/1.1 200 OK"
2026-05-19 01:26:14,295 | INFO     | HTTP Request: POST https://api.telegram.org/bot8223900828:AAGNG00joY9NKJRy9RnQSFq0St6kq9cZnCs/getUpdates "HTTP/1.1 200 OK"
2026-05-19 01:26:24,409 | INFO     | HTTP Request: POST https://api.telegram.org/bot8223900828:AAGNG00joY9NKJRy9RnQSFq0St6kq9cZnCs/getUpdates "HTTP/1.1 200 OK"
2026-05-19 01:26:34,520 | INFO     | HTTP Request: POST https://api.telegram.org/bot8223900828:AAGNG00joY9NKJRy9RnQSFq0St6kq9cZnCs/getUpdates "HTTP/1.1 200 OK"
2026-05-19 01:26:44,630 | INFO     | HTTP Request: POST https://api.telegram.org/bot8223900828:AAGNG00joY9NKJRy9RnQSFq0St6kq9cZnCs/getUpdates "HTTP/1.1 200 OK"
2026-05-19 01:26:54,751 | INFO     | HTTP Request: POST https://api.telegram.org/bot8223900828:AAGNG00joY9NKJRy9RnQSFq0St6kq9cZnCs/getUpdates "HTTP/1.1 200 OK"
2026-05-19 01:27:04,860 | INFO     | HTTP Request: POST https://api.telegram.org/bot8223900828:AAGNG00joY9NKJRy9RnQSFq0St6kq9cZnCs/getUpdates "HTTP/1.1 200 OK"
2026-05-19 01:27:15,097 | INFO     | HTTP Request: POST https://api.telegram.org/bot8223900828:AAGNG00joY9NKJRy9RnQSFq0St6kq9cZnCs/getUpdates "HTTP/1.1 200 OK"
2026-05-19 01:27:19,206 | INFO     | HTTP Request: POST https://api.telegram.org/bot8223900828:AAGNG00joY9NKJRy9RnQSFq0St6kq9cZnCs/getUpdates "HTTP/1.1 200 OK"
2026-05-19 01:27:19,207 | INFO     | Application is stopping. This might take a moment.
2026-05-19 01:27:19,207 | INFO     | Application.stop() complete
2026-05-19 01:27:24,498 | INFO     | ╔══════════════════════════════════════╗
2026-05-19 01:27:24,499 | INFO     | ║  📚  DonishAI — МГУ Душанбе          ║
2026-05-19 01:27:24,499 | INFO     | ║  Модель : qwen2.5:3b                 ║
2026-05-19 01:27:24,499 | INFO     | ║  Стоп   : Ctrl+C                     ║
2026-05-19 01:27:24,499 | INFO     | ╚══════════════════════════════════════╝
2026-05-19 01:27:25,086 | INFO     | DonishAI started | model=qwen2.5:3b
2026-05-19 01:27:25,560 | INFO     | HTTP Request: POST https://api.telegram.org/bot8223900828:AAGNG00joY9NKJRy9RnQSFq0St6kq9cZnCs/getMe "HTTP/1.1 200 OK"
2026-05-19 01:27:25,909 | INFO     | HTTP Request: POST https://api.telegram.org/bot8223900828:AAGNG00joY9NKJRy9RnQSFq0St6kq9cZnCs/deleteWebhook "HTTP/1.1 200 OK"
2026-05-19 01:27:25,910 | INFO     | Application started
2026-05-19 01:27:29,641 | INFO     | HTTP Request: POST https://api.telegram.org/bot8223900828:AAGNG00joY9NKJRy9RnQSFq0St6kq9cZnCs/getUpdates "HTTP/1.1 200 OK"
2026-05-19 01:27:29,775 | INFO     | HTTP Request: POST https://api.telegram.org/bot8223900828:AAGNG00joY9NKJRy9RnQSFq0St6kq9cZnCs/sendMessage "HTTP/1.1 200 OK"
2026-05-19 01:27:33,292 | INFO     | HTTP Request: POST https://api.telegram.org/bot8223900828:AAGNG00joY9NKJRy9RnQSFq0St6kq9cZnCs/getUpdates "HTTP/1.1 200 OK"
2026-05-19 01:27:33,426 | INFO     | HTTP Request: POST https://api.telegram.org/bot8223900828:AAGNG00joY9NKJRy9RnQSFq0St6kq9cZnCs/sendMessage "HTTP/1.1 200 OK"
2026-05-19 01:27:38,775 | INFO     | HTTP Request: POST https://api.telegram.org/bot8223900828:AAGNG00joY9NKJRy9RnQSFq0St6kq9cZnCs/getUpdates "HTTP/1.1 200 OK"
2026-05-19 01:27:39,128 | INFO     | HTTP Request: POST https://api.telegram.org/bot8223900828:AAGNG00joY9NKJRy9RnQSFq0St6kq9cZnCs/sendChatAction "HTTP/1.1 200 OK"
2026-05-19 01:27:48,886 | INFO     | HTTP Request: POST https://api.telegram.org/bot8223900828:AAGNG00joY9NKJRy9RnQSFq0St6kq9cZnCs/getUpdates "HTTP/1.1 200 OK"
2026-05-19 01:27:49,118 | INFO     | HTTP Request: POST http://localhost:11434/api/chat "HTTP/1.1 200 OK"
2026-05-19 01:27:49,125 | INFO     | QUIZ_START | user=2057476178 | topic=рекурсия | correct=A
2026-05-19 01:27:49,489 | INFO     | HTTP Request: POST https://api.telegram.org/bot8223900828:AAGNG00joY9NKJRy9RnQSFq0St6kq9cZnCs/sendMessage "HTTP/1.1 200 OK"
2026-05-19 01:27:58,998 | INFO     | HTTP Request: POST https://api.telegram.org/bot8223900828:AAGNG00joY9NKJRy9RnQSFq0St6kq9cZnCs/getUpdates "HTTP/1.1 200 OK"
2026-05-19 01:28:09,108 | INFO     | HTTP Request: POST https://api.telegram.org/bot8223900828:AAGNG00joY9NKJRy9RnQSFq0St6kq9cZnCs/getUpdates "HTTP/1.1 200 OK"
2026-05-19 01:28:10,150 | INFO     | HTTP Request: POST https://api.telegram.org/bot8223900828:AAGNG00joY9NKJRy9RnQSFq0St6kq9cZnCs/getUpdates "HTTP/1.1 200 OK"
2026-05-19 01:28:10,469 | INFO     | HTTP Request: POST https://api.telegram.org/bot8223900828:AAGNG00joY9NKJRy9RnQSFq0St6kq9cZnCs/sendChatAction "HTTP/1.1 200 OK"
2026-05-19 01:28:12,050 | INFO     | HTTP Request: POST http://localhost:11434/api/chat "HTTP/1.1 200 OK"
2026-05-19 01:28:12,080 | INFO     | QUIZ_EVAL | user=2057476178 | q=2 | correct=A
2026-05-19 01:28:12,208 | INFO     | HTTP Request: POST https://api.telegram.org/bot8223900828:AAGNG00joY9NKJRy9RnQSFq0St6kq9cZnCs/sendMessage "HTTP/1.1 200 OK"
2026-05-19 01:28:20,262 | INFO     | HTTP Request: POST https://api.telegram.org/bot8223900828:AAGNG00joY9NKJRy9RnQSFq0St6kq9cZnCs/getUpdates "HTTP/1.1 200 OK"
2026-05-19 01:28:23,625 | INFO     | HTTP Request: POST https://api.telegram.org/bot8223900828:AAGNG00joY9NKJRy9RnQSFq0St6kq9cZnCs/getUpdates "HTTP/1.1 200 OK"
2026-05-19 01:28:23,951 | INFO     | HTTP Request: POST https://api.telegram.org/bot8223900828:AAGNG00joY9NKJRy9RnQSFq0St6kq9cZnCs/sendChatAction "HTTP/1.1 200 OK"
2026-05-19 01:28:24,977 | INFO     | HTTP Request: POST http://localhost:11434/api/chat "HTTP/1.1 200 OK"
2026-05-19 01:28:24,978 | WARNING  | QUIZ_EVAL: нет ПРАВИЛЬНЫЙ_ОТВЕТ | user=2057476178 | q=3
2026-05-19 01:28:24,978 | INFO     | QUIZ_EVAL | user=2057476178 | q=3 | correct=
2026-05-19 01:28:25,106 | INFO     | HTTP Request: POST https://api.telegram.org/bot8223900828:AAGNG00joY9NKJRy9RnQSFq0St6kq9cZnCs/sendMessage "HTTP/1.1 200 OK"
2026-05-19 01:28:33,739 | INFO     | HTTP Request: POST https://api.telegram.org/bot8223900828:AAGNG00joY9NKJRy9RnQSFq0St6kq9cZnCs/getUpdates "HTTP/1.1 200 OK"
2026-05-19 01:28:40,270 | INFO     | HTTP Request: POST https://api.telegram.org/bot8223900828:AAGNG00joY9NKJRy9RnQSFq0St6kq9cZnCs/getUpdates "HTTP/1.1 200 OK"
2026-05-19 01:28:40,620 | INFO     | HTTP Request: POST https://api.telegram.org/bot8223900828:AAGNG00joY9NKJRy9RnQSFq0St6kq9cZnCs/sendChatAction "HTTP/1.1 200 OK"
2026-05-19 01:28:42,058 | INFO     | HTTP Request: POST http://localhost:11434/api/chat "HTTP/1.1 200 OK"
2026-05-19 01:28:42,059 | WARNING  | QUIZ_EVAL: нет ПРАВИЛЬНЫЙ_ОТВЕТ | user=2057476178 | q=4
2026-05-19 01:28:42,060 | INFO     | QUIZ_EVAL | user=2057476178 | q=4 | correct=
2026-05-19 01:28:42,202 | INFO     | HTTP Request: POST https://api.telegram.org/bot8223900828:AAGNG00joY9NKJRy9RnQSFq0St6kq9cZnCs/sendMessage "HTTP/1.1 200 OK"
2026-05-19 01:28:50,382 | INFO     | HTTP Request: POST https://api.telegram.org/bot8223900828:AAGNG00joY9NKJRy9RnQSFq0St6kq9cZnCs/getUpdates "HTTP/1.1 200 OK"
2026-05-19 01:29:00,499 | INFO     | HTTP Request: POST https://api.telegram.org/bot8223900828:AAGNG00joY9NKJRy9RnQSFq0St6kq9cZnCs/getUpdates "HTTP/1.1 200 OK"
2026-05-19 01:29:10,610 | INFO     | HTTP Request: POST https://api.telegram.org/bot8223900828:AAGNG00joY9NKJRy9RnQSFq0St6kq9cZnCs/getUpdates "HTTP/1.1 200 OK"
2026-05-19 01:29:20,723 | INFO     | HTTP Request: POST https://api.telegram.org/bot8223900828:AAGNG00joY9NKJRy9RnQSFq0St6kq9cZnCs/getUpdates "HTTP/1.1 200 OK"
2026-05-19 01:29:30,834 | INFO     | HTTP Request: POST https://api.telegram.org/bot8223900828:AAGNG00joY9NKJRy9RnQSFq0St6kq9cZnCs/getUpdates "HTTP/1.1 200 OK"
2026-05-19 01:29:40,945 | INFO     | HTTP Request: POST https://api.telegram.org/bot8223900828:AAGNG00joY9NKJRy9RnQSFq0St6kq9cZnCs/getUpdates "HTTP/1.1 200 OK"
2026-05-19 01:29:51,056 | INFO     | HTTP Request: POST https://api.telegram.org/bot8223900828:AAGNG00joY9NKJRy9RnQSFq0St6kq9cZnCs/getUpdates "HTTP/1.1 200 OK"
2026-05-19 01:30:01,166 | INFO     | HTTP Request: POST https://api.telegram.org/bot8223900828:AAGNG00joY9NKJRy9RnQSFq0St6kq9cZnCs/getUpdates "HTTP/1.1 200 OK"
2026-05-19 01:30:11,277 | INFO     | HTTP Request: POST https://api.telegram.org/bot8223900828:AAGNG00joY9NKJRy9RnQSFq0St6kq9cZnCs/getUpdates "HTTP/1.1 200 OK"
2026-05-19 01:30:21,386 | INFO     | HTTP Request: POST https://api.telegram.org/bot8223900828:AAGNG00joY9NKJRy9RnQSFq0St6kq9cZnCs/getUpdates "HTTP/1.1 200 OK"
2026-05-19 01:30:31,497 | INFO     | HTTP Request: POST https://api.telegram.org/bot8223900828:AAGNG00joY9NKJRy9RnQSFq0St6kq9cZnCs/getUpdates "HTTP/1.1 200 OK"
2026-05-19 01:30:41,608 | INFO     | HTTP Request: POST https://api.telegram.org/bot8223900828:AAGNG00joY9NKJRy9RnQSFq0St6kq9cZnCs/getUpdates "HTTP/1.1 200 OK"
2026-05-19 01:30:51,721 | INFO     | HTTP Request: POST https://api.telegram.org/bot8223900828:AAGNG00joY9NKJRy9RnQSFq0St6kq9cZnCs/getUpdates "HTTP/1.1 200 OK"
2026-05-19 01:31:01,832 | INFO     | HTTP Request: POST https://api.telegram.org/bot8223900828:AAGNG00joY9NKJRy9RnQSFq0St6kq9cZnCs/getUpdates "HTTP/1.1 200 OK"
2026-05-19 01:31:11,941 | INFO     | HTTP Request: POST https://api.telegram.org/bot8223900828:AAGNG00joY9NKJRy9RnQSFq0St6kq9cZnCs/getUpdates "HTTP/1.1 200 OK"
2026-05-19 01:31:22,050 | INFO     | HTTP Request: POST https://api.telegram.org/bot8223900828:AAGNG00joY9NKJRy9RnQSFq0St6kq9cZnCs/getUpdates "HTTP/1.1 200 OK"
2026-05-19 01:31:32,161 | INFO     | HTTP Request: POST https://api.telegram.org/bot8223900828:AAGNG00joY9NKJRy9RnQSFq0St6kq9cZnCs/getUpdates "HTTP/1.1 200 OK"
2026-05-19 01:31:42,270 | INFO     | HTTP Request: POST https://api.telegram.org/bot8223900828:AAGNG00joY9NKJRy9RnQSFq0St6kq9cZnCs/getUpdates "HTTP/1.1 200 OK"
2026-05-19 01:31:52,398 | INFO     | HTTP Request: POST https://api.telegram.org/bot8223900828:AAGNG00joY9NKJRy9RnQSFq0St6kq9cZnCs/getUpdates "HTTP/1.1 200 OK"
2026-05-19 01:32:02,508 | INFO     | HTTP Request: POST https://api.telegram.org/bot8223900828:AAGNG00joY9NKJRy9RnQSFq0St6kq9cZnCs/getUpdates "HTTP/1.1 200 OK"
2026-05-19 01:32:12,619 | INFO     | HTTP Request: POST https://api.telegram.org/bot8223900828:AAGNG00joY9NKJRy9RnQSFq0St6kq9cZnCs/getUpdates "HTTP/1.1 200 OK"
2026-05-19 01:32:22,730 | INFO     | HTTP Request: POST https://api.telegram.org/bot8223900828:AAGNG00joY9NKJRy9RnQSFq0St6kq9cZnCs/getUpdates "HTTP/1.1 200 OK"
2026-05-19 01:32:32,838 | INFO     | HTTP Request: POST https://api.telegram.org/bot8223900828:AAGNG00joY9NKJRy9RnQSFq0St6kq9cZnCs/getUpdates "HTTP/1.1 200 OK"
2026-05-19 01:32:42,952 | INFO     | HTTP Request: POST https://api.telegram.org/bot8223900828:AAGNG00joY9NKJRy9RnQSFq0St6kq9cZnCs/getUpdates "HTTP/1.1 200 OK"
2026-05-19 01:32:53,068 | INFO     | HTTP Request: POST https://api.telegram.org/bot8223900828:AAGNG00joY9NKJRy9RnQSFq0St6kq9cZnCs/getUpdates "HTTP/1.1 200 OK"
2026-05-19 01:33:03,182 | INFO     | HTTP Request: POST https://api.telegram.org/bot8223900828:AAGNG00joY9NKJRy9RnQSFq0St6kq9cZnCs/getUpdates "HTTP/1.1 200 OK"
2026-05-19 01:33:13,293 | INFO     | HTTP Request: POST https://api.telegram.org/bot8223900828:AAGNG00joY9NKJRy9RnQSFq0St6kq9cZnCs/getUpdates "HTTP/1.1 200 OK"
2026-05-19 01:33:23,403 | INFO     | HTTP Request: POST https://api.telegram.org/bot8223900828:AAGNG00joY9NKJRy9RnQSFq0St6kq9cZnCs/getUpdates "HTTP/1.1 200 OK"
2026-05-19 01:33:33,518 | INFO     | HTTP Request: POST https://api.telegram.org/bot8223900828:AAGNG00joY9NKJRy9RnQSFq0St6kq9cZnCs/getUpdates "HTTP/1.1 200 OK"
2026-05-19 01:33:43,628 | INFO     | HTTP Request: POST https://api.telegram.org/bot8223900828:AAGNG00joY9NKJRy9RnQSFq0St6kq9cZnCs/getUpdates "HTTP/1.1 200 OK"
2026-05-19 01:33:50,088 | INFO     | HTTP Request: POST https://api.telegram.org/bot8223900828:AAGNG00joY9NKJRy9RnQSFq0St6kq9cZnCs/getUpdates "HTTP/1.1 200 OK"
2026-05-19 01:33:50,089 | INFO     | Application is stopping. This might take a moment.
2026-05-19 01:33:50,089 | INFO     | Application.stop() complete
2026-05-19 01:33:52,421 | INFO     | ╔══════════════════════════════════════╗
2026-05-19 01:33:52,421 | INFO     | ║  📚  DonishAI — МГУ Душанбе          ║
2026-05-19 01:33:52,421 | INFO     | ║  Модель : qwen2.5:3b                 ║
2026-05-19 01:33:52,421 | INFO     | ║  Стоп   : Ctrl+C                     ║
2026-05-19 01:33:52,422 | INFO     | ╚══════════════════════════════════════╝
2026-05-19 01:33:52,941 | INFO     | DonishAI started | model=qwen2.5:3b
2026-05-19 01:33:53,412 | INFO     | HTTP Request: POST https://api.telegram.org/bot8223900828:AAGNG00joY9NKJRy9RnQSFq0St6kq9cZnCs/getMe "HTTP/1.1 200 OK"
2026-05-19 01:33:53,772 | INFO     | HTTP Request: POST https://api.telegram.org/bot8223900828:AAGNG00joY9NKJRy9RnQSFq0St6kq9cZnCs/deleteWebhook "HTTP/1.1 200 OK"
2026-05-19 01:33:53,775 | INFO     | Application started
2026-05-19 01:34:04,114 | INFO     | HTTP Request: POST https://api.telegram.org/bot8223900828:AAGNG00joY9NKJRy9RnQSFq0St6kq9cZnCs/getUpdates "HTTP/1.1 200 OK"
2026-05-19 01:34:14,255 | INFO     | HTTP Request: POST https://api.telegram.org/bot8223900828:AAGNG00joY9NKJRy9RnQSFq0St6kq9cZnCs/getUpdates "HTTP/1.1 200 OK"
2026-05-19 01:34:24,368 | INFO     | HTTP Request: POST https://api.telegram.org/bot8223900828:AAGNG00joY9NKJRy9RnQSFq0St6kq9cZnCs/getUpdates "HTTP/1.1 200 OK"
2026-05-19 01:34:34,514 | INFO     | HTTP Request: POST https://api.telegram.org/bot8223900828:AAGNG00joY9NKJRy9RnQSFq0St6kq9cZnCs/getUpdates "HTTP/1.1 200 OK"
2026-05-19 01:34:35,302 | INFO     | HTTP Request: POST https://api.telegram.org/bot8223900828:AAGNG00joY9NKJRy9RnQSFq0St6kq9cZnCs/getUpdates "HTTP/1.1 200 OK"
2026-05-19 01:34:35,692 | INFO     | HTTP Request: POST https://api.telegram.org/bot8223900828:AAGNG00joY9NKJRy9RnQSFq0St6kq9cZnCs/sendMessage "HTTP/1.1 200 OK"
2026-05-19 01:34:41,293 | INFO     | HTTP Request: POST https://api.telegram.org/bot8223900828:AAGNG00joY9NKJRy9RnQSFq0St6kq9cZnCs/getUpdates "HTTP/1.1 200 OK"
2026-05-19 01:34:41,633 | INFO     | HTTP Request: POST https://api.telegram.org/bot8223900828:AAGNG00joY9NKJRy9RnQSFq0St6kq9cZnCs/sendChatAction "HTTP/1.1 200 OK"
2026-05-19 01:34:51,419 | INFO     | HTTP Request: POST https://api.telegram.org/bot8223900828:AAGNG00joY9NKJRy9RnQSFq0St6kq9cZnCs/getUpdates "HTTP/1.1 200 OK"
2026-05-19 01:34:51,830 | INFO     | HTTP Request: POST http://localhost:11434/api/chat "HTTP/1.1 200 OK"
2026-05-19 01:34:51,841 | INFO     | QUIZ_START | user=2057476178 | topic=рекурсия | correct=A
2026-05-19 01:34:52,206 | INFO     | HTTP Request: POST https://api.telegram.org/bot8223900828:AAGNG00joY9NKJRy9RnQSFq0St6kq9cZnCs/sendMessage "HTTP/1.1 200 OK"
2026-05-19 01:35:01,532 | INFO     | HTTP Request: POST https://api.telegram.org/bot8223900828:AAGNG00joY9NKJRy9RnQSFq0St6kq9cZnCs/getUpdates "HTTP/1.1 200 OK"
2026-05-19 01:35:04,957 | INFO     | HTTP Request: POST https://api.telegram.org/bot8223900828:AAGNG00joY9NKJRy9RnQSFq0St6kq9cZnCs/getUpdates "HTTP/1.1 200 OK"
2026-05-19 01:35:05,303 | INFO     | HTTP Request: POST https://api.telegram.org/bot8223900828:AAGNG00joY9NKJRy9RnQSFq0St6kq9cZnCs/sendChatAction "HTTP/1.1 200 OK"
2026-05-19 01:35:08,731 | INFO     | HTTP Request: POST http://localhost:11434/api/chat "HTTP/1.1 200 OK"
2026-05-19 01:35:08,733 | INFO     | QUIZ_EVAL | user=2057476178 | q=2 | correct=A
2026-05-19 01:35:08,881 | INFO     | HTTP Request: POST https://api.telegram.org/bot8223900828:AAGNG00joY9NKJRy9RnQSFq0St6kq9cZnCs/sendMessage "HTTP/1.1 200 OK"
2026-05-19 01:35:15,074 | INFO     | HTTP Request: POST https://api.telegram.org/bot8223900828:AAGNG00joY9NKJRy9RnQSFq0St6kq9cZnCs/getUpdates "HTTP/1.1 200 OK"
2026-05-19 01:35:25,188 | INFO     | HTTP Request: POST https://api.telegram.org/bot8223900828:AAGNG00joY9NKJRy9RnQSFq0St6kq9cZnCs/getUpdates "HTTP/1.1 200 OK"
2026-05-19 01:35:29,002 | INFO     | HTTP Request: POST https://api.telegram.org/bot8223900828:AAGNG00joY9NKJRy9RnQSFq0St6kq9cZnCs/getUpdates "HTTP/1.1 200 OK"
2026-05-19 01:35:29,341 | INFO     | HTTP Request: POST https://api.telegram.org/bot8223900828:AAGNG00joY9NKJRy9RnQSFq0St6kq9cZnCs/sendChatAction "HTTP/1.1 200 OK"
2026-05-19 01:35:32,681 | INFO     | HTTP Request: POST http://localhost:11434/api/chat "HTTP/1.1 200 OK"
2026-05-19 01:35:32,683 | WARNING  | QUIZ_EVAL: нет нового вопроса | user=2057476178 | q=3
2026-05-19 01:35:35,102 | INFO     | HTTP Request: POST http://localhost:11434/api/chat "HTTP/1.1 200 OK"
2026-05-19 01:35:35,105 | INFO     | QUIZ_EVAL | user=2057476178 | q=3 | correct=A
2026-05-19 01:35:35,495 | INFO     | HTTP Request: POST https://api.telegram.org/bot8223900828:AAGNG00joY9NKJRy9RnQSFq0St6kq9cZnCs/sendMessage "HTTP/1.1 200 OK"
2026-05-19 01:35:39,120 | INFO     | HTTP Request: POST https://api.telegram.org/bot8223900828:AAGNG00joY9NKJRy9RnQSFq0St6kq9cZnCs/getUpdates "HTTP/1.1 200 OK"
2026-05-19 01:35:49,231 | INFO     | HTTP Request: POST https://api.telegram.org/bot8223900828:AAGNG00joY9NKJRy9RnQSFq0St6kq9cZnCs/getUpdates "HTTP/1.1 200 OK"
2026-05-19 01:35:52,423 | INFO     | HTTP Request: POST https://api.telegram.org/bot8223900828:AAGNG00joY9NKJRy9RnQSFq0St6kq9cZnCs/getUpdates "HTTP/1.1 200 OK"
2026-05-19 01:35:52,771 | INFO     | HTTP Request: POST https://api.telegram.org/bot8223900828:AAGNG00joY9NKJRy9RnQSFq0St6kq9cZnCs/answerCallbackQuery "HTTP/1.1 200 OK"
2026-05-19 01:35:52,951 | INFO     | HTTP Request: POST https://api.telegram.org/bot8223900828:AAGNG00joY9NKJRy9RnQSFq0St6kq9cZnCs/editMessageReplyMarkup "HTTP/1.1 200 OK"
2026-05-19 01:35:53,081 | INFO     | HTTP Request: POST https://api.telegram.org/bot8223900828:AAGNG00joY9NKJRy9RnQSFq0St6kq9cZnCs/sendMessage "HTTP/1.1 200 OK"
2026-05-19 01:35:56,378 | INFO     | HTTP Request: POST https://api.telegram.org/bot8223900828:AAGNG00joY9NKJRy9RnQSFq0St6kq9cZnCs/getUpdates "HTTP/1.1 200 OK"
2026-05-19 01:35:56,489 | INFO     | HTTP Request: POST https://api.telegram.org/bot8223900828:AAGNG00joY9NKJRy9RnQSFq0St6kq9cZnCs/answerCallbackQuery "HTTP/1.1 200 OK"
2026-05-19 01:35:56,612 | INFO     | HTTP Request: POST https://api.telegram.org/bot8223900828:AAGNG00joY9NKJRy9RnQSFq0St6kq9cZnCs/editMessageText "HTTP/1.1 200 OK"
2026-05-19 01:36:00,472 | INFO     | HTTP Request: POST https://api.telegram.org/bot8223900828:AAGNG00joY9NKJRy9RnQSFq0St6kq9cZnCs/getUpdates "HTTP/1.1 200 OK"
2026-05-19 01:36:00,598 | INFO     | HTTP Request: POST https://api.telegram.org/bot8223900828:AAGNG00joY9NKJRy9RnQSFq0St6kq9cZnCs/sendMessage "HTTP/1.1 200 OK"
2026-05-19 01:36:03,315 | INFO     | HTTP Request: POST https://api.telegram.org/bot8223900828:AAGNG00joY9NKJRy9RnQSFq0St6kq9cZnCs/getUpdates "HTTP/1.1 200 OK"
2026-05-19 01:36:03,444 | INFO     | HTTP Request: POST https://api.telegram.org/bot8223900828:AAGNG00joY9NKJRy9RnQSFq0St6kq9cZnCs/answerCallbackQuery "HTTP/1.1 200 OK"
2026-05-19 01:36:03,660 | INFO     | HTTP Request: POST https://api.telegram.org/bot8223900828:AAGNG00joY9NKJRy9RnQSFq0St6kq9cZnCs/editMessageText "HTTP/1.1 200 OK"
2026-05-19 01:36:07,551 | INFO     | HTTP Request: POST https://api.telegram.org/bot8223900828:AAGNG00joY9NKJRy9RnQSFq0St6kq9cZnCs/getUpdates "HTTP/1.1 200 OK"
2026-05-19 01:36:07,680 | INFO     | HTTP Request: POST https://api.telegram.org/bot8223900828:AAGNG00joY9NKJRy9RnQSFq0St6kq9cZnCs/sendChatAction "HTTP/1.1 200 OK"
2026-05-19 01:36:08,719 | INFO     | HTTP Request: POST http://localhost:11434/api/chat "HTTP/1.1 200 OK"
2026-05-19 01:36:08,721 | INFO     | MSG | user=2057476178 | len=9
2026-05-19 01:36:08,854 | INFO     | HTTP Request: POST https://api.telegram.org/bot8223900828:AAGNG00joY9NKJRy9RnQSFq0St6kq9cZnCs/sendMessage "HTTP/1.1 200 OK"
2026-05-19 01:36:13,395 | INFO     | HTTP Request: POST https://api.telegram.org/bot8223900828:AAGNG00joY9NKJRy9RnQSFq0St6kq9cZnCs/getUpdates "HTTP/1.1 200 OK"
2026-05-19 01:36:13,518 | INFO     | HTTP Request: POST https://api.telegram.org/bot8223900828:AAGNG00joY9NKJRy9RnQSFq0St6kq9cZnCs/sendChatAction "HTTP/1.1 200 OK"
2026-05-19 01:36:15,098 | INFO     | HTTP Request: POST http://localhost:11434/api/chat "HTTP/1.1 200 OK"
2026-05-19 01:36:15,100 | INFO     | MSG | user=2057476178 | len=2
2026-05-19 01:36:15,230 | INFO     | HTTP Request: POST https://api.telegram.org/bot8223900828:AAGNG00joY9NKJRy9RnQSFq0St6kq9cZnCs/sendMessage "HTTP/1.1 200 OK"
2026-05-19 01:36:23,515 | INFO     | HTTP Request: POST https://api.telegram.org/bot8223900828:AAGNG00joY9NKJRy9RnQSFq0St6kq9cZnCs/getUpdates "HTTP/1.1 200 OK"
2026-05-19 01:36:33,629 | INFO     | HTTP Request: POST https://api.telegram.org/bot8223900828:AAGNG00joY9NKJRy9RnQSFq0St6kq9cZnCs/getUpdates "HTTP/1.1 200 OK"
2026-05-19 01:36:36,714 | INFO     | HTTP Request: POST https://api.telegram.org/bot8223900828:AAGNG00joY9NKJRy9RnQSFq0St6kq9cZnCs/getUpdates "HTTP/1.1 200 OK"
2026-05-19 01:36:37,205 | INFO     | HTTP Request: POST https://api.telegram.org/bot8223900828:AAGNG00joY9NKJRy9RnQSFq0St6kq9cZnCs/sendChatAction "HTTP/1.1 200 OK"
2026-05-19 01:36:42,220 | INFO     | HTTP Request: POST http://localhost:11434/api/chat "HTTP/1.1 200 OK"
2026-05-19 01:36:42,223 | INFO     | MSG | user=2057476178 | len=28
2026-05-19 01:36:42,589 | INFO     | HTTP Request: POST https://api.telegram.org/bot8223900828:AAGNG00joY9NKJRy9RnQSFq0St6kq9cZnCs/sendMessage "HTTP/1.1 200 OK"
2026-05-19 01:36:46,832 | INFO     | HTTP Request: POST https://api.telegram.org/bot8223900828:AAGNG00joY9NKJRy9RnQSFq0St6kq9cZnCs/getUpdates "HTTP/1.1 200 OK"
2026-05-19 01:36:56,945 | INFO     | HTTP Request: POST https://api.telegram.org/bot8223900828:AAGNG00joY9NKJRy9RnQSFq0St6kq9cZnCs/getUpdates "HTTP/1.1 200 OK"
2026-05-19 01:37:07,061 | INFO     | HTTP Request: POST https://api.telegram.org/bot8223900828:AAGNG00joY9NKJRy9RnQSFq0St6kq9cZnCs/getUpdates "HTTP/1.1 200 OK"
2026-05-19 01:37:17,176 | INFO     | HTTP Request: POST https://api.telegram.org/bot8223900828:AAGNG00joY9NKJRy9RnQSFq0St6kq9cZnCs/getUpdates "HTTP/1.1 200 OK"
2026-05-19 01:37:27,299 | INFO     | HTTP Request: POST https://api.telegram.org/bot8223900828:AAGNG00joY9NKJRy9RnQSFq0St6kq9cZnCs/getUpdates "HTTP/1.1 200 OK"
2026-05-19 01:37:37,412 | INFO     | HTTP Request: POST https://api.telegram.org/bot8223900828:AAGNG00joY9NKJRy9RnQSFq0St6kq9cZnCs/getUpdates "HTTP/1.1 200 OK"
2026-05-19 01:37:47,525 | INFO     | HTTP Request: POST https://api.telegram.org/bot8223900828:AAGNG00joY9NKJRy9RnQSFq0St6kq9cZnCs/getUpdates "HTTP/1.1 200 OK"
2026-05-19 01:37:57,637 | INFO     | HTTP Request: POST https://api.telegram.org/bot8223900828:AAGNG00joY9NKJRy9RnQSFq0St6kq9cZnCs/getUpdates "HTTP/1.1 200 OK"
2026-05-19 01:38:07,760 | INFO     | HTTP Request: POST https://api.telegram.org/bot8223900828:AAGNG00joY9NKJRy9RnQSFq0St6kq9cZnCs/getUpdates "HTTP/1.1 200 OK"
2026-05-19 01:38:17,877 | INFO     | HTTP Request: POST https://api.telegram.org/bot8223900828:AAGNG00joY9NKJRy9RnQSFq0St6kq9cZnCs/getUpdates "HTTP/1.1 200 OK"
2026-05-19 01:38:27,989 | INFO     | HTTP Request: POST https://api.telegram.org/bot8223900828:AAGNG00joY9NKJRy9RnQSFq0St6kq9cZnCs/getUpdates "HTTP/1.1 200 OK"
2026-05-19 01:38:32,903 | INFO     | HTTP Request: POST https://api.telegram.org/bot8223900828:AAGNG00joY9NKJRy9RnQSFq0St6kq9cZnCs/getUpdates "HTTP/1.1 200 OK"
2026-05-19 01:38:32,904 | INFO     | Application is stopping. This might take a moment.
2026-05-19 01:38:32,905 | INFO     | Application.stop() complete
2026-05-19 01:39:10,588 | INFO     | DonishAI started | model=qwen2.5:3b
2026-05-19 01:39:11,244 | INFO     | HTTP Request: POST https://api.telegram.org/bot8223900828:AAGNG00joY9NKJRy9RnQSFq0St6kq9cZnCs/getMe "HTTP/1.1 200 OK"
2026-05-19 01:39:11,747 | INFO     | HTTP Request: POST https://api.telegram.org/bot8223900828:AAGNG00joY9NKJRy9RnQSFq0St6kq9cZnCs/deleteWebhook "HTTP/1.1 200 OK"
2026-05-19 01:39:11,751 | INFO     | Application started
2026-05-19 01:39:13,187 | INFO     | HTTP Request: POST https://api.telegram.org/bot8223900828:AAGNG00joY9NKJRy9RnQSFq0St6kq9cZnCs/getUpdates "HTTP/1.1 200 OK"
2026-05-19 01:39:13,323 | INFO     | HTTP Request: POST https://api.telegram.org/bot8223900828:AAGNG00joY9NKJRy9RnQSFq0St6kq9cZnCs/sendMessage "HTTP/1.1 200 OK"
2026-05-19 01:39:23,301 | INFO     | HTTP Request: POST https://api.telegram.org/bot8223900828:AAGNG00joY9NKJRy9RnQSFq0St6kq9cZnCs/getUpdates "HTTP/1.1 200 OK"
2026-05-19 01:39:33,416 | INFO     | HTTP Request: POST https://api.telegram.org/bot8223900828:AAGNG00joY9NKJRy9RnQSFq0St6kq9cZnCs/getUpdates "HTTP/1.1 200 OK"
2026-05-19 01:39:43,521 | INFO     | HTTP Request: POST https://api.telegram.org/bot8223900828:AAGNG00joY9NKJRy9RnQSFq0St6kq9cZnCs/getUpdates "HTTP/1.1 200 OK"
2026-05-19 01:39:50,136 | INFO     | HTTP Request: POST https://api.telegram.org/bot8223900828:AAGNG00joY9NKJRy9RnQSFq0St6kq9cZnCs/getUpdates "HTTP/1.1 200 OK"
2026-05-19 01:39:50,473 | INFO     | HTTP Request: POST https://api.telegram.org/bot8223900828:AAGNG00joY9NKJRy9RnQSFq0St6kq9cZnCs/sendChatAction "HTTP/1.1 200 OK"
2026-05-19 01:39:52,657 | INFO     | HTTP Request: POST http://localhost:11434/api/chat "HTTP/1.1 200 OK"
2026-05-19 01:39:52,659 | INFO     | MSG | user=2057476178 | len=26
2026-05-19 01:39:52,795 | INFO     | HTTP Request: POST https://api.telegram.org/bot8223900828:AAGNG00joY9NKJRy9RnQSFq0St6kq9cZnCs/sendMessage "HTTP/1.1 200 OK"
2026-05-19 01:40:00,247 | INFO     | HTTP Request: POST https://api.telegram.org/bot8223900828:AAGNG00joY9NKJRy9RnQSFq0St6kq9cZnCs/getUpdates "HTTP/1.1 200 OK"
2026-05-19 01:40:10,359 | INFO     | HTTP Request: POST https://api.telegram.org/bot8223900828:AAGNG00joY9NKJRy9RnQSFq0St6kq9cZnCs/getUpdates "HTTP/1.1 200 OK"
2026-05-19 01:40:20,473 | INFO     | HTTP Request: POST https://api.telegram.org/bot8223900828:AAGNG00joY9NKJRy9RnQSFq0St6kq9cZnCs/getUpdates "HTTP/1.1 200 OK"
2026-05-19 01:40:30,583 | INFO     | HTTP Request: POST https://api.telegram.org/bot8223900828:AAGNG00joY9NKJRy9RnQSFq0St6kq9cZnCs/getUpdates "HTTP/1.1 200 OK"
2026-05-19 01:40:40,697 | INFO     | HTTP Request: POST https://api.telegram.org/bot8223900828:AAGNG00joY9NKJRy9RnQSFq0St6kq9cZnCs/getUpdates "HTTP/1.1 200 OK"
2026-05-19 01:40:50,807 | INFO     | HTTP Request: POST https://api.telegram.org/bot8223900828:AAGNG00joY9NKJRy9RnQSFq0St6kq9cZnCs/getUpdates "HTTP/1.1 200 OK"
2026-05-19 01:41:00,915 | INFO     | HTTP Request: POST https://api.telegram.org/bot8223900828:AAGNG00joY9NKJRy9RnQSFq0St6kq9cZnCs/getUpdates "HTTP/1.1 200 OK"
2026-05-19 01:41:11,021 | INFO     | HTTP Request: POST https://api.telegram.org/bot8223900828:AAGNG00joY9NKJRy9RnQSFq0St6kq9cZnCs/getUpdates "HTTP/1.1 200 OK"
2026-05-19 01:41:21,136 | INFO     | HTTP Request: POST https://api.telegram.org/bot8223900828:AAGNG00joY9NKJRy9RnQSFq0St6kq9cZnCs/getUpdates "HTTP/1.1 200 OK"
2026-05-19 01:41:31,242 | INFO     | HTTP Request: POST https://api.telegram.org/bot8223900828:AAGNG00joY9NKJRy9RnQSFq0St6kq9cZnCs/getUpdates "HTTP/1.1 200 OK"
2026-05-19 01:41:41,347 | INFO     | HTTP Request: POST https://api.telegram.org/bot8223900828:AAGNG00joY9NKJRy9RnQSFq0St6kq9cZnCs/getUpdates "HTTP/1.1 200 OK"
2026-05-19 01:41:51,457 | INFO     | HTTP Request: POST https://api.telegram.org/bot8223900828:AAGNG00joY9NKJRy9RnQSFq0St6kq9cZnCs/getUpdates "HTTP/1.1 200 OK"
2026-05-19 01:42:01,564 | INFO     | HTTP Request: POST https://api.telegram.org/bot8223900828:AAGNG00joY9NKJRy9RnQSFq0St6kq9cZnCs/getUpdates "HTTP/1.1 200 OK"
2026-05-19 01:42:11,678 | INFO     | HTTP Request: POST https://api.telegram.org/bot8223900828:AAGNG00joY9NKJRy9RnQSFq0St6kq9cZnCs/getUpdates "HTTP/1.1 200 OK"
2026-05-19 01:42:21,787 | INFO     | HTTP Request: POST https://api.telegram.org/bot8223900828:AAGNG00joY9NKJRy9RnQSFq0St6kq9cZnCs/getUpdates "HTTP/1.1 200 OK"
2026-05-19 01:42:31,895 | INFO     | HTTP Request: POST https://api.telegram.org/bot8223900828:AAGNG00joY9NKJRy9RnQSFq0St6kq9cZnCs/getUpdates "HTTP/1.1 200 OK"
2026-05-19 01:42:42,002 | INFO     | HTTP Request: POST https://api.telegram.org/bot8223900828:AAGNG00joY9NKJRy9RnQSFq0St6kq9cZnCs/getUpdates "HTTP/1.1 200 OK"
2026-05-19 01:42:52,109 | INFO     | HTTP Request: POST https://api.telegram.org/bot8223900828:AAGNG00joY9NKJRy9RnQSFq0St6kq9cZnCs/getUpdates "HTTP/1.1 200 OK"
2026-05-19 01:43:02,224 | INFO     | HTTP Request: POST https://api.telegram.org/bot8223900828:AAGNG00joY9NKJRy9RnQSFq0St6kq9cZnCs/getUpdates "HTTP/1.1 200 OK"
2026-05-19 01:43:12,330 | INFO     | HTTP Request: POST https://api.telegram.org/bot8223900828:AAGNG00joY9NKJRy9RnQSFq0St6kq9cZnCs/getUpdates "HTTP/1.1 200 OK"
2026-05-19 01:43:22,436 | INFO     | HTTP Request: POST https://api.telegram.org/bot8223900828:AAGNG00joY9NKJRy9RnQSFq0St6kq9cZnCs/getUpdates "HTTP/1.1 200 OK"
2026-05-19 01:43:32,547 | INFO     | HTTP Request: POST https://api.telegram.org/bot8223900828:AAGNG00joY9NKJRy9RnQSFq0St6kq9cZnCs/getUpdates "HTTP/1.1 200 OK"
2026-05-19 01:43:42,653 | INFO     | HTTP Request: POST https://api.telegram.org/bot8223900828:AAGNG00joY9NKJRy9RnQSFq0St6kq9cZnCs/getUpdates "HTTP/1.1 200 OK"
2026-05-19 01:43:52,765 | INFO     | HTTP Request: POST https://api.telegram.org/bot8223900828:AAGNG00joY9NKJRy9RnQSFq0St6kq9cZnCs/getUpdates "HTTP/1.1 200 OK"
2026-05-19 01:44:02,874 | INFO     | HTTP Request: POST https://api.telegram.org/bot8223900828:AAGNG00joY9NKJRy9RnQSFq0St6kq9cZnCs/getUpdates "HTTP/1.1 200 OK"
2026-05-19 01:44:12,991 | INFO     | HTTP Request: POST https://api.telegram.org/bot8223900828:AAGNG00joY9NKJRy9RnQSFq0St6kq9cZnCs/getUpdates "HTTP/1.1 200 OK"
2026-05-19 01:44:23,098 | INFO     | HTTP Request: POST https://api.telegram.org/bot8223900828:AAGNG00joY9NKJRy9RnQSFq0St6kq9cZnCs/getUpdates "HTTP/1.1 200 OK"
2026-05-19 01:44:33,205 | INFO     | HTTP Request: POST https://api.telegram.org/bot8223900828:AAGNG00joY9NKJRy9RnQSFq0St6kq9cZnCs/getUpdates "HTTP/1.1 200 OK"
2026-05-19 01:44:43,314 | INFO     | HTTP Request: POST https://api.telegram.org/bot8223900828:AAGNG00joY9NKJRy9RnQSFq0St6kq9cZnCs/getUpdates "HTTP/1.1 200 OK"
2026-05-19 01:44:53,423 | INFO     | HTTP Request: POST https://api.telegram.org/bot8223900828:AAGNG00joY9NKJRy9RnQSFq0St6kq9cZnCs/getUpdates "HTTP/1.1 200 OK"
2026-05-19 01:45:03,531 | INFO     | HTTP Request: POST https://api.telegram.org/bot8223900828:AAGNG00joY9NKJRy9RnQSFq0St6kq9cZnCs/getUpdates "HTTP/1.1 200 OK"
2026-05-19 01:45:13,639 | INFO     | HTTP Request: POST https://api.telegram.org/bot8223900828:AAGNG00joY9NKJRy9RnQSFq0St6kq9cZnCs/getUpdates "HTTP/1.1 200 OK"
2026-05-19 01:45:23,756 | INFO     | HTTP Request: POST https://api.telegram.org/bot8223900828:AAGNG00joY9NKJRy9RnQSFq0St6kq9cZnCs/getUpdates "HTTP/1.1 200 OK"
2026-05-19 01:45:33,866 | INFO     | HTTP Request: POST https://api.telegram.org/bot8223900828:AAGNG00joY9NKJRy9RnQSFq0St6kq9cZnCs/getUpdates "HTTP/1.1 200 OK"
2026-05-19 01:45:43,979 | INFO     | HTTP Request: POST https://api.telegram.org/bot8223900828:AAGNG00joY9NKJRy9RnQSFq0St6kq9cZnCs/getUpdates "HTTP/1.1 200 OK"
2026-05-19 01:45:54,101 | INFO     | HTTP Request: POST https://api.telegram.org/bot8223900828:AAGNG00joY9NKJRy9RnQSFq0St6kq9cZnCs/getUpdates "HTTP/1.1 200 OK"
2026-05-19 01:46:04,207 | INFO     | HTTP Request: POST https://api.telegram.org/bot8223900828:AAGNG00joY9NKJRy9RnQSFq0St6kq9cZnCs/getUpdates "HTTP/1.1 200 OK"
2026-05-19 01:46:14,312 | INFO     | HTTP Request: POST https://api.telegram.org/bot8223900828:AAGNG00joY9NKJRy9RnQSFq0St6kq9cZnCs/getUpdates "HTTP/1.1 200 OK"
2026-05-19 01:46:24,419 | INFO     | HTTP Request: POST https://api.telegram.org/bot8223900828:AAGNG00joY9NKJRy9RnQSFq0St6kq9cZnCs/getUpdates "HTTP/1.1 200 OK"
2026-05-19 01:46:28,127 | INFO     | HTTP Request: POST https://api.telegram.org/bot8223900828:AAGNG00joY9NKJRy9RnQSFq0St6kq9cZnCs/getUpdates "HTTP/1.1 200 OK"
2026-05-19 01:46:28,127 | INFO     | Application is stopping. This might take a moment.
2026-05-19 01:46:28,128 | INFO     | Application.stop() complete
2026-05-19 01:46:31,592 | INFO     | DonishAI started | model=qwen2.5:3b
2026-05-19 01:46:32,720 | INFO     | HTTP Request: POST https://api.telegram.org/bot8223900828:AAGNG00joY9NKJRy9RnQSFq0St6kq9cZnCs/getMe "HTTP/1.1 200 OK"
2026-05-19 01:46:33,078 | INFO     | HTTP Request: POST https://api.telegram.org/bot8223900828:AAGNG00joY9NKJRy9RnQSFq0St6kq9cZnCs/deleteWebhook "HTTP/1.1 200 OK"
2026-05-19 01:46:33,080 | INFO     | Application started
2026-05-19 01:46:43,414 | INFO     | HTTP Request: POST https://api.telegram.org/bot8223900828:AAGNG00joY9NKJRy9RnQSFq0St6kq9cZnCs/getUpdates "HTTP/1.1 200 OK"
2026-05-19 01:46:43,852 | INFO     | HTTP Request: POST https://api.telegram.org/bot8223900828:AAGNG00joY9NKJRy9RnQSFq0St6kq9cZnCs/getUpdates "HTTP/1.1 200 OK"
2026-05-19 01:46:44,202 | INFO     | HTTP Request: POST https://api.telegram.org/bot8223900828:AAGNG00joY9NKJRy9RnQSFq0St6kq9cZnCs/sendChatAction "HTTP/1.1 200 OK"
2026-05-19 01:46:53,628 | INFO     | HTTP Request: POST http://localhost:11434/api/chat "HTTP/1.1 200 OK"
2026-05-19 01:46:53,630 | INFO     | MSG | user=2057476178 | len=15
2026-05-19 01:46:53,969 | INFO     | HTTP Request: POST https://api.telegram.org/bot8223900828:AAGNG00joY9NKJRy9RnQSFq0St6kq9cZnCs/getUpdates "HTTP/1.1 200 OK"
2026-05-19 01:46:53,974 | INFO     | HTTP Request: POST https://api.telegram.org/bot8223900828:AAGNG00joY9NKJRy9RnQSFq0St6kq9cZnCs/sendMessage "HTTP/1.1 200 OK"
2026-05-19 01:47:04,084 | INFO     | HTTP Request: POST https://api.telegram.org/bot8223900828:AAGNG00joY9NKJRy9RnQSFq0St6kq9cZnCs/getUpdates "HTTP/1.1 200 OK"
2026-05-19 01:47:06,035 | INFO     | HTTP Request: POST https://api.telegram.org/bot8223900828:AAGNG00joY9NKJRy9RnQSFq0St6kq9cZnCs/getUpdates "HTTP/1.1 200 OK"
2026-05-19 01:47:06,366 | INFO     | HTTP Request: POST https://api.telegram.org/bot8223900828:AAGNG00joY9NKJRy9RnQSFq0St6kq9cZnCs/sendChatAction "HTTP/1.1 200 OK"
2026-05-19 01:47:07,493 | INFO     | HTTP Request: POST http://localhost:11434/api/chat "HTTP/1.1 200 OK"
2026-05-19 01:47:07,521 | INFO     | MSG | user=2057476178 | len=26
2026-05-19 01:47:07,659 | INFO     | HTTP Request: POST https://api.telegram.org/bot8223900828:AAGNG00joY9NKJRy9RnQSFq0St6kq9cZnCs/sendMessage "HTTP/1.1 200 OK"
2026-05-19 01:47:14,216 | INFO     | HTTP Request: POST https://api.telegram.org/bot8223900828:AAGNG00joY9NKJRy9RnQSFq0St6kq9cZnCs/getUpdates "HTTP/1.1 200 OK"
2026-05-19 01:47:14,556 | INFO     | HTTP Request: POST https://api.telegram.org/bot8223900828:AAGNG00joY9NKJRy9RnQSFq0St6kq9cZnCs/sendChatAction "HTTP/1.1 200 OK"
2026-05-19 01:47:15,959 | INFO     | HTTP Request: POST http://localhost:11434/api/chat "HTTP/1.1 200 OK"
2026-05-19 01:47:15,961 | INFO     | MSG | user=2057476178 | len=9
2026-05-19 01:47:16,098 | INFO     | HTTP Request: POST https://api.telegram.org/bot8223900828:AAGNG00joY9NKJRy9RnQSFq0St6kq9cZnCs/sendMessage "HTTP/1.1 200 OK"
2026-05-19 01:47:24,329 | INFO     | HTTP Request: POST https://api.telegram.org/bot8223900828:AAGNG00joY9NKJRy9RnQSFq0St6kq9cZnCs/getUpdates "HTTP/1.1 200 OK"
2026-05-19 01:47:28,995 | INFO     | HTTP Request: POST https://api.telegram.org/bot8223900828:AAGNG00joY9NKJRy9RnQSFq0St6kq9cZnCs/getUpdates "HTTP/1.1 200 OK"
2026-05-19 01:47:29,326 | INFO     | HTTP Request: POST https://api.telegram.org/bot8223900828:AAGNG00joY9NKJRy9RnQSFq0St6kq9cZnCs/sendChatAction "HTTP/1.1 200 OK"
2026-05-19 01:47:31,232 | INFO     | HTTP Request: POST http://localhost:11434/api/chat "HTTP/1.1 200 OK"
2026-05-19 01:47:31,233 | INFO     | MSG | user=2057476178 | len=14
2026-05-19 01:47:31,398 | INFO     | HTTP Request: POST https://api.telegram.org/bot8223900828:AAGNG00joY9NKJRy9RnQSFq0St6kq9cZnCs/sendMessage "HTTP/1.1 200 OK"
2026-05-19 01:47:39,111 | INFO     | HTTP Request: POST https://api.telegram.org/bot8223900828:AAGNG00joY9NKJRy9RnQSFq0St6kq9cZnCs/getUpdates "HTTP/1.1 200 OK"
2026-05-19 01:47:40,087 | INFO     | HTTP Request: POST https://api.telegram.org/bot8223900828:AAGNG00joY9NKJRy9RnQSFq0St6kq9cZnCs/getUpdates "HTTP/1.1 200 OK"
2026-05-19 01:47:40,487 | INFO     | HTTP Request: POST https://api.telegram.org/bot8223900828:AAGNG00joY9NKJRy9RnQSFq0St6kq9cZnCs/sendChatAction "HTTP/1.1 200 OK"
2026-05-19 01:47:42,193 | INFO     | HTTP Request: POST http://localhost:11434/api/chat "HTTP/1.1 200 OK"
2026-05-19 01:47:42,194 | INFO     | MSG | user=2057476178 | len=7
2026-05-19 01:47:42,532 | INFO     | HTTP Request: POST https://api.telegram.org/bot8223900828:AAGNG00joY9NKJRy9RnQSFq0St6kq9cZnCs/sendMessage "HTTP/1.1 200 OK"
2026-05-19 01:47:49,999 | INFO     | HTTP Request: POST https://api.telegram.org/bot8223900828:AAGNG00joY9NKJRy9RnQSFq0St6kq9cZnCs/getUpdates "HTTP/1.1 200 OK"
2026-05-19 01:47:50,333 | INFO     | HTTP Request: POST https://api.telegram.org/bot8223900828:AAGNG00joY9NKJRy9RnQSFq0St6kq9cZnCs/sendChatAction "HTTP/1.1 200 OK"
2026-05-19 01:47:51,829 | INFO     | HTTP Request: POST http://localhost:11434/api/chat "HTTP/1.1 200 OK"
2026-05-19 01:47:51,830 | INFO     | MSG | user=2057476178 | len=7
2026-05-19 01:47:51,999 | INFO     | HTTP Request: POST https://api.telegram.org/bot8223900828:AAGNG00joY9NKJRy9RnQSFq0St6kq9cZnCs/sendMessage "HTTP/1.1 200 OK"
2026-05-19 01:47:59,346 | INFO     | HTTP Request: POST https://api.telegram.org/bot8223900828:AAGNG00joY9NKJRy9RnQSFq0St6kq9cZnCs/getUpdates "HTTP/1.1 200 OK"
2026-05-19 01:47:59,347 | INFO     | Application is stopping. This might take a moment.
2026-05-19 01:47:59,347 | INFO     | Application.stop() complete
2026-05-19 13:08:33,133 | INFO     | DonishAI started | model=qwen2.5:3b
2026-05-19 13:08:33,902 | INFO     | HTTP Request: POST https://api.telegram.org/bot8223900828:AAGNG00joY9NKJRy9RnQSFq0St6kq9cZnCs/getMe "HTTP/1.1 200 OK"
2026-05-19 13:08:34,445 | INFO     | HTTP Request: POST https://api.telegram.org/bot8223900828:AAGNG00joY9NKJRy9RnQSFq0St6kq9cZnCs/deleteWebhook "HTTP/1.1 200 OK"
2026-05-19 13:08:34,447 | INFO     | Application started
2026-05-19 13:08:44,955 | INFO     | HTTP Request: POST https://api.telegram.org/bot8223900828:AAGNG00joY9NKJRy9RnQSFq0St6kq9cZnCs/getUpdates "HTTP/1.1 200 OK"
2026-05-19 13:08:47,954 | INFO     | HTTP Request: POST https://api.telegram.org/bot8223900828:AAGNG00joY9NKJRy9RnQSFq0St6kq9cZnCs/getUpdates "HTTP/1.1 200 OK"
2026-05-19 13:08:48,605 | INFO     | HTTP Request: POST https://api.telegram.org/bot8223900828:AAGNG00joY9NKJRy9RnQSFq0St6kq9cZnCs/sendMessage "HTTP/1.1 200 OK"
2026-05-19 13:08:58,095 | INFO     | HTTP Request: POST https://api.telegram.org/bot8223900828:AAGNG00joY9NKJRy9RnQSFq0St6kq9cZnCs/getUpdates "HTTP/1.1 200 OK"
2026-05-19 13:09:08,242 | INFO     | HTTP Request: POST https://api.telegram.org/bot8223900828:AAGNG00joY9NKJRy9RnQSFq0St6kq9cZnCs/getUpdates "HTTP/1.1 200 OK"
2026-05-19 13:09:18,467 | INFO     | HTTP Request: POST https://api.telegram.org/bot8223900828:AAGNG00joY9NKJRy9RnQSFq0St6kq9cZnCs/getUpdates "HTTP/1.1 200 OK"
2026-05-19 13:09:22,627 | INFO     | HTTP Request: POST https://api.telegram.org/bot8223900828:AAGNG00joY9NKJRy9RnQSFq0St6kq9cZnCs/getUpdates "HTTP/1.1 200 OK"
2026-05-19 13:09:22,628 | INFO     | Application is stopping. This might take a moment.
2026-05-19 13:09:22,628 | INFO     | Application.stop() complete
2026-05-19 13:09:25,844 | INFO     | DonishAI started | model=qwen2.5:3b
2026-05-19 13:09:26,575 | INFO     | HTTP Request: POST https://api.telegram.org/bot8223900828:AAGNG00joY9NKJRy9RnQSFq0St6kq9cZnCs/getMe "HTTP/1.1 200 OK"
2026-05-19 13:09:27,156 | INFO     | HTTP Request: POST https://api.telegram.org/bot8223900828:AAGNG00joY9NKJRy9RnQSFq0St6kq9cZnCs/deleteWebhook "HTTP/1.1 200 OK"
2026-05-19 13:09:27,157 | INFO     | Application started
2026-05-19 13:09:27,879 | INFO     | HTTP Request: POST https://api.telegram.org/bot8223900828:AAGNG00joY9NKJRy9RnQSFq0St6kq9cZnCs/getUpdates "HTTP/1.1 200 OK"
2026-05-19 13:09:28,105 | INFO     | HTTP Request: POST https://api.telegram.org/bot8223900828:AAGNG00joY9NKJRy9RnQSFq0St6kq9cZnCs/sendMessage "HTTP/1.1 200 OK"
2026-05-19 13:09:38,153 | INFO     | HTTP Request: POST https://api.telegram.org/bot8223900828:AAGNG00joY9NKJRy9RnQSFq0St6kq9cZnCs/getUpdates "HTTP/1.1 200 OK"
2026-05-19 13:09:48,698 | INFO     | HTTP Request: POST https://api.telegram.org/bot8223900828:AAGNG00joY9NKJRy9RnQSFq0St6kq9cZnCs/getUpdates "HTTP/1.1 200 OK"
2026-05-19 13:09:58,973 | INFO     | HTTP Request: POST https://api.telegram.org/bot8223900828:AAGNG00joY9NKJRy9RnQSFq0St6kq9cZnCs/getUpdates "HTTP/1.1 200 OK"
2026-05-19 13:10:09,180 | INFO     | HTTP Request: POST https://api.telegram.org/bot8223900828:AAGNG00joY9NKJRy9RnQSFq0St6kq9cZnCs/getUpdates "HTTP/1.1 200 OK"
2026-05-19 13:10:19,349 | INFO     | HTTP Request: POST https://api.telegram.org/bot8223900828:AAGNG00joY9NKJRy9RnQSFq0St6kq9cZnCs/getUpdates "HTTP/1.1 200 OK"
2026-05-19 13:10:29,502 | INFO     | HTTP Request: POST https://api.telegram.org/bot8223900828:AAGNG00joY9NKJRy9RnQSFq0St6kq9cZnCs/getUpdates "HTTP/1.1 200 OK"
2026-05-19 13:10:39,661 | INFO     | HTTP Request: POST https://api.telegram.org/bot8223900828:AAGNG00joY9NKJRy9RnQSFq0St6kq9cZnCs/getUpdates "HTTP/1.1 200 OK"
2026-05-19 13:10:49,812 | INFO     | HTTP Request: POST https://api.telegram.org/bot8223900828:AAGNG00joY9NKJRy9RnQSFq0St6kq9cZnCs/getUpdates "HTTP/1.1 200 OK"
2026-05-19 13:10:59,948 | INFO     | HTTP Request: POST https://api.telegram.org/bot8223900828:AAGNG00joY9NKJRy9RnQSFq0St6kq9cZnCs/getUpdates "HTTP/1.1 200 OK"
2026-05-19 13:11:10,072 | INFO     | HTTP Request: POST https://api.telegram.org/bot8223900828:AAGNG00joY9NKJRy9RnQSFq0St6kq9cZnCs/getUpdates "HTTP/1.1 200 OK"
2026-05-19 13:11:20,241 | INFO     | HTTP Request: POST https://api.telegram.org/bot8223900828:AAGNG00joY9NKJRy9RnQSFq0St6kq9cZnCs/getUpdates "HTTP/1.1 200 OK"
2026-05-19 13:11:30,456 | INFO     | HTTP Request: POST https://api.telegram.org/bot8223900828:AAGNG00joY9NKJRy9RnQSFq0St6kq9cZnCs/getUpdates "HTTP/1.1 200 OK"
2026-05-19 13:11:40,610 | INFO     | HTTP Request: POST https://api.telegram.org/bot8223900828:AAGNG00joY9NKJRy9RnQSFq0St6kq9cZnCs/getUpdates "HTTP/1.1 200 OK"
2026-05-19 13:11:50,779 | INFO     | HTTP Request: POST https://api.telegram.org/bot8223900828:AAGNG00joY9NKJRy9RnQSFq0St6kq9cZnCs/getUpdates "HTTP/1.1 200 OK"
2026-05-19 13:12:00,983 | INFO     | HTTP Request: POST https://api.telegram.org/bot8223900828:AAGNG00joY9NKJRy9RnQSFq0St6kq9cZnCs/getUpdates "HTTP/1.1 200 OK"
2026-05-19 13:12:11,149 | INFO     | HTTP Request: POST https://api.telegram.org/bot8223900828:AAGNG00joY9NKJRy9RnQSFq0St6kq9cZnCs/getUpdates "HTTP/1.1 200 OK"
2026-05-19 13:12:21,274 | INFO     | HTTP Request: POST https://api.telegram.org/bot8223900828:AAGNG00joY9NKJRy9RnQSFq0St6kq9cZnCs/getUpdates "HTTP/1.1 200 OK"
2026-05-19 13:12:31,482 | INFO     | HTTP Request: POST https://api.telegram.org/bot8223900828:AAGNG00joY9NKJRy9RnQSFq0St6kq9cZnCs/getUpdates "HTTP/1.1 200 OK"
2026-05-19 13:12:38,994 | INFO     | HTTP Request: POST https://api.telegram.org/bot8223900828:AAGNG00joY9NKJRy9RnQSFq0St6kq9cZnCs/getUpdates "HTTP/1.1 200 OK"
2026-05-19 13:12:39,684 | INFO     | HTTP Request: POST https://api.telegram.org/bot8223900828:AAGNG00joY9NKJRy9RnQSFq0St6kq9cZnCs/sendMessage "HTTP/1.1 200 OK"
2026-05-19 13:12:49,261 | INFO     | HTTP Request: POST https://api.telegram.org/bot8223900828:AAGNG00joY9NKJRy9RnQSFq0St6kq9cZnCs/getUpdates "HTTP/1.1 200 OK"
2026-05-19 13:12:59,388 | INFO     | HTTP Request: POST https://api.telegram.org/bot8223900828:AAGNG00joY9NKJRy9RnQSFq0St6kq9cZnCs/getUpdates "HTTP/1.1 200 OK"
2026-05-19 13:13:04,493 | INFO     | HTTP Request: POST https://api.telegram.org/bot8223900828:AAGNG00joY9NKJRy9RnQSFq0St6kq9cZnCs/getUpdates "HTTP/1.1 200 OK"
2026-05-19 13:13:05,293 | INFO     | HTTP Request: POST https://api.telegram.org/bot8223900828:AAGNG00joY9NKJRy9RnQSFq0St6kq9cZnCs/sendChatAction "HTTP/1.1 200 OK"
2026-05-19 13:13:14,771 | INFO     | HTTP Request: POST https://api.telegram.org/bot8223900828:AAGNG00joY9NKJRy9RnQSFq0St6kq9cZnCs/getUpdates "HTTP/1.1 200 OK"
2026-05-19 13:13:15,935 | INFO     | HTTP Request: POST http://localhost:11434/api/chat "HTTP/1.1 200 OK"
2026-05-19 13:13:15,937 | INFO     | MSG | user=2057476178 | len=42
2026-05-19 13:13:16,900 | INFO     | HTTP Request: POST https://api.telegram.org/bot8223900828:AAGNG00joY9NKJRy9RnQSFq0St6kq9cZnCs/sendMessage "HTTP/1.1 200 OK"
2026-05-19 13:13:25,089 | INFO     | HTTP Request: POST https://api.telegram.org/bot8223900828:AAGNG00joY9NKJRy9RnQSFq0St6kq9cZnCs/getUpdates "HTTP/1.1 200 OK"
2026-05-19 13:13:35,328 | INFO     | HTTP Request: POST https://api.telegram.org/bot8223900828:AAGNG00joY9NKJRy9RnQSFq0St6kq9cZnCs/getUpdates "HTTP/1.1 200 OK"
2026-05-19 13:13:45,499 | INFO     | HTTP Request: POST https://api.telegram.org/bot8223900828:AAGNG00joY9NKJRy9RnQSFq0St6kq9cZnCs/getUpdates "HTTP/1.1 200 OK"
2026-05-19 13:13:55,660 | INFO     | HTTP Request: POST https://api.telegram.org/bot8223900828:AAGNG00joY9NKJRy9RnQSFq0St6kq9cZnCs/getUpdates "HTTP/1.1 200 OK"
2026-05-19 13:14:05,827 | INFO     | HTTP Request: POST https://api.telegram.org/bot8223900828:AAGNG00joY9NKJRy9RnQSFq0St6kq9cZnCs/getUpdates "HTTP/1.1 200 OK"
2026-05-19 13:14:15,965 | INFO     | HTTP Request: POST https://api.telegram.org/bot8223900828:AAGNG00joY9NKJRy9RnQSFq0St6kq9cZnCs/getUpdates "HTTP/1.1 200 OK"
2026-05-19 13:14:20,065 | INFO     | HTTP Request: POST https://api.telegram.org/bot8223900828:AAGNG00joY9NKJRy9RnQSFq0St6kq9cZnCs/getUpdates "HTTP/1.1 200 OK"
2026-05-19 13:14:20,067 | INFO     | Application is stopping. This might take a moment.
2026-05-19 13:14:20,068 | INFO     | Application.stop() complete
2026-05-19 13:18:01,098 | INFO     | DonishAI started | model=qwen2.5:3b
2026-05-19 13:18:01,871 | INFO     | HTTP Request: POST https://api.telegram.org/bot8223900828:AAGNG00joY9NKJRy9RnQSFq0St6kq9cZnCs/getMe "HTTP/1.1 200 OK"
2026-05-19 13:18:02,330 | INFO     | HTTP Request: POST https://api.telegram.org/bot8223900828:AAGNG00joY9NKJRy9RnQSFq0St6kq9cZnCs/deleteWebhook "HTTP/1.1 200 OK"
2026-05-19 13:18:02,331 | INFO     | Application started
2026-05-19 13:18:12,885 | INFO     | HTTP Request: POST https://api.telegram.org/bot8223900828:AAGNG00joY9NKJRy9RnQSFq0St6kq9cZnCs/getUpdates "HTTP/1.1 200 OK"
2026-05-19 13:18:23,072 | INFO     | HTTP Request: POST https://api.telegram.org/bot8223900828:AAGNG00joY9NKJRy9RnQSFq0St6kq9cZnCs/getUpdates "HTTP/1.1 200 OK"
2026-05-19 13:18:33,261 | INFO     | HTTP Request: POST https://api.telegram.org/bot8223900828:AAGNG00joY9NKJRy9RnQSFq0St6kq9cZnCs/getUpdates "HTTP/1.1 200 OK"
2026-05-19 13:18:43,438 | INFO     | HTTP Request: POST https://api.telegram.org/bot8223900828:AAGNG00joY9NKJRy9RnQSFq0St6kq9cZnCs/getUpdates "HTTP/1.1 200 OK"
2026-05-19 13:18:53,634 | INFO     | HTTP Request: POST https://api.telegram.org/bot8223900828:AAGNG00joY9NKJRy9RnQSFq0St6kq9cZnCs/getUpdates "HTTP/1.1 200 OK"
2026-05-19 13:19:03,818 | INFO     | HTTP Request: POST https://api.telegram.org/bot8223900828:AAGNG00joY9NKJRy9RnQSFq0St6kq9cZnCs/getUpdates "HTTP/1.1 200 OK"
2026-05-19 13:19:14,046 | INFO     | HTTP Request: POST https://api.telegram.org/bot8223900828:AAGNG00joY9NKJRy9RnQSFq0St6kq9cZnCs/getUpdates "HTTP/1.1 200 OK"
2026-05-19 13:19:24,301 | INFO     | HTTP Request: POST https://api.telegram.org/bot8223900828:AAGNG00joY9NKJRy9RnQSFq0St6kq9cZnCs/getUpdates "HTTP/1.1 200 OK"
2026-05-19 13:19:34,539 | INFO     | HTTP Request: POST https://api.telegram.org/bot8223900828:AAGNG00joY9NKJRy9RnQSFq0St6kq9cZnCs/getUpdates "HTTP/1.1 200 OK"
2026-05-19 13:19:44,764 | INFO     | HTTP Request: POST https://api.telegram.org/bot8223900828:AAGNG00joY9NKJRy9RnQSFq0St6kq9cZnCs/getUpdates "HTTP/1.1 200 OK"
2026-05-19 13:19:55,002 | INFO     | HTTP Request: POST https://api.telegram.org/bot8223900828:AAGNG00joY9NKJRy9RnQSFq0St6kq9cZnCs/getUpdates "HTTP/1.1 200 OK"
2026-05-19 13:20:05,161 | INFO     | HTTP Request: POST https://api.telegram.org/bot8223900828:AAGNG00joY9NKJRy9RnQSFq0St6kq9cZnCs/getUpdates "HTTP/1.1 200 OK"
2026-05-19 13:20:15,362 | INFO     | HTTP Request: POST https://api.telegram.org/bot8223900828:AAGNG00joY9NKJRy9RnQSFq0St6kq9cZnCs/getUpdates "HTTP/1.1 200 OK"
2026-05-19 13:20:25,590 | INFO     | HTTP Request: POST https://api.telegram.org/bot8223900828:AAGNG00joY9NKJRy9RnQSFq0St6kq9cZnCs/getUpdates "HTTP/1.1 200 OK"
2026-05-19 13:20:35,751 | INFO     | HTTP Request: POST https://api.telegram.org/bot8223900828:AAGNG00joY9NKJRy9RnQSFq0St6kq9cZnCs/getUpdates "HTTP/1.1 200 OK"
2026-05-19 13:20:45,916 | INFO     | HTTP Request: POST https://api.telegram.org/bot8223900828:AAGNG00joY9NKJRy9RnQSFq0St6kq9cZnCs/getUpdates "HTTP/1.1 200 OK"
2026-05-19 13:20:56,121 | INFO     | HTTP Request: POST https://api.telegram.org/bot8223900828:AAGNG00joY9NKJRy9RnQSFq0St6kq9cZnCs/getUpdates "HTTP/1.1 200 OK"
2026-05-19 13:21:06,344 | INFO     | HTTP Request: POST https://api.telegram.org/bot8223900828:AAGNG00joY9NKJRy9RnQSFq0St6kq9cZnCs/getUpdates "HTTP/1.1 200 OK"
2026-05-19 13:21:16,946 | INFO     | HTTP Request: POST https://api.telegram.org/bot8223900828:AAGNG00joY9NKJRy9RnQSFq0St6kq9cZnCs/getUpdates "HTTP/1.1 200 OK"
2026-05-19 13:21:27,186 | INFO     | HTTP Request: POST https://api.telegram.org/bot8223900828:AAGNG00joY9NKJRy9RnQSFq0St6kq9cZnCs/getUpdates "HTTP/1.1 200 OK"
2026-05-19 13:21:37,421 | INFO     | HTTP Request: POST https://api.telegram.org/bot8223900828:AAGNG00joY9NKJRy9RnQSFq0St6kq9cZnCs/getUpdates "HTTP/1.1 200 OK"
2026-05-19 13:21:47,617 | INFO     | HTTP Request: POST https://api.telegram.org/bot8223900828:AAGNG00joY9NKJRy9RnQSFq0St6kq9cZnCs/getUpdates "HTTP/1.1 200 OK"
2026-05-19 13:21:57,761 | INFO     | HTTP Request: POST https://api.telegram.org/bot8223900828:AAGNG00joY9NKJRy9RnQSFq0St6kq9cZnCs/getUpdates "HTTP/1.1 200 OK"
2026-05-19 13:22:07,960 | INFO     | HTTP Request: POST https://api.telegram.org/bot8223900828:AAGNG00joY9NKJRy9RnQSFq0St6kq9cZnCs/getUpdates "HTTP/1.1 200 OK"
2026-05-19 13:22:18,151 | INFO     | HTTP Request: POST https://api.telegram.org/bot8223900828:AAGNG00joY9NKJRy9RnQSFq0St6kq9cZnCs/getUpdates "HTTP/1.1 200 OK"
2026-05-19 13:22:28,345 | INFO     | HTTP Request: POST https://api.telegram.org/bot8223900828:AAGNG00joY9NKJRy9RnQSFq0St6kq9cZnCs/getUpdates "HTTP/1.1 200 OK"
2026-05-19 13:22:38,505 | INFO     | HTTP Request: POST https://api.telegram.org/bot8223900828:AAGNG00joY9NKJRy9RnQSFq0St6kq9cZnCs/getUpdates "HTTP/1.1 200 OK"
2026-05-19 13:22:48,651 | INFO     | HTTP Request: POST https://api.telegram.org/bot8223900828:AAGNG00joY9NKJRy9RnQSFq0St6kq9cZnCs/getUpdates "HTTP/1.1 200 OK"
2026-05-19 13:22:58,792 | INFO     | HTTP Request: POST https://api.telegram.org/bot8223900828:AAGNG00joY9NKJRy9RnQSFq0St6kq9cZnCs/getUpdates "HTTP/1.1 200 OK"
2026-05-19 13:23:08,935 | INFO     | HTTP Request: POST https://api.telegram.org/bot8223900828:AAGNG00joY9NKJRy9RnQSFq0St6kq9cZnCs/getUpdates "HTTP/1.1 200 OK"
2026-05-19 13:23:19,184 | INFO     | HTTP Request: POST https://api.telegram.org/bot8223900828:AAGNG00joY9NKJRy9RnQSFq0St6kq9cZnCs/getUpdates "HTTP/1.1 200 OK"
2026-05-19 13:23:29,359 | INFO     | HTTP Request: POST https://api.telegram.org/bot8223900828:AAGNG00joY9NKJRy9RnQSFq0St6kq9cZnCs/getUpdates "HTTP/1.1 200 OK"
2026-05-19 13:23:39,621 | INFO     | HTTP Request: POST https://api.telegram.org/bot8223900828:AAGNG00joY9NKJRy9RnQSFq0St6kq9cZnCs/getUpdates "HTTP/1.1 200 OK"
2026-05-19 13:23:49,788 | INFO     | HTTP Request: POST https://api.telegram.org/bot8223900828:AAGNG00joY9NKJRy9RnQSFq0St6kq9cZnCs/getUpdates "HTTP/1.1 200 OK"
2026-05-19 13:23:59,948 | INFO     | HTTP Request: POST https://api.telegram.org/bot8223900828:AAGNG00joY9NKJRy9RnQSFq0St6kq9cZnCs/getUpdates "HTTP/1.1 200 OK"
2026-05-19 13:24:10,100 | INFO     | HTTP Request: POST https://api.telegram.org/bot8223900828:AAGNG00joY9NKJRy9RnQSFq0St6kq9cZnCs/getUpdates "HTTP/1.1 200 OK"
2026-05-19 13:24:20,264 | INFO     | HTTP Request: POST https://api.telegram.org/bot8223900828:AAGNG00joY9NKJRy9RnQSFq0St6kq9cZnCs/getUpdates "HTTP/1.1 200 OK"
2026-05-19 13:24:30,498 | INFO     | HTTP Request: POST https://api.telegram.org/bot8223900828:AAGNG00joY9NKJRy9RnQSFq0St6kq9cZnCs/getUpdates "HTTP/1.1 200 OK"
2026-05-19 13:24:40,670 | INFO     | HTTP Request: POST https://api.telegram.org/bot8223900828:AAGNG00joY9NKJRy9RnQSFq0St6kq9cZnCs/getUpdates "HTTP/1.1 200 OK"
2026-05-19 13:24:50,976 | INFO     | HTTP Request: POST https://api.telegram.org/bot8223900828:AAGNG00joY9NKJRy9RnQSFq0St6kq9cZnCs/getUpdates "HTTP/1.1 200 OK"
2026-05-19 13:25:01,159 | INFO     | HTTP Request: POST https://api.telegram.org/bot8223900828:AAGNG00joY9NKJRy9RnQSFq0St6kq9cZnCs/getUpdates "HTTP/1.1 200 OK"
2026-05-19 13:25:11,359 | INFO     | HTTP Request: POST https://api.telegram.org/bot8223900828:AAGNG00joY9NKJRy9RnQSFq0St6kq9cZnCs/getUpdates "HTTP/1.1 200 OK"
2026-05-19 13:25:21,530 | INFO     | HTTP Request: POST https://api.telegram.org/bot8223900828:AAGNG00joY9NKJRy9RnQSFq0St6kq9cZnCs/getUpdates "HTTP/1.1 200 OK"
2026-05-19 13:25:31,675 | INFO     | HTTP Request: POST https://api.telegram.org/bot8223900828:AAGNG00joY9NKJRy9RnQSFq0St6kq9cZnCs/getUpdates "HTTP/1.1 200 OK"
2026-05-19 13:25:41,809 | INFO     | HTTP Request: POST https://api.telegram.org/bot8223900828:AAGNG00joY9NKJRy9RnQSFq0St6kq9cZnCs/getUpdates "HTTP/1.1 200 OK"
2026-05-19 13:25:51,960 | INFO     | HTTP Request: POST https://api.telegram.org/bot8223900828:AAGNG00joY9NKJRy9RnQSFq0St6kq9cZnCs/getUpdates "HTTP/1.1 200 OK"
2026-05-19 13:26:02,152 | INFO     | HTTP Request: POST https://api.telegram.org/bot8223900828:AAGNG00joY9NKJRy9RnQSFq0St6kq9cZnCs/getUpdates "HTTP/1.1 200 OK"
2026-05-19 13:26:12,345 | INFO     | HTTP Request: POST https://api.telegram.org/bot8223900828:AAGNG00joY9NKJRy9RnQSFq0St6kq9cZnCs/getUpdates "HTTP/1.1 200 OK"
2026-05-19 13:26:22,495 | INFO     | HTTP Request: POST https://api.telegram.org/bot8223900828:AAGNG00joY9NKJRy9RnQSFq0St6kq9cZnCs/getUpdates "HTTP/1.1 200 OK"
2026-05-19 13:26:32,720 | INFO     | HTTP Request: POST https://api.telegram.org/bot8223900828:AAGNG00joY9NKJRy9RnQSFq0St6kq9cZnCs/getUpdates "HTTP/1.1 200 OK"
2026-05-19 13:26:42,874 | INFO     | HTTP Request: POST https://api.telegram.org/bot8223900828:AAGNG00joY9NKJRy9RnQSFq0St6kq9cZnCs/getUpdates "HTTP/1.1 200 OK"
2026-05-19 13:26:53,043 | INFO     | HTTP Request: POST https://api.telegram.org/bot8223900828:AAGNG00joY9NKJRy9RnQSFq0St6kq9cZnCs/getUpdates "HTTP/1.1 200 OK"
2026-05-19 13:27:03,222 | INFO     | HTTP Request: POST https://api.telegram.org/bot8223900828:AAGNG00joY9NKJRy9RnQSFq0St6kq9cZnCs/getUpdates "HTTP/1.1 200 OK"
2026-05-19 13:27:13,763 | INFO     | HTTP Request: POST https://api.telegram.org/bot8223900828:AAGNG00joY9NKJRy9RnQSFq0St6kq9cZnCs/getUpdates "HTTP/1.1 200 OK"
2026-05-19 13:27:23,995 | INFO     | HTTP Request: POST https://api.telegram.org/bot8223900828:AAGNG00joY9NKJRy9RnQSFq0St6kq9cZnCs/getUpdates "HTTP/1.1 200 OK"
2026-05-19 13:27:34,171 | INFO     | HTTP Request: POST https://api.telegram.org/bot8223900828:AAGNG00joY9NKJRy9RnQSFq0St6kq9cZnCs/getUpdates "HTTP/1.1 200 OK"
2026-05-19 13:27:44,328 | INFO     | HTTP Request: POST https://api.telegram.org/bot8223900828:AAGNG00joY9NKJRy9RnQSFq0St6kq9cZnCs/getUpdates "HTTP/1.1 200 OK"
2026-05-19 13:27:54,483 | INFO     | HTTP Request: POST https://api.telegram.org/bot8223900828:AAGNG00joY9NKJRy9RnQSFq0St6kq9cZnCs/getUpdates "HTTP/1.1 200 OK"
2026-05-19 13:28:04,660 | INFO     | HTTP Request: POST https://api.telegram.org/bot8223900828:AAGNG00joY9NKJRy9RnQSFq0St6kq9cZnCs/getUpdates "HTTP/1.1 200 OK"
2026-05-19 13:28:14,853 | INFO     | HTTP Request: POST https://api.telegram.org/bot8223900828:AAGNG00joY9NKJRy9RnQSFq0St6kq9cZnCs/getUpdates "HTTP/1.1 200 OK"
2026-05-19 13:28:25,035 | INFO     | HTTP Request: POST https://api.telegram.org/bot8223900828:AAGNG00joY9NKJRy9RnQSFq0St6kq9cZnCs/getUpdates "HTTP/1.1 200 OK"
2026-05-19 13:28:29,671 | INFO     | HTTP Request: POST https://api.telegram.org/bot8223900828:AAGNG00joY9NKJRy9RnQSFq0St6kq9cZnCs/getUpdates "HTTP/1.1 200 OK"
2026-05-19 13:28:30,465 | INFO     | HTTP Request: POST https://api.telegram.org/bot8223900828:AAGNG00joY9NKJRy9RnQSFq0St6kq9cZnCs/sendMessage "HTTP/1.1 200 OK"
2026-05-19 13:28:39,928 | INFO     | HTTP Request: POST https://api.telegram.org/bot8223900828:AAGNG00joY9NKJRy9RnQSFq0St6kq9cZnCs/getUpdates "HTTP/1.1 200 OK"
2026-05-19 13:28:50,126 | INFO     | HTTP Request: POST https://api.telegram.org/bot8223900828:AAGNG00joY9NKJRy9RnQSFq0St6kq9cZnCs/getUpdates "HTTP/1.1 200 OK"
2026-05-19 13:29:00,388 | INFO     | HTTP Request: POST https://api.telegram.org/bot8223900828:AAGNG00joY9NKJRy9RnQSFq0St6kq9cZnCs/getUpdates "HTTP/1.1 200 OK"
2026-05-19 13:29:10,545 | INFO     | HTTP Request: POST https://api.telegram.org/bot8223900828:AAGNG00joY9NKJRy9RnQSFq0St6kq9cZnCs/getUpdates "HTTP/1.1 200 OK"
2026-05-19 13:29:20,863 | INFO     | HTTP Request: POST https://api.telegram.org/bot8223900828:AAGNG00joY9NKJRy9RnQSFq0St6kq9cZnCs/getUpdates "HTTP/1.1 200 OK"
2026-05-19 13:29:22,399 | INFO     | HTTP Request: POST https://api.telegram.org/bot8223900828:AAGNG00joY9NKJRy9RnQSFq0St6kq9cZnCs/getUpdates "HTTP/1.1 200 OK"
2026-05-19 13:29:22,957 | INFO     | HTTP Request: POST https://api.telegram.org/bot8223900828:AAGNG00joY9NKJRy9RnQSFq0St6kq9cZnCs/answerCallbackQuery "HTTP/1.1 200 OK"
2026-05-19 13:29:25,620 | INFO     | HTTP Request: POST https://api.telegram.org/bot8223900828:AAGNG00joY9NKJRy9RnQSFq0St6kq9cZnCs/getUpdates "HTTP/1.1 200 OK"
2026-05-19 13:29:26,125 | INFO     | HTTP Request: POST https://api.telegram.org/bot8223900828:AAGNG00joY9NKJRy9RnQSFq0St6kq9cZnCs/answerCallbackQuery "HTTP/1.1 200 OK"
2026-05-19 13:29:36,172 | INFO     | HTTP Request: POST https://api.telegram.org/bot8223900828:AAGNG00joY9NKJRy9RnQSFq0St6kq9cZnCs/getUpdates "HTTP/1.1 200 OK"
2026-05-19 13:29:36,984 | INFO     | HTTP Request: POST https://api.telegram.org/bot8223900828:AAGNG00joY9NKJRy9RnQSFq0St6kq9cZnCs/getUpdates "HTTP/1.1 200 OK"
2026-05-19 13:29:37,540 | INFO     | HTTP Request: POST https://api.telegram.org/bot8223900828:AAGNG00joY9NKJRy9RnQSFq0St6kq9cZnCs/sendMessage "HTTP/1.1 200 OK"
2026-05-19 13:29:47,227 | INFO     | HTTP Request: POST https://api.telegram.org/bot8223900828:AAGNG00joY9NKJRy9RnQSFq0St6kq9cZnCs/getUpdates "HTTP/1.1 200 OK"
2026-05-19 13:29:50,391 | INFO     | HTTP Request: POST https://api.telegram.org/bot8223900828:AAGNG00joY9NKJRy9RnQSFq0St6kq9cZnCs/getUpdates "HTTP/1.1 200 OK"
2026-05-19 13:29:50,871 | INFO     | HTTP Request: POST https://api.telegram.org/bot8223900828:AAGNG00joY9NKJRy9RnQSFq0St6kq9cZnCs/sendChatAction "HTTP/1.1 200 OK"
2026-05-19 13:30:00,591 | INFO     | HTTP Request: POST https://api.telegram.org/bot8223900828:AAGNG00joY9NKJRy9RnQSFq0St6kq9cZnCs/getUpdates "HTTP/1.1 200 OK"
2026-05-19 13:30:04,759 | INFO     | HTTP Request: POST http://localhost:11434/api/chat "HTTP/1.1 200 OK"
2026-05-19 13:30:04,768 | INFO     | MSG | user=1068690099 | len=13
2026-05-19 13:30:05,460 | INFO     | HTTP Request: POST https://api.telegram.org/bot8223900828:AAGNG00joY9NKJRy9RnQSFq0St6kq9cZnCs/sendMessage "HTTP/1.1 200 OK"
2026-05-19 13:30:10,770 | INFO     | HTTP Request: POST https://api.telegram.org/bot8223900828:AAGNG00joY9NKJRy9RnQSFq0St6kq9cZnCs/getUpdates "HTTP/1.1 200 OK"
2026-05-19 13:30:20,755 | INFO     | HTTP Request: POST https://api.telegram.org/bot8223900828:AAGNG00joY9NKJRy9RnQSFq0St6kq9cZnCs/getUpdates "HTTP/1.1 200 OK"
2026-05-19 13:30:21,232 | INFO     | HTTP Request: POST https://api.telegram.org/bot8223900828:AAGNG00joY9NKJRy9RnQSFq0St6kq9cZnCs/sendChatAction "HTTP/1.1 200 OK"
2026-05-19 13:30:23,307 | INFO     | HTTP Request: POST http://localhost:11434/api/chat "HTTP/1.1 200 OK"
2026-05-19 13:30:23,335 | INFO     | MSG | user=1068690099 | len=24
2026-05-19 13:30:24,101 | INFO     | HTTP Request: POST https://api.telegram.org/bot8223900828:AAGNG00joY9NKJRy9RnQSFq0St6kq9cZnCs/sendMessage "HTTP/1.1 200 OK"
2026-05-19 13:30:30,914 | INFO     | HTTP Request: POST https://api.telegram.org/bot8223900828:AAGNG00joY9NKJRy9RnQSFq0St6kq9cZnCs/getUpdates "HTTP/1.1 200 OK"
2026-05-19 13:30:41,062 | INFO     | HTTP Request: POST https://api.telegram.org/bot8223900828:AAGNG00joY9NKJRy9RnQSFq0St6kq9cZnCs/getUpdates "HTTP/1.1 200 OK"
2026-05-19 13:30:48,085 | INFO     | HTTP Request: POST https://api.telegram.org/bot8223900828:AAGNG00joY9NKJRy9RnQSFq0St6kq9cZnCs/getUpdates "HTTP/1.1 200 OK"
2026-05-19 13:30:48,620 | INFO     | HTTP Request: POST https://api.telegram.org/bot8223900828:AAGNG00joY9NKJRy9RnQSFq0St6kq9cZnCs/sendMessage "HTTP/1.1 200 OK"
2026-05-19 13:30:58,262 | INFO     | HTTP Request: POST https://api.telegram.org/bot8223900828:AAGNG00joY9NKJRy9RnQSFq0St6kq9cZnCs/getUpdates "HTTP/1.1 200 OK"
2026-05-19 13:31:08,435 | INFO     | HTTP Request: POST https://api.telegram.org/bot8223900828:AAGNG00joY9NKJRy9RnQSFq0St6kq9cZnCs/getUpdates "HTTP/1.1 200 OK"
2026-05-19 13:31:18,573 | INFO     | HTTP Request: POST https://api.telegram.org/bot8223900828:AAGNG00joY9NKJRy9RnQSFq0St6kq9cZnCs/getUpdates "HTTP/1.1 200 OK"
2026-05-19 13:31:19,298 | INFO     | HTTP Request: POST https://api.telegram.org/bot8223900828:AAGNG00joY9NKJRy9RnQSFq0St6kq9cZnCs/sendMessage "HTTP/1.1 200 OK"
2026-05-19 13:31:28,810 | INFO     | HTTP Request: POST https://api.telegram.org/bot8223900828:AAGNG00joY9NKJRy9RnQSFq0St6kq9cZnCs/getUpdates "HTTP/1.1 200 OK"
2026-05-19 13:31:38,990 | INFO     | HTTP Request: POST https://api.telegram.org/bot8223900828:AAGNG00joY9NKJRy9RnQSFq0St6kq9cZnCs/getUpdates "HTTP/1.1 200 OK"
2026-05-19 13:31:49,171 | INFO     | HTTP Request: POST https://api.telegram.org/bot8223900828:AAGNG00joY9NKJRy9RnQSFq0St6kq9cZnCs/getUpdates "HTTP/1.1 200 OK"
2026-05-19 13:31:59,334 | INFO     | HTTP Request: POST https://api.telegram.org/bot8223900828:AAGNG00joY9NKJRy9RnQSFq0St6kq9cZnCs/getUpdates "HTTP/1.1 200 OK"
2026-05-19 13:32:09,562 | INFO     | HTTP Request: POST https://api.telegram.org/bot8223900828:AAGNG00joY9NKJRy9RnQSFq0St6kq9cZnCs/getUpdates "HTTP/1.1 200 OK"
2026-05-19 13:33:39,824 | ERROR    | No error handlers are registered, logging exception.
Traceback (most recent call last):
  File "C:\Users\Suhrob\ollama_chat\.venv\Lib\site-packages\httpx\_transports\default.py", line 101, in map_httpcore_exceptions
    yield
  File "C:\Users\Suhrob\ollama_chat\.venv\Lib\site-packages\httpx\_transports\default.py", line 394, in handle_async_request
    resp = await self._pool.handle_async_request(req)
           ^^^^^^^^^^^^^^^^^^^^^^^^^^^^^^^^^^^^^^^^^^
  File "C:\Users\Suhrob\ollama_chat\.venv\Lib\site-packages\httpcore\_async\connection_pool.py", line 256, in handle_async_request
    raise exc from None
  File "C:\Users\Suhrob\ollama_chat\.venv\Lib\site-packages\httpcore\_async\connection_pool.py", line 236, in handle_async_request
    response = await connection.handle_async_request(
               ^^^^^^^^^^^^^^^^^^^^^^^^^^^^^^^^^^^^^^
        pool_request.request
        ^^^^^^^^^^^^^^^^^^^^
    )
    ^
  File "C:\Users\Suhrob\ollama_chat\.venv\Lib\site-packages\httpcore\_async\connection.py", line 101, in handle_async_request
    raise exc
  File "C:\Users\Suhrob\ollama_chat\.venv\Lib\site-packages\httpcore\_async\connection.py", line 78, in handle_async_request
    stream = await self._connect(request)
             ^^^^^^^^^^^^^^^^^^^^^^^^^^^^
  File "C:\Users\Suhrob\ollama_chat\.venv\Lib\site-packages\httpcore\_async\connection.py", line 124, in _connect
    stream = await self._network_backend.connect_tcp(**kwargs)
             ^^^^^^^^^^^^^^^^^^^^^^^^^^^^^^^^^^^^^^^^^^^^^^^^^
  File "C:\Users\Suhrob\ollama_chat\.venv\Lib\site-packages\httpcore\_backends\auto.py", line 31, in connect_tcp
    return await self._backend.connect_tcp(
           ^^^^^^^^^^^^^^^^^^^^^^^^^^^^^^^^
    ...<5 lines>...
    )
    ^
  File "C:\Users\Suhrob\ollama_chat\.venv\Lib\site-packages\httpcore\_backends\anyio.py", line 113, in connect_tcp
    with map_exceptions(exc_map):
         ~~~~~~~~~~~~~~^^^^^^^^^
  File "C:\Users\Suhrob\AppData\Local\Python\pythoncore-3.14-64\Lib\contextlib.py", line 162, in __exit__
    self.gen.throw(value)
    ~~~~~~~~~~~~~~^^^^^^^
  File "C:\Users\Suhrob\ollama_chat\.venv\Lib\site-packages\httpcore\_exceptions.py", line 14, in map_exceptions
    raise to_exc(exc) from exc
httpcore.ConnectError: [Errno 11001] getaddrinfo failed

The above exception was the direct cause of the following exception:

Traceback (most recent call last):
  File "C:\Users\Suhrob\ollama_chat\.venv\Lib\site-packages\telegram\request\_httpxrequest.py", line 279, in do_request
    res = await self._client.request(
          ^^^^^^^^^^^^^^^^^^^^^^^^^^^
    ...<6 lines>...
    )
    ^
  File "C:\Users\Suhrob\ollama_chat\.venv\Lib\site-packages\httpx\_client.py", line 1540, in request
    return await self.send(request, auth=auth, follow_redirects=follow_redirects)
           ^^^^^^^^^^^^^^^^^^^^^^^^^^^^^^^^^^^^^^^^^^^^^^^^^^^^^^^^^^^^^^^^^^^^^^
  File "C:\Users\Suhrob\ollama_chat\.venv\Lib\site-packages\httpx\_client.py", line 1629, in send
    response = await self._send_handling_auth(
               ^^^^^^^^^^^^^^^^^^^^^^^^^^^^^^^
    ...<4 lines>...
    )
    ^
  File "C:\Users\Suhrob\ollama_chat\.venv\Lib\site-packages\httpx\_client.py", line 1657, in _send_handling_auth
    response = await self._send_handling_redirects(
               ^^^^^^^^^^^^^^^^^^^^^^^^^^^^^^^^^^^^
    ...<3 lines>...
    )
    ^
  File "C:\Users\Suhrob\ollama_chat\.venv\Lib\site-packages\httpx\_client.py", line 1694, in _send_handling_redirects
    response = await self._send_single_request(request)
               ^^^^^^^^^^^^^^^^^^^^^^^^^^^^^^^^^^^^^^^^
  File "C:\Users\Suhrob\ollama_chat\.venv\Lib\site-packages\httpx\_client.py", line 1730, in _send_single_request
    response = await transport.handle_async_request(request)
               ^^^^^^^^^^^^^^^^^^^^^^^^^^^^^^^^^^^^^^^^^^^^^
  File "C:\Users\Suhrob\ollama_chat\.venv\Lib\site-packages\httpx\_transports\default.py", line 393, in handle_async_request
    with map_httpcore_exceptions():
         ~~~~~~~~~~~~~~~~~~~~~~~^^
  File "C:\Users\Suhrob\AppData\Local\Python\pythoncore-3.14-64\Lib\contextlib.py", line 162, in __exit__
    self.gen.throw(value)
    ~~~~~~~~~~~~~~^^^^^^^
  File "C:\Users\Suhrob\ollama_chat\.venv\Lib\site-packages\httpx\_transports\default.py", line 118, in map_httpcore_exceptions
    raise mapped_exc(message) from exc
httpx.ConnectError: [Errno 11001] getaddrinfo failed

The above exception was the direct cause of the following exception:

Traceback (most recent call last):
  File "C:\Users\Suhrob\ollama_chat\.venv\Lib\site-packages\telegram\ext\_utils\networkloop.py", line 161, in network_retry_loop
    await do_action()
  File "C:\Users\Suhrob\ollama_chat\.venv\Lib\site-packages\telegram\ext\_utils\networkloop.py", line 154, in do_action
    action_cb_task.result()
    ~~~~~~~~~~~~~~~~~~~~~^^
  File "C:\Users\Suhrob\ollama_chat\.venv\Lib\site-packages\telegram\ext\_updater.py", line 340, in polling_action_cb
    updates = await self.bot.get_updates(
              ^^^^^^^^^^^^^^^^^^^^^^^^^^^
    ...<3 lines>...
    )
    ^
  File "C:\Users\Suhrob\ollama_chat\.venv\Lib\site-packages\telegram\ext\_extbot.py", line 672, in get_updates
    updates = await super().get_updates(
              ^^^^^^^^^^^^^^^^^^^^^^^^^^
    ...<9 lines>...
    )
    ^
  File "C:\Users\Suhrob\ollama_chat\.venv\Lib\site-packages\telegram\_bot.py", line 4865, in get_updates
    await self._post(
    ^^^^^^^^^^^^^^^^^
    ...<7 lines>...
    ),
    ^
  File "C:\Users\Suhrob\ollama_chat\.venv\Lib\site-packages\telegram\_bot.py", line 704, in _post
    return await self._do_post(
           ^^^^^^^^^^^^^^^^^^^^
    ...<6 lines>...
    )
    ^
  File "C:\Users\Suhrob\ollama_chat\.venv\Lib\site-packages\telegram\ext\_extbot.py", line 370, in _do_post
    return await super()._do_post(
           ^^^^^^^^^^^^^^^^^^^^^^^
    ...<6 lines>...
    )
    ^
  File "C:\Users\Suhrob\ollama_chat\.venv\Lib\site-packages\telegram\_bot.py", line 733, in _do_post
    result = await request.post(
             ^^^^^^^^^^^^^^^^^^^
    ...<6 lines>...
    )
    ^
  File "C:\Users\Suhrob\ollama_chat\.venv\Lib\site-packages\telegram\request\_baserequest.py", line 198, in post
    result = await self._request_wrapper(
             ^^^^^^^^^^^^^^^^^^^^^^^^^^^^
    ...<7 lines>...
    )
    ^
  File "C:\Users\Suhrob\ollama_chat\.venv\Lib\site-packages\telegram\request\_baserequest.py", line 305, in _request_wrapper
    code, payload = await self.do_request(
                    ^^^^^^^^^^^^^^^^^^^^^^
    ...<7 lines>...
    )
    ^
  File "C:\Users\Suhrob\ollama_chat\.venv\Lib\site-packages\telegram\request\_httpxrequest.py", line 303, in do_request
    raise NetworkError(f"httpx.{err.__class__.__name__}: {err}") from err
telegram.error.NetworkError: httpx.ConnectError: [Errno 11001] getaddrinfo failed
2026-05-19 13:33:40,847 | ERROR    | No error handlers are registered, logging exception.
Traceback (most recent call last):
  File "C:\Users\Suhrob\ollama_chat\.venv\Lib\site-packages\httpx\_transports\default.py", line 101, in map_httpcore_exceptions
    yield
  File "C:\Users\Suhrob\ollama_chat\.venv\Lib\site-packages\httpx\_transports\default.py", line 394, in handle_async_request
    resp = await self._pool.handle_async_request(req)
           ^^^^^^^^^^^^^^^^^^^^^^^^^^^^^^^^^^^^^^^^^^
  File "C:\Users\Suhrob\ollama_chat\.venv\Lib\site-packages\httpcore\_async\connection_pool.py", line 256, in handle_async_request
    raise exc from None
  File "C:\Users\Suhrob\ollama_chat\.venv\Lib\site-packages\httpcore\_async\connection_pool.py", line 236, in handle_async_request
    response = await connection.handle_async_request(
               ^^^^^^^^^^^^^^^^^^^^^^^^^^^^^^^^^^^^^^
        pool_request.request
        ^^^^^^^^^^^^^^^^^^^^
    )
    ^
  File "C:\Users\Suhrob\ollama_chat\.venv\Lib\site-packages\httpcore\_async\connection.py", line 101, in handle_async_request
    raise exc
  File "C:\Users\Suhrob\ollama_chat\.venv\Lib\site-packages\httpcore\_async\connection.py", line 78, in handle_async_request
    stream = await self._connect(request)
             ^^^^^^^^^^^^^^^^^^^^^^^^^^^^
  File "C:\Users\Suhrob\ollama_chat\.venv\Lib\site-packages\httpcore\_async\connection.py", line 124, in _connect
    stream = await self._network_backend.connect_tcp(**kwargs)
             ^^^^^^^^^^^^^^^^^^^^^^^^^^^^^^^^^^^^^^^^^^^^^^^^^
  File "C:\Users\Suhrob\ollama_chat\.venv\Lib\site-packages\httpcore\_backends\auto.py", line 31, in connect_tcp
    return await self._backend.connect_tcp(
           ^^^^^^^^^^^^^^^^^^^^^^^^^^^^^^^^
    ...<5 lines>...
    )
    ^
  File "C:\Users\Suhrob\ollama_chat\.venv\Lib\site-packages\httpcore\_backends\anyio.py", line 113, in connect_tcp
    with map_exceptions(exc_map):
         ~~~~~~~~~~~~~~^^^^^^^^^
  File "C:\Users\Suhrob\AppData\Local\Python\pythoncore-3.14-64\Lib\contextlib.py", line 162, in __exit__
    self.gen.throw(value)
    ~~~~~~~~~~~~~~^^^^^^^
  File "C:\Users\Suhrob\ollama_chat\.venv\Lib\site-packages\httpcore\_exceptions.py", line 14, in map_exceptions
    raise to_exc(exc) from exc
httpcore.ConnectError: [Errno 11001] getaddrinfo failed

The above exception was the direct cause of the following exception:

Traceback (most recent call last):
  File "C:\Users\Suhrob\ollama_chat\.venv\Lib\site-packages\telegram\request\_httpxrequest.py", line 279, in do_request
    res = await self._client.request(
          ^^^^^^^^^^^^^^^^^^^^^^^^^^^
    ...<6 lines>...
    )
    ^
  File "C:\Users\Suhrob\ollama_chat\.venv\Lib\site-packages\httpx\_client.py", line 1540, in request
    return await self.send(request, auth=auth, follow_redirects=follow_redirects)
           ^^^^^^^^^^^^^^^^^^^^^^^^^^^^^^^^^^^^^^^^^^^^^^^^^^^^^^^^^^^^^^^^^^^^^^
  File "C:\Users\Suhrob\ollama_chat\.venv\Lib\site-packages\httpx\_client.py", line 1629, in send
    response = await self._send_handling_auth(
               ^^^^^^^^^^^^^^^^^^^^^^^^^^^^^^^
    ...<4 lines>...
    )
    ^
  File "C:\Users\Suhrob\ollama_chat\.venv\Lib\site-packages\httpx\_client.py", line 1657, in _send_handling_auth
    response = await self._send_handling_redirects(
               ^^^^^^^^^^^^^^^^^^^^^^^^^^^^^^^^^^^^
    ...<3 lines>...
    )
    ^
  File "C:\Users\Suhrob\ollama_chat\.venv\Lib\site-packages\httpx\_client.py", line 1694, in _send_handling_redirects
    response = await self._send_single_request(request)
               ^^^^^^^^^^^^^^^^^^^^^^^^^^^^^^^^^^^^^^^^
  File "C:\Users\Suhrob\ollama_chat\.venv\Lib\site-packages\httpx\_client.py", line 1730, in _send_single_request
    response = await transport.handle_async_request(request)
               ^^^^^^^^^^^^^^^^^^^^^^^^^^^^^^^^^^^^^^^^^^^^^
  File "C:\Users\Suhrob\ollama_chat\.venv\Lib\site-packages\httpx\_transports\default.py", line 393, in handle_async_request
    with map_httpcore_exceptions():
         ~~~~~~~~~~~~~~~~~~~~~~~^^
  File "C:\Users\Suhrob\AppData\Local\Python\pythoncore-3.14-64\Lib\contextlib.py", line 162, in __exit__
    self.gen.throw(value)
    ~~~~~~~~~~~~~~^^^^^^^
  File "C:\Users\Suhrob\ollama_chat\.venv\Lib\site-packages\httpx\_transports\default.py", line 118, in map_httpcore_exceptions
    raise mapped_exc(message) from exc
httpx.ConnectError: [Errno 11001] getaddrinfo failed

The above exception was the direct cause of the following exception:

Traceback (most recent call last):
  File "C:\Users\Suhrob\ollama_chat\.venv\Lib\site-packages\telegram\ext\_utils\networkloop.py", line 161, in network_retry_loop
    await do_action()
  File "C:\Users\Suhrob\ollama_chat\.venv\Lib\site-packages\telegram\ext\_utils\networkloop.py", line 154, in do_action
    action_cb_task.result()
    ~~~~~~~~~~~~~~~~~~~~~^^
  File "C:\Users\Suhrob\ollama_chat\.venv\Lib\site-packages\telegram\ext\_updater.py", line 340, in polling_action_cb
    updates = await self.bot.get_updates(
              ^^^^^^^^^^^^^^^^^^^^^^^^^^^
    ...<3 lines>...
    )
    ^
  File "C:\Users\Suhrob\ollama_chat\.venv\Lib\site-packages\telegram\ext\_extbot.py", line 672, in get_updates
    updates = await super().get_updates(
              ^^^^^^^^^^^^^^^^^^^^^^^^^^
    ...<9 lines>...
    )
    ^
  File "C:\Users\Suhrob\ollama_chat\.venv\Lib\site-packages\telegram\_bot.py", line 4865, in get_updates
    await self._post(
    ^^^^^^^^^^^^^^^^^
    ...<7 lines>...
    ),
    ^
  File "C:\Users\Suhrob\ollama_chat\.venv\Lib\site-packages\telegram\_bot.py", line 704, in _post
    return await self._do_post(
           ^^^^^^^^^^^^^^^^^^^^
    ...<6 lines>...
    )
    ^
  File "C:\Users\Suhrob\ollama_chat\.venv\Lib\site-packages\telegram\ext\_extbot.py", line 370, in _do_post
    return await super()._do_post(
           ^^^^^^^^^^^^^^^^^^^^^^^
    ...<6 lines>...
    )
    ^
  File "C:\Users\Suhrob\ollama_chat\.venv\Lib\site-packages\telegram\_bot.py", line 733, in _do_post
    result = await request.post(
             ^^^^^^^^^^^^^^^^^^^
    ...<6 lines>...
    )
    ^
  File "C:\Users\Suhrob\ollama_chat\.venv\Lib\site-packages\telegram\request\_baserequest.py", line 198, in post
    result = await self._request_wrapper(
             ^^^^^^^^^^^^^^^^^^^^^^^^^^^^
    ...<7 lines>...
    )
    ^
  File "C:\Users\Suhrob\ollama_chat\.venv\Lib\site-packages\telegram\request\_baserequest.py", line 305, in _request_wrapper
    code, payload = await self.do_request(
                    ^^^^^^^^^^^^^^^^^^^^^^
    ...<7 lines>...
    )
    ^
  File "C:\Users\Suhrob\ollama_chat\.venv\Lib\site-packages\telegram\request\_httpxrequest.py", line 303, in do_request
    raise NetworkError(f"httpx.{err.__class__.__name__}: {err}") from err
telegram.error.NetworkError: httpx.ConnectError: [Errno 11001] getaddrinfo failed
2026-05-19 13:33:42,358 | ERROR    | No error handlers are registered, logging exception.
Traceback (most recent call last):
  File "C:\Users\Suhrob\ollama_chat\.venv\Lib\site-packages\httpx\_transports\default.py", line 101, in map_httpcore_exceptions
    yield
  File "C:\Users\Suhrob\ollama_chat\.venv\Lib\site-packages\httpx\_transports\default.py", line 394, in handle_async_request
    resp = await self._pool.handle_async_request(req)
           ^^^^^^^^^^^^^^^^^^^^^^^^^^^^^^^^^^^^^^^^^^
  File "C:\Users\Suhrob\ollama_chat\.venv\Lib\site-packages\httpcore\_async\connection_pool.py", line 256, in handle_async_request
    raise exc from None
  File "C:\Users\Suhrob\ollama_chat\.venv\Lib\site-packages\httpcore\_async\connection_pool.py", line 236, in handle_async_request
    response = await connection.handle_async_request(
               ^^^^^^^^^^^^^^^^^^^^^^^^^^^^^^^^^^^^^^
        pool_request.request
        ^^^^^^^^^^^^^^^^^^^^
    )
    ^
  File "C:\Users\Suhrob\ollama_chat\.venv\Lib\site-packages\httpcore\_async\connection.py", line 101, in handle_async_request
    raise exc
  File "C:\Users\Suhrob\ollama_chat\.venv\Lib\site-packages\httpcore\_async\connection.py", line 78, in handle_async_request
    stream = await self._connect(request)
             ^^^^^^^^^^^^^^^^^^^^^^^^^^^^
  File "C:\Users\Suhrob\ollama_chat\.venv\Lib\site-packages\httpcore\_async\connection.py", line 124, in _connect
    stream = await self._network_backend.connect_tcp(**kwargs)
             ^^^^^^^^^^^^^^^^^^^^^^^^^^^^^^^^^^^^^^^^^^^^^^^^^
  File "C:\Users\Suhrob\ollama_chat\.venv\Lib\site-packages\httpcore\_backends\auto.py", line 31, in connect_tcp
    return await self._backend.connect_tcp(
           ^^^^^^^^^^^^^^^^^^^^^^^^^^^^^^^^
    ...<5 lines>...
    )
    ^
  File "C:\Users\Suhrob\ollama_chat\.venv\Lib\site-packages\httpcore\_backends\anyio.py", line 113, in connect_tcp
    with map_exceptions(exc_map):
         ~~~~~~~~~~~~~~^^^^^^^^^
  File "C:\Users\Suhrob\AppData\Local\Python\pythoncore-3.14-64\Lib\contextlib.py", line 162, in __exit__
    self.gen.throw(value)
    ~~~~~~~~~~~~~~^^^^^^^
  File "C:\Users\Suhrob\ollama_chat\.venv\Lib\site-packages\httpcore\_exceptions.py", line 14, in map_exceptions
    raise to_exc(exc) from exc
httpcore.ConnectError: [Errno 11001] getaddrinfo failed

The above exception was the direct cause of the following exception:

Traceback (most recent call last):
  File "C:\Users\Suhrob\ollama_chat\.venv\Lib\site-packages\telegram\request\_httpxrequest.py", line 279, in do_request
    res = await self._client.request(
          ^^^^^^^^^^^^^^^^^^^^^^^^^^^
    ...<6 lines>...
    )
    ^
  File "C:\Users\Suhrob\ollama_chat\.venv\Lib\site-packages\httpx\_client.py", line 1540, in request
    return await self.send(request, auth=auth, follow_redirects=follow_redirects)
           ^^^^^^^^^^^^^^^^^^^^^^^^^^^^^^^^^^^^^^^^^^^^^^^^^^^^^^^^^^^^^^^^^^^^^^
  File "C:\Users\Suhrob\ollama_chat\.venv\Lib\site-packages\httpx\_client.py", line 1629, in send
    response = await self._send_handling_auth(
               ^^^^^^^^^^^^^^^^^^^^^^^^^^^^^^^
    ...<4 lines>...
    )
    ^
  File "C:\Users\Suhrob\ollama_chat\.venv\Lib\site-packages\httpx\_client.py", line 1657, in _send_handling_auth
    response = await self._send_handling_redirects(
               ^^^^^^^^^^^^^^^^^^^^^^^^^^^^^^^^^^^^
    ...<3 lines>...
    )
    ^
  File "C:\Users\Suhrob\ollama_chat\.venv\Lib\site-packages\httpx\_client.py", line 1694, in _send_handling_redirects
    response = await self._send_single_request(request)
               ^^^^^^^^^^^^^^^^^^^^^^^^^^^^^^^^^^^^^^^^
  File "C:\Users\Suhrob\ollama_chat\.venv\Lib\site-packages\httpx\_client.py", line 1730, in _send_single_request
    response = await transport.handle_async_request(request)
               ^^^^^^^^^^^^^^^^^^^^^^^^^^^^^^^^^^^^^^^^^^^^^
  File "C:\Users\Suhrob\ollama_chat\.venv\Lib\site-packages\httpx\_transports\default.py", line 393, in handle_async_request
    with map_httpcore_exceptions():
         ~~~~~~~~~~~~~~~~~~~~~~~^^
  File "C:\Users\Suhrob\AppData\Local\Python\pythoncore-3.14-64\Lib\contextlib.py", line 162, in __exit__
    self.gen.throw(value)
    ~~~~~~~~~~~~~~^^^^^^^
  File "C:\Users\Suhrob\ollama_chat\.venv\Lib\site-packages\httpx\_transports\default.py", line 118, in map_httpcore_exceptions
    raise mapped_exc(message) from exc
httpx.ConnectError: [Errno 11001] getaddrinfo failed

The above exception was the direct cause of the following exception:

Traceback (most recent call last):
  File "C:\Users\Suhrob\ollama_chat\.venv\Lib\site-packages\telegram\ext\_utils\networkloop.py", line 161, in network_retry_loop
    await do_action()
  File "C:\Users\Suhrob\ollama_chat\.venv\Lib\site-packages\telegram\ext\_utils\networkloop.py", line 154, in do_action
    action_cb_task.result()
    ~~~~~~~~~~~~~~~~~~~~~^^
  File "C:\Users\Suhrob\ollama_chat\.venv\Lib\site-packages\telegram\ext\_updater.py", line 340, in polling_action_cb
    updates = await self.bot.get_updates(
              ^^^^^^^^^^^^^^^^^^^^^^^^^^^
    ...<3 lines>...
    )
    ^
  File "C:\Users\Suhrob\ollama_chat\.venv\Lib\site-packages\telegram\ext\_extbot.py", line 672, in get_updates
    updates = await super().get_updates(
              ^^^^^^^^^^^^^^^^^^^^^^^^^^
    ...<9 lines>...
    )
    ^
  File "C:\Users\Suhrob\ollama_chat\.venv\Lib\site-packages\telegram\_bot.py", line 4865, in get_updates
    await self._post(
    ^^^^^^^^^^^^^^^^^
    ...<7 lines>...
    ),
    ^
  File "C:\Users\Suhrob\ollama_chat\.venv\Lib\site-packages\telegram\_bot.py", line 704, in _post
    return await self._do_post(
           ^^^^^^^^^^^^^^^^^^^^
    ...<6 lines>...
    )
    ^
  File "C:\Users\Suhrob\ollama_chat\.venv\Lib\site-packages\telegram\ext\_extbot.py", line 370, in _do_post
    return await super()._do_post(
           ^^^^^^^^^^^^^^^^^^^^^^^
    ...<6 lines>...
    )
    ^
  File "C:\Users\Suhrob\ollama_chat\.venv\Lib\site-packages\telegram\_bot.py", line 733, in _do_post
    result = await request.post(
             ^^^^^^^^^^^^^^^^^^^
    ...<6 lines>...
    )
    ^
  File "C:\Users\Suhrob\ollama_chat\.venv\Lib\site-packages\telegram\request\_baserequest.py", line 198, in post
    result = await self._request_wrapper(
             ^^^^^^^^^^^^^^^^^^^^^^^^^^^^
    ...<7 lines>...
    )
    ^
  File "C:\Users\Suhrob\ollama_chat\.venv\Lib\site-packages\telegram\request\_baserequest.py", line 305, in _request_wrapper
    code, payload = await self.do_request(
                    ^^^^^^^^^^^^^^^^^^^^^^
    ...<7 lines>...
    )
    ^
  File "C:\Users\Suhrob\ollama_chat\.venv\Lib\site-packages\telegram\request\_httpxrequest.py", line 303, in do_request
    raise NetworkError(f"httpx.{err.__class__.__name__}: {err}") from err
telegram.error.NetworkError: httpx.ConnectError: [Errno 11001] getaddrinfo failed
2026-05-19 13:33:54,637 | ERROR    | No error handlers are registered, logging exception.
Traceback (most recent call last):
  File "C:\Users\Suhrob\ollama_chat\.venv\Lib\site-packages\httpx\_transports\default.py", line 101, in map_httpcore_exceptions
    yield
  File "C:\Users\Suhrob\ollama_chat\.venv\Lib\site-packages\httpx\_transports\default.py", line 394, in handle_async_request
    resp = await self._pool.handle_async_request(req)
           ^^^^^^^^^^^^^^^^^^^^^^^^^^^^^^^^^^^^^^^^^^
  File "C:\Users\Suhrob\ollama_chat\.venv\Lib\site-packages\httpcore\_async\connection_pool.py", line 256, in handle_async_request
    raise exc from None
  File "C:\Users\Suhrob\ollama_chat\.venv\Lib\site-packages\httpcore\_async\connection_pool.py", line 236, in handle_async_request
    response = await connection.handle_async_request(
               ^^^^^^^^^^^^^^^^^^^^^^^^^^^^^^^^^^^^^^
        pool_request.request
        ^^^^^^^^^^^^^^^^^^^^
    )
    ^
  File "C:\Users\Suhrob\ollama_chat\.venv\Lib\site-packages\httpcore\_async\connection.py", line 101, in handle_async_request
    raise exc
  File "C:\Users\Suhrob\ollama_chat\.venv\Lib\site-packages\httpcore\_async\connection.py", line 78, in handle_async_request
    stream = await self._connect(request)
             ^^^^^^^^^^^^^^^^^^^^^^^^^^^^
  File "C:\Users\Suhrob\ollama_chat\.venv\Lib\site-packages\httpcore\_async\connection.py", line 124, in _connect
    stream = await self._network_backend.connect_tcp(**kwargs)
             ^^^^^^^^^^^^^^^^^^^^^^^^^^^^^^^^^^^^^^^^^^^^^^^^^
  File "C:\Users\Suhrob\ollama_chat\.venv\Lib\site-packages\httpcore\_backends\auto.py", line 31, in connect_tcp
    return await self._backend.connect_tcp(
           ^^^^^^^^^^^^^^^^^^^^^^^^^^^^^^^^
    ...<5 lines>...
    )
    ^
  File "C:\Users\Suhrob\ollama_chat\.venv\Lib\site-packages\httpcore\_backends\anyio.py", line 113, in connect_tcp
    with map_exceptions(exc_map):
         ~~~~~~~~~~~~~~^^^^^^^^^
  File "C:\Users\Suhrob\AppData\Local\Python\pythoncore-3.14-64\Lib\contextlib.py", line 162, in __exit__
    self.gen.throw(value)
    ~~~~~~~~~~~~~~^^^^^^^
  File "C:\Users\Suhrob\ollama_chat\.venv\Lib\site-packages\httpcore\_exceptions.py", line 14, in map_exceptions
    raise to_exc(exc) from exc
httpcore.ConnectError: [Errno 11001] getaddrinfo failed

The above exception was the direct cause of the following exception:

Traceback (most recent call last):
  File "C:\Users\Suhrob\ollama_chat\.venv\Lib\site-packages\telegram\request\_httpxrequest.py", line 279, in do_request
    res = await self._client.request(
          ^^^^^^^^^^^^^^^^^^^^^^^^^^^
    ...<6 lines>...
    )
    ^
  File "C:\Users\Suhrob\ollama_chat\.venv\Lib\site-packages\httpx\_client.py", line 1540, in request
    return await self.send(request, auth=auth, follow_redirects=follow_redirects)
           ^^^^^^^^^^^^^^^^^^^^^^^^^^^^^^^^^^^^^^^^^^^^^^^^^^^^^^^^^^^^^^^^^^^^^^
  File "C:\Users\Suhrob\ollama_chat\.venv\Lib\site-packages\httpx\_client.py", line 1629, in send
    response = await self._send_handling_auth(
               ^^^^^^^^^^^^^^^^^^^^^^^^^^^^^^^
    ...<4 lines>...
    )
    ^
  File "C:\Users\Suhrob\ollama_chat\.venv\Lib\site-packages\httpx\_client.py", line 1657, in _send_handling_auth
    response = await self._send_handling_redirects(
               ^^^^^^^^^^^^^^^^^^^^^^^^^^^^^^^^^^^^
    ...<3 lines>...
    )
    ^
  File "C:\Users\Suhrob\ollama_chat\.venv\Lib\site-packages\httpx\_client.py", line 1694, in _send_handling_redirects
    response = await self._send_single_request(request)
               ^^^^^^^^^^^^^^^^^^^^^^^^^^^^^^^^^^^^^^^^
  File "C:\Users\Suhrob\ollama_chat\.venv\Lib\site-packages\httpx\_client.py", line 1730, in _send_single_request
    response = await transport.handle_async_request(request)
               ^^^^^^^^^^^^^^^^^^^^^^^^^^^^^^^^^^^^^^^^^^^^^
  File "C:\Users\Suhrob\ollama_chat\.venv\Lib\site-packages\httpx\_transports\default.py", line 393, in handle_async_request
    with map_httpcore_exceptions():
         ~~~~~~~~~~~~~~~~~~~~~~~^^
  File "C:\Users\Suhrob\AppData\Local\Python\pythoncore-3.14-64\Lib\contextlib.py", line 162, in __exit__
    self.gen.throw(value)
    ~~~~~~~~~~~~~~^^^^^^^
  File "C:\Users\Suhrob\ollama_chat\.venv\Lib\site-packages\httpx\_transports\default.py", line 118, in map_httpcore_exceptions
    raise mapped_exc(message) from exc
httpx.ConnectError: [Errno 11001] getaddrinfo failed

The above exception was the direct cause of the following exception:

Traceback (most recent call last):
  File "C:\Users\Suhrob\ollama_chat\.venv\Lib\site-packages\telegram\ext\_utils\networkloop.py", line 161, in network_retry_loop
    await do_action()
  File "C:\Users\Suhrob\ollama_chat\.venv\Lib\site-packages\telegram\ext\_utils\networkloop.py", line 154, in do_action
    action_cb_task.result()
    ~~~~~~~~~~~~~~~~~~~~~^^
  File "C:\Users\Suhrob\ollama_chat\.venv\Lib\site-packages\telegram\ext\_updater.py", line 340, in polling_action_cb
    updates = await self.bot.get_updates(
              ^^^^^^^^^^^^^^^^^^^^^^^^^^^
    ...<3 lines>...
    )
    ^
  File "C:\Users\Suhrob\ollama_chat\.venv\Lib\site-packages\telegram\ext\_extbot.py", line 672, in get_updates
    updates = await super().get_updates(
              ^^^^^^^^^^^^^^^^^^^^^^^^^^
    ...<9 lines>...
    )
    ^
  File "C:\Users\Suhrob\ollama_chat\.venv\Lib\site-packages\telegram\_bot.py", line 4865, in get_updates
    await self._post(
    ^^^^^^^^^^^^^^^^^
    ...<7 lines>...
    ),
    ^
  File "C:\Users\Suhrob\ollama_chat\.venv\Lib\site-packages\telegram\_bot.py", line 704, in _post
    return await self._do_post(
           ^^^^^^^^^^^^^^^^^^^^
    ...<6 lines>...
    )
    ^
  File "C:\Users\Suhrob\ollama_chat\.venv\Lib\site-packages\telegram\ext\_extbot.py", line 370, in _do_post
    return await super()._do_post(
           ^^^^^^^^^^^^^^^^^^^^^^^
    ...<6 lines>...
    )
    ^
  File "C:\Users\Suhrob\ollama_chat\.venv\Lib\site-packages\telegram\_bot.py", line 733, in _do_post
    result = await request.post(
             ^^^^^^^^^^^^^^^^^^^
    ...<6 lines>...
    )
    ^
  File "C:\Users\Suhrob\ollama_chat\.venv\Lib\site-packages\telegram\request\_baserequest.py", line 198, in post
    result = await self._request_wrapper(
             ^^^^^^^^^^^^^^^^^^^^^^^^^^^^
    ...<7 lines>...
    )
    ^
  File "C:\Users\Suhrob\ollama_chat\.venv\Lib\site-packages\telegram\request\_baserequest.py", line 305, in _request_wrapper
    code, payload = await self.do_request(
                    ^^^^^^^^^^^^^^^^^^^^^^
    ...<7 lines>...
    )
    ^
  File "C:\Users\Suhrob\ollama_chat\.venv\Lib\site-packages\telegram\request\_httpxrequest.py", line 303, in do_request
    raise NetworkError(f"httpx.{err.__class__.__name__}: {err}") from err
telegram.error.NetworkError: httpx.ConnectError: [Errno 11001] getaddrinfo failed
2026-05-19 13:33:55,650 | ERROR    | No error handlers are registered, logging exception.
Traceback (most recent call last):
  File "C:\Users\Suhrob\ollama_chat\.venv\Lib\site-packages\httpx\_transports\default.py", line 101, in map_httpcore_exceptions
    yield
  File "C:\Users\Suhrob\ollama_chat\.venv\Lib\site-packages\httpx\_transports\default.py", line 394, in handle_async_request
    resp = await self._pool.handle_async_request(req)
           ^^^^^^^^^^^^^^^^^^^^^^^^^^^^^^^^^^^^^^^^^^
  File "C:\Users\Suhrob\ollama_chat\.venv\Lib\site-packages\httpcore\_async\connection_pool.py", line 256, in handle_async_request
    raise exc from None
  File "C:\Users\Suhrob\ollama_chat\.venv\Lib\site-packages\httpcore\_async\connection_pool.py", line 236, in handle_async_request
    response = await connection.handle_async_request(
               ^^^^^^^^^^^^^^^^^^^^^^^^^^^^^^^^^^^^^^
        pool_request.request
        ^^^^^^^^^^^^^^^^^^^^
    )
    ^
  File "C:\Users\Suhrob\ollama_chat\.venv\Lib\site-packages\httpcore\_async\connection.py", line 101, in handle_async_request
    raise exc
  File "C:\Users\Suhrob\ollama_chat\.venv\Lib\site-packages\httpcore\_async\connection.py", line 78, in handle_async_request
    stream = await self._connect(request)
             ^^^^^^^^^^^^^^^^^^^^^^^^^^^^
  File "C:\Users\Suhrob\ollama_chat\.venv\Lib\site-packages\httpcore\_async\connection.py", line 124, in _connect
    stream = await self._network_backend.connect_tcp(**kwargs)
             ^^^^^^^^^^^^^^^^^^^^^^^^^^^^^^^^^^^^^^^^^^^^^^^^^
  File "C:\Users\Suhrob\ollama_chat\.venv\Lib\site-packages\httpcore\_backends\auto.py", line 31, in connect_tcp
    return await self._backend.connect_tcp(
           ^^^^^^^^^^^^^^^^^^^^^^^^^^^^^^^^
    ...<5 lines>...
    )
    ^
  File "C:\Users\Suhrob\ollama_chat\.venv\Lib\site-packages\httpcore\_backends\anyio.py", line 113, in connect_tcp
    with map_exceptions(exc_map):
         ~~~~~~~~~~~~~~^^^^^^^^^
  File "C:\Users\Suhrob\AppData\Local\Python\pythoncore-3.14-64\Lib\contextlib.py", line 162, in __exit__
    self.gen.throw(value)
    ~~~~~~~~~~~~~~^^^^^^^
  File "C:\Users\Suhrob\ollama_chat\.venv\Lib\site-packages\httpcore\_exceptions.py", line 14, in map_exceptions
    raise to_exc(exc) from exc
httpcore.ConnectError: [Errno 11001] getaddrinfo failed

The above exception was the direct cause of the following exception:

Traceback (most recent call last):
  File "C:\Users\Suhrob\ollama_chat\.venv\Lib\site-packages\telegram\request\_httpxrequest.py", line 279, in do_request
    res = await self._client.request(
          ^^^^^^^^^^^^^^^^^^^^^^^^^^^
    ...<6 lines>...
    )
    ^
  File "C:\Users\Suhrob\ollama_chat\.venv\Lib\site-packages\httpx\_client.py", line 1540, in request
    return await self.send(request, auth=auth, follow_redirects=follow_redirects)
           ^^^^^^^^^^^^^^^^^^^^^^^^^^^^^^^^^^^^^^^^^^^^^^^^^^^^^^^^^^^^^^^^^^^^^^
  File "C:\Users\Suhrob\ollama_chat\.venv\Lib\site-packages\httpx\_client.py", line 1629, in send
    response = await self._send_handling_auth(
               ^^^^^^^^^^^^^^^^^^^^^^^^^^^^^^^
    ...<4 lines>...
    )
    ^
  File "C:\Users\Suhrob\ollama_chat\.venv\Lib\site-packages\httpx\_client.py", line 1657, in _send_handling_auth
    response = await self._send_handling_redirects(
               ^^^^^^^^^^^^^^^^^^^^^^^^^^^^^^^^^^^^
    ...<3 lines>...
    )
    ^
  File "C:\Users\Suhrob\ollama_chat\.venv\Lib\site-packages\httpx\_client.py", line 1694, in _send_handling_redirects
    response = await self._send_single_request(request)
               ^^^^^^^^^^^^^^^^^^^^^^^^^^^^^^^^^^^^^^^^
  File "C:\Users\Suhrob\ollama_chat\.venv\Lib\site-packages\httpx\_client.py", line 1730, in _send_single_request
    response = await transport.handle_async_request(request)
               ^^^^^^^^^^^^^^^^^^^^^^^^^^^^^^^^^^^^^^^^^^^^^
  File "C:\Users\Suhrob\ollama_chat\.venv\Lib\site-packages\httpx\_transports\default.py", line 393, in handle_async_request
    with map_httpcore_exceptions():
         ~~~~~~~~~~~~~~~~~~~~~~~^^
  File "C:\Users\Suhrob\AppData\Local\Python\pythoncore-3.14-64\Lib\contextlib.py", line 162, in __exit__
    self.gen.throw(value)
    ~~~~~~~~~~~~~~^^^^^^^
  File "C:\Users\Suhrob\ollama_chat\.venv\Lib\site-packages\httpx\_transports\default.py", line 118, in map_httpcore_exceptions
    raise mapped_exc(message) from exc
httpx.ConnectError: [Errno 11001] getaddrinfo failed

The above exception was the direct cause of the following exception:

Traceback (most recent call last):
  File "C:\Users\Suhrob\ollama_chat\.venv\Lib\site-packages\telegram\ext\_utils\networkloop.py", line 161, in network_retry_loop
    await do_action()
  File "C:\Users\Suhrob\ollama_chat\.venv\Lib\site-packages\telegram\ext\_utils\networkloop.py", line 154, in do_action
    action_cb_task.result()
    ~~~~~~~~~~~~~~~~~~~~~^^
  File "C:\Users\Suhrob\ollama_chat\.venv\Lib\site-packages\telegram\ext\_updater.py", line 340, in polling_action_cb
    updates = await self.bot.get_updates(
              ^^^^^^^^^^^^^^^^^^^^^^^^^^^
    ...<3 lines>...
    )
    ^
  File "C:\Users\Suhrob\ollama_chat\.venv\Lib\site-packages\telegram\ext\_extbot.py", line 672, in get_updates
    updates = await super().get_updates(
              ^^^^^^^^^^^^^^^^^^^^^^^^^^
    ...<9 lines>...
    )
    ^
  File "C:\Users\Suhrob\ollama_chat\.venv\Lib\site-packages\telegram\_bot.py", line 4865, in get_updates
    await self._post(
    ^^^^^^^^^^^^^^^^^
    ...<7 lines>...
    ),
    ^
  File "C:\Users\Suhrob\ollama_chat\.venv\Lib\site-packages\telegram\_bot.py", line 704, in _post
    return await self._do_post(
           ^^^^^^^^^^^^^^^^^^^^
    ...<6 lines>...
    )
    ^
  File "C:\Users\Suhrob\ollama_chat\.venv\Lib\site-packages\telegram\ext\_extbot.py", line 370, in _do_post
    return await super()._do_post(
           ^^^^^^^^^^^^^^^^^^^^^^^
    ...<6 lines>...
    )
    ^
  File "C:\Users\Suhrob\ollama_chat\.venv\Lib\site-packages\telegram\_bot.py", line 733, in _do_post
    result = await request.post(
             ^^^^^^^^^^^^^^^^^^^
    ...<6 lines>...
    )
    ^
  File "C:\Users\Suhrob\ollama_chat\.venv\Lib\site-packages\telegram\request\_baserequest.py", line 198, in post
    result = await self._request_wrapper(
             ^^^^^^^^^^^^^^^^^^^^^^^^^^^^
    ...<7 lines>...
    )
    ^
  File "C:\Users\Suhrob\ollama_chat\.venv\Lib\site-packages\telegram\request\_baserequest.py", line 305, in _request_wrapper
    code, payload = await self.do_request(
                    ^^^^^^^^^^^^^^^^^^^^^^
    ...<7 lines>...
    )
    ^
  File "C:\Users\Suhrob\ollama_chat\.venv\Lib\site-packages\telegram\request\_httpxrequest.py", line 303, in do_request
    raise NetworkError(f"httpx.{err.__class__.__name__}: {err}") from err
telegram.error.NetworkError: httpx.ConnectError: [Errno 11001] getaddrinfo failed
2026-05-19 13:33:57,156 | ERROR    | No error handlers are registered, logging exception.
Traceback (most recent call last):
  File "C:\Users\Suhrob\ollama_chat\.venv\Lib\site-packages\httpx\_transports\default.py", line 101, in map_httpcore_exceptions
    yield
  File "C:\Users\Suhrob\ollama_chat\.venv\Lib\site-packages\httpx\_transports\default.py", line 394, in handle_async_request
    resp = await self._pool.handle_async_request(req)
           ^^^^^^^^^^^^^^^^^^^^^^^^^^^^^^^^^^^^^^^^^^
  File "C:\Users\Suhrob\ollama_chat\.venv\Lib\site-packages\httpcore\_async\connection_pool.py", line 256, in handle_async_request
    raise exc from None
  File "C:\Users\Suhrob\ollama_chat\.venv\Lib\site-packages\httpcore\_async\connection_pool.py", line 236, in handle_async_request
    response = await connection.handle_async_request(
               ^^^^^^^^^^^^^^^^^^^^^^^^^^^^^^^^^^^^^^
        pool_request.request
        ^^^^^^^^^^^^^^^^^^^^
    )
    ^
  File "C:\Users\Suhrob\ollama_chat\.venv\Lib\site-packages\httpcore\_async\connection.py", line 101, in handle_async_request
    raise exc
  File "C:\Users\Suhrob\ollama_chat\.venv\Lib\site-packages\httpcore\_async\connection.py", line 78, in handle_async_request
    stream = await self._connect(request)
             ^^^^^^^^^^^^^^^^^^^^^^^^^^^^
  File "C:\Users\Suhrob\ollama_chat\.venv\Lib\site-packages\httpcore\_async\connection.py", line 124, in _connect
    stream = await self._network_backend.connect_tcp(**kwargs)
             ^^^^^^^^^^^^^^^^^^^^^^^^^^^^^^^^^^^^^^^^^^^^^^^^^
  File "C:\Users\Suhrob\ollama_chat\.venv\Lib\site-packages\httpcore\_backends\auto.py", line 31, in connect_tcp
    return await self._backend.connect_tcp(
           ^^^^^^^^^^^^^^^^^^^^^^^^^^^^^^^^
    ...<5 lines>...
    )
    ^
  File "C:\Users\Suhrob\ollama_chat\.venv\Lib\site-packages\httpcore\_backends\anyio.py", line 113, in connect_tcp
    with map_exceptions(exc_map):
         ~~~~~~~~~~~~~~^^^^^^^^^
  File "C:\Users\Suhrob\AppData\Local\Python\pythoncore-3.14-64\Lib\contextlib.py", line 162, in __exit__
    self.gen.throw(value)
    ~~~~~~~~~~~~~~^^^^^^^
  File "C:\Users\Suhrob\ollama_chat\.venv\Lib\site-packages\httpcore\_exceptions.py", line 14, in map_exceptions
    raise to_exc(exc) from exc
httpcore.ConnectError: [Errno 11001] getaddrinfo failed

The above exception was the direct cause of the following exception:

Traceback (most recent call last):
  File "C:\Users\Suhrob\ollama_chat\.venv\Lib\site-packages\telegram\request\_httpxrequest.py", line 279, in do_request
    res = await self._client.request(
          ^^^^^^^^^^^^^^^^^^^^^^^^^^^
    ...<6 lines>...
    )
    ^
  File "C:\Users\Suhrob\ollama_chat\.venv\Lib\site-packages\httpx\_client.py", line 1540, in request
    return await self.send(request, auth=auth, follow_redirects=follow_redirects)
           ^^^^^^^^^^^^^^^^^^^^^^^^^^^^^^^^^^^^^^^^^^^^^^^^^^^^^^^^^^^^^^^^^^^^^^
  File "C:\Users\Suhrob\ollama_chat\.venv\Lib\site-packages\httpx\_client.py", line 1629, in send
    response = await self._send_handling_auth(
               ^^^^^^^^^^^^^^^^^^^^^^^^^^^^^^^
    ...<4 lines>...
    )
    ^
  File "C:\Users\Suhrob\ollama_chat\.venv\Lib\site-packages\httpx\_client.py", line 1657, in _send_handling_auth
    response = await self._send_handling_redirects(
               ^^^^^^^^^^^^^^^^^^^^^^^^^^^^^^^^^^^^
    ...<3 lines>...
    )
    ^
  File "C:\Users\Suhrob\ollama_chat\.venv\Lib\site-packages\httpx\_client.py", line 1694, in _send_handling_redirects
    response = await self._send_single_request(request)
               ^^^^^^^^^^^^^^^^^^^^^^^^^^^^^^^^^^^^^^^^
  File "C:\Users\Suhrob\ollama_chat\.venv\Lib\site-packages\httpx\_client.py", line 1730, in _send_single_request
    response = await transport.handle_async_request(request)
               ^^^^^^^^^^^^^^^^^^^^^^^^^^^^^^^^^^^^^^^^^^^^^
  File "C:\Users\Suhrob\ollama_chat\.venv\Lib\site-packages\httpx\_transports\default.py", line 393, in handle_async_request
    with map_httpcore_exceptions():
         ~~~~~~~~~~~~~~~~~~~~~~~^^
  File "C:\Users\Suhrob\AppData\Local\Python\pythoncore-3.14-64\Lib\contextlib.py", line 162, in __exit__
    self.gen.throw(value)
    ~~~~~~~~~~~~~~^^^^^^^
  File "C:\Users\Suhrob\ollama_chat\.venv\Lib\site-packages\httpx\_transports\default.py", line 118, in map_httpcore_exceptions
    raise mapped_exc(message) from exc
httpx.ConnectError: [Errno 11001] getaddrinfo failed

The above exception was the direct cause of the following exception:

Traceback (most recent call last):
  File "C:\Users\Suhrob\ollama_chat\.venv\Lib\site-packages\telegram\ext\_utils\networkloop.py", line 161, in network_retry_loop
    await do_action()
  File "C:\Users\Suhrob\ollama_chat\.venv\Lib\site-packages\telegram\ext\_utils\networkloop.py", line 154, in do_action
    action_cb_task.result()
    ~~~~~~~~~~~~~~~~~~~~~^^
  File "C:\Users\Suhrob\ollama_chat\.venv\Lib\site-packages\telegram\ext\_updater.py", line 340, in polling_action_cb
    updates = await self.bot.get_updates(
              ^^^^^^^^^^^^^^^^^^^^^^^^^^^
    ...<3 lines>...
    )
    ^
  File "C:\Users\Suhrob\ollama_chat\.venv\Lib\site-packages\telegram\ext\_extbot.py", line 672, in get_updates
    updates = await super().get_updates(
              ^^^^^^^^^^^^^^^^^^^^^^^^^^
    ...<9 lines>...
    )
    ^
  File "C:\Users\Suhrob\ollama_chat\.venv\Lib\site-packages\telegram\_bot.py", line 4865, in get_updates
    await self._post(
    ^^^^^^^^^^^^^^^^^
    ...<7 lines>...
    ),
    ^
  File "C:\Users\Suhrob\ollama_chat\.venv\Lib\site-packages\telegram\_bot.py", line 704, in _post
    return await self._do_post(
           ^^^^^^^^^^^^^^^^^^^^
    ...<6 lines>...
    )
    ^
  File "C:\Users\Suhrob\ollama_chat\.venv\Lib\site-packages\telegram\ext\_extbot.py", line 370, in _do_post
    return await super()._do_post(
           ^^^^^^^^^^^^^^^^^^^^^^^
    ...<6 lines>...
    )
    ^
  File "C:\Users\Suhrob\ollama_chat\.venv\Lib\site-packages\telegram\_bot.py", line 733, in _do_post
    result = await request.post(
             ^^^^^^^^^^^^^^^^^^^
    ...<6 lines>...
    )
    ^
  File "C:\Users\Suhrob\ollama_chat\.venv\Lib\site-packages\telegram\request\_baserequest.py", line 198, in post
    result = await self._request_wrapper(
             ^^^^^^^^^^^^^^^^^^^^^^^^^^^^
    ...<7 lines>...
    )
    ^
  File "C:\Users\Suhrob\ollama_chat\.venv\Lib\site-packages\telegram\request\_baserequest.py", line 305, in _request_wrapper
    code, payload = await self.do_request(
                    ^^^^^^^^^^^^^^^^^^^^^^
    ...<7 lines>...
    )
    ^
  File "C:\Users\Suhrob\ollama_chat\.venv\Lib\site-packages\telegram\request\_httpxrequest.py", line 303, in do_request
    raise NetworkError(f"httpx.{err.__class__.__name__}: {err}") from err
telegram.error.NetworkError: httpx.ConnectError: [Errno 11001] getaddrinfo failed
2026-05-19 13:33:59,422 | ERROR    | No error handlers are registered, logging exception.
Traceback (most recent call last):
  File "C:\Users\Suhrob\ollama_chat\.venv\Lib\site-packages\httpx\_transports\default.py", line 101, in map_httpcore_exceptions
    yield
  File "C:\Users\Suhrob\ollama_chat\.venv\Lib\site-packages\httpx\_transports\default.py", line 394, in handle_async_request
    resp = await self._pool.handle_async_request(req)
           ^^^^^^^^^^^^^^^^^^^^^^^^^^^^^^^^^^^^^^^^^^
  File "C:\Users\Suhrob\ollama_chat\.venv\Lib\site-packages\httpcore\_async\connection_pool.py", line 256, in handle_async_request
    raise exc from None
  File "C:\Users\Suhrob\ollama_chat\.venv\Lib\site-packages\httpcore\_async\connection_pool.py", line 236, in handle_async_request
    response = await connection.handle_async_request(
               ^^^^^^^^^^^^^^^^^^^^^^^^^^^^^^^^^^^^^^
        pool_request.request
        ^^^^^^^^^^^^^^^^^^^^
    )
    ^
  File "C:\Users\Suhrob\ollama_chat\.venv\Lib\site-packages\httpcore\_async\connection.py", line 101, in handle_async_request
    raise exc
  File "C:\Users\Suhrob\ollama_chat\.venv\Lib\site-packages\httpcore\_async\connection.py", line 78, in handle_async_request
    stream = await self._connect(request)
             ^^^^^^^^^^^^^^^^^^^^^^^^^^^^
  File "C:\Users\Suhrob\ollama_chat\.venv\Lib\site-packages\httpcore\_async\connection.py", line 124, in _connect
    stream = await self._network_backend.connect_tcp(**kwargs)
             ^^^^^^^^^^^^^^^^^^^^^^^^^^^^^^^^^^^^^^^^^^^^^^^^^
  File "C:\Users\Suhrob\ollama_chat\.venv\Lib\site-packages\httpcore\_backends\auto.py", line 31, in connect_tcp
    return await self._backend.connect_tcp(
           ^^^^^^^^^^^^^^^^^^^^^^^^^^^^^^^^
    ...<5 lines>...
    )
    ^
  File "C:\Users\Suhrob\ollama_chat\.venv\Lib\site-packages\httpcore\_backends\anyio.py", line 113, in connect_tcp
    with map_exceptions(exc_map):
         ~~~~~~~~~~~~~~^^^^^^^^^
  File "C:\Users\Suhrob\AppData\Local\Python\pythoncore-3.14-64\Lib\contextlib.py", line 162, in __exit__
    self.gen.throw(value)
    ~~~~~~~~~~~~~~^^^^^^^
  File "C:\Users\Suhrob\ollama_chat\.venv\Lib\site-packages\httpcore\_exceptions.py", line 14, in map_exceptions
    raise to_exc(exc) from exc
httpcore.ConnectError: [Errno 11001] getaddrinfo failed

The above exception was the direct cause of the following exception:

Traceback (most recent call last):
  File "C:\Users\Suhrob\ollama_chat\.venv\Lib\site-packages\telegram\request\_httpxrequest.py", line 279, in do_request
    res = await self._client.request(
          ^^^^^^^^^^^^^^^^^^^^^^^^^^^
    ...<6 lines>...
    )
    ^
  File "C:\Users\Suhrob\ollama_chat\.venv\Lib\site-packages\httpx\_client.py", line 1540, in request
    return await self.send(request, auth=auth, follow_redirects=follow_redirects)
           ^^^^^^^^^^^^^^^^^^^^^^^^^^^^^^^^^^^^^^^^^^^^^^^^^^^^^^^^^^^^^^^^^^^^^^
  File "C:\Users\Suhrob\ollama_chat\.venv\Lib\site-packages\httpx\_client.py", line 1629, in send
    response = await self._send_handling_auth(
               ^^^^^^^^^^^^^^^^^^^^^^^^^^^^^^^
    ...<4 lines>...
    )
    ^
  File "C:\Users\Suhrob\ollama_chat\.venv\Lib\site-packages\httpx\_client.py", line 1657, in _send_handling_auth
    response = await self._send_handling_redirects(
               ^^^^^^^^^^^^^^^^^^^^^^^^^^^^^^^^^^^^
    ...<3 lines>...
    )
    ^
  File "C:\Users\Suhrob\ollama_chat\.venv\Lib\site-packages\httpx\_client.py", line 1694, in _send_handling_redirects
    response = await self._send_single_request(request)
               ^^^^^^^^^^^^^^^^^^^^^^^^^^^^^^^^^^^^^^^^
  File "C:\Users\Suhrob\ollama_chat\.venv\Lib\site-packages\httpx\_client.py", line 1730, in _send_single_request
    response = await transport.handle_async_request(request)
               ^^^^^^^^^^^^^^^^^^^^^^^^^^^^^^^^^^^^^^^^^^^^^
  File "C:\Users\Suhrob\ollama_chat\.venv\Lib\site-packages\httpx\_transports\default.py", line 393, in handle_async_request
    with map_httpcore_exceptions():
         ~~~~~~~~~~~~~~~~~~~~~~~^^
  File "C:\Users\Suhrob\AppData\Local\Python\pythoncore-3.14-64\Lib\contextlib.py", line 162, in __exit__
    self.gen.throw(value)
    ~~~~~~~~~~~~~~^^^^^^^
  File "C:\Users\Suhrob\ollama_chat\.venv\Lib\site-packages\httpx\_transports\default.py", line 118, in map_httpcore_exceptions
    raise mapped_exc(message) from exc
httpx.ConnectError: [Errno 11001] getaddrinfo failed

The above exception was the direct cause of the following exception:

Traceback (most recent call last):
  File "C:\Users\Suhrob\ollama_chat\.venv\Lib\site-packages\telegram\ext\_utils\networkloop.py", line 161, in network_retry_loop
    await do_action()
  File "C:\Users\Suhrob\ollama_chat\.venv\Lib\site-packages\telegram\ext\_utils\networkloop.py", line 154, in do_action
    action_cb_task.result()
    ~~~~~~~~~~~~~~~~~~~~~^^
  File "C:\Users\Suhrob\ollama_chat\.venv\Lib\site-packages\telegram\ext\_updater.py", line 340, in polling_action_cb
    updates = await self.bot.get_updates(
              ^^^^^^^^^^^^^^^^^^^^^^^^^^^
    ...<3 lines>...
    )
    ^
  File "C:\Users\Suhrob\ollama_chat\.venv\Lib\site-packages\telegram\ext\_extbot.py", line 672, in get_updates
    updates = await super().get_updates(
              ^^^^^^^^^^^^^^^^^^^^^^^^^^
    ...<9 lines>...
    )
    ^
  File "C:\Users\Suhrob\ollama_chat\.venv\Lib\site-packages\telegram\_bot.py", line 4865, in get_updates
    await self._post(
    ^^^^^^^^^^^^^^^^^
    ...<7 lines>...
    ),
    ^
  File "C:\Users\Suhrob\ollama_chat\.venv\Lib\site-packages\telegram\_bot.py", line 704, in _post
    return await self._do_post(
           ^^^^^^^^^^^^^^^^^^^^
    ...<6 lines>...
    )
    ^
  File "C:\Users\Suhrob\ollama_chat\.venv\Lib\site-packages\telegram\ext\_extbot.py", line 370, in _do_post
    return await super()._do_post(
           ^^^^^^^^^^^^^^^^^^^^^^^
    ...<6 lines>...
    )
    ^
  File "C:\Users\Suhrob\ollama_chat\.venv\Lib\site-packages\telegram\_bot.py", line 733, in _do_post
    result = await request.post(
             ^^^^^^^^^^^^^^^^^^^
    ...<6 lines>...
    )
    ^
  File "C:\Users\Suhrob\ollama_chat\.venv\Lib\site-packages\telegram\request\_baserequest.py", line 198, in post
    result = await self._request_wrapper(
             ^^^^^^^^^^^^^^^^^^^^^^^^^^^^
    ...<7 lines>...
    )
    ^
  File "C:\Users\Suhrob\ollama_chat\.venv\Lib\site-packages\telegram\request\_baserequest.py", line 305, in _request_wrapper
    code, payload = await self.do_request(
                    ^^^^^^^^^^^^^^^^^^^^^^
    ...<7 lines>...
    )
    ^
  File "C:\Users\Suhrob\ollama_chat\.venv\Lib\site-packages\telegram\request\_httpxrequest.py", line 303, in do_request
    raise NetworkError(f"httpx.{err.__class__.__name__}: {err}") from err
telegram.error.NetworkError: httpx.ConnectError: [Errno 11001] getaddrinfo failed
2026-05-19 13:34:02,813 | ERROR    | No error handlers are registered, logging exception.
Traceback (most recent call last):
  File "C:\Users\Suhrob\ollama_chat\.venv\Lib\site-packages\httpx\_transports\default.py", line 101, in map_httpcore_exceptions
    yield
  File "C:\Users\Suhrob\ollama_chat\.venv\Lib\site-packages\httpx\_transports\default.py", line 394, in handle_async_request
    resp = await self._pool.handle_async_request(req)
           ^^^^^^^^^^^^^^^^^^^^^^^^^^^^^^^^^^^^^^^^^^
  File "C:\Users\Suhrob\ollama_chat\.venv\Lib\site-packages\httpcore\_async\connection_pool.py", line 256, in handle_async_request
    raise exc from None
  File "C:\Users\Suhrob\ollama_chat\.venv\Lib\site-packages\httpcore\_async\connection_pool.py", line 236, in handle_async_request
    response = await connection.handle_async_request(
               ^^^^^^^^^^^^^^^^^^^^^^^^^^^^^^^^^^^^^^
        pool_request.request
        ^^^^^^^^^^^^^^^^^^^^
    )
    ^
  File "C:\Users\Suhrob\ollama_chat\.venv\Lib\site-packages\httpcore\_async\connection.py", line 101, in handle_async_request
    raise exc
  File "C:\Users\Suhrob\ollama_chat\.venv\Lib\site-packages\httpcore\_async\connection.py", line 78, in handle_async_request
    stream = await self._connect(request)
             ^^^^^^^^^^^^^^^^^^^^^^^^^^^^
  File "C:\Users\Suhrob\ollama_chat\.venv\Lib\site-packages\httpcore\_async\connection.py", line 124, in _connect
    stream = await self._network_backend.connect_tcp(**kwargs)
             ^^^^^^^^^^^^^^^^^^^^^^^^^^^^^^^^^^^^^^^^^^^^^^^^^
  File "C:\Users\Suhrob\ollama_chat\.venv\Lib\site-packages\httpcore\_backends\auto.py", line 31, in connect_tcp
    return await self._backend.connect_tcp(
           ^^^^^^^^^^^^^^^^^^^^^^^^^^^^^^^^
    ...<5 lines>...
    )
    ^
  File "C:\Users\Suhrob\ollama_chat\.venv\Lib\site-packages\httpcore\_backends\anyio.py", line 113, in connect_tcp
    with map_exceptions(exc_map):
         ~~~~~~~~~~~~~~^^^^^^^^^
  File "C:\Users\Suhrob\AppData\Local\Python\pythoncore-3.14-64\Lib\contextlib.py", line 162, in __exit__
    self.gen.throw(value)
    ~~~~~~~~~~~~~~^^^^^^^
  File "C:\Users\Suhrob\ollama_chat\.venv\Lib\site-packages\httpcore\_exceptions.py", line 14, in map_exceptions
    raise to_exc(exc) from exc
httpcore.ConnectError: [Errno 11001] getaddrinfo failed

The above exception was the direct cause of the following exception:

Traceback (most recent call last):
  File "C:\Users\Suhrob\ollama_chat\.venv\Lib\site-packages\telegram\request\_httpxrequest.py", line 279, in do_request
    res = await self._client.request(
          ^^^^^^^^^^^^^^^^^^^^^^^^^^^
    ...<6 lines>...
    )
    ^
  File "C:\Users\Suhrob\ollama_chat\.venv\Lib\site-packages\httpx\_client.py", line 1540, in request
    return await self.send(request, auth=auth, follow_redirects=follow_redirects)
           ^^^^^^^^^^^^^^^^^^^^^^^^^^^^^^^^^^^^^^^^^^^^^^^^^^^^^^^^^^^^^^^^^^^^^^
  File "C:\Users\Suhrob\ollama_chat\.venv\Lib\site-packages\httpx\_client.py", line 1629, in send
    response = await self._send_handling_auth(
               ^^^^^^^^^^^^^^^^^^^^^^^^^^^^^^^
    ...<4 lines>...
    )
    ^
  File "C:\Users\Suhrob\ollama_chat\.venv\Lib\site-packages\httpx\_client.py", line 1657, in _send_handling_auth
    response = await self._send_handling_redirects(
               ^^^^^^^^^^^^^^^^^^^^^^^^^^^^^^^^^^^^
    ...<3 lines>...
    )
    ^
  File "C:\Users\Suhrob\ollama_chat\.venv\Lib\site-packages\httpx\_client.py", line 1694, in _send_handling_redirects
    response = await self._send_single_request(request)
               ^^^^^^^^^^^^^^^^^^^^^^^^^^^^^^^^^^^^^^^^
  File "C:\Users\Suhrob\ollama_chat\.venv\Lib\site-packages\httpx\_client.py", line 1730, in _send_single_request
    response = await transport.handle_async_request(request)
               ^^^^^^^^^^^^^^^^^^^^^^^^^^^^^^^^^^^^^^^^^^^^^
  File "C:\Users\Suhrob\ollama_chat\.venv\Lib\site-packages\httpx\_transports\default.py", line 393, in handle_async_request
    with map_httpcore_exceptions():
         ~~~~~~~~~~~~~~~~~~~~~~~^^
  File "C:\Users\Suhrob\AppData\Local\Python\pythoncore-3.14-64\Lib\contextlib.py", line 162, in __exit__
    self.gen.throw(value)
    ~~~~~~~~~~~~~~^^^^^^^
  File "C:\Users\Suhrob\ollama_chat\.venv\Lib\site-packages\httpx\_transports\default.py", line 118, in map_httpcore_exceptions
    raise mapped_exc(message) from exc
httpx.ConnectError: [Errno 11001] getaddrinfo failed

The above exception was the direct cause of the following exception:

Traceback (most recent call last):
  File "C:\Users\Suhrob\ollama_chat\.venv\Lib\site-packages\telegram\ext\_utils\networkloop.py", line 161, in network_retry_loop
    await do_action()
  File "C:\Users\Suhrob\ollama_chat\.venv\Lib\site-packages\telegram\ext\_utils\networkloop.py", line 154, in do_action
    action_cb_task.result()
    ~~~~~~~~~~~~~~~~~~~~~^^
  File "C:\Users\Suhrob\ollama_chat\.venv\Lib\site-packages\telegram\ext\_updater.py", line 340, in polling_action_cb
    updates = await self.bot.get_updates(
              ^^^^^^^^^^^^^^^^^^^^^^^^^^^
    ...<3 lines>...
    )
    ^
  File "C:\Users\Suhrob\ollama_chat\.venv\Lib\site-packages\telegram\ext\_extbot.py", line 672, in get_updates
    updates = await super().get_updates(
              ^^^^^^^^^^^^^^^^^^^^^^^^^^
    ...<9 lines>...
    )
    ^
  File "C:\Users\Suhrob\ollama_chat\.venv\Lib\site-packages\telegram\_bot.py", line 4865, in get_updates
    await self._post(
    ^^^^^^^^^^^^^^^^^
    ...<7 lines>...
    ),
    ^
  File "C:\Users\Suhrob\ollama_chat\.venv\Lib\site-packages\telegram\_bot.py", line 704, in _post
    return await self._do_post(
           ^^^^^^^^^^^^^^^^^^^^
    ...<6 lines>...
    )
    ^
  File "C:\Users\Suhrob\ollama_chat\.venv\Lib\site-packages\telegram\ext\_extbot.py", line 370, in _do_post
    return await super()._do_post(
           ^^^^^^^^^^^^^^^^^^^^^^^
    ...<6 lines>...
    )
    ^
  File "C:\Users\Suhrob\ollama_chat\.venv\Lib\site-packages\telegram\_bot.py", line 733, in _do_post
    result = await request.post(
             ^^^^^^^^^^^^^^^^^^^
    ...<6 lines>...
    )
    ^
  File "C:\Users\Suhrob\ollama_chat\.venv\Lib\site-packages\telegram\request\_baserequest.py", line 198, in post
    result = await self._request_wrapper(
             ^^^^^^^^^^^^^^^^^^^^^^^^^^^^
    ...<7 lines>...
    )
    ^
  File "C:\Users\Suhrob\ollama_chat\.venv\Lib\site-packages\telegram\request\_baserequest.py", line 305, in _request_wrapper
    code, payload = await self.do_request(
                    ^^^^^^^^^^^^^^^^^^^^^^
    ...<7 lines>...
    )
    ^
  File "C:\Users\Suhrob\ollama_chat\.venv\Lib\site-packages\telegram\request\_httpxrequest.py", line 303, in do_request
    raise NetworkError(f"httpx.{err.__class__.__name__}: {err}") from err
telegram.error.NetworkError: httpx.ConnectError: [Errno 11001] getaddrinfo failed
2026-05-19 13:34:16,068 | INFO     | HTTP Request: POST https://api.telegram.org/bot8223900828:AAGNG00joY9NKJRy9RnQSFq0St6kq9cZnCs/getUpdates "HTTP/1.1 200 OK"
2026-05-19 13:34:16,800 | INFO     | HTTP Request: POST https://api.telegram.org/bot8223900828:AAGNG00joY9NKJRy9RnQSFq0St6kq9cZnCs/sendChatAction "HTTP/1.1 200 OK"
2026-05-19 13:34:19,202 | INFO     | HTTP Request: POST https://api.telegram.org/bot8223900828:AAGNG00joY9NKJRy9RnQSFq0St6kq9cZnCs/getUpdates "HTTP/1.1 200 OK"
2026-05-19 13:34:19,558 | INFO     | HTTP Request: POST http://localhost:11434/api/chat "HTTP/1.1 200 OK"
2026-05-19 13:34:19,562 | INFO     | MSG | user=7397506766 | len=31
2026-05-19 13:34:19,873 | INFO     | HTTP Request: POST https://api.telegram.org/bot8223900828:AAGNG00joY9NKJRy9RnQSFq0St6kq9cZnCs/sendMessage "HTTP/1.1 200 OK"
2026-05-19 13:34:20,267 | INFO     | HTTP Request: POST https://api.telegram.org/bot8223900828:AAGNG00joY9NKJRy9RnQSFq0St6kq9cZnCs/sendMessage "HTTP/1.1 200 OK"
2026-05-19 13:34:54,264 | ERROR    | No error handlers are registered, logging exception.
Traceback (most recent call last):
  File "C:\Users\Suhrob\ollama_chat\.venv\Lib\site-packages\httpx\_transports\default.py", line 101, in map_httpcore_exceptions
    yield
  File "C:\Users\Suhrob\ollama_chat\.venv\Lib\site-packages\httpx\_transports\default.py", line 394, in handle_async_request
    resp = await self._pool.handle_async_request(req)
           ^^^^^^^^^^^^^^^^^^^^^^^^^^^^^^^^^^^^^^^^^^
  File "C:\Users\Suhrob\ollama_chat\.venv\Lib\site-packages\httpcore\_async\connection_pool.py", line 256, in handle_async_request
    raise exc from None
  File "C:\Users\Suhrob\ollama_chat\.venv\Lib\site-packages\httpcore\_async\connection_pool.py", line 236, in handle_async_request
    response = await connection.handle_async_request(
               ^^^^^^^^^^^^^^^^^^^^^^^^^^^^^^^^^^^^^^
        pool_request.request
        ^^^^^^^^^^^^^^^^^^^^
    )
    ^
  File "C:\Users\Suhrob\ollama_chat\.venv\Lib\site-packages\httpcore\_async\connection.py", line 101, in handle_async_request
    raise exc
  File "C:\Users\Suhrob\ollama_chat\.venv\Lib\site-packages\httpcore\_async\connection.py", line 78, in handle_async_request
    stream = await self._connect(request)
             ^^^^^^^^^^^^^^^^^^^^^^^^^^^^
  File "C:\Users\Suhrob\ollama_chat\.venv\Lib\site-packages\httpcore\_async\connection.py", line 124, in _connect
    stream = await self._network_backend.connect_tcp(**kwargs)
             ^^^^^^^^^^^^^^^^^^^^^^^^^^^^^^^^^^^^^^^^^^^^^^^^^
  File "C:\Users\Suhrob\ollama_chat\.venv\Lib\site-packages\httpcore\_backends\auto.py", line 31, in connect_tcp
    return await self._backend.connect_tcp(
           ^^^^^^^^^^^^^^^^^^^^^^^^^^^^^^^^
    ...<5 lines>...
    )
    ^
  File "C:\Users\Suhrob\ollama_chat\.venv\Lib\site-packages\httpcore\_backends\anyio.py", line 113, in connect_tcp
    with map_exceptions(exc_map):
         ~~~~~~~~~~~~~~^^^^^^^^^
  File "C:\Users\Suhrob\AppData\Local\Python\pythoncore-3.14-64\Lib\contextlib.py", line 162, in __exit__
    self.gen.throw(value)
    ~~~~~~~~~~~~~~^^^^^^^
  File "C:\Users\Suhrob\ollama_chat\.venv\Lib\site-packages\httpcore\_exceptions.py", line 14, in map_exceptions
    raise to_exc(exc) from exc
httpcore.ConnectError: [Errno 11001] getaddrinfo failed

The above exception was the direct cause of the following exception:

Traceback (most recent call last):
  File "C:\Users\Suhrob\ollama_chat\.venv\Lib\site-packages\telegram\request\_httpxrequest.py", line 279, in do_request
    res = await self._client.request(
          ^^^^^^^^^^^^^^^^^^^^^^^^^^^
    ...<6 lines>...
    )
    ^
  File "C:\Users\Suhrob\ollama_chat\.venv\Lib\site-packages\httpx\_client.py", line 1540, in request
    return await self.send(request, auth=auth, follow_redirects=follow_redirects)
           ^^^^^^^^^^^^^^^^^^^^^^^^^^^^^^^^^^^^^^^^^^^^^^^^^^^^^^^^^^^^^^^^^^^^^^
  File "C:\Users\Suhrob\ollama_chat\.venv\Lib\site-packages\httpx\_client.py", line 1629, in send
    response = await self._send_handling_auth(
               ^^^^^^^^^^^^^^^^^^^^^^^^^^^^^^^
    ...<4 lines>...
    )
    ^
  File "C:\Users\Suhrob\ollama_chat\.venv\Lib\site-packages\httpx\_client.py", line 1657, in _send_handling_auth
    response = await self._send_handling_redirects(
               ^^^^^^^^^^^^^^^^^^^^^^^^^^^^^^^^^^^^
    ...<3 lines>...
    )
    ^
  File "C:\Users\Suhrob\ollama_chat\.venv\Lib\site-packages\httpx\_client.py", line 1694, in _send_handling_redirects
    response = await self._send_single_request(request)
               ^^^^^^^^^^^^^^^^^^^^^^^^^^^^^^^^^^^^^^^^
  File "C:\Users\Suhrob\ollama_chat\.venv\Lib\site-packages\httpx\_client.py", line 1730, in _send_single_request
    response = await transport.handle_async_request(request)
               ^^^^^^^^^^^^^^^^^^^^^^^^^^^^^^^^^^^^^^^^^^^^^
  File "C:\Users\Suhrob\ollama_chat\.venv\Lib\site-packages\httpx\_transports\default.py", line 393, in handle_async_request
    with map_httpcore_exceptions():
         ~~~~~~~~~~~~~~~~~~~~~~~^^
  File "C:\Users\Suhrob\AppData\Local\Python\pythoncore-3.14-64\Lib\contextlib.py", line 162, in __exit__
    self.gen.throw(value)
    ~~~~~~~~~~~~~~^^^^^^^
  File "C:\Users\Suhrob\ollama_chat\.venv\Lib\site-packages\httpx\_transports\default.py", line 118, in map_httpcore_exceptions
    raise mapped_exc(message) from exc
httpx.ConnectError: [Errno 11001] getaddrinfo failed

The above exception was the direct cause of the following exception:

Traceback (most recent call last):
  File "C:\Users\Suhrob\ollama_chat\.venv\Lib\site-packages\telegram\ext\_utils\networkloop.py", line 161, in network_retry_loop
    await do_action()
  File "C:\Users\Suhrob\ollama_chat\.venv\Lib\site-packages\telegram\ext\_utils\networkloop.py", line 154, in do_action
    action_cb_task.result()
    ~~~~~~~~~~~~~~~~~~~~~^^
  File "C:\Users\Suhrob\ollama_chat\.venv\Lib\site-packages\telegram\ext\_updater.py", line 340, in polling_action_cb
    updates = await self.bot.get_updates(
              ^^^^^^^^^^^^^^^^^^^^^^^^^^^
    ...<3 lines>...
    )
    ^
  File "C:\Users\Suhrob\ollama_chat\.venv\Lib\site-packages\telegram\ext\_extbot.py", line 672, in get_updates
    updates = await super().get_updates(
              ^^^^^^^^^^^^^^^^^^^^^^^^^^
    ...<9 lines>...
    )
    ^
  File "C:\Users\Suhrob\ollama_chat\.venv\Lib\site-packages\telegram\_bot.py", line 4865, in get_updates
    await self._post(
    ^^^^^^^^^^^^^^^^^
    ...<7 lines>...
    ),
    ^
  File "C:\Users\Suhrob\ollama_chat\.venv\Lib\site-packages\telegram\_bot.py", line 704, in _post
    return await self._do_post(
           ^^^^^^^^^^^^^^^^^^^^
    ...<6 lines>...
    )
    ^
  File "C:\Users\Suhrob\ollama_chat\.venv\Lib\site-packages\telegram\ext\_extbot.py", line 370, in _do_post
    return await super()._do_post(
           ^^^^^^^^^^^^^^^^^^^^^^^
    ...<6 lines>...
    )
    ^
  File "C:\Users\Suhrob\ollama_chat\.venv\Lib\site-packages\telegram\_bot.py", line 733, in _do_post
    result = await request.post(
             ^^^^^^^^^^^^^^^^^^^
    ...<6 lines>...
    )
    ^
  File "C:\Users\Suhrob\ollama_chat\.venv\Lib\site-packages\telegram\request\_baserequest.py", line 198, in post
    result = await self._request_wrapper(
             ^^^^^^^^^^^^^^^^^^^^^^^^^^^^
    ...<7 lines>...
    )
    ^
  File "C:\Users\Suhrob\ollama_chat\.venv\Lib\site-packages\telegram\request\_baserequest.py", line 305, in _request_wrapper
    code, payload = await self.do_request(
                    ^^^^^^^^^^^^^^^^^^^^^^
    ...<7 lines>...
    )
    ^
  File "C:\Users\Suhrob\ollama_chat\.venv\Lib\site-packages\telegram\request\_httpxrequest.py", line 303, in do_request
    raise NetworkError(f"httpx.{err.__class__.__name__}: {err}") from err
telegram.error.NetworkError: httpx.ConnectError: [Errno 11001] getaddrinfo failed
2026-05-19 13:34:55,287 | ERROR    | No error handlers are registered, logging exception.
Traceback (most recent call last):
  File "C:\Users\Suhrob\ollama_chat\.venv\Lib\site-packages\httpx\_transports\default.py", line 101, in map_httpcore_exceptions
    yield
  File "C:\Users\Suhrob\ollama_chat\.venv\Lib\site-packages\httpx\_transports\default.py", line 394, in handle_async_request
    resp = await self._pool.handle_async_request(req)
           ^^^^^^^^^^^^^^^^^^^^^^^^^^^^^^^^^^^^^^^^^^
  File "C:\Users\Suhrob\ollama_chat\.venv\Lib\site-packages\httpcore\_async\connection_pool.py", line 256, in handle_async_request
    raise exc from None
  File "C:\Users\Suhrob\ollama_chat\.venv\Lib\site-packages\httpcore\_async\connection_pool.py", line 236, in handle_async_request
    response = await connection.handle_async_request(
               ^^^^^^^^^^^^^^^^^^^^^^^^^^^^^^^^^^^^^^
        pool_request.request
        ^^^^^^^^^^^^^^^^^^^^
    )
    ^
  File "C:\Users\Suhrob\ollama_chat\.venv\Lib\site-packages\httpcore\_async\connection.py", line 101, in handle_async_request
    raise exc
  File "C:\Users\Suhrob\ollama_chat\.venv\Lib\site-packages\httpcore\_async\connection.py", line 78, in handle_async_request
    stream = await self._connect(request)
             ^^^^^^^^^^^^^^^^^^^^^^^^^^^^
  File "C:\Users\Suhrob\ollama_chat\.venv\Lib\site-packages\httpcore\_async\connection.py", line 124, in _connect
    stream = await self._network_backend.connect_tcp(**kwargs)
             ^^^^^^^^^^^^^^^^^^^^^^^^^^^^^^^^^^^^^^^^^^^^^^^^^
  File "C:\Users\Suhrob\ollama_chat\.venv\Lib\site-packages\httpcore\_backends\auto.py", line 31, in connect_tcp
    return await self._backend.connect_tcp(
           ^^^^^^^^^^^^^^^^^^^^^^^^^^^^^^^^
    ...<5 lines>...
    )
    ^
  File "C:\Users\Suhrob\ollama_chat\.venv\Lib\site-packages\httpcore\_backends\anyio.py", line 113, in connect_tcp
    with map_exceptions(exc_map):
         ~~~~~~~~~~~~~~^^^^^^^^^
  File "C:\Users\Suhrob\AppData\Local\Python\pythoncore-3.14-64\Lib\contextlib.py", line 162, in __exit__
    self.gen.throw(value)
    ~~~~~~~~~~~~~~^^^^^^^
  File "C:\Users\Suhrob\ollama_chat\.venv\Lib\site-packages\httpcore\_exceptions.py", line 14, in map_exceptions
    raise to_exc(exc) from exc
httpcore.ConnectError: [Errno 11001] getaddrinfo failed

The above exception was the direct cause of the following exception:

Traceback (most recent call last):
  File "C:\Users\Suhrob\ollama_chat\.venv\Lib\site-packages\telegram\request\_httpxrequest.py", line 279, in do_request
    res = await self._client.request(
          ^^^^^^^^^^^^^^^^^^^^^^^^^^^
    ...<6 lines>...
    )
    ^
  File "C:\Users\Suhrob\ollama_chat\.venv\Lib\site-packages\httpx\_client.py", line 1540, in request
    return await self.send(request, auth=auth, follow_redirects=follow_redirects)
           ^^^^^^^^^^^^^^^^^^^^^^^^^^^^^^^^^^^^^^^^^^^^^^^^^^^^^^^^^^^^^^^^^^^^^^
  File "C:\Users\Suhrob\ollama_chat\.venv\Lib\site-packages\httpx\_client.py", line 1629, in send
    response = await self._send_handling_auth(
               ^^^^^^^^^^^^^^^^^^^^^^^^^^^^^^^
    ...<4 lines>...
    )
    ^
  File "C:\Users\Suhrob\ollama_chat\.venv\Lib\site-packages\httpx\_client.py", line 1657, in _send_handling_auth
    response = await self._send_handling_redirects(
               ^^^^^^^^^^^^^^^^^^^^^^^^^^^^^^^^^^^^
    ...<3 lines>...
    )
    ^
  File "C:\Users\Suhrob\ollama_chat\.venv\Lib\site-packages\httpx\_client.py", line 1694, in _send_handling_redirects
    response = await self._send_single_request(request)
               ^^^^^^^^^^^^^^^^^^^^^^^^^^^^^^^^^^^^^^^^
  File "C:\Users\Suhrob\ollama_chat\.venv\Lib\site-packages\httpx\_client.py", line 1730, in _send_single_request
    response = await transport.handle_async_request(request)
               ^^^^^^^^^^^^^^^^^^^^^^^^^^^^^^^^^^^^^^^^^^^^^
  File "C:\Users\Suhrob\ollama_chat\.venv\Lib\site-packages\httpx\_transports\default.py", line 393, in handle_async_request
    with map_httpcore_exceptions():
         ~~~~~~~~~~~~~~~~~~~~~~~^^
  File "C:\Users\Suhrob\AppData\Local\Python\pythoncore-3.14-64\Lib\contextlib.py", line 162, in __exit__
    self.gen.throw(value)
    ~~~~~~~~~~~~~~^^^^^^^
  File "C:\Users\Suhrob\ollama_chat\.venv\Lib\site-packages\httpx\_transports\default.py", line 118, in map_httpcore_exceptions
    raise mapped_exc(message) from exc
httpx.ConnectError: [Errno 11001] getaddrinfo failed

The above exception was the direct cause of the following exception:

Traceback (most recent call last):
  File "C:\Users\Suhrob\ollama_chat\.venv\Lib\site-packages\telegram\ext\_utils\networkloop.py", line 161, in network_retry_loop
    await do_action()
  File "C:\Users\Suhrob\ollama_chat\.venv\Lib\site-packages\telegram\ext\_utils\networkloop.py", line 154, in do_action
    action_cb_task.result()
    ~~~~~~~~~~~~~~~~~~~~~^^
  File "C:\Users\Suhrob\ollama_chat\.venv\Lib\site-packages\telegram\ext\_updater.py", line 340, in polling_action_cb
    updates = await self.bot.get_updates(
              ^^^^^^^^^^^^^^^^^^^^^^^^^^^
    ...<3 lines>...
    )
    ^
  File "C:\Users\Suhrob\ollama_chat\.venv\Lib\site-packages\telegram\ext\_extbot.py", line 672, in get_updates
    updates = await super().get_updates(
              ^^^^^^^^^^^^^^^^^^^^^^^^^^
    ...<9 lines>...
    )
    ^
  File "C:\Users\Suhrob\ollama_chat\.venv\Lib\site-packages\telegram\_bot.py", line 4865, in get_updates
    await self._post(
    ^^^^^^^^^^^^^^^^^
    ...<7 lines>...
    ),
    ^
  File "C:\Users\Suhrob\ollama_chat\.venv\Lib\site-packages\telegram\_bot.py", line 704, in _post
    return await self._do_post(
           ^^^^^^^^^^^^^^^^^^^^
    ...<6 lines>...
    )
    ^
  File "C:\Users\Suhrob\ollama_chat\.venv\Lib\site-packages\telegram\ext\_extbot.py", line 370, in _do_post
    return await super()._do_post(
           ^^^^^^^^^^^^^^^^^^^^^^^
    ...<6 lines>...
    )
    ^
  File "C:\Users\Suhrob\ollama_chat\.venv\Lib\site-packages\telegram\_bot.py", line 733, in _do_post
    result = await request.post(
             ^^^^^^^^^^^^^^^^^^^
    ...<6 lines>...
    )
    ^
  File "C:\Users\Suhrob\ollama_chat\.venv\Lib\site-packages\telegram\request\_baserequest.py", line 198, in post
    result = await self._request_wrapper(
             ^^^^^^^^^^^^^^^^^^^^^^^^^^^^
    ...<7 lines>...
    )
    ^
  File "C:\Users\Suhrob\ollama_chat\.venv\Lib\site-packages\telegram\request\_baserequest.py", line 305, in _request_wrapper
    code, payload = await self.do_request(
                    ^^^^^^^^^^^^^^^^^^^^^^
    ...<7 lines>...
    )
    ^
  File "C:\Users\Suhrob\ollama_chat\.venv\Lib\site-packages\telegram\request\_httpxrequest.py", line 303, in do_request
    raise NetworkError(f"httpx.{err.__class__.__name__}: {err}") from err
telegram.error.NetworkError: httpx.ConnectError: [Errno 11001] getaddrinfo failed
2026-05-19 13:34:56,807 | ERROR    | No error handlers are registered, logging exception.
Traceback (most recent call last):
  File "C:\Users\Suhrob\ollama_chat\.venv\Lib\site-packages\httpx\_transports\default.py", line 101, in map_httpcore_exceptions
    yield
  File "C:\Users\Suhrob\ollama_chat\.venv\Lib\site-packages\httpx\_transports\default.py", line 394, in handle_async_request
    resp = await self._pool.handle_async_request(req)
           ^^^^^^^^^^^^^^^^^^^^^^^^^^^^^^^^^^^^^^^^^^
  File "C:\Users\Suhrob\ollama_chat\.venv\Lib\site-packages\httpcore\_async\connection_pool.py", line 256, in handle_async_request
    raise exc from None
  File "C:\Users\Suhrob\ollama_chat\.venv\Lib\site-packages\httpcore\_async\connection_pool.py", line 236, in handle_async_request
    response = await connection.handle_async_request(
               ^^^^^^^^^^^^^^^^^^^^^^^^^^^^^^^^^^^^^^
        pool_request.request
        ^^^^^^^^^^^^^^^^^^^^
    )
    ^
  File "C:\Users\Suhrob\ollama_chat\.venv\Lib\site-packages\httpcore\_async\connection.py", line 101, in handle_async_request
    raise exc
  File "C:\Users\Suhrob\ollama_chat\.venv\Lib\site-packages\httpcore\_async\connection.py", line 78, in handle_async_request
    stream = await self._connect(request)
             ^^^^^^^^^^^^^^^^^^^^^^^^^^^^
  File "C:\Users\Suhrob\ollama_chat\.venv\Lib\site-packages\httpcore\_async\connection.py", line 124, in _connect
    stream = await self._network_backend.connect_tcp(**kwargs)
             ^^^^^^^^^^^^^^^^^^^^^^^^^^^^^^^^^^^^^^^^^^^^^^^^^
  File "C:\Users\Suhrob\ollama_chat\.venv\Lib\site-packages\httpcore\_backends\auto.py", line 31, in connect_tcp
    return await self._backend.connect_tcp(
           ^^^^^^^^^^^^^^^^^^^^^^^^^^^^^^^^
    ...<5 lines>...
    )
    ^
  File "C:\Users\Suhrob\ollama_chat\.venv\Lib\site-packages\httpcore\_backends\anyio.py", line 113, in connect_tcp
    with map_exceptions(exc_map):
         ~~~~~~~~~~~~~~^^^^^^^^^
  File "C:\Users\Suhrob\AppData\Local\Python\pythoncore-3.14-64\Lib\contextlib.py", line 162, in __exit__
    self.gen.throw(value)
    ~~~~~~~~~~~~~~^^^^^^^
  File "C:\Users\Suhrob\ollama_chat\.venv\Lib\site-packages\httpcore\_exceptions.py", line 14, in map_exceptions
    raise to_exc(exc) from exc
httpcore.ConnectError: [Errno 11001] getaddrinfo failed

The above exception was the direct cause of the following exception:

Traceback (most recent call last):
  File "C:\Users\Suhrob\ollama_chat\.venv\Lib\site-packages\telegram\request\_httpxrequest.py", line 279, in do_request
    res = await self._client.request(
          ^^^^^^^^^^^^^^^^^^^^^^^^^^^
    ...<6 lines>...
    )
    ^
  File "C:\Users\Suhrob\ollama_chat\.venv\Lib\site-packages\httpx\_client.py", line 1540, in request
    return await self.send(request, auth=auth, follow_redirects=follow_redirects)
           ^^^^^^^^^^^^^^^^^^^^^^^^^^^^^^^^^^^^^^^^^^^^^^^^^^^^^^^^^^^^^^^^^^^^^^
  File "C:\Users\Suhrob\ollama_chat\.venv\Lib\site-packages\httpx\_client.py", line 1629, in send
    response = await self._send_handling_auth(
               ^^^^^^^^^^^^^^^^^^^^^^^^^^^^^^^
    ...<4 lines>...
    )
    ^
  File "C:\Users\Suhrob\ollama_chat\.venv\Lib\site-packages\httpx\_client.py", line 1657, in _send_handling_auth
    response = await self._send_handling_redirects(
               ^^^^^^^^^^^^^^^^^^^^^^^^^^^^^^^^^^^^
    ...<3 lines>...
    )
    ^
  File "C:\Users\Suhrob\ollama_chat\.venv\Lib\site-packages\httpx\_client.py", line 1694, in _send_handling_redirects
    response = await self._send_single_request(request)
               ^^^^^^^^^^^^^^^^^^^^^^^^^^^^^^^^^^^^^^^^
  File "C:\Users\Suhrob\ollama_chat\.venv\Lib\site-packages\httpx\_client.py", line 1730, in _send_single_request
    response = await transport.handle_async_request(request)
               ^^^^^^^^^^^^^^^^^^^^^^^^^^^^^^^^^^^^^^^^^^^^^
  File "C:\Users\Suhrob\ollama_chat\.venv\Lib\site-packages\httpx\_transports\default.py", line 393, in handle_async_request
    with map_httpcore_exceptions():
         ~~~~~~~~~~~~~~~~~~~~~~~^^
  File "C:\Users\Suhrob\AppData\Local\Python\pythoncore-3.14-64\Lib\contextlib.py", line 162, in __exit__
    self.gen.throw(value)
    ~~~~~~~~~~~~~~^^^^^^^
  File "C:\Users\Suhrob\ollama_chat\.venv\Lib\site-packages\httpx\_transports\default.py", line 118, in map_httpcore_exceptions
    raise mapped_exc(message) from exc
httpx.ConnectError: [Errno 11001] getaddrinfo failed

The above exception was the direct cause of the following exception:

Traceback (most recent call last):
  File "C:\Users\Suhrob\ollama_chat\.venv\Lib\site-packages\telegram\ext\_utils\networkloop.py", line 161, in network_retry_loop
    await do_action()
  File "C:\Users\Suhrob\ollama_chat\.venv\Lib\site-packages\telegram\ext\_utils\networkloop.py", line 154, in do_action
    action_cb_task.result()
    ~~~~~~~~~~~~~~~~~~~~~^^
  File "C:\Users\Suhrob\ollama_chat\.venv\Lib\site-packages\telegram\ext\_updater.py", line 340, in polling_action_cb
    updates = await self.bot.get_updates(
              ^^^^^^^^^^^^^^^^^^^^^^^^^^^
    ...<3 lines>...
    )
    ^
  File "C:\Users\Suhrob\ollama_chat\.venv\Lib\site-packages\telegram\ext\_extbot.py", line 672, in get_updates
    updates = await super().get_updates(
              ^^^^^^^^^^^^^^^^^^^^^^^^^^
    ...<9 lines>...
    )
    ^
  File "C:\Users\Suhrob\ollama_chat\.venv\Lib\site-packages\telegram\_bot.py", line 4865, in get_updates
    await self._post(
    ^^^^^^^^^^^^^^^^^
    ...<7 lines>...
    ),
    ^
  File "C:\Users\Suhrob\ollama_chat\.venv\Lib\site-packages\telegram\_bot.py", line 704, in _post
    return await self._do_post(
           ^^^^^^^^^^^^^^^^^^^^
    ...<6 lines>...
    )
    ^
  File "C:\Users\Suhrob\ollama_chat\.venv\Lib\site-packages\telegram\ext\_extbot.py", line 370, in _do_post
    return await super()._do_post(
           ^^^^^^^^^^^^^^^^^^^^^^^
    ...<6 lines>...
    )
    ^
  File "C:\Users\Suhrob\ollama_chat\.venv\Lib\site-packages\telegram\_bot.py", line 733, in _do_post
    result = await request.post(
             ^^^^^^^^^^^^^^^^^^^
    ...<6 lines>...
    )
    ^
  File "C:\Users\Suhrob\ollama_chat\.venv\Lib\site-packages\telegram\request\_baserequest.py", line 198, in post
    result = await self._request_wrapper(
             ^^^^^^^^^^^^^^^^^^^^^^^^^^^^
    ...<7 lines>...
    )
    ^
  File "C:\Users\Suhrob\ollama_chat\.venv\Lib\site-packages\telegram\request\_baserequest.py", line 305, in _request_wrapper
    code, payload = await self.do_request(
                    ^^^^^^^^^^^^^^^^^^^^^^
    ...<7 lines>...
    )
    ^
  File "C:\Users\Suhrob\ollama_chat\.venv\Lib\site-packages\telegram\request\_httpxrequest.py", line 303, in do_request
    raise NetworkError(f"httpx.{err.__class__.__name__}: {err}") from err
telegram.error.NetworkError: httpx.ConnectError: [Errno 11001] getaddrinfo failed
2026-05-19 13:35:09,092 | ERROR    | No error handlers are registered, logging exception.
Traceback (most recent call last):
  File "C:\Users\Suhrob\ollama_chat\.venv\Lib\site-packages\httpx\_transports\default.py", line 101, in map_httpcore_exceptions
    yield
  File "C:\Users\Suhrob\ollama_chat\.venv\Lib\site-packages\httpx\_transports\default.py", line 394, in handle_async_request
    resp = await self._pool.handle_async_request(req)
           ^^^^^^^^^^^^^^^^^^^^^^^^^^^^^^^^^^^^^^^^^^
  File "C:\Users\Suhrob\ollama_chat\.venv\Lib\site-packages\httpcore\_async\connection_pool.py", line 256, in handle_async_request
    raise exc from None
  File "C:\Users\Suhrob\ollama_chat\.venv\Lib\site-packages\httpcore\_async\connection_pool.py", line 236, in handle_async_request
    response = await connection.handle_async_request(
               ^^^^^^^^^^^^^^^^^^^^^^^^^^^^^^^^^^^^^^
        pool_request.request
        ^^^^^^^^^^^^^^^^^^^^
    )
    ^
  File "C:\Users\Suhrob\ollama_chat\.venv\Lib\site-packages\httpcore\_async\connection.py", line 101, in handle_async_request
    raise exc
  File "C:\Users\Suhrob\ollama_chat\.venv\Lib\site-packages\httpcore\_async\connection.py", line 78, in handle_async_request
    stream = await self._connect(request)
             ^^^^^^^^^^^^^^^^^^^^^^^^^^^^
  File "C:\Users\Suhrob\ollama_chat\.venv\Lib\site-packages\httpcore\_async\connection.py", line 124, in _connect
    stream = await self._network_backend.connect_tcp(**kwargs)
             ^^^^^^^^^^^^^^^^^^^^^^^^^^^^^^^^^^^^^^^^^^^^^^^^^
  File "C:\Users\Suhrob\ollama_chat\.venv\Lib\site-packages\httpcore\_backends\auto.py", line 31, in connect_tcp
    return await self._backend.connect_tcp(
           ^^^^^^^^^^^^^^^^^^^^^^^^^^^^^^^^
    ...<5 lines>...
    )
    ^
  File "C:\Users\Suhrob\ollama_chat\.venv\Lib\site-packages\httpcore\_backends\anyio.py", line 113, in connect_tcp
    with map_exceptions(exc_map):
         ~~~~~~~~~~~~~~^^^^^^^^^
  File "C:\Users\Suhrob\AppData\Local\Python\pythoncore-3.14-64\Lib\contextlib.py", line 162, in __exit__
    self.gen.throw(value)
    ~~~~~~~~~~~~~~^^^^^^^
  File "C:\Users\Suhrob\ollama_chat\.venv\Lib\site-packages\httpcore\_exceptions.py", line 14, in map_exceptions
    raise to_exc(exc) from exc
httpcore.ConnectError: [Errno 11001] getaddrinfo failed

The above exception was the direct cause of the following exception:

Traceback (most recent call last):
  File "C:\Users\Suhrob\ollama_chat\.venv\Lib\site-packages\telegram\request\_httpxrequest.py", line 279, in do_request
    res = await self._client.request(
          ^^^^^^^^^^^^^^^^^^^^^^^^^^^
    ...<6 lines>...
    )
    ^
  File "C:\Users\Suhrob\ollama_chat\.venv\Lib\site-packages\httpx\_client.py", line 1540, in request
    return await self.send(request, auth=auth, follow_redirects=follow_redirects)
           ^^^^^^^^^^^^^^^^^^^^^^^^^^^^^^^^^^^^^^^^^^^^^^^^^^^^^^^^^^^^^^^^^^^^^^
  File "C:\Users\Suhrob\ollama_chat\.venv\Lib\site-packages\httpx\_client.py", line 1629, in send
    response = await self._send_handling_auth(
               ^^^^^^^^^^^^^^^^^^^^^^^^^^^^^^^
    ...<4 lines>...
    )
    ^
  File "C:\Users\Suhrob\ollama_chat\.venv\Lib\site-packages\httpx\_client.py", line 1657, in _send_handling_auth
    response = await self._send_handling_redirects(
               ^^^^^^^^^^^^^^^^^^^^^^^^^^^^^^^^^^^^
    ...<3 lines>...
    )
    ^
  File "C:\Users\Suhrob\ollama_chat\.venv\Lib\site-packages\httpx\_client.py", line 1694, in _send_handling_redirects
    response = await self._send_single_request(request)
               ^^^^^^^^^^^^^^^^^^^^^^^^^^^^^^^^^^^^^^^^
  File "C:\Users\Suhrob\ollama_chat\.venv\Lib\site-packages\httpx\_client.py", line 1730, in _send_single_request
    response = await transport.handle_async_request(request)
               ^^^^^^^^^^^^^^^^^^^^^^^^^^^^^^^^^^^^^^^^^^^^^
  File "C:\Users\Suhrob\ollama_chat\.venv\Lib\site-packages\httpx\_transports\default.py", line 393, in handle_async_request
    with map_httpcore_exceptions():
         ~~~~~~~~~~~~~~~~~~~~~~~^^
  File "C:\Users\Suhrob\AppData\Local\Python\pythoncore-3.14-64\Lib\contextlib.py", line 162, in __exit__
    self.gen.throw(value)
    ~~~~~~~~~~~~~~^^^^^^^
  File "C:\Users\Suhrob\ollama_chat\.venv\Lib\site-packages\httpx\_transports\default.py", line 118, in map_httpcore_exceptions
    raise mapped_exc(message) from exc
httpx.ConnectError: [Errno 11001] getaddrinfo failed

The above exception was the direct cause of the following exception:

Traceback (most recent call last):
  File "C:\Users\Suhrob\ollama_chat\.venv\Lib\site-packages\telegram\ext\_utils\networkloop.py", line 161, in network_retry_loop
    await do_action()
  File "C:\Users\Suhrob\ollama_chat\.venv\Lib\site-packages\telegram\ext\_utils\networkloop.py", line 154, in do_action
    action_cb_task.result()
    ~~~~~~~~~~~~~~~~~~~~~^^
  File "C:\Users\Suhrob\ollama_chat\.venv\Lib\site-packages\telegram\ext\_updater.py", line 340, in polling_action_cb
    updates = await self.bot.get_updates(
              ^^^^^^^^^^^^^^^^^^^^^^^^^^^
    ...<3 lines>...
    )
    ^
  File "C:\Users\Suhrob\ollama_chat\.venv\Lib\site-packages\telegram\ext\_extbot.py", line 672, in get_updates
    updates = await super().get_updates(
              ^^^^^^^^^^^^^^^^^^^^^^^^^^
    ...<9 lines>...
    )
    ^
  File "C:\Users\Suhrob\ollama_chat\.venv\Lib\site-packages\telegram\_bot.py", line 4865, in get_updates
    await self._post(
    ^^^^^^^^^^^^^^^^^
    ...<7 lines>...
    ),
    ^
  File "C:\Users\Suhrob\ollama_chat\.venv\Lib\site-packages\telegram\_bot.py", line 704, in _post
    return await self._do_post(
           ^^^^^^^^^^^^^^^^^^^^
    ...<6 lines>...
    )
    ^
  File "C:\Users\Suhrob\ollama_chat\.venv\Lib\site-packages\telegram\ext\_extbot.py", line 370, in _do_post
    return await super()._do_post(
           ^^^^^^^^^^^^^^^^^^^^^^^
    ...<6 lines>...
    )
    ^
  File "C:\Users\Suhrob\ollama_chat\.venv\Lib\site-packages\telegram\_bot.py", line 733, in _do_post
    result = await request.post(
             ^^^^^^^^^^^^^^^^^^^
    ...<6 lines>...
    )
    ^
  File "C:\Users\Suhrob\ollama_chat\.venv\Lib\site-packages\telegram\request\_baserequest.py", line 198, in post
    result = await self._request_wrapper(
             ^^^^^^^^^^^^^^^^^^^^^^^^^^^^
    ...<7 lines>...
    )
    ^
  File "C:\Users\Suhrob\ollama_chat\.venv\Lib\site-packages\telegram\request\_baserequest.py", line 305, in _request_wrapper
    code, payload = await self.do_request(
                    ^^^^^^^^^^^^^^^^^^^^^^
    ...<7 lines>...
    )
    ^
  File "C:\Users\Suhrob\ollama_chat\.venv\Lib\site-packages\telegram\request\_httpxrequest.py", line 303, in do_request
    raise NetworkError(f"httpx.{err.__class__.__name__}: {err}") from err
telegram.error.NetworkError: httpx.ConnectError: [Errno 11001] getaddrinfo failed
2026-05-19 13:35:10,112 | ERROR    | No error handlers are registered, logging exception.
Traceback (most recent call last):
  File "C:\Users\Suhrob\ollama_chat\.venv\Lib\site-packages\httpx\_transports\default.py", line 101, in map_httpcore_exceptions
    yield
  File "C:\Users\Suhrob\ollama_chat\.venv\Lib\site-packages\httpx\_transports\default.py", line 394, in handle_async_request
    resp = await self._pool.handle_async_request(req)
           ^^^^^^^^^^^^^^^^^^^^^^^^^^^^^^^^^^^^^^^^^^
  File "C:\Users\Suhrob\ollama_chat\.venv\Lib\site-packages\httpcore\_async\connection_pool.py", line 256, in handle_async_request
    raise exc from None
  File "C:\Users\Suhrob\ollama_chat\.venv\Lib\site-packages\httpcore\_async\connection_pool.py", line 236, in handle_async_request
    response = await connection.handle_async_request(
               ^^^^^^^^^^^^^^^^^^^^^^^^^^^^^^^^^^^^^^
        pool_request.request
        ^^^^^^^^^^^^^^^^^^^^
    )
    ^
  File "C:\Users\Suhrob\ollama_chat\.venv\Lib\site-packages\httpcore\_async\connection.py", line 101, in handle_async_request
    raise exc
  File "C:\Users\Suhrob\ollama_chat\.venv\Lib\site-packages\httpcore\_async\connection.py", line 78, in handle_async_request
    stream = await self._connect(request)
             ^^^^^^^^^^^^^^^^^^^^^^^^^^^^
  File "C:\Users\Suhrob\ollama_chat\.venv\Lib\site-packages\httpcore\_async\connection.py", line 124, in _connect
    stream = await self._network_backend.connect_tcp(**kwargs)
             ^^^^^^^^^^^^^^^^^^^^^^^^^^^^^^^^^^^^^^^^^^^^^^^^^
  File "C:\Users\Suhrob\ollama_chat\.venv\Lib\site-packages\httpcore\_backends\auto.py", line 31, in connect_tcp
    return await self._backend.connect_tcp(
           ^^^^^^^^^^^^^^^^^^^^^^^^^^^^^^^^
    ...<5 lines>...
    )
    ^
  File "C:\Users\Suhrob\ollama_chat\.venv\Lib\site-packages\httpcore\_backends\anyio.py", line 113, in connect_tcp
    with map_exceptions(exc_map):
         ~~~~~~~~~~~~~~^^^^^^^^^
  File "C:\Users\Suhrob\AppData\Local\Python\pythoncore-3.14-64\Lib\contextlib.py", line 162, in __exit__
    self.gen.throw(value)
    ~~~~~~~~~~~~~~^^^^^^^
  File "C:\Users\Suhrob\ollama_chat\.venv\Lib\site-packages\httpcore\_exceptions.py", line 14, in map_exceptions
    raise to_exc(exc) from exc
httpcore.ConnectError: [Errno 11001] getaddrinfo failed

The above exception was the direct cause of the following exception:

Traceback (most recent call last):
  File "C:\Users\Suhrob\ollama_chat\.venv\Lib\site-packages\telegram\request\_httpxrequest.py", line 279, in do_request
    res = await self._client.request(
          ^^^^^^^^^^^^^^^^^^^^^^^^^^^
    ...<6 lines>...
    )
    ^
  File "C:\Users\Suhrob\ollama_chat\.venv\Lib\site-packages\httpx\_client.py", line 1540, in request
    return await self.send(request, auth=auth, follow_redirects=follow_redirects)
           ^^^^^^^^^^^^^^^^^^^^^^^^^^^^^^^^^^^^^^^^^^^^^^^^^^^^^^^^^^^^^^^^^^^^^^
  File "C:\Users\Suhrob\ollama_chat\.venv\Lib\site-packages\httpx\_client.py", line 1629, in send
    response = await self._send_handling_auth(
               ^^^^^^^^^^^^^^^^^^^^^^^^^^^^^^^
    ...<4 lines>...
    )
    ^
  File "C:\Users\Suhrob\ollama_chat\.venv\Lib\site-packages\httpx\_client.py", line 1657, in _send_handling_auth
    response = await self._send_handling_redirects(
               ^^^^^^^^^^^^^^^^^^^^^^^^^^^^^^^^^^^^
    ...<3 lines>...
    )
    ^
  File "C:\Users\Suhrob\ollama_chat\.venv\Lib\site-packages\httpx\_client.py", line 1694, in _send_handling_redirects
    response = await self._send_single_request(request)
               ^^^^^^^^^^^^^^^^^^^^^^^^^^^^^^^^^^^^^^^^
  File "C:\Users\Suhrob\ollama_chat\.venv\Lib\site-packages\httpx\_client.py", line 1730, in _send_single_request
    response = await transport.handle_async_request(request)
               ^^^^^^^^^^^^^^^^^^^^^^^^^^^^^^^^^^^^^^^^^^^^^
  File "C:\Users\Suhrob\ollama_chat\.venv\Lib\site-packages\httpx\_transports\default.py", line 393, in handle_async_request
    with map_httpcore_exceptions():
         ~~~~~~~~~~~~~~~~~~~~~~~^^
  File "C:\Users\Suhrob\AppData\Local\Python\pythoncore-3.14-64\Lib\contextlib.py", line 162, in __exit__
    self.gen.throw(value)
    ~~~~~~~~~~~~~~^^^^^^^
  File "C:\Users\Suhrob\ollama_chat\.venv\Lib\site-packages\httpx\_transports\default.py", line 118, in map_httpcore_exceptions
    raise mapped_exc(message) from exc
httpx.ConnectError: [Errno 11001] getaddrinfo failed

The above exception was the direct cause of the following exception:

Traceback (most recent call last):
  File "C:\Users\Suhrob\ollama_chat\.venv\Lib\site-packages\telegram\ext\_utils\networkloop.py", line 161, in network_retry_loop
    await do_action()
  File "C:\Users\Suhrob\ollama_chat\.venv\Lib\site-packages\telegram\ext\_utils\networkloop.py", line 154, in do_action
    action_cb_task.result()
    ~~~~~~~~~~~~~~~~~~~~~^^
  File "C:\Users\Suhrob\ollama_chat\.venv\Lib\site-packages\telegram\ext\_updater.py", line 340, in polling_action_cb
    updates = await self.bot.get_updates(
              ^^^^^^^^^^^^^^^^^^^^^^^^^^^
    ...<3 lines>...
    )
    ^
  File "C:\Users\Suhrob\ollama_chat\.venv\Lib\site-packages\telegram\ext\_extbot.py", line 672, in get_updates
    updates = await super().get_updates(
              ^^^^^^^^^^^^^^^^^^^^^^^^^^
    ...<9 lines>...
    )
    ^
  File "C:\Users\Suhrob\ollama_chat\.venv\Lib\site-packages\telegram\_bot.py", line 4865, in get_updates
    await self._post(
    ^^^^^^^^^^^^^^^^^
    ...<7 lines>...
    ),
    ^
  File "C:\Users\Suhrob\ollama_chat\.venv\Lib\site-packages\telegram\_bot.py", line 704, in _post
    return await self._do_post(
           ^^^^^^^^^^^^^^^^^^^^
    ...<6 lines>...
    )
    ^
  File "C:\Users\Suhrob\ollama_chat\.venv\Lib\site-packages\telegram\ext\_extbot.py", line 370, in _do_post
    return await super()._do_post(
           ^^^^^^^^^^^^^^^^^^^^^^^
    ...<6 lines>...
    )
    ^
  File "C:\Users\Suhrob\ollama_chat\.venv\Lib\site-packages\telegram\_bot.py", line 733, in _do_post
    result = await request.post(
             ^^^^^^^^^^^^^^^^^^^
    ...<6 lines>...
    )
    ^
  File "C:\Users\Suhrob\ollama_chat\.venv\Lib\site-packages\telegram\request\_baserequest.py", line 198, in post
    result = await self._request_wrapper(
             ^^^^^^^^^^^^^^^^^^^^^^^^^^^^
    ...<7 lines>...
    )
    ^
  File "C:\Users\Suhrob\ollama_chat\.venv\Lib\site-packages\telegram\request\_baserequest.py", line 305, in _request_wrapper
    code, payload = await self.do_request(
                    ^^^^^^^^^^^^^^^^^^^^^^
    ...<7 lines>...
    )
    ^
  File "C:\Users\Suhrob\ollama_chat\.venv\Lib\site-packages\telegram\request\_httpxrequest.py", line 303, in do_request
    raise NetworkError(f"httpx.{err.__class__.__name__}: {err}") from err
telegram.error.NetworkError: httpx.ConnectError: [Errno 11001] getaddrinfo failed
2026-05-19 13:35:11,621 | ERROR    | No error handlers are registered, logging exception.
Traceback (most recent call last):
  File "C:\Users\Suhrob\ollama_chat\.venv\Lib\site-packages\httpx\_transports\default.py", line 101, in map_httpcore_exceptions
    yield
  File "C:\Users\Suhrob\ollama_chat\.venv\Lib\site-packages\httpx\_transports\default.py", line 394, in handle_async_request
    resp = await self._pool.handle_async_request(req)
           ^^^^^^^^^^^^^^^^^^^^^^^^^^^^^^^^^^^^^^^^^^
  File "C:\Users\Suhrob\ollama_chat\.venv\Lib\site-packages\httpcore\_async\connection_pool.py", line 256, in handle_async_request
    raise exc from None
  File "C:\Users\Suhrob\ollama_chat\.venv\Lib\site-packages\httpcore\_async\connection_pool.py", line 236, in handle_async_request
    response = await connection.handle_async_request(
               ^^^^^^^^^^^^^^^^^^^^^^^^^^^^^^^^^^^^^^
        pool_request.request
        ^^^^^^^^^^^^^^^^^^^^
    )
    ^
  File "C:\Users\Suhrob\ollama_chat\.venv\Lib\site-packages\httpcore\_async\connection.py", line 101, in handle_async_request
    raise exc
  File "C:\Users\Suhrob\ollama_chat\.venv\Lib\site-packages\httpcore\_async\connection.py", line 78, in handle_async_request
    stream = await self._connect(request)
             ^^^^^^^^^^^^^^^^^^^^^^^^^^^^
  File "C:\Users\Suhrob\ollama_chat\.venv\Lib\site-packages\httpcore\_async\connection.py", line 124, in _connect
    stream = await self._network_backend.connect_tcp(**kwargs)
             ^^^^^^^^^^^^^^^^^^^^^^^^^^^^^^^^^^^^^^^^^^^^^^^^^
  File "C:\Users\Suhrob\ollama_chat\.venv\Lib\site-packages\httpcore\_backends\auto.py", line 31, in connect_tcp
    return await self._backend.connect_tcp(
           ^^^^^^^^^^^^^^^^^^^^^^^^^^^^^^^^
    ...<5 lines>...
    )
    ^
  File "C:\Users\Suhrob\ollama_chat\.venv\Lib\site-packages\httpcore\_backends\anyio.py", line 113, in connect_tcp
    with map_exceptions(exc_map):
         ~~~~~~~~~~~~~~^^^^^^^^^
  File "C:\Users\Suhrob\AppData\Local\Python\pythoncore-3.14-64\Lib\contextlib.py", line 162, in __exit__
    self.gen.throw(value)
    ~~~~~~~~~~~~~~^^^^^^^
  File "C:\Users\Suhrob\ollama_chat\.venv\Lib\site-packages\httpcore\_exceptions.py", line 14, in map_exceptions
    raise to_exc(exc) from exc
httpcore.ConnectError: [Errno 11001] getaddrinfo failed

The above exception was the direct cause of the following exception:

Traceback (most recent call last):
  File "C:\Users\Suhrob\ollama_chat\.venv\Lib\site-packages\telegram\request\_httpxrequest.py", line 279, in do_request
    res = await self._client.request(
          ^^^^^^^^^^^^^^^^^^^^^^^^^^^
    ...<6 lines>...
    )
    ^
  File "C:\Users\Suhrob\ollama_chat\.venv\Lib\site-packages\httpx\_client.py", line 1540, in request
    return await self.send(request, auth=auth, follow_redirects=follow_redirects)
           ^^^^^^^^^^^^^^^^^^^^^^^^^^^^^^^^^^^^^^^^^^^^^^^^^^^^^^^^^^^^^^^^^^^^^^
  File "C:\Users\Suhrob\ollama_chat\.venv\Lib\site-packages\httpx\_client.py", line 1629, in send
    response = await self._send_handling_auth(
               ^^^^^^^^^^^^^^^^^^^^^^^^^^^^^^^
    ...<4 lines>...
    )
    ^
  File "C:\Users\Suhrob\ollama_chat\.venv\Lib\site-packages\httpx\_client.py", line 1657, in _send_handling_auth
    response = await self._send_handling_redirects(
               ^^^^^^^^^^^^^^^^^^^^^^^^^^^^^^^^^^^^
    ...<3 lines>...
    )
    ^
  File "C:\Users\Suhrob\ollama_chat\.venv\Lib\site-packages\httpx\_client.py", line 1694, in _send_handling_redirects
    response = await self._send_single_request(request)
               ^^^^^^^^^^^^^^^^^^^^^^^^^^^^^^^^^^^^^^^^
  File "C:\Users\Suhrob\ollama_chat\.venv\Lib\site-packages\httpx\_client.py", line 1730, in _send_single_request
    response = await transport.handle_async_request(request)
               ^^^^^^^^^^^^^^^^^^^^^^^^^^^^^^^^^^^^^^^^^^^^^
  File "C:\Users\Suhrob\ollama_chat\.venv\Lib\site-packages\httpx\_transports\default.py", line 393, in handle_async_request
    with map_httpcore_exceptions():
         ~~~~~~~~~~~~~~~~~~~~~~~^^
  File "C:\Users\Suhrob\AppData\Local\Python\pythoncore-3.14-64\Lib\contextlib.py", line 162, in __exit__
    self.gen.throw(value)
    ~~~~~~~~~~~~~~^^^^^^^
  File "C:\Users\Suhrob\ollama_chat\.venv\Lib\site-packages\httpx\_transports\default.py", line 118, in map_httpcore_exceptions
    raise mapped_exc(message) from exc
httpx.ConnectError: [Errno 11001] getaddrinfo failed

The above exception was the direct cause of the following exception:

Traceback (most recent call last):
  File "C:\Users\Suhrob\ollama_chat\.venv\Lib\site-packages\telegram\ext\_utils\networkloop.py", line 161, in network_retry_loop
    await do_action()
  File "C:\Users\Suhrob\ollama_chat\.venv\Lib\site-packages\telegram\ext\_utils\networkloop.py", line 154, in do_action
    action_cb_task.result()
    ~~~~~~~~~~~~~~~~~~~~~^^
  File "C:\Users\Suhrob\ollama_chat\.venv\Lib\site-packages\telegram\ext\_updater.py", line 340, in polling_action_cb
    updates = await self.bot.get_updates(
              ^^^^^^^^^^^^^^^^^^^^^^^^^^^
    ...<3 lines>...
    )
    ^
  File "C:\Users\Suhrob\ollama_chat\.venv\Lib\site-packages\telegram\ext\_extbot.py", line 672, in get_updates
    updates = await super().get_updates(
              ^^^^^^^^^^^^^^^^^^^^^^^^^^
    ...<9 lines>...
    )
    ^
  File "C:\Users\Suhrob\ollama_chat\.venv\Lib\site-packages\telegram\_bot.py", line 4865, in get_updates
    await self._post(
    ^^^^^^^^^^^^^^^^^
    ...<7 lines>...
    ),
    ^
  File "C:\Users\Suhrob\ollama_chat\.venv\Lib\site-packages\telegram\_bot.py", line 704, in _post
    return await self._do_post(
           ^^^^^^^^^^^^^^^^^^^^
    ...<6 lines>...
    )
    ^
  File "C:\Users\Suhrob\ollama_chat\.venv\Lib\site-packages\telegram\ext\_extbot.py", line 370, in _do_post
    return await super()._do_post(
           ^^^^^^^^^^^^^^^^^^^^^^^
    ...<6 lines>...
    )
    ^
  File "C:\Users\Suhrob\ollama_chat\.venv\Lib\site-packages\telegram\_bot.py", line 733, in _do_post
    result = await request.post(
             ^^^^^^^^^^^^^^^^^^^
    ...<6 lines>...
    )
    ^
  File "C:\Users\Suhrob\ollama_chat\.venv\Lib\site-packages\telegram\request\_baserequest.py", line 198, in post
    result = await self._request_wrapper(
             ^^^^^^^^^^^^^^^^^^^^^^^^^^^^
    ...<7 lines>...
    )
    ^
  File "C:\Users\Suhrob\ollama_chat\.venv\Lib\site-packages\telegram\request\_baserequest.py", line 305, in _request_wrapper
    code, payload = await self.do_request(
                    ^^^^^^^^^^^^^^^^^^^^^^
    ...<7 lines>...
    )
    ^
  File "C:\Users\Suhrob\ollama_chat\.venv\Lib\site-packages\telegram\request\_httpxrequest.py", line 303, in do_request
    raise NetworkError(f"httpx.{err.__class__.__name__}: {err}") from err
telegram.error.NetworkError: httpx.ConnectError: [Errno 11001] getaddrinfo failed
2026-05-19 13:35:13,891 | ERROR    | No error handlers are registered, logging exception.
Traceback (most recent call last):
  File "C:\Users\Suhrob\ollama_chat\.venv\Lib\site-packages\httpx\_transports\default.py", line 101, in map_httpcore_exceptions
    yield
  File "C:\Users\Suhrob\ollama_chat\.venv\Lib\site-packages\httpx\_transports\default.py", line 394, in handle_async_request
    resp = await self._pool.handle_async_request(req)
           ^^^^^^^^^^^^^^^^^^^^^^^^^^^^^^^^^^^^^^^^^^
  File "C:\Users\Suhrob\ollama_chat\.venv\Lib\site-packages\httpcore\_async\connection_pool.py", line 256, in handle_async_request
    raise exc from None
  File "C:\Users\Suhrob\ollama_chat\.venv\Lib\site-packages\httpcore\_async\connection_pool.py", line 236, in handle_async_request
    response = await connection.handle_async_request(
               ^^^^^^^^^^^^^^^^^^^^^^^^^^^^^^^^^^^^^^
        pool_request.request
        ^^^^^^^^^^^^^^^^^^^^
    )
    ^
  File "C:\Users\Suhrob\ollama_chat\.venv\Lib\site-packages\httpcore\_async\connection.py", line 101, in handle_async_request
    raise exc
  File "C:\Users\Suhrob\ollama_chat\.venv\Lib\site-packages\httpcore\_async\connection.py", line 78, in handle_async_request
    stream = await self._connect(request)
             ^^^^^^^^^^^^^^^^^^^^^^^^^^^^
  File "C:\Users\Suhrob\ollama_chat\.venv\Lib\site-packages\httpcore\_async\connection.py", line 124, in _connect
    stream = await self._network_backend.connect_tcp(**kwargs)
             ^^^^^^^^^^^^^^^^^^^^^^^^^^^^^^^^^^^^^^^^^^^^^^^^^
  File "C:\Users\Suhrob\ollama_chat\.venv\Lib\site-packages\httpcore\_backends\auto.py", line 31, in connect_tcp
    return await self._backend.connect_tcp(
           ^^^^^^^^^^^^^^^^^^^^^^^^^^^^^^^^
    ...<5 lines>...
    )
    ^
  File "C:\Users\Suhrob\ollama_chat\.venv\Lib\site-packages\httpcore\_backends\anyio.py", line 113, in connect_tcp
    with map_exceptions(exc_map):
         ~~~~~~~~~~~~~~^^^^^^^^^
  File "C:\Users\Suhrob\AppData\Local\Python\pythoncore-3.14-64\Lib\contextlib.py", line 162, in __exit__
    self.gen.throw(value)
    ~~~~~~~~~~~~~~^^^^^^^
  File "C:\Users\Suhrob\ollama_chat\.venv\Lib\site-packages\httpcore\_exceptions.py", line 14, in map_exceptions
    raise to_exc(exc) from exc
httpcore.ConnectError: [Errno 11001] getaddrinfo failed

The above exception was the direct cause of the following exception:

Traceback (most recent call last):
  File "C:\Users\Suhrob\ollama_chat\.venv\Lib\site-packages\telegram\request\_httpxrequest.py", line 279, in do_request
    res = await self._client.request(
          ^^^^^^^^^^^^^^^^^^^^^^^^^^^
    ...<6 lines>...
    )
    ^
  File "C:\Users\Suhrob\ollama_chat\.venv\Lib\site-packages\httpx\_client.py", line 1540, in request
    return await self.send(request, auth=auth, follow_redirects=follow_redirects)
           ^^^^^^^^^^^^^^^^^^^^^^^^^^^^^^^^^^^^^^^^^^^^^^^^^^^^^^^^^^^^^^^^^^^^^^
  File "C:\Users\Suhrob\ollama_chat\.venv\Lib\site-packages\httpx\_client.py", line 1629, in send
    response = await self._send_handling_auth(
               ^^^^^^^^^^^^^^^^^^^^^^^^^^^^^^^
    ...<4 lines>...
    )
    ^
  File "C:\Users\Suhrob\ollama_chat\.venv\Lib\site-packages\httpx\_client.py", line 1657, in _send_handling_auth
    response = await self._send_handling_redirects(
               ^^^^^^^^^^^^^^^^^^^^^^^^^^^^^^^^^^^^
    ...<3 lines>...
    )
    ^
  File "C:\Users\Suhrob\ollama_chat\.venv\Lib\site-packages\httpx\_client.py", line 1694, in _send_handling_redirects
    response = await self._send_single_request(request)
               ^^^^^^^^^^^^^^^^^^^^^^^^^^^^^^^^^^^^^^^^
  File "C:\Users\Suhrob\ollama_chat\.venv\Lib\site-packages\httpx\_client.py", line 1730, in _send_single_request
    response = await transport.handle_async_request(request)
               ^^^^^^^^^^^^^^^^^^^^^^^^^^^^^^^^^^^^^^^^^^^^^
  File "C:\Users\Suhrob\ollama_chat\.venv\Lib\site-packages\httpx\_transports\default.py", line 393, in handle_async_request
    with map_httpcore_exceptions():
         ~~~~~~~~~~~~~~~~~~~~~~~^^
  File "C:\Users\Suhrob\AppData\Local\Python\pythoncore-3.14-64\Lib\contextlib.py", line 162, in __exit__
    self.gen.throw(value)
    ~~~~~~~~~~~~~~^^^^^^^
  File "C:\Users\Suhrob\ollama_chat\.venv\Lib\site-packages\httpx\_transports\default.py", line 118, in map_httpcore_exceptions
    raise mapped_exc(message) from exc
httpx.ConnectError: [Errno 11001] getaddrinfo failed

The above exception was the direct cause of the following exception:

Traceback (most recent call last):
  File "C:\Users\Suhrob\ollama_chat\.venv\Lib\site-packages\telegram\ext\_utils\networkloop.py", line 161, in network_retry_loop
    await do_action()
  File "C:\Users\Suhrob\ollama_chat\.venv\Lib\site-packages\telegram\ext\_utils\networkloop.py", line 154, in do_action
    action_cb_task.result()
    ~~~~~~~~~~~~~~~~~~~~~^^
  File "C:\Users\Suhrob\ollama_chat\.venv\Lib\site-packages\telegram\ext\_updater.py", line 340, in polling_action_cb
    updates = await self.bot.get_updates(
              ^^^^^^^^^^^^^^^^^^^^^^^^^^^
    ...<3 lines>...
    )
    ^
  File "C:\Users\Suhrob\ollama_chat\.venv\Lib\site-packages\telegram\ext\_extbot.py", line 672, in get_updates
    updates = await super().get_updates(
              ^^^^^^^^^^^^^^^^^^^^^^^^^^
    ...<9 lines>...
    )
    ^
  File "C:\Users\Suhrob\ollama_chat\.venv\Lib\site-packages\telegram\_bot.py", line 4865, in get_updates
    await self._post(
    ^^^^^^^^^^^^^^^^^
    ...<7 lines>...
    ),
    ^
  File "C:\Users\Suhrob\ollama_chat\.venv\Lib\site-packages\telegram\_bot.py", line 704, in _post
    return await self._do_post(
           ^^^^^^^^^^^^^^^^^^^^
    ...<6 lines>...
    )
    ^
  File "C:\Users\Suhrob\ollama_chat\.venv\Lib\site-packages\telegram\ext\_extbot.py", line 370, in _do_post
    return await super()._do_post(
           ^^^^^^^^^^^^^^^^^^^^^^^
    ...<6 lines>...
    )
    ^
  File "C:\Users\Suhrob\ollama_chat\.venv\Lib\site-packages\telegram\_bot.py", line 733, in _do_post
    result = await request.post(
             ^^^^^^^^^^^^^^^^^^^
    ...<6 lines>...
    )
    ^
  File "C:\Users\Suhrob\ollama_chat\.venv\Lib\site-packages\telegram\request\_baserequest.py", line 198, in post
    result = await self._request_wrapper(
             ^^^^^^^^^^^^^^^^^^^^^^^^^^^^
    ...<7 lines>...
    )
    ^
  File "C:\Users\Suhrob\ollama_chat\.venv\Lib\site-packages\telegram\request\_baserequest.py", line 305, in _request_wrapper
    code, payload = await self.do_request(
                    ^^^^^^^^^^^^^^^^^^^^^^
    ...<7 lines>...
    )
    ^
  File "C:\Users\Suhrob\ollama_chat\.venv\Lib\site-packages\telegram\request\_httpxrequest.py", line 303, in do_request
    raise NetworkError(f"httpx.{err.__class__.__name__}: {err}") from err
telegram.error.NetworkError: httpx.ConnectError: [Errno 11001] getaddrinfo failed
2026-05-19 13:35:17,273 | ERROR    | No error handlers are registered, logging exception.
Traceback (most recent call last):
  File "C:\Users\Suhrob\ollama_chat\.venv\Lib\site-packages\httpx\_transports\default.py", line 101, in map_httpcore_exceptions
    yield
  File "C:\Users\Suhrob\ollama_chat\.venv\Lib\site-packages\httpx\_transports\default.py", line 394, in handle_async_request
    resp = await self._pool.handle_async_request(req)
           ^^^^^^^^^^^^^^^^^^^^^^^^^^^^^^^^^^^^^^^^^^
  File "C:\Users\Suhrob\ollama_chat\.venv\Lib\site-packages\httpcore\_async\connection_pool.py", line 256, in handle_async_request
    raise exc from None
  File "C:\Users\Suhrob\ollama_chat\.venv\Lib\site-packages\httpcore\_async\connection_pool.py", line 236, in handle_async_request
    response = await connection.handle_async_request(
               ^^^^^^^^^^^^^^^^^^^^^^^^^^^^^^^^^^^^^^
        pool_request.request
        ^^^^^^^^^^^^^^^^^^^^
    )
    ^
  File "C:\Users\Suhrob\ollama_chat\.venv\Lib\site-packages\httpcore\_async\connection.py", line 101, in handle_async_request
    raise exc
  File "C:\Users\Suhrob\ollama_chat\.venv\Lib\site-packages\httpcore\_async\connection.py", line 78, in handle_async_request
    stream = await self._connect(request)
             ^^^^^^^^^^^^^^^^^^^^^^^^^^^^
  File "C:\Users\Suhrob\ollama_chat\.venv\Lib\site-packages\httpcore\_async\connection.py", line 124, in _connect
    stream = await self._network_backend.connect_tcp(**kwargs)
             ^^^^^^^^^^^^^^^^^^^^^^^^^^^^^^^^^^^^^^^^^^^^^^^^^
  File "C:\Users\Suhrob\ollama_chat\.venv\Lib\site-packages\httpcore\_backends\auto.py", line 31, in connect_tcp
    return await self._backend.connect_tcp(
           ^^^^^^^^^^^^^^^^^^^^^^^^^^^^^^^^
    ...<5 lines>...
    )
    ^
  File "C:\Users\Suhrob\ollama_chat\.venv\Lib\site-packages\httpcore\_backends\anyio.py", line 113, in connect_tcp
    with map_exceptions(exc_map):
         ~~~~~~~~~~~~~~^^^^^^^^^
  File "C:\Users\Suhrob\AppData\Local\Python\pythoncore-3.14-64\Lib\contextlib.py", line 162, in __exit__
    self.gen.throw(value)
    ~~~~~~~~~~~~~~^^^^^^^
  File "C:\Users\Suhrob\ollama_chat\.venv\Lib\site-packages\httpcore\_exceptions.py", line 14, in map_exceptions
    raise to_exc(exc) from exc
httpcore.ConnectError: [Errno 11001] getaddrinfo failed

The above exception was the direct cause of the following exception:

Traceback (most recent call last):
  File "C:\Users\Suhrob\ollama_chat\.venv\Lib\site-packages\telegram\request\_httpxrequest.py", line 279, in do_request
    res = await self._client.request(
          ^^^^^^^^^^^^^^^^^^^^^^^^^^^
    ...<6 lines>...
    )
    ^
  File "C:\Users\Suhrob\ollama_chat\.venv\Lib\site-packages\httpx\_client.py", line 1540, in request
    return await self.send(request, auth=auth, follow_redirects=follow_redirects)
           ^^^^^^^^^^^^^^^^^^^^^^^^^^^^^^^^^^^^^^^^^^^^^^^^^^^^^^^^^^^^^^^^^^^^^^
  File "C:\Users\Suhrob\ollama_chat\.venv\Lib\site-packages\httpx\_client.py", line 1629, in send
    response = await self._send_handling_auth(
               ^^^^^^^^^^^^^^^^^^^^^^^^^^^^^^^
    ...<4 lines>...
    )
    ^
  File "C:\Users\Suhrob\ollama_chat\.venv\Lib\site-packages\httpx\_client.py", line 1657, in _send_handling_auth
    response = await self._send_handling_redirects(
               ^^^^^^^^^^^^^^^^^^^^^^^^^^^^^^^^^^^^
    ...<3 lines>...
    )
    ^
  File "C:\Users\Suhrob\ollama_chat\.venv\Lib\site-packages\httpx\_client.py", line 1694, in _send_handling_redirects
    response = await self._send_single_request(request)
               ^^^^^^^^^^^^^^^^^^^^^^^^^^^^^^^^^^^^^^^^
  File "C:\Users\Suhrob\ollama_chat\.venv\Lib\site-packages\httpx\_client.py", line 1730, in _send_single_request
    response = await transport.handle_async_request(request)
               ^^^^^^^^^^^^^^^^^^^^^^^^^^^^^^^^^^^^^^^^^^^^^
  File "C:\Users\Suhrob\ollama_chat\.venv\Lib\site-packages\httpx\_transports\default.py", line 393, in handle_async_request
    with map_httpcore_exceptions():
         ~~~~~~~~~~~~~~~~~~~~~~~^^
  File "C:\Users\Suhrob\AppData\Local\Python\pythoncore-3.14-64\Lib\contextlib.py", line 162, in __exit__
    self.gen.throw(value)
    ~~~~~~~~~~~~~~^^^^^^^
  File "C:\Users\Suhrob\ollama_chat\.venv\Lib\site-packages\httpx\_transports\default.py", line 118, in map_httpcore_exceptions
    raise mapped_exc(message) from exc
httpx.ConnectError: [Errno 11001] getaddrinfo failed

The above exception was the direct cause of the following exception:

Traceback (most recent call last):
  File "C:\Users\Suhrob\ollama_chat\.venv\Lib\site-packages\telegram\ext\_utils\networkloop.py", line 161, in network_retry_loop
    await do_action()
  File "C:\Users\Suhrob\ollama_chat\.venv\Lib\site-packages\telegram\ext\_utils\networkloop.py", line 154, in do_action
    action_cb_task.result()
    ~~~~~~~~~~~~~~~~~~~~~^^
  File "C:\Users\Suhrob\ollama_chat\.venv\Lib\site-packages\telegram\ext\_updater.py", line 340, in polling_action_cb
    updates = await self.bot.get_updates(
              ^^^^^^^^^^^^^^^^^^^^^^^^^^^
    ...<3 lines>...
    )
    ^
  File "C:\Users\Suhrob\ollama_chat\.venv\Lib\site-packages\telegram\ext\_extbot.py", line 672, in get_updates
    updates = await super().get_updates(
              ^^^^^^^^^^^^^^^^^^^^^^^^^^
    ...<9 lines>...
    )
    ^
  File "C:\Users\Suhrob\ollama_chat\.venv\Lib\site-packages\telegram\_bot.py", line 4865, in get_updates
    await self._post(
    ^^^^^^^^^^^^^^^^^
    ...<7 lines>...
    ),
    ^
  File "C:\Users\Suhrob\ollama_chat\.venv\Lib\site-packages\telegram\_bot.py", line 704, in _post
    return await self._do_post(
           ^^^^^^^^^^^^^^^^^^^^
    ...<6 lines>...
    )
    ^
  File "C:\Users\Suhrob\ollama_chat\.venv\Lib\site-packages\telegram\ext\_extbot.py", line 370, in _do_post
    return await super()._do_post(
           ^^^^^^^^^^^^^^^^^^^^^^^
    ...<6 lines>...
    )
    ^
  File "C:\Users\Suhrob\ollama_chat\.venv\Lib\site-packages\telegram\_bot.py", line 733, in _do_post
    result = await request.post(
             ^^^^^^^^^^^^^^^^^^^
    ...<6 lines>...
    )
    ^
  File "C:\Users\Suhrob\ollama_chat\.venv\Lib\site-packages\telegram\request\_baserequest.py", line 198, in post
    result = await self._request_wrapper(
             ^^^^^^^^^^^^^^^^^^^^^^^^^^^^
    ...<7 lines>...
    )
    ^
  File "C:\Users\Suhrob\ollama_chat\.venv\Lib\site-packages\telegram\request\_baserequest.py", line 305, in _request_wrapper
    code, payload = await self.do_request(
                    ^^^^^^^^^^^^^^^^^^^^^^
    ...<7 lines>...
    )
    ^
  File "C:\Users\Suhrob\ollama_chat\.venv\Lib\site-packages\telegram\request\_httpxrequest.py", line 303, in do_request
    raise NetworkError(f"httpx.{err.__class__.__name__}: {err}") from err
telegram.error.NetworkError: httpx.ConnectError: [Errno 11001] getaddrinfo failed
2026-05-19 13:35:22,355 | ERROR    | No error handlers are registered, logging exception.
Traceback (most recent call last):
  File "C:\Users\Suhrob\ollama_chat\.venv\Lib\site-packages\httpx\_transports\default.py", line 101, in map_httpcore_exceptions
    yield
  File "C:\Users\Suhrob\ollama_chat\.venv\Lib\site-packages\httpx\_transports\default.py", line 394, in handle_async_request
    resp = await self._pool.handle_async_request(req)
           ^^^^^^^^^^^^^^^^^^^^^^^^^^^^^^^^^^^^^^^^^^
  File "C:\Users\Suhrob\ollama_chat\.venv\Lib\site-packages\httpcore\_async\connection_pool.py", line 256, in handle_async_request
    raise exc from None
  File "C:\Users\Suhrob\ollama_chat\.venv\Lib\site-packages\httpcore\_async\connection_pool.py", line 236, in handle_async_request
    response = await connection.handle_async_request(
               ^^^^^^^^^^^^^^^^^^^^^^^^^^^^^^^^^^^^^^
        pool_request.request
        ^^^^^^^^^^^^^^^^^^^^
    )
    ^
  File "C:\Users\Suhrob\ollama_chat\.venv\Lib\site-packages\httpcore\_async\connection.py", line 101, in handle_async_request
    raise exc
  File "C:\Users\Suhrob\ollama_chat\.venv\Lib\site-packages\httpcore\_async\connection.py", line 78, in handle_async_request
    stream = await self._connect(request)
             ^^^^^^^^^^^^^^^^^^^^^^^^^^^^
  File "C:\Users\Suhrob\ollama_chat\.venv\Lib\site-packages\httpcore\_async\connection.py", line 124, in _connect
    stream = await self._network_backend.connect_tcp(**kwargs)
             ^^^^^^^^^^^^^^^^^^^^^^^^^^^^^^^^^^^^^^^^^^^^^^^^^
  File "C:\Users\Suhrob\ollama_chat\.venv\Lib\site-packages\httpcore\_backends\auto.py", line 31, in connect_tcp
    return await self._backend.connect_tcp(
           ^^^^^^^^^^^^^^^^^^^^^^^^^^^^^^^^
    ...<5 lines>...
    )
    ^
  File "C:\Users\Suhrob\ollama_chat\.venv\Lib\site-packages\httpcore\_backends\anyio.py", line 113, in connect_tcp
    with map_exceptions(exc_map):
         ~~~~~~~~~~~~~~^^^^^^^^^
  File "C:\Users\Suhrob\AppData\Local\Python\pythoncore-3.14-64\Lib\contextlib.py", line 162, in __exit__
    self.gen.throw(value)
    ~~~~~~~~~~~~~~^^^^^^^
  File "C:\Users\Suhrob\ollama_chat\.venv\Lib\site-packages\httpcore\_exceptions.py", line 14, in map_exceptions
    raise to_exc(exc) from exc
httpcore.ConnectError: [Errno 11001] getaddrinfo failed

The above exception was the direct cause of the following exception:

Traceback (most recent call last):
  File "C:\Users\Suhrob\ollama_chat\.venv\Lib\site-packages\telegram\request\_httpxrequest.py", line 279, in do_request
    res = await self._client.request(
          ^^^^^^^^^^^^^^^^^^^^^^^^^^^
    ...<6 lines>...
    )
    ^
  File "C:\Users\Suhrob\ollama_chat\.venv\Lib\site-packages\httpx\_client.py", line 1540, in request
    return await self.send(request, auth=auth, follow_redirects=follow_redirects)
           ^^^^^^^^^^^^^^^^^^^^^^^^^^^^^^^^^^^^^^^^^^^^^^^^^^^^^^^^^^^^^^^^^^^^^^
  File "C:\Users\Suhrob\ollama_chat\.venv\Lib\site-packages\httpx\_client.py", line 1629, in send
    response = await self._send_handling_auth(
               ^^^^^^^^^^^^^^^^^^^^^^^^^^^^^^^
    ...<4 lines>...
    )
    ^
  File "C:\Users\Suhrob\ollama_chat\.venv\Lib\site-packages\httpx\_client.py", line 1657, in _send_handling_auth
    response = await self._send_handling_redirects(
               ^^^^^^^^^^^^^^^^^^^^^^^^^^^^^^^^^^^^
    ...<3 lines>...
    )
    ^
  File "C:\Users\Suhrob\ollama_chat\.venv\Lib\site-packages\httpx\_client.py", line 1694, in _send_handling_redirects
    response = await self._send_single_request(request)
               ^^^^^^^^^^^^^^^^^^^^^^^^^^^^^^^^^^^^^^^^
  File "C:\Users\Suhrob\ollama_chat\.venv\Lib\site-packages\httpx\_client.py", line 1730, in _send_single_request
    response = await transport.handle_async_request(request)
               ^^^^^^^^^^^^^^^^^^^^^^^^^^^^^^^^^^^^^^^^^^^^^
  File "C:\Users\Suhrob\ollama_chat\.venv\Lib\site-packages\httpx\_transports\default.py", line 393, in handle_async_request
    with map_httpcore_exceptions():
         ~~~~~~~~~~~~~~~~~~~~~~~^^
  File "C:\Users\Suhrob\AppData\Local\Python\pythoncore-3.14-64\Lib\contextlib.py", line 162, in __exit__
    self.gen.throw(value)
    ~~~~~~~~~~~~~~^^^^^^^
  File "C:\Users\Suhrob\ollama_chat\.venv\Lib\site-packages\httpx\_transports\default.py", line 118, in map_httpcore_exceptions
    raise mapped_exc(message) from exc
httpx.ConnectError: [Errno 11001] getaddrinfo failed

The above exception was the direct cause of the following exception:

Traceback (most recent call last):
  File "C:\Users\Suhrob\ollama_chat\.venv\Lib\site-packages\telegram\ext\_utils\networkloop.py", line 161, in network_retry_loop
    await do_action()
  File "C:\Users\Suhrob\ollama_chat\.venv\Lib\site-packages\telegram\ext\_utils\networkloop.py", line 154, in do_action
    action_cb_task.result()
    ~~~~~~~~~~~~~~~~~~~~~^^
  File "C:\Users\Suhrob\ollama_chat\.venv\Lib\site-packages\telegram\ext\_updater.py", line 340, in polling_action_cb
    updates = await self.bot.get_updates(
              ^^^^^^^^^^^^^^^^^^^^^^^^^^^
    ...<3 lines>...
    )
    ^
  File "C:\Users\Suhrob\ollama_chat\.venv\Lib\site-packages\telegram\ext\_extbot.py", line 672, in get_updates
    updates = await super().get_updates(
              ^^^^^^^^^^^^^^^^^^^^^^^^^^
    ...<9 lines>...
    )
    ^
  File "C:\Users\Suhrob\ollama_chat\.venv\Lib\site-packages\telegram\_bot.py", line 4865, in get_updates
    await self._post(
    ^^^^^^^^^^^^^^^^^
    ...<7 lines>...
    ),
    ^
  File "C:\Users\Suhrob\ollama_chat\.venv\Lib\site-packages\telegram\_bot.py", line 704, in _post
    return await self._do_post(
           ^^^^^^^^^^^^^^^^^^^^
    ...<6 lines>...
    )
    ^
  File "C:\Users\Suhrob\ollama_chat\.venv\Lib\site-packages\telegram\ext\_extbot.py", line 370, in _do_post
    return await super()._do_post(
           ^^^^^^^^^^^^^^^^^^^^^^^
    ...<6 lines>...
    )
    ^
  File "C:\Users\Suhrob\ollama_chat\.venv\Lib\site-packages\telegram\_bot.py", line 733, in _do_post
    result = await request.post(
             ^^^^^^^^^^^^^^^^^^^
    ...<6 lines>...
    )
    ^
  File "C:\Users\Suhrob\ollama_chat\.venv\Lib\site-packages\telegram\request\_baserequest.py", line 198, in post
    result = await self._request_wrapper(
             ^^^^^^^^^^^^^^^^^^^^^^^^^^^^
    ...<7 lines>...
    )
    ^
  File "C:\Users\Suhrob\ollama_chat\.venv\Lib\site-packages\telegram\request\_baserequest.py", line 305, in _request_wrapper
    code, payload = await self.do_request(
                    ^^^^^^^^^^^^^^^^^^^^^^
    ...<7 lines>...
    )
    ^
  File "C:\Users\Suhrob\ollama_chat\.venv\Lib\site-packages\telegram\request\_httpxrequest.py", line 303, in do_request
    raise NetworkError(f"httpx.{err.__class__.__name__}: {err}") from err
telegram.error.NetworkError: httpx.ConnectError: [Errno 11001] getaddrinfo failed
2026-05-19 13:35:29,960 | ERROR    | No error handlers are registered, logging exception.
Traceback (most recent call last):
  File "C:\Users\Suhrob\ollama_chat\.venv\Lib\site-packages\httpx\_transports\default.py", line 101, in map_httpcore_exceptions
    yield
  File "C:\Users\Suhrob\ollama_chat\.venv\Lib\site-packages\httpx\_transports\default.py", line 394, in handle_async_request
    resp = await self._pool.handle_async_request(req)
           ^^^^^^^^^^^^^^^^^^^^^^^^^^^^^^^^^^^^^^^^^^
  File "C:\Users\Suhrob\ollama_chat\.venv\Lib\site-packages\httpcore\_async\connection_pool.py", line 256, in handle_async_request
    raise exc from None
  File "C:\Users\Suhrob\ollama_chat\.venv\Lib\site-packages\httpcore\_async\connection_pool.py", line 236, in handle_async_request
    response = await connection.handle_async_request(
               ^^^^^^^^^^^^^^^^^^^^^^^^^^^^^^^^^^^^^^
        pool_request.request
        ^^^^^^^^^^^^^^^^^^^^
    )
    ^
  File "C:\Users\Suhrob\ollama_chat\.venv\Lib\site-packages\httpcore\_async\connection.py", line 101, in handle_async_request
    raise exc
  File "C:\Users\Suhrob\ollama_chat\.venv\Lib\site-packages\httpcore\_async\connection.py", line 78, in handle_async_request
    stream = await self._connect(request)
             ^^^^^^^^^^^^^^^^^^^^^^^^^^^^
  File "C:\Users\Suhrob\ollama_chat\.venv\Lib\site-packages\httpcore\_async\connection.py", line 124, in _connect
    stream = await self._network_backend.connect_tcp(**kwargs)
             ^^^^^^^^^^^^^^^^^^^^^^^^^^^^^^^^^^^^^^^^^^^^^^^^^
  File "C:\Users\Suhrob\ollama_chat\.venv\Lib\site-packages\httpcore\_backends\auto.py", line 31, in connect_tcp
    return await self._backend.connect_tcp(
           ^^^^^^^^^^^^^^^^^^^^^^^^^^^^^^^^
    ...<5 lines>...
    )
    ^
  File "C:\Users\Suhrob\ollama_chat\.venv\Lib\site-packages\httpcore\_backends\anyio.py", line 113, in connect_tcp
    with map_exceptions(exc_map):
         ~~~~~~~~~~~~~~^^^^^^^^^
  File "C:\Users\Suhrob\AppData\Local\Python\pythoncore-3.14-64\Lib\contextlib.py", line 162, in __exit__
    self.gen.throw(value)
    ~~~~~~~~~~~~~~^^^^^^^
  File "C:\Users\Suhrob\ollama_chat\.venv\Lib\site-packages\httpcore\_exceptions.py", line 14, in map_exceptions
    raise to_exc(exc) from exc
httpcore.ConnectError: [Errno 11001] getaddrinfo failed

The above exception was the direct cause of the following exception:

Traceback (most recent call last):
  File "C:\Users\Suhrob\ollama_chat\.venv\Lib\site-packages\telegram\request\_httpxrequest.py", line 279, in do_request
    res = await self._client.request(
          ^^^^^^^^^^^^^^^^^^^^^^^^^^^
    ...<6 lines>...
    )
    ^
  File "C:\Users\Suhrob\ollama_chat\.venv\Lib\site-packages\httpx\_client.py", line 1540, in request
    return await self.send(request, auth=auth, follow_redirects=follow_redirects)
           ^^^^^^^^^^^^^^^^^^^^^^^^^^^^^^^^^^^^^^^^^^^^^^^^^^^^^^^^^^^^^^^^^^^^^^
  File "C:\Users\Suhrob\ollama_chat\.venv\Lib\site-packages\httpx\_client.py", line 1629, in send
    response = await self._send_handling_auth(
               ^^^^^^^^^^^^^^^^^^^^^^^^^^^^^^^
    ...<4 lines>...
    )
    ^
  File "C:\Users\Suhrob\ollama_chat\.venv\Lib\site-packages\httpx\_client.py", line 1657, in _send_handling_auth
    response = await self._send_handling_redirects(
               ^^^^^^^^^^^^^^^^^^^^^^^^^^^^^^^^^^^^
    ...<3 lines>...
    )
    ^
  File "C:\Users\Suhrob\ollama_chat\.venv\Lib\site-packages\httpx\_client.py", line 1694, in _send_handling_redirects
    response = await self._send_single_request(request)
               ^^^^^^^^^^^^^^^^^^^^^^^^^^^^^^^^^^^^^^^^
  File "C:\Users\Suhrob\ollama_chat\.venv\Lib\site-packages\httpx\_client.py", line 1730, in _send_single_request
    response = await transport.handle_async_request(request)
               ^^^^^^^^^^^^^^^^^^^^^^^^^^^^^^^^^^^^^^^^^^^^^
  File "C:\Users\Suhrob\ollama_chat\.venv\Lib\site-packages\httpx\_transports\default.py", line 393, in handle_async_request
    with map_httpcore_exceptions():
         ~~~~~~~~~~~~~~~~~~~~~~~^^
  File "C:\Users\Suhrob\AppData\Local\Python\pythoncore-3.14-64\Lib\contextlib.py", line 162, in __exit__
    self.gen.throw(value)
    ~~~~~~~~~~~~~~^^^^^^^
  File "C:\Users\Suhrob\ollama_chat\.venv\Lib\site-packages\httpx\_transports\default.py", line 118, in map_httpcore_exceptions
    raise mapped_exc(message) from exc
httpx.ConnectError: [Errno 11001] getaddrinfo failed

The above exception was the direct cause of the following exception:

Traceback (most recent call last):
  File "C:\Users\Suhrob\ollama_chat\.venv\Lib\site-packages\telegram\ext\_utils\networkloop.py", line 161, in network_retry_loop
    await do_action()
  File "C:\Users\Suhrob\ollama_chat\.venv\Lib\site-packages\telegram\ext\_utils\networkloop.py", line 154, in do_action
    action_cb_task.result()
    ~~~~~~~~~~~~~~~~~~~~~^^
  File "C:\Users\Suhrob\ollama_chat\.venv\Lib\site-packages\telegram\ext\_updater.py", line 340, in polling_action_cb
    updates = await self.bot.get_updates(
              ^^^^^^^^^^^^^^^^^^^^^^^^^^^
    ...<3 lines>...
    )
    ^
  File "C:\Users\Suhrob\ollama_chat\.venv\Lib\site-packages\telegram\ext\_extbot.py", line 672, in get_updates
    updates = await super().get_updates(
              ^^^^^^^^^^^^^^^^^^^^^^^^^^
    ...<9 lines>...
    )
    ^
  File "C:\Users\Suhrob\ollama_chat\.venv\Lib\site-packages\telegram\_bot.py", line 4865, in get_updates
    await self._post(
    ^^^^^^^^^^^^^^^^^
    ...<7 lines>...
    ),
    ^
  File "C:\Users\Suhrob\ollama_chat\.venv\Lib\site-packages\telegram\_bot.py", line 704, in _post
    return await self._do_post(
           ^^^^^^^^^^^^^^^^^^^^
    ...<6 lines>...
    )
    ^
  File "C:\Users\Suhrob\ollama_chat\.venv\Lib\site-packages\telegram\ext\_extbot.py", line 370, in _do_post
    return await super()._do_post(
           ^^^^^^^^^^^^^^^^^^^^^^^
    ...<6 lines>...
    )
    ^
  File "C:\Users\Suhrob\ollama_chat\.venv\Lib\site-packages\telegram\_bot.py", line 733, in _do_post
    result = await request.post(
             ^^^^^^^^^^^^^^^^^^^
    ...<6 lines>...
    )
    ^
  File "C:\Users\Suhrob\ollama_chat\.venv\Lib\site-packages\telegram\request\_baserequest.py", line 198, in post
    result = await self._request_wrapper(
             ^^^^^^^^^^^^^^^^^^^^^^^^^^^^
    ...<7 lines>...
    )
    ^
  File "C:\Users\Suhrob\ollama_chat\.venv\Lib\site-packages\telegram\request\_baserequest.py", line 305, in _request_wrapper
    code, payload = await self.do_request(
                    ^^^^^^^^^^^^^^^^^^^^^^
    ...<7 lines>...
    )
    ^
  File "C:\Users\Suhrob\ollama_chat\.venv\Lib\site-packages\telegram\request\_httpxrequest.py", line 303, in do_request
    raise NetworkError(f"httpx.{err.__class__.__name__}: {err}") from err
telegram.error.NetworkError: httpx.ConnectError: [Errno 11001] getaddrinfo failed
2026-05-19 13:36:06,450 | ERROR    | No error handlers are registered, logging exception.
Traceback (most recent call last):
  File "C:\Users\Suhrob\ollama_chat\.venv\Lib\site-packages\httpx\_transports\default.py", line 101, in map_httpcore_exceptions
    yield
  File "C:\Users\Suhrob\ollama_chat\.venv\Lib\site-packages\httpx\_transports\default.py", line 394, in handle_async_request
    resp = await self._pool.handle_async_request(req)
           ^^^^^^^^^^^^^^^^^^^^^^^^^^^^^^^^^^^^^^^^^^
  File "C:\Users\Suhrob\ollama_chat\.venv\Lib\site-packages\httpcore\_async\connection_pool.py", line 256, in handle_async_request
    raise exc from None
  File "C:\Users\Suhrob\ollama_chat\.venv\Lib\site-packages\httpcore\_async\connection_pool.py", line 236, in handle_async_request
    response = await connection.handle_async_request(
               ^^^^^^^^^^^^^^^^^^^^^^^^^^^^^^^^^^^^^^
        pool_request.request
        ^^^^^^^^^^^^^^^^^^^^
    )
    ^
  File "C:\Users\Suhrob\ollama_chat\.venv\Lib\site-packages\httpcore\_async\connection.py", line 101, in handle_async_request
    raise exc
  File "C:\Users\Suhrob\ollama_chat\.venv\Lib\site-packages\httpcore\_async\connection.py", line 78, in handle_async_request
    stream = await self._connect(request)
             ^^^^^^^^^^^^^^^^^^^^^^^^^^^^
  File "C:\Users\Suhrob\ollama_chat\.venv\Lib\site-packages\httpcore\_async\connection.py", line 124, in _connect
    stream = await self._network_backend.connect_tcp(**kwargs)
             ^^^^^^^^^^^^^^^^^^^^^^^^^^^^^^^^^^^^^^^^^^^^^^^^^
  File "C:\Users\Suhrob\ollama_chat\.venv\Lib\site-packages\httpcore\_backends\auto.py", line 31, in connect_tcp
    return await self._backend.connect_tcp(
           ^^^^^^^^^^^^^^^^^^^^^^^^^^^^^^^^
    ...<5 lines>...
    )
    ^
  File "C:\Users\Suhrob\ollama_chat\.venv\Lib\site-packages\httpcore\_backends\anyio.py", line 113, in connect_tcp
    with map_exceptions(exc_map):
         ~~~~~~~~~~~~~~^^^^^^^^^
  File "C:\Users\Suhrob\AppData\Local\Python\pythoncore-3.14-64\Lib\contextlib.py", line 162, in __exit__
    self.gen.throw(value)
    ~~~~~~~~~~~~~~^^^^^^^
  File "C:\Users\Suhrob\ollama_chat\.venv\Lib\site-packages\httpcore\_exceptions.py", line 14, in map_exceptions
    raise to_exc(exc) from exc
httpcore.ConnectError: [Errno 11001] getaddrinfo failed

The above exception was the direct cause of the following exception:

Traceback (most recent call last):
  File "C:\Users\Suhrob\ollama_chat\.venv\Lib\site-packages\telegram\request\_httpxrequest.py", line 279, in do_request
    res = await self._client.request(
          ^^^^^^^^^^^^^^^^^^^^^^^^^^^
    ...<6 lines>...
    )
    ^
  File "C:\Users\Suhrob\ollama_chat\.venv\Lib\site-packages\httpx\_client.py", line 1540, in request
    return await self.send(request, auth=auth, follow_redirects=follow_redirects)
           ^^^^^^^^^^^^^^^^^^^^^^^^^^^^^^^^^^^^^^^^^^^^^^^^^^^^^^^^^^^^^^^^^^^^^^
  File "C:\Users\Suhrob\ollama_chat\.venv\Lib\site-packages\httpx\_client.py", line 1629, in send
    response = await self._send_handling_auth(
               ^^^^^^^^^^^^^^^^^^^^^^^^^^^^^^^
    ...<4 lines>...
    )
    ^
  File "C:\Users\Suhrob\ollama_chat\.venv\Lib\site-packages\httpx\_client.py", line 1657, in _send_handling_auth
    response = await self._send_handling_redirects(
               ^^^^^^^^^^^^^^^^^^^^^^^^^^^^^^^^^^^^
    ...<3 lines>...
    )
    ^
  File "C:\Users\Suhrob\ollama_chat\.venv\Lib\site-packages\httpx\_client.py", line 1694, in _send_handling_redirects
    response = await self._send_single_request(request)
               ^^^^^^^^^^^^^^^^^^^^^^^^^^^^^^^^^^^^^^^^
  File "C:\Users\Suhrob\ollama_chat\.venv\Lib\site-packages\httpx\_client.py", line 1730, in _send_single_request
    response = await transport.handle_async_request(request)
               ^^^^^^^^^^^^^^^^^^^^^^^^^^^^^^^^^^^^^^^^^^^^^
  File "C:\Users\Suhrob\ollama_chat\.venv\Lib\site-packages\httpx\_transports\default.py", line 393, in handle_async_request
    with map_httpcore_exceptions():
         ~~~~~~~~~~~~~~~~~~~~~~~^^
  File "C:\Users\Suhrob\AppData\Local\Python\pythoncore-3.14-64\Lib\contextlib.py", line 162, in __exit__
    self.gen.throw(value)
    ~~~~~~~~~~~~~~^^^^^^^
  File "C:\Users\Suhrob\ollama_chat\.venv\Lib\site-packages\httpx\_transports\default.py", line 118, in map_httpcore_exceptions
    raise mapped_exc(message) from exc
httpx.ConnectError: [Errno 11001] getaddrinfo failed

The above exception was the direct cause of the following exception:

Traceback (most recent call last):
  File "C:\Users\Suhrob\ollama_chat\.venv\Lib\site-packages\telegram\ext\_utils\networkloop.py", line 161, in network_retry_loop
    await do_action()
  File "C:\Users\Suhrob\ollama_chat\.venv\Lib\site-packages\telegram\ext\_utils\networkloop.py", line 154, in do_action
    action_cb_task.result()
    ~~~~~~~~~~~~~~~~~~~~~^^
  File "C:\Users\Suhrob\ollama_chat\.venv\Lib\site-packages\telegram\ext\_updater.py", line 340, in polling_action_cb
    updates = await self.bot.get_updates(
              ^^^^^^^^^^^^^^^^^^^^^^^^^^^
    ...<3 lines>...
    )
    ^
  File "C:\Users\Suhrob\ollama_chat\.venv\Lib\site-packages\telegram\ext\_extbot.py", line 672, in get_updates
    updates = await super().get_updates(
              ^^^^^^^^^^^^^^^^^^^^^^^^^^
    ...<9 lines>...
    )
    ^
  File "C:\Users\Suhrob\ollama_chat\.venv\Lib\site-packages\telegram\_bot.py", line 4865, in get_updates
    await self._post(
    ^^^^^^^^^^^^^^^^^
    ...<7 lines>...
    ),
    ^
  File "C:\Users\Suhrob\ollama_chat\.venv\Lib\site-packages\telegram\_bot.py", line 704, in _post
    return await self._do_post(
           ^^^^^^^^^^^^^^^^^^^^
    ...<6 lines>...
    )
    ^
  File "C:\Users\Suhrob\ollama_chat\.venv\Lib\site-packages\telegram\ext\_extbot.py", line 370, in _do_post
    return await super()._do_post(
           ^^^^^^^^^^^^^^^^^^^^^^^
    ...<6 lines>...
    )
    ^
  File "C:\Users\Suhrob\ollama_chat\.venv\Lib\site-packages\telegram\_bot.py", line 733, in _do_post
    result = await request.post(
             ^^^^^^^^^^^^^^^^^^^
    ...<6 lines>...
    )
    ^
  File "C:\Users\Suhrob\ollama_chat\.venv\Lib\site-packages\telegram\request\_baserequest.py", line 198, in post
    result = await self._request_wrapper(
             ^^^^^^^^^^^^^^^^^^^^^^^^^^^^
    ...<7 lines>...
    )
    ^
  File "C:\Users\Suhrob\ollama_chat\.venv\Lib\site-packages\telegram\request\_baserequest.py", line 305, in _request_wrapper
    code, payload = await self.do_request(
                    ^^^^^^^^^^^^^^^^^^^^^^
    ...<7 lines>...
    )
    ^
  File "C:\Users\Suhrob\ollama_chat\.venv\Lib\site-packages\telegram\request\_httpxrequest.py", line 303, in do_request
    raise NetworkError(f"httpx.{err.__class__.__name__}: {err}") from err
telegram.error.NetworkError: httpx.ConnectError: [Errno 11001] getaddrinfo failed
2026-05-19 13:36:07,470 | ERROR    | No error handlers are registered, logging exception.
Traceback (most recent call last):
  File "C:\Users\Suhrob\ollama_chat\.venv\Lib\site-packages\httpx\_transports\default.py", line 101, in map_httpcore_exceptions
    yield
  File "C:\Users\Suhrob\ollama_chat\.venv\Lib\site-packages\httpx\_transports\default.py", line 394, in handle_async_request
    resp = await self._pool.handle_async_request(req)
           ^^^^^^^^^^^^^^^^^^^^^^^^^^^^^^^^^^^^^^^^^^
  File "C:\Users\Suhrob\ollama_chat\.venv\Lib\site-packages\httpcore\_async\connection_pool.py", line 256, in handle_async_request
    raise exc from None
  File "C:\Users\Suhrob\ollama_chat\.venv\Lib\site-packages\httpcore\_async\connection_pool.py", line 236, in handle_async_request
    response = await connection.handle_async_request(
               ^^^^^^^^^^^^^^^^^^^^^^^^^^^^^^^^^^^^^^
        pool_request.request
        ^^^^^^^^^^^^^^^^^^^^
    )
    ^
  File "C:\Users\Suhrob\ollama_chat\.venv\Lib\site-packages\httpcore\_async\connection.py", line 101, in handle_async_request
    raise exc
  File "C:\Users\Suhrob\ollama_chat\.venv\Lib\site-packages\httpcore\_async\connection.py", line 78, in handle_async_request
    stream = await self._connect(request)
             ^^^^^^^^^^^^^^^^^^^^^^^^^^^^
  File "C:\Users\Suhrob\ollama_chat\.venv\Lib\site-packages\httpcore\_async\connection.py", line 124, in _connect
    stream = await self._network_backend.connect_tcp(**kwargs)
             ^^^^^^^^^^^^^^^^^^^^^^^^^^^^^^^^^^^^^^^^^^^^^^^^^
  File "C:\Users\Suhrob\ollama_chat\.venv\Lib\site-packages\httpcore\_backends\auto.py", line 31, in connect_tcp
    return await self._backend.connect_tcp(
           ^^^^^^^^^^^^^^^^^^^^^^^^^^^^^^^^
    ...<5 lines>...
    )
    ^
  File "C:\Users\Suhrob\ollama_chat\.venv\Lib\site-packages\httpcore\_backends\anyio.py", line 113, in connect_tcp
    with map_exceptions(exc_map):
         ~~~~~~~~~~~~~~^^^^^^^^^
  File "C:\Users\Suhrob\AppData\Local\Python\pythoncore-3.14-64\Lib\contextlib.py", line 162, in __exit__
    self.gen.throw(value)
    ~~~~~~~~~~~~~~^^^^^^^
  File "C:\Users\Suhrob\ollama_chat\.venv\Lib\site-packages\httpcore\_exceptions.py", line 14, in map_exceptions
    raise to_exc(exc) from exc
httpcore.ConnectError: [Errno 11001] getaddrinfo failed

The above exception was the direct cause of the following exception:

Traceback (most recent call last):
  File "C:\Users\Suhrob\ollama_chat\.venv\Lib\site-packages\telegram\request\_httpxrequest.py", line 279, in do_request
    res = await self._client.request(
          ^^^^^^^^^^^^^^^^^^^^^^^^^^^
    ...<6 lines>...
    )
    ^
  File "C:\Users\Suhrob\ollama_chat\.venv\Lib\site-packages\httpx\_client.py", line 1540, in request
    return await self.send(request, auth=auth, follow_redirects=follow_redirects)
           ^^^^^^^^^^^^^^^^^^^^^^^^^^^^^^^^^^^^^^^^^^^^^^^^^^^^^^^^^^^^^^^^^^^^^^
  File "C:\Users\Suhrob\ollama_chat\.venv\Lib\site-packages\httpx\_client.py", line 1629, in send
    response = await self._send_handling_auth(
               ^^^^^^^^^^^^^^^^^^^^^^^^^^^^^^^
    ...<4 lines>...
    )
    ^
  File "C:\Users\Suhrob\ollama_chat\.venv\Lib\site-packages\httpx\_client.py", line 1657, in _send_handling_auth
    response = await self._send_handling_redirects(
               ^^^^^^^^^^^^^^^^^^^^^^^^^^^^^^^^^^^^
    ...<3 lines>...
    )
    ^
  File "C:\Users\Suhrob\ollama_chat\.venv\Lib\site-packages\httpx\_client.py", line 1694, in _send_handling_redirects
    response = await self._send_single_request(request)
               ^^^^^^^^^^^^^^^^^^^^^^^^^^^^^^^^^^^^^^^^
  File "C:\Users\Suhrob\ollama_chat\.venv\Lib\site-packages\httpx\_client.py", line 1730, in _send_single_request
    response = await transport.handle_async_request(request)
               ^^^^^^^^^^^^^^^^^^^^^^^^^^^^^^^^^^^^^^^^^^^^^
  File "C:\Users\Suhrob\ollama_chat\.venv\Lib\site-packages\httpx\_transports\default.py", line 393, in handle_async_request
    with map_httpcore_exceptions():
         ~~~~~~~~~~~~~~~~~~~~~~~^^
  File "C:\Users\Suhrob\AppData\Local\Python\pythoncore-3.14-64\Lib\contextlib.py", line 162, in __exit__
    self.gen.throw(value)
    ~~~~~~~~~~~~~~^^^^^^^
  File "C:\Users\Suhrob\ollama_chat\.venv\Lib\site-packages\httpx\_transports\default.py", line 118, in map_httpcore_exceptions
    raise mapped_exc(message) from exc
httpx.ConnectError: [Errno 11001] getaddrinfo failed

The above exception was the direct cause of the following exception:

Traceback (most recent call last):
  File "C:\Users\Suhrob\ollama_chat\.venv\Lib\site-packages\telegram\ext\_utils\networkloop.py", line 161, in network_retry_loop
    await do_action()
  File "C:\Users\Suhrob\ollama_chat\.venv\Lib\site-packages\telegram\ext\_utils\networkloop.py", line 154, in do_action
    action_cb_task.result()
    ~~~~~~~~~~~~~~~~~~~~~^^
  File "C:\Users\Suhrob\ollama_chat\.venv\Lib\site-packages\telegram\ext\_updater.py", line 340, in polling_action_cb
    updates = await self.bot.get_updates(
              ^^^^^^^^^^^^^^^^^^^^^^^^^^^
    ...<3 lines>...
    )
    ^
  File "C:\Users\Suhrob\ollama_chat\.venv\Lib\site-packages\telegram\ext\_extbot.py", line 672, in get_updates
    updates = await super().get_updates(
              ^^^^^^^^^^^^^^^^^^^^^^^^^^
    ...<9 lines>...
    )
    ^
  File "C:\Users\Suhrob\ollama_chat\.venv\Lib\site-packages\telegram\_bot.py", line 4865, in get_updates
    await self._post(
    ^^^^^^^^^^^^^^^^^
    ...<7 lines>...
    ),
    ^
  File "C:\Users\Suhrob\ollama_chat\.venv\Lib\site-packages\telegram\_bot.py", line 704, in _post
    return await self._do_post(
           ^^^^^^^^^^^^^^^^^^^^
    ...<6 lines>...
    )
    ^
  File "C:\Users\Suhrob\ollama_chat\.venv\Lib\site-packages\telegram\ext\_extbot.py", line 370, in _do_post
    return await super()._do_post(
           ^^^^^^^^^^^^^^^^^^^^^^^
    ...<6 lines>...
    )
    ^
  File "C:\Users\Suhrob\ollama_chat\.venv\Lib\site-packages\telegram\_bot.py", line 733, in _do_post
    result = await request.post(
             ^^^^^^^^^^^^^^^^^^^
    ...<6 lines>...
    )
    ^
  File "C:\Users\Suhrob\ollama_chat\.venv\Lib\site-packages\telegram\request\_baserequest.py", line 198, in post
    result = await self._request_wrapper(
             ^^^^^^^^^^^^^^^^^^^^^^^^^^^^
    ...<7 lines>...
    )
    ^
  File "C:\Users\Suhrob\ollama_chat\.venv\Lib\site-packages\telegram\request\_baserequest.py", line 305, in _request_wrapper
    code, payload = await self.do_request(
                    ^^^^^^^^^^^^^^^^^^^^^^
    ...<7 lines>...
    )
    ^
  File "C:\Users\Suhrob\ollama_chat\.venv\Lib\site-packages\telegram\request\_httpxrequest.py", line 303, in do_request
    raise NetworkError(f"httpx.{err.__class__.__name__}: {err}") from err
telegram.error.NetworkError: httpx.ConnectError: [Errno 11001] getaddrinfo failed
2026-05-19 13:36:08,986 | ERROR    | No error handlers are registered, logging exception.
Traceback (most recent call last):
  File "C:\Users\Suhrob\ollama_chat\.venv\Lib\site-packages\httpx\_transports\default.py", line 101, in map_httpcore_exceptions
    yield
  File "C:\Users\Suhrob\ollama_chat\.venv\Lib\site-packages\httpx\_transports\default.py", line 394, in handle_async_request
    resp = await self._pool.handle_async_request(req)
           ^^^^^^^^^^^^^^^^^^^^^^^^^^^^^^^^^^^^^^^^^^
  File "C:\Users\Suhrob\ollama_chat\.venv\Lib\site-packages\httpcore\_async\connection_pool.py", line 256, in handle_async_request
    raise exc from None
  File "C:\Users\Suhrob\ollama_chat\.venv\Lib\site-packages\httpcore\_async\connection_pool.py", line 236, in handle_async_request
    response = await connection.handle_async_request(
               ^^^^^^^^^^^^^^^^^^^^^^^^^^^^^^^^^^^^^^
        pool_request.request
        ^^^^^^^^^^^^^^^^^^^^
    )
    ^
  File "C:\Users\Suhrob\ollama_chat\.venv\Lib\site-packages\httpcore\_async\connection.py", line 101, in handle_async_request
    raise exc
  File "C:\Users\Suhrob\ollama_chat\.venv\Lib\site-packages\httpcore\_async\connection.py", line 78, in handle_async_request
    stream = await self._connect(request)
             ^^^^^^^^^^^^^^^^^^^^^^^^^^^^
  File "C:\Users\Suhrob\ollama_chat\.venv\Lib\site-packages\httpcore\_async\connection.py", line 124, in _connect
    stream = await self._network_backend.connect_tcp(**kwargs)
             ^^^^^^^^^^^^^^^^^^^^^^^^^^^^^^^^^^^^^^^^^^^^^^^^^
  File "C:\Users\Suhrob\ollama_chat\.venv\Lib\site-packages\httpcore\_backends\auto.py", line 31, in connect_tcp
    return await self._backend.connect_tcp(
           ^^^^^^^^^^^^^^^^^^^^^^^^^^^^^^^^
    ...<5 lines>...
    )
    ^
  File "C:\Users\Suhrob\ollama_chat\.venv\Lib\site-packages\httpcore\_backends\anyio.py", line 113, in connect_tcp
    with map_exceptions(exc_map):
         ~~~~~~~~~~~~~~^^^^^^^^^
  File "C:\Users\Suhrob\AppData\Local\Python\pythoncore-3.14-64\Lib\contextlib.py", line 162, in __exit__
    self.gen.throw(value)
    ~~~~~~~~~~~~~~^^^^^^^
  File "C:\Users\Suhrob\ollama_chat\.venv\Lib\site-packages\httpcore\_exceptions.py", line 14, in map_exceptions
    raise to_exc(exc) from exc
httpcore.ConnectError: [Errno 11001] getaddrinfo failed

The above exception was the direct cause of the following exception:

Traceback (most recent call last):
  File "C:\Users\Suhrob\ollama_chat\.venv\Lib\site-packages\telegram\request\_httpxrequest.py", line 279, in do_request
    res = await self._client.request(
          ^^^^^^^^^^^^^^^^^^^^^^^^^^^
    ...<6 lines>...
    )
    ^
  File "C:\Users\Suhrob\ollama_chat\.venv\Lib\site-packages\httpx\_client.py", line 1540, in request
    return await self.send(request, auth=auth, follow_redirects=follow_redirects)
           ^^^^^^^^^^^^^^^^^^^^^^^^^^^^^^^^^^^^^^^^^^^^^^^^^^^^^^^^^^^^^^^^^^^^^^
  File "C:\Users\Suhrob\ollama_chat\.venv\Lib\site-packages\httpx\_client.py", line 1629, in send
    response = await self._send_handling_auth(
               ^^^^^^^^^^^^^^^^^^^^^^^^^^^^^^^
    ...<4 lines>...
    )
    ^
  File "C:\Users\Suhrob\ollama_chat\.venv\Lib\site-packages\httpx\_client.py", line 1657, in _send_handling_auth
    response = await self._send_handling_redirects(
               ^^^^^^^^^^^^^^^^^^^^^^^^^^^^^^^^^^^^
    ...<3 lines>...
    )
    ^
  File "C:\Users\Suhrob\ollama_chat\.venv\Lib\site-packages\httpx\_client.py", line 1694, in _send_handling_redirects
    response = await self._send_single_request(request)
               ^^^^^^^^^^^^^^^^^^^^^^^^^^^^^^^^^^^^^^^^
  File "C:\Users\Suhrob\ollama_chat\.venv\Lib\site-packages\httpx\_client.py", line 1730, in _send_single_request
    response = await transport.handle_async_request(request)
               ^^^^^^^^^^^^^^^^^^^^^^^^^^^^^^^^^^^^^^^^^^^^^
  File "C:\Users\Suhrob\ollama_chat\.venv\Lib\site-packages\httpx\_transports\default.py", line 393, in handle_async_request
    with map_httpcore_exceptions():
         ~~~~~~~~~~~~~~~~~~~~~~~^^
  File "C:\Users\Suhrob\AppData\Local\Python\pythoncore-3.14-64\Lib\contextlib.py", line 162, in __exit__
    self.gen.throw(value)
    ~~~~~~~~~~~~~~^^^^^^^
  File "C:\Users\Suhrob\ollama_chat\.venv\Lib\site-packages\httpx\_transports\default.py", line 118, in map_httpcore_exceptions
    raise mapped_exc(message) from exc
httpx.ConnectError: [Errno 11001] getaddrinfo failed

The above exception was the direct cause of the following exception:

Traceback (most recent call last):
  File "C:\Users\Suhrob\ollama_chat\.venv\Lib\site-packages\telegram\ext\_utils\networkloop.py", line 161, in network_retry_loop
    await do_action()
  File "C:\Users\Suhrob\ollama_chat\.venv\Lib\site-packages\telegram\ext\_utils\networkloop.py", line 154, in do_action
    action_cb_task.result()
    ~~~~~~~~~~~~~~~~~~~~~^^
  File "C:\Users\Suhrob\ollama_chat\.venv\Lib\site-packages\telegram\ext\_updater.py", line 340, in polling_action_cb
    updates = await self.bot.get_updates(
              ^^^^^^^^^^^^^^^^^^^^^^^^^^^
    ...<3 lines>...
    )
    ^
  File "C:\Users\Suhrob\ollama_chat\.venv\Lib\site-packages\telegram\ext\_extbot.py", line 672, in get_updates
    updates = await super().get_updates(
              ^^^^^^^^^^^^^^^^^^^^^^^^^^
    ...<9 lines>...
    )
    ^
  File "C:\Users\Suhrob\ollama_chat\.venv\Lib\site-packages\telegram\_bot.py", line 4865, in get_updates
    await self._post(
    ^^^^^^^^^^^^^^^^^
    ...<7 lines>...
    ),
    ^
  File "C:\Users\Suhrob\ollama_chat\.venv\Lib\site-packages\telegram\_bot.py", line 704, in _post
    return await self._do_post(
           ^^^^^^^^^^^^^^^^^^^^
    ...<6 lines>...
    )
    ^
  File "C:\Users\Suhrob\ollama_chat\.venv\Lib\site-packages\telegram\ext\_extbot.py", line 370, in _do_post
    return await super()._do_post(
           ^^^^^^^^^^^^^^^^^^^^^^^
    ...<6 lines>...
    )
    ^
  File "C:\Users\Suhrob\ollama_chat\.venv\Lib\site-packages\telegram\_bot.py", line 733, in _do_post
    result = await request.post(
             ^^^^^^^^^^^^^^^^^^^
    ...<6 lines>...
    )
    ^
  File "C:\Users\Suhrob\ollama_chat\.venv\Lib\site-packages\telegram\request\_baserequest.py", line 198, in post
    result = await self._request_wrapper(
             ^^^^^^^^^^^^^^^^^^^^^^^^^^^^
    ...<7 lines>...
    )
    ^
  File "C:\Users\Suhrob\ollama_chat\.venv\Lib\site-packages\telegram\request\_baserequest.py", line 305, in _request_wrapper
    code, payload = await self.do_request(
                    ^^^^^^^^^^^^^^^^^^^^^^
    ...<7 lines>...
    )
    ^
  File "C:\Users\Suhrob\ollama_chat\.venv\Lib\site-packages\telegram\request\_httpxrequest.py", line 303, in do_request
    raise NetworkError(f"httpx.{err.__class__.__name__}: {err}") from err
telegram.error.NetworkError: httpx.ConnectError: [Errno 11001] getaddrinfo failed
2026-05-19 13:36:11,243 | ERROR    | No error handlers are registered, logging exception.
Traceback (most recent call last):
  File "C:\Users\Suhrob\ollama_chat\.venv\Lib\site-packages\httpx\_transports\default.py", line 101, in map_httpcore_exceptions
    yield
  File "C:\Users\Suhrob\ollama_chat\.venv\Lib\site-packages\httpx\_transports\default.py", line 394, in handle_async_request
    resp = await self._pool.handle_async_request(req)
           ^^^^^^^^^^^^^^^^^^^^^^^^^^^^^^^^^^^^^^^^^^
  File "C:\Users\Suhrob\ollama_chat\.venv\Lib\site-packages\httpcore\_async\connection_pool.py", line 256, in handle_async_request
    raise exc from None
  File "C:\Users\Suhrob\ollama_chat\.venv\Lib\site-packages\httpcore\_async\connection_pool.py", line 236, in handle_async_request
    response = await connection.handle_async_request(
               ^^^^^^^^^^^^^^^^^^^^^^^^^^^^^^^^^^^^^^
        pool_request.request
        ^^^^^^^^^^^^^^^^^^^^
    )
    ^
  File "C:\Users\Suhrob\ollama_chat\.venv\Lib\site-packages\httpcore\_async\connection.py", line 101, in handle_async_request
    raise exc
  File "C:\Users\Suhrob\ollama_chat\.venv\Lib\site-packages\httpcore\_async\connection.py", line 78, in handle_async_request
    stream = await self._connect(request)
             ^^^^^^^^^^^^^^^^^^^^^^^^^^^^
  File "C:\Users\Suhrob\ollama_chat\.venv\Lib\site-packages\httpcore\_async\connection.py", line 124, in _connect
    stream = await self._network_backend.connect_tcp(**kwargs)
             ^^^^^^^^^^^^^^^^^^^^^^^^^^^^^^^^^^^^^^^^^^^^^^^^^
  File "C:\Users\Suhrob\ollama_chat\.venv\Lib\site-packages\httpcore\_backends\auto.py", line 31, in connect_tcp
    return await self._backend.connect_tcp(
           ^^^^^^^^^^^^^^^^^^^^^^^^^^^^^^^^
    ...<5 lines>...
    )
    ^
  File "C:\Users\Suhrob\ollama_chat\.venv\Lib\site-packages\httpcore\_backends\anyio.py", line 113, in connect_tcp
    with map_exceptions(exc_map):
         ~~~~~~~~~~~~~~^^^^^^^^^
  File "C:\Users\Suhrob\AppData\Local\Python\pythoncore-3.14-64\Lib\contextlib.py", line 162, in __exit__
    self.gen.throw(value)
    ~~~~~~~~~~~~~~^^^^^^^
  File "C:\Users\Suhrob\ollama_chat\.venv\Lib\site-packages\httpcore\_exceptions.py", line 14, in map_exceptions
    raise to_exc(exc) from exc
httpcore.ConnectError: [Errno 11001] getaddrinfo failed

The above exception was the direct cause of the following exception:

Traceback (most recent call last):
  File "C:\Users\Suhrob\ollama_chat\.venv\Lib\site-packages\telegram\request\_httpxrequest.py", line 279, in do_request
    res = await self._client.request(
          ^^^^^^^^^^^^^^^^^^^^^^^^^^^
    ...<6 lines>...
    )
    ^
  File "C:\Users\Suhrob\ollama_chat\.venv\Lib\site-packages\httpx\_client.py", line 1540, in request
    return await self.send(request, auth=auth, follow_redirects=follow_redirects)
           ^^^^^^^^^^^^^^^^^^^^^^^^^^^^^^^^^^^^^^^^^^^^^^^^^^^^^^^^^^^^^^^^^^^^^^
  File "C:\Users\Suhrob\ollama_chat\.venv\Lib\site-packages\httpx\_client.py", line 1629, in send
    response = await self._send_handling_auth(
               ^^^^^^^^^^^^^^^^^^^^^^^^^^^^^^^
    ...<4 lines>...
    )
    ^
  File "C:\Users\Suhrob\ollama_chat\.venv\Lib\site-packages\httpx\_client.py", line 1657, in _send_handling_auth
    response = await self._send_handling_redirects(
               ^^^^^^^^^^^^^^^^^^^^^^^^^^^^^^^^^^^^
    ...<3 lines>...
    )
    ^
  File "C:\Users\Suhrob\ollama_chat\.venv\Lib\site-packages\httpx\_client.py", line 1694, in _send_handling_redirects
    response = await self._send_single_request(request)
               ^^^^^^^^^^^^^^^^^^^^^^^^^^^^^^^^^^^^^^^^
  File "C:\Users\Suhrob\ollama_chat\.venv\Lib\site-packages\httpx\_client.py", line 1730, in _send_single_request
    response = await transport.handle_async_request(request)
               ^^^^^^^^^^^^^^^^^^^^^^^^^^^^^^^^^^^^^^^^^^^^^
  File "C:\Users\Suhrob\ollama_chat\.venv\Lib\site-packages\httpx\_transports\default.py", line 393, in handle_async_request
    with map_httpcore_exceptions():
         ~~~~~~~~~~~~~~~~~~~~~~~^^
  File "C:\Users\Suhrob\AppData\Local\Python\pythoncore-3.14-64\Lib\contextlib.py", line 162, in __exit__
    self.gen.throw(value)
    ~~~~~~~~~~~~~~^^^^^^^
  File "C:\Users\Suhrob\ollama_chat\.venv\Lib\site-packages\httpx\_transports\default.py", line 118, in map_httpcore_exceptions
    raise mapped_exc(message) from exc
httpx.ConnectError: [Errno 11001] getaddrinfo failed

The above exception was the direct cause of the following exception:

Traceback (most recent call last):
  File "C:\Users\Suhrob\ollama_chat\.venv\Lib\site-packages\telegram\ext\_utils\networkloop.py", line 161, in network_retry_loop
    await do_action()
  File "C:\Users\Suhrob\ollama_chat\.venv\Lib\site-packages\telegram\ext\_utils\networkloop.py", line 154, in do_action
    action_cb_task.result()
    ~~~~~~~~~~~~~~~~~~~~~^^
  File "C:\Users\Suhrob\ollama_chat\.venv\Lib\site-packages\telegram\ext\_updater.py", line 340, in polling_action_cb
    updates = await self.bot.get_updates(
              ^^^^^^^^^^^^^^^^^^^^^^^^^^^
    ...<3 lines>...
    )
    ^
  File "C:\Users\Suhrob\ollama_chat\.venv\Lib\site-packages\telegram\ext\_extbot.py", line 672, in get_updates
    updates = await super().get_updates(
              ^^^^^^^^^^^^^^^^^^^^^^^^^^
    ...<9 lines>...
    )
    ^
  File "C:\Users\Suhrob\ollama_chat\.venv\Lib\site-packages\telegram\_bot.py", line 4865, in get_updates
    await self._post(
    ^^^^^^^^^^^^^^^^^
    ...<7 lines>...
    ),
    ^
  File "C:\Users\Suhrob\ollama_chat\.venv\Lib\site-packages\telegram\_bot.py", line 704, in _post
    return await self._do_post(
           ^^^^^^^^^^^^^^^^^^^^
    ...<6 lines>...
    )
    ^
  File "C:\Users\Suhrob\ollama_chat\.venv\Lib\site-packages\telegram\ext\_extbot.py", line 370, in _do_post
    return await super()._do_post(
           ^^^^^^^^^^^^^^^^^^^^^^^
    ...<6 lines>...
    )
    ^
  File "C:\Users\Suhrob\ollama_chat\.venv\Lib\site-packages\telegram\_bot.py", line 733, in _do_post
    result = await request.post(
             ^^^^^^^^^^^^^^^^^^^
    ...<6 lines>...
    )
    ^
  File "C:\Users\Suhrob\ollama_chat\.venv\Lib\site-packages\telegram\request\_baserequest.py", line 198, in post
    result = await self._request_wrapper(
             ^^^^^^^^^^^^^^^^^^^^^^^^^^^^
    ...<7 lines>...
    )
    ^
  File "C:\Users\Suhrob\ollama_chat\.venv\Lib\site-packages\telegram\request\_baserequest.py", line 305, in _request_wrapper
    code, payload = await self.do_request(
                    ^^^^^^^^^^^^^^^^^^^^^^
    ...<7 lines>...
    )
    ^
  File "C:\Users\Suhrob\ollama_chat\.venv\Lib\site-packages\telegram\request\_httpxrequest.py", line 303, in do_request
    raise NetworkError(f"httpx.{err.__class__.__name__}: {err}") from err
telegram.error.NetworkError: httpx.ConnectError: [Errno 11001] getaddrinfo failed
2026-05-19 13:36:14,630 | ERROR    | No error handlers are registered, logging exception.
Traceback (most recent call last):
  File "C:\Users\Suhrob\ollama_chat\.venv\Lib\site-packages\httpx\_transports\default.py", line 101, in map_httpcore_exceptions
    yield
  File "C:\Users\Suhrob\ollama_chat\.venv\Lib\site-packages\httpx\_transports\default.py", line 394, in handle_async_request
    resp = await self._pool.handle_async_request(req)
           ^^^^^^^^^^^^^^^^^^^^^^^^^^^^^^^^^^^^^^^^^^
  File "C:\Users\Suhrob\ollama_chat\.venv\Lib\site-packages\httpcore\_async\connection_pool.py", line 256, in handle_async_request
    raise exc from None
  File "C:\Users\Suhrob\ollama_chat\.venv\Lib\site-packages\httpcore\_async\connection_pool.py", line 236, in handle_async_request
    response = await connection.handle_async_request(
               ^^^^^^^^^^^^^^^^^^^^^^^^^^^^^^^^^^^^^^
        pool_request.request
        ^^^^^^^^^^^^^^^^^^^^
    )
    ^
  File "C:\Users\Suhrob\ollama_chat\.venv\Lib\site-packages\httpcore\_async\connection.py", line 101, in handle_async_request
    raise exc
  File "C:\Users\Suhrob\ollama_chat\.venv\Lib\site-packages\httpcore\_async\connection.py", line 78, in handle_async_request
    stream = await self._connect(request)
             ^^^^^^^^^^^^^^^^^^^^^^^^^^^^
  File "C:\Users\Suhrob\ollama_chat\.venv\Lib\site-packages\httpcore\_async\connection.py", line 124, in _connect
    stream = await self._network_backend.connect_tcp(**kwargs)
             ^^^^^^^^^^^^^^^^^^^^^^^^^^^^^^^^^^^^^^^^^^^^^^^^^
  File "C:\Users\Suhrob\ollama_chat\.venv\Lib\site-packages\httpcore\_backends\auto.py", line 31, in connect_tcp
    return await self._backend.connect_tcp(
           ^^^^^^^^^^^^^^^^^^^^^^^^^^^^^^^^
    ...<5 lines>...
    )
    ^
  File "C:\Users\Suhrob\ollama_chat\.venv\Lib\site-packages\httpcore\_backends\anyio.py", line 113, in connect_tcp
    with map_exceptions(exc_map):
         ~~~~~~~~~~~~~~^^^^^^^^^
  File "C:\Users\Suhrob\AppData\Local\Python\pythoncore-3.14-64\Lib\contextlib.py", line 162, in __exit__
    self.gen.throw(value)
    ~~~~~~~~~~~~~~^^^^^^^
  File "C:\Users\Suhrob\ollama_chat\.venv\Lib\site-packages\httpcore\_exceptions.py", line 14, in map_exceptions
    raise to_exc(exc) from exc
httpcore.ConnectError: [Errno 11001] getaddrinfo failed

The above exception was the direct cause of the following exception:

Traceback (most recent call last):
  File "C:\Users\Suhrob\ollama_chat\.venv\Lib\site-packages\telegram\request\_httpxrequest.py", line 279, in do_request
    res = await self._client.request(
          ^^^^^^^^^^^^^^^^^^^^^^^^^^^
    ...<6 lines>...
    )
    ^
  File "C:\Users\Suhrob\ollama_chat\.venv\Lib\site-packages\httpx\_client.py", line 1540, in request
    return await self.send(request, auth=auth, follow_redirects=follow_redirects)
           ^^^^^^^^^^^^^^^^^^^^^^^^^^^^^^^^^^^^^^^^^^^^^^^^^^^^^^^^^^^^^^^^^^^^^^
  File "C:\Users\Suhrob\ollama_chat\.venv\Lib\site-packages\httpx\_client.py", line 1629, in send
    response = await self._send_handling_auth(
               ^^^^^^^^^^^^^^^^^^^^^^^^^^^^^^^
    ...<4 lines>...
    )
    ^
  File "C:\Users\Suhrob\ollama_chat\.venv\Lib\site-packages\httpx\_client.py", line 1657, in _send_handling_auth
    response = await self._send_handling_redirects(
               ^^^^^^^^^^^^^^^^^^^^^^^^^^^^^^^^^^^^
    ...<3 lines>...
    )
    ^
  File "C:\Users\Suhrob\ollama_chat\.venv\Lib\site-packages\httpx\_client.py", line 1694, in _send_handling_redirects
    response = await self._send_single_request(request)
               ^^^^^^^^^^^^^^^^^^^^^^^^^^^^^^^^^^^^^^^^
  File "C:\Users\Suhrob\ollama_chat\.venv\Lib\site-packages\httpx\_client.py", line 1730, in _send_single_request
    response = await transport.handle_async_request(request)
               ^^^^^^^^^^^^^^^^^^^^^^^^^^^^^^^^^^^^^^^^^^^^^
  File "C:\Users\Suhrob\ollama_chat\.venv\Lib\site-packages\httpx\_transports\default.py", line 393, in handle_async_request
    with map_httpcore_exceptions():
         ~~~~~~~~~~~~~~~~~~~~~~~^^
  File "C:\Users\Suhrob\AppData\Local\Python\pythoncore-3.14-64\Lib\contextlib.py", line 162, in __exit__
    self.gen.throw(value)
    ~~~~~~~~~~~~~~^^^^^^^
  File "C:\Users\Suhrob\ollama_chat\.venv\Lib\site-packages\httpx\_transports\default.py", line 118, in map_httpcore_exceptions
    raise mapped_exc(message) from exc
httpx.ConnectError: [Errno 11001] getaddrinfo failed

The above exception was the direct cause of the following exception:

Traceback (most recent call last):
  File "C:\Users\Suhrob\ollama_chat\.venv\Lib\site-packages\telegram\ext\_utils\networkloop.py", line 161, in network_retry_loop
    await do_action()
  File "C:\Users\Suhrob\ollama_chat\.venv\Lib\site-packages\telegram\ext\_utils\networkloop.py", line 154, in do_action
    action_cb_task.result()
    ~~~~~~~~~~~~~~~~~~~~~^^
  File "C:\Users\Suhrob\ollama_chat\.venv\Lib\site-packages\telegram\ext\_updater.py", line 340, in polling_action_cb
    updates = await self.bot.get_updates(
              ^^^^^^^^^^^^^^^^^^^^^^^^^^^
    ...<3 lines>...
    )
    ^
  File "C:\Users\Suhrob\ollama_chat\.venv\Lib\site-packages\telegram\ext\_extbot.py", line 672, in get_updates
    updates = await super().get_updates(
              ^^^^^^^^^^^^^^^^^^^^^^^^^^
    ...<9 lines>...
    )
    ^
  File "C:\Users\Suhrob\ollama_chat\.venv\Lib\site-packages\telegram\_bot.py", line 4865, in get_updates
    await self._post(
    ^^^^^^^^^^^^^^^^^
    ...<7 lines>...
    ),
    ^
  File "C:\Users\Suhrob\ollama_chat\.venv\Lib\site-packages\telegram\_bot.py", line 704, in _post
    return await self._do_post(
           ^^^^^^^^^^^^^^^^^^^^
    ...<6 lines>...
    )
    ^
  File "C:\Users\Suhrob\ollama_chat\.venv\Lib\site-packages\telegram\ext\_extbot.py", line 370, in _do_post
    return await super()._do_post(
           ^^^^^^^^^^^^^^^^^^^^^^^
    ...<6 lines>...
    )
    ^
  File "C:\Users\Suhrob\ollama_chat\.venv\Lib\site-packages\telegram\_bot.py", line 733, in _do_post
    result = await request.post(
             ^^^^^^^^^^^^^^^^^^^
    ...<6 lines>...
    )
    ^
  File "C:\Users\Suhrob\ollama_chat\.venv\Lib\site-packages\telegram\request\_baserequest.py", line 198, in post
    result = await self._request_wrapper(
             ^^^^^^^^^^^^^^^^^^^^^^^^^^^^
    ...<7 lines>...
    )
    ^
  File "C:\Users\Suhrob\ollama_chat\.venv\Lib\site-packages\telegram\request\_baserequest.py", line 305, in _request_wrapper
    code, payload = await self.do_request(
                    ^^^^^^^^^^^^^^^^^^^^^^
    ...<7 lines>...
    )
    ^
  File "C:\Users\Suhrob\ollama_chat\.venv\Lib\site-packages\telegram\request\_httpxrequest.py", line 303, in do_request
    raise NetworkError(f"httpx.{err.__class__.__name__}: {err}") from err
telegram.error.NetworkError: httpx.ConnectError: [Errno 11001] getaddrinfo failed
2026-05-19 13:36:19,712 | ERROR    | No error handlers are registered, logging exception.
Traceback (most recent call last):
  File "C:\Users\Suhrob\ollama_chat\.venv\Lib\site-packages\httpx\_transports\default.py", line 101, in map_httpcore_exceptions
    yield
  File "C:\Users\Suhrob\ollama_chat\.venv\Lib\site-packages\httpx\_transports\default.py", line 394, in handle_async_request
    resp = await self._pool.handle_async_request(req)
           ^^^^^^^^^^^^^^^^^^^^^^^^^^^^^^^^^^^^^^^^^^
  File "C:\Users\Suhrob\ollama_chat\.venv\Lib\site-packages\httpcore\_async\connection_pool.py", line 256, in handle_async_request
    raise exc from None
  File "C:\Users\Suhrob\ollama_chat\.venv\Lib\site-packages\httpcore\_async\connection_pool.py", line 236, in handle_async_request
    response = await connection.handle_async_request(
               ^^^^^^^^^^^^^^^^^^^^^^^^^^^^^^^^^^^^^^
        pool_request.request
        ^^^^^^^^^^^^^^^^^^^^
    )
    ^
  File "C:\Users\Suhrob\ollama_chat\.venv\Lib\site-packages\httpcore\_async\connection.py", line 101, in handle_async_request
    raise exc
  File "C:\Users\Suhrob\ollama_chat\.venv\Lib\site-packages\httpcore\_async\connection.py", line 78, in handle_async_request
    stream = await self._connect(request)
             ^^^^^^^^^^^^^^^^^^^^^^^^^^^^
  File "C:\Users\Suhrob\ollama_chat\.venv\Lib\site-packages\httpcore\_async\connection.py", line 124, in _connect
    stream = await self._network_backend.connect_tcp(**kwargs)
             ^^^^^^^^^^^^^^^^^^^^^^^^^^^^^^^^^^^^^^^^^^^^^^^^^
  File "C:\Users\Suhrob\ollama_chat\.venv\Lib\site-packages\httpcore\_backends\auto.py", line 31, in connect_tcp
    return await self._backend.connect_tcp(
           ^^^^^^^^^^^^^^^^^^^^^^^^^^^^^^^^
    ...<5 lines>...
    )
    ^
  File "C:\Users\Suhrob\ollama_chat\.venv\Lib\site-packages\httpcore\_backends\anyio.py", line 113, in connect_tcp
    with map_exceptions(exc_map):
         ~~~~~~~~~~~~~~^^^^^^^^^
  File "C:\Users\Suhrob\AppData\Local\Python\pythoncore-3.14-64\Lib\contextlib.py", line 162, in __exit__
    self.gen.throw(value)
    ~~~~~~~~~~~~~~^^^^^^^
  File "C:\Users\Suhrob\ollama_chat\.venv\Lib\site-packages\httpcore\_exceptions.py", line 14, in map_exceptions
    raise to_exc(exc) from exc
httpcore.ConnectError: [Errno 11001] getaddrinfo failed

The above exception was the direct cause of the following exception:

Traceback (most recent call last):
  File "C:\Users\Suhrob\ollama_chat\.venv\Lib\site-packages\telegram\request\_httpxrequest.py", line 279, in do_request
    res = await self._client.request(
          ^^^^^^^^^^^^^^^^^^^^^^^^^^^
    ...<6 lines>...
    )
    ^
  File "C:\Users\Suhrob\ollama_chat\.venv\Lib\site-packages\httpx\_client.py", line 1540, in request
    return await self.send(request, auth=auth, follow_redirects=follow_redirects)
           ^^^^^^^^^^^^^^^^^^^^^^^^^^^^^^^^^^^^^^^^^^^^^^^^^^^^^^^^^^^^^^^^^^^^^^
  File "C:\Users\Suhrob\ollama_chat\.venv\Lib\site-packages\httpx\_client.py", line 1629, in send
    response = await self._send_handling_auth(
               ^^^^^^^^^^^^^^^^^^^^^^^^^^^^^^^
    ...<4 lines>...
    )
    ^
  File "C:\Users\Suhrob\ollama_chat\.venv\Lib\site-packages\httpx\_client.py", line 1657, in _send_handling_auth
    response = await self._send_handling_redirects(
               ^^^^^^^^^^^^^^^^^^^^^^^^^^^^^^^^^^^^
    ...<3 lines>...
    )
    ^
  File "C:\Users\Suhrob\ollama_chat\.venv\Lib\site-packages\httpx\_client.py", line 1694, in _send_handling_redirects
    response = await self._send_single_request(request)
               ^^^^^^^^^^^^^^^^^^^^^^^^^^^^^^^^^^^^^^^^
  File "C:\Users\Suhrob\ollama_chat\.venv\Lib\site-packages\httpx\_client.py", line 1730, in _send_single_request
    response = await transport.handle_async_request(request)
               ^^^^^^^^^^^^^^^^^^^^^^^^^^^^^^^^^^^^^^^^^^^^^
  File "C:\Users\Suhrob\ollama_chat\.venv\Lib\site-packages\httpx\_transports\default.py", line 393, in handle_async_request
    with map_httpcore_exceptions():
         ~~~~~~~~~~~~~~~~~~~~~~~^^
  File "C:\Users\Suhrob\AppData\Local\Python\pythoncore-3.14-64\Lib\contextlib.py", line 162, in __exit__
    self.gen.throw(value)
    ~~~~~~~~~~~~~~^^^^^^^
  File "C:\Users\Suhrob\ollama_chat\.venv\Lib\site-packages\httpx\_transports\default.py", line 118, in map_httpcore_exceptions
    raise mapped_exc(message) from exc
httpx.ConnectError: [Errno 11001] getaddrinfo failed

The above exception was the direct cause of the following exception:

Traceback (most recent call last):
  File "C:\Users\Suhrob\ollama_chat\.venv\Lib\site-packages\telegram\ext\_utils\networkloop.py", line 161, in network_retry_loop
    await do_action()
  File "C:\Users\Suhrob\ollama_chat\.venv\Lib\site-packages\telegram\ext\_utils\networkloop.py", line 154, in do_action
    action_cb_task.result()
    ~~~~~~~~~~~~~~~~~~~~~^^
  File "C:\Users\Suhrob\ollama_chat\.venv\Lib\site-packages\telegram\ext\_updater.py", line 340, in polling_action_cb
    updates = await self.bot.get_updates(
              ^^^^^^^^^^^^^^^^^^^^^^^^^^^
    ...<3 lines>...
    )
    ^
  File "C:\Users\Suhrob\ollama_chat\.venv\Lib\site-packages\telegram\ext\_extbot.py", line 672, in get_updates
    updates = await super().get_updates(
              ^^^^^^^^^^^^^^^^^^^^^^^^^^
    ...<9 lines>...
    )
    ^
  File "C:\Users\Suhrob\ollama_chat\.venv\Lib\site-packages\telegram\_bot.py", line 4865, in get_updates
    await self._post(
    ^^^^^^^^^^^^^^^^^
    ...<7 lines>...
    ),
    ^
  File "C:\Users\Suhrob\ollama_chat\.venv\Lib\site-packages\telegram\_bot.py", line 704, in _post
    return await self._do_post(
           ^^^^^^^^^^^^^^^^^^^^
    ...<6 lines>...
    )
    ^
  File "C:\Users\Suhrob\ollama_chat\.venv\Lib\site-packages\telegram\ext\_extbot.py", line 370, in _do_post
    return await super()._do_post(
           ^^^^^^^^^^^^^^^^^^^^^^^
    ...<6 lines>...
    )
    ^
  File "C:\Users\Suhrob\ollama_chat\.venv\Lib\site-packages\telegram\_bot.py", line 733, in _do_post
    result = await request.post(
             ^^^^^^^^^^^^^^^^^^^
    ...<6 lines>...
    )
    ^
  File "C:\Users\Suhrob\ollama_chat\.venv\Lib\site-packages\telegram\request\_baserequest.py", line 198, in post
    result = await self._request_wrapper(
             ^^^^^^^^^^^^^^^^^^^^^^^^^^^^
    ...<7 lines>...
    )
    ^
  File "C:\Users\Suhrob\ollama_chat\.venv\Lib\site-packages\telegram\request\_baserequest.py", line 305, in _request_wrapper
    code, payload = await self.do_request(
                    ^^^^^^^^^^^^^^^^^^^^^^
    ...<7 lines>...
    )
    ^
  File "C:\Users\Suhrob\ollama_chat\.venv\Lib\site-packages\telegram\request\_httpxrequest.py", line 303, in do_request
    raise NetworkError(f"httpx.{err.__class__.__name__}: {err}") from err
telegram.error.NetworkError: httpx.ConnectError: [Errno 11001] getaddrinfo failed
2026-05-19 13:36:27,316 | ERROR    | No error handlers are registered, logging exception.
Traceback (most recent call last):
  File "C:\Users\Suhrob\ollama_chat\.venv\Lib\site-packages\httpx\_transports\default.py", line 101, in map_httpcore_exceptions
    yield
  File "C:\Users\Suhrob\ollama_chat\.venv\Lib\site-packages\httpx\_transports\default.py", line 394, in handle_async_request
    resp = await self._pool.handle_async_request(req)
           ^^^^^^^^^^^^^^^^^^^^^^^^^^^^^^^^^^^^^^^^^^
  File "C:\Users\Suhrob\ollama_chat\.venv\Lib\site-packages\httpcore\_async\connection_pool.py", line 256, in handle_async_request
    raise exc from None
  File "C:\Users\Suhrob\ollama_chat\.venv\Lib\site-packages\httpcore\_async\connection_pool.py", line 236, in handle_async_request
    response = await connection.handle_async_request(
               ^^^^^^^^^^^^^^^^^^^^^^^^^^^^^^^^^^^^^^
        pool_request.request
        ^^^^^^^^^^^^^^^^^^^^
    )
    ^
  File "C:\Users\Suhrob\ollama_chat\.venv\Lib\site-packages\httpcore\_async\connection.py", line 101, in handle_async_request
    raise exc
  File "C:\Users\Suhrob\ollama_chat\.venv\Lib\site-packages\httpcore\_async\connection.py", line 78, in handle_async_request
    stream = await self._connect(request)
             ^^^^^^^^^^^^^^^^^^^^^^^^^^^^
  File "C:\Users\Suhrob\ollama_chat\.venv\Lib\site-packages\httpcore\_async\connection.py", line 124, in _connect
    stream = await self._network_backend.connect_tcp(**kwargs)
             ^^^^^^^^^^^^^^^^^^^^^^^^^^^^^^^^^^^^^^^^^^^^^^^^^
  File "C:\Users\Suhrob\ollama_chat\.venv\Lib\site-packages\httpcore\_backends\auto.py", line 31, in connect_tcp
    return await self._backend.connect_tcp(
           ^^^^^^^^^^^^^^^^^^^^^^^^^^^^^^^^
    ...<5 lines>...
    )
    ^
  File "C:\Users\Suhrob\ollama_chat\.venv\Lib\site-packages\httpcore\_backends\anyio.py", line 113, in connect_tcp
    with map_exceptions(exc_map):
         ~~~~~~~~~~~~~~^^^^^^^^^
  File "C:\Users\Suhrob\AppData\Local\Python\pythoncore-3.14-64\Lib\contextlib.py", line 162, in __exit__
    self.gen.throw(value)
    ~~~~~~~~~~~~~~^^^^^^^
  File "C:\Users\Suhrob\ollama_chat\.venv\Lib\site-packages\httpcore\_exceptions.py", line 14, in map_exceptions
    raise to_exc(exc) from exc
httpcore.ConnectError: [Errno 11001] getaddrinfo failed

The above exception was the direct cause of the following exception:

Traceback (most recent call last):
  File "C:\Users\Suhrob\ollama_chat\.venv\Lib\site-packages\telegram\request\_httpxrequest.py", line 279, in do_request
    res = await self._client.request(
          ^^^^^^^^^^^^^^^^^^^^^^^^^^^
    ...<6 lines>...
    )
    ^
  File "C:\Users\Suhrob\ollama_chat\.venv\Lib\site-packages\httpx\_client.py", line 1540, in request
    return await self.send(request, auth=auth, follow_redirects=follow_redirects)
           ^^^^^^^^^^^^^^^^^^^^^^^^^^^^^^^^^^^^^^^^^^^^^^^^^^^^^^^^^^^^^^^^^^^^^^
  File "C:\Users\Suhrob\ollama_chat\.venv\Lib\site-packages\httpx\_client.py", line 1629, in send
    response = await self._send_handling_auth(
               ^^^^^^^^^^^^^^^^^^^^^^^^^^^^^^^
    ...<4 lines>...
    )
    ^
  File "C:\Users\Suhrob\ollama_chat\.venv\Lib\site-packages\httpx\_client.py", line 1657, in _send_handling_auth
    response = await self._send_handling_redirects(
               ^^^^^^^^^^^^^^^^^^^^^^^^^^^^^^^^^^^^
    ...<3 lines>...
    )
    ^
  File "C:\Users\Suhrob\ollama_chat\.venv\Lib\site-packages\httpx\_client.py", line 1694, in _send_handling_redirects
    response = await self._send_single_request(request)
               ^^^^^^^^^^^^^^^^^^^^^^^^^^^^^^^^^^^^^^^^
  File "C:\Users\Suhrob\ollama_chat\.venv\Lib\site-packages\httpx\_client.py", line 1730, in _send_single_request
    response = await transport.handle_async_request(request)
               ^^^^^^^^^^^^^^^^^^^^^^^^^^^^^^^^^^^^^^^^^^^^^
  File "C:\Users\Suhrob\ollama_chat\.venv\Lib\site-packages\httpx\_transports\default.py", line 393, in handle_async_request
    with map_httpcore_exceptions():
         ~~~~~~~~~~~~~~~~~~~~~~~^^
  File "C:\Users\Suhrob\AppData\Local\Python\pythoncore-3.14-64\Lib\contextlib.py", line 162, in __exit__
    self.gen.throw(value)
    ~~~~~~~~~~~~~~^^^^^^^
  File "C:\Users\Suhrob\ollama_chat\.venv\Lib\site-packages\httpx\_transports\default.py", line 118, in map_httpcore_exceptions
    raise mapped_exc(message) from exc
httpx.ConnectError: [Errno 11001] getaddrinfo failed

The above exception was the direct cause of the following exception:

Traceback (most recent call last):
  File "C:\Users\Suhrob\ollama_chat\.venv\Lib\site-packages\telegram\ext\_utils\networkloop.py", line 161, in network_retry_loop
    await do_action()
  File "C:\Users\Suhrob\ollama_chat\.venv\Lib\site-packages\telegram\ext\_utils\networkloop.py", line 154, in do_action
    action_cb_task.result()
    ~~~~~~~~~~~~~~~~~~~~~^^
  File "C:\Users\Suhrob\ollama_chat\.venv\Lib\site-packages\telegram\ext\_updater.py", line 340, in polling_action_cb
    updates = await self.bot.get_updates(
              ^^^^^^^^^^^^^^^^^^^^^^^^^^^
    ...<3 lines>...
    )
    ^
  File "C:\Users\Suhrob\ollama_chat\.venv\Lib\site-packages\telegram\ext\_extbot.py", line 672, in get_updates
    updates = await super().get_updates(
              ^^^^^^^^^^^^^^^^^^^^^^^^^^
    ...<9 lines>...
    )
    ^
  File "C:\Users\Suhrob\ollama_chat\.venv\Lib\site-packages\telegram\_bot.py", line 4865, in get_updates
    await self._post(
    ^^^^^^^^^^^^^^^^^
    ...<7 lines>...
    ),
    ^
  File "C:\Users\Suhrob\ollama_chat\.venv\Lib\site-packages\telegram\_bot.py", line 704, in _post
    return await self._do_post(
           ^^^^^^^^^^^^^^^^^^^^
    ...<6 lines>...
    )
    ^
  File "C:\Users\Suhrob\ollama_chat\.venv\Lib\site-packages\telegram\ext\_extbot.py", line 370, in _do_post
    return await super()._do_post(
           ^^^^^^^^^^^^^^^^^^^^^^^
    ...<6 lines>...
    )
    ^
  File "C:\Users\Suhrob\ollama_chat\.venv\Lib\site-packages\telegram\_bot.py", line 733, in _do_post
    result = await request.post(
             ^^^^^^^^^^^^^^^^^^^
    ...<6 lines>...
    )
    ^
  File "C:\Users\Suhrob\ollama_chat\.venv\Lib\site-packages\telegram\request\_baserequest.py", line 198, in post
    result = await self._request_wrapper(
             ^^^^^^^^^^^^^^^^^^^^^^^^^^^^
    ...<7 lines>...
    )
    ^
  File "C:\Users\Suhrob\ollama_chat\.venv\Lib\site-packages\telegram\request\_baserequest.py", line 305, in _request_wrapper
    code, payload = await self.do_request(
                    ^^^^^^^^^^^^^^^^^^^^^^
    ...<7 lines>...
    )
    ^
  File "C:\Users\Suhrob\ollama_chat\.venv\Lib\site-packages\telegram\request\_httpxrequest.py", line 303, in do_request
    raise NetworkError(f"httpx.{err.__class__.__name__}: {err}") from err
telegram.error.NetworkError: httpx.ConnectError: [Errno 11001] getaddrinfo failed
2026-05-19 13:36:38,722 | ERROR    | No error handlers are registered, logging exception.
Traceback (most recent call last):
  File "C:\Users\Suhrob\ollama_chat\.venv\Lib\site-packages\httpx\_transports\default.py", line 101, in map_httpcore_exceptions
    yield
  File "C:\Users\Suhrob\ollama_chat\.venv\Lib\site-packages\httpx\_transports\default.py", line 394, in handle_async_request
    resp = await self._pool.handle_async_request(req)
           ^^^^^^^^^^^^^^^^^^^^^^^^^^^^^^^^^^^^^^^^^^
  File "C:\Users\Suhrob\ollama_chat\.venv\Lib\site-packages\httpcore\_async\connection_pool.py", line 256, in handle_async_request
    raise exc from None
  File "C:\Users\Suhrob\ollama_chat\.venv\Lib\site-packages\httpcore\_async\connection_pool.py", line 236, in handle_async_request
    response = await connection.handle_async_request(
               ^^^^^^^^^^^^^^^^^^^^^^^^^^^^^^^^^^^^^^
        pool_request.request
        ^^^^^^^^^^^^^^^^^^^^
    )
    ^
  File "C:\Users\Suhrob\ollama_chat\.venv\Lib\site-packages\httpcore\_async\connection.py", line 101, in handle_async_request
    raise exc
  File "C:\Users\Suhrob\ollama_chat\.venv\Lib\site-packages\httpcore\_async\connection.py", line 78, in handle_async_request
    stream = await self._connect(request)
             ^^^^^^^^^^^^^^^^^^^^^^^^^^^^
  File "C:\Users\Suhrob\ollama_chat\.venv\Lib\site-packages\httpcore\_async\connection.py", line 124, in _connect
    stream = await self._network_backend.connect_tcp(**kwargs)
             ^^^^^^^^^^^^^^^^^^^^^^^^^^^^^^^^^^^^^^^^^^^^^^^^^
  File "C:\Users\Suhrob\ollama_chat\.venv\Lib\site-packages\httpcore\_backends\auto.py", line 31, in connect_tcp
    return await self._backend.connect_tcp(
           ^^^^^^^^^^^^^^^^^^^^^^^^^^^^^^^^
    ...<5 lines>...
    )
    ^
  File "C:\Users\Suhrob\ollama_chat\.venv\Lib\site-packages\httpcore\_backends\anyio.py", line 113, in connect_tcp
    with map_exceptions(exc_map):
         ~~~~~~~~~~~~~~^^^^^^^^^
  File "C:\Users\Suhrob\AppData\Local\Python\pythoncore-3.14-64\Lib\contextlib.py", line 162, in __exit__
    self.gen.throw(value)
    ~~~~~~~~~~~~~~^^^^^^^
  File "C:\Users\Suhrob\ollama_chat\.venv\Lib\site-packages\httpcore\_exceptions.py", line 14, in map_exceptions
    raise to_exc(exc) from exc
httpcore.ConnectError: [Errno 11001] getaddrinfo failed

The above exception was the direct cause of the following exception:

Traceback (most recent call last):
  File "C:\Users\Suhrob\ollama_chat\.venv\Lib\site-packages\telegram\request\_httpxrequest.py", line 279, in do_request
    res = await self._client.request(
          ^^^^^^^^^^^^^^^^^^^^^^^^^^^
    ...<6 lines>...
    )
    ^
  File "C:\Users\Suhrob\ollama_chat\.venv\Lib\site-packages\httpx\_client.py", line 1540, in request
    return await self.send(request, auth=auth, follow_redirects=follow_redirects)
           ^^^^^^^^^^^^^^^^^^^^^^^^^^^^^^^^^^^^^^^^^^^^^^^^^^^^^^^^^^^^^^^^^^^^^^
  File "C:\Users\Suhrob\ollama_chat\.venv\Lib\site-packages\httpx\_client.py", line 1629, in send
    response = await self._send_handling_auth(
               ^^^^^^^^^^^^^^^^^^^^^^^^^^^^^^^
    ...<4 lines>...
    )
    ^
  File "C:\Users\Suhrob\ollama_chat\.venv\Lib\site-packages\httpx\_client.py", line 1657, in _send_handling_auth
    response = await self._send_handling_redirects(
               ^^^^^^^^^^^^^^^^^^^^^^^^^^^^^^^^^^^^
    ...<3 lines>...
    )
    ^
  File "C:\Users\Suhrob\ollama_chat\.venv\Lib\site-packages\httpx\_client.py", line 1694, in _send_handling_redirects
    response = await self._send_single_request(request)
               ^^^^^^^^^^^^^^^^^^^^^^^^^^^^^^^^^^^^^^^^
  File "C:\Users\Suhrob\ollama_chat\.venv\Lib\site-packages\httpx\_client.py", line 1730, in _send_single_request
    response = await transport.handle_async_request(request)
               ^^^^^^^^^^^^^^^^^^^^^^^^^^^^^^^^^^^^^^^^^^^^^
  File "C:\Users\Suhrob\ollama_chat\.venv\Lib\site-packages\httpx\_transports\default.py", line 393, in handle_async_request
    with map_httpcore_exceptions():
         ~~~~~~~~~~~~~~~~~~~~~~~^^
  File "C:\Users\Suhrob\AppData\Local\Python\pythoncore-3.14-64\Lib\contextlib.py", line 162, in __exit__
    self.gen.throw(value)
    ~~~~~~~~~~~~~~^^^^^^^
  File "C:\Users\Suhrob\ollama_chat\.venv\Lib\site-packages\httpx\_transports\default.py", line 118, in map_httpcore_exceptions
    raise mapped_exc(message) from exc
httpx.ConnectError: [Errno 11001] getaddrinfo failed

The above exception was the direct cause of the following exception:

Traceback (most recent call last):
  File "C:\Users\Suhrob\ollama_chat\.venv\Lib\site-packages\telegram\ext\_utils\networkloop.py", line 161, in network_retry_loop
    await do_action()
  File "C:\Users\Suhrob\ollama_chat\.venv\Lib\site-packages\telegram\ext\_utils\networkloop.py", line 154, in do_action
    action_cb_task.result()
    ~~~~~~~~~~~~~~~~~~~~~^^
  File "C:\Users\Suhrob\ollama_chat\.venv\Lib\site-packages\telegram\ext\_updater.py", line 340, in polling_action_cb
    updates = await self.bot.get_updates(
              ^^^^^^^^^^^^^^^^^^^^^^^^^^^
    ...<3 lines>...
    )
    ^
  File "C:\Users\Suhrob\ollama_chat\.venv\Lib\site-packages\telegram\ext\_extbot.py", line 672, in get_updates
    updates = await super().get_updates(
              ^^^^^^^^^^^^^^^^^^^^^^^^^^
    ...<9 lines>...
    )
    ^
  File "C:\Users\Suhrob\ollama_chat\.venv\Lib\site-packages\telegram\_bot.py", line 4865, in get_updates
    await self._post(
    ^^^^^^^^^^^^^^^^^
    ...<7 lines>...
    ),
    ^
  File "C:\Users\Suhrob\ollama_chat\.venv\Lib\site-packages\telegram\_bot.py", line 704, in _post
    return await self._do_post(
           ^^^^^^^^^^^^^^^^^^^^
    ...<6 lines>...
    )
    ^
  File "C:\Users\Suhrob\ollama_chat\.venv\Lib\site-packages\telegram\ext\_extbot.py", line 370, in _do_post
    return await super()._do_post(
           ^^^^^^^^^^^^^^^^^^^^^^^
    ...<6 lines>...
    )
    ^
  File "C:\Users\Suhrob\ollama_chat\.venv\Lib\site-packages\telegram\_bot.py", line 733, in _do_post
    result = await request.post(
             ^^^^^^^^^^^^^^^^^^^
    ...<6 lines>...
    )
    ^
  File "C:\Users\Suhrob\ollama_chat\.venv\Lib\site-packages\telegram\request\_baserequest.py", line 198, in post
    result = await self._request_wrapper(
             ^^^^^^^^^^^^^^^^^^^^^^^^^^^^
    ...<7 lines>...
    )
    ^
  File "C:\Users\Suhrob\ollama_chat\.venv\Lib\site-packages\telegram\request\_baserequest.py", line 305, in _request_wrapper
    code, payload = await self.do_request(
                    ^^^^^^^^^^^^^^^^^^^^^^
    ...<7 lines>...
    )
    ^
  File "C:\Users\Suhrob\ollama_chat\.venv\Lib\site-packages\telegram\request\_httpxrequest.py", line 303, in do_request
    raise NetworkError(f"httpx.{err.__class__.__name__}: {err}") from err
telegram.error.NetworkError: httpx.ConnectError: [Errno 11001] getaddrinfo failed
2026-05-19 13:36:55,824 | ERROR    | No error handlers are registered, logging exception.
Traceback (most recent call last):
  File "C:\Users\Suhrob\ollama_chat\.venv\Lib\site-packages\httpx\_transports\default.py", line 101, in map_httpcore_exceptions
    yield
  File "C:\Users\Suhrob\ollama_chat\.venv\Lib\site-packages\httpx\_transports\default.py", line 394, in handle_async_request
    resp = await self._pool.handle_async_request(req)
           ^^^^^^^^^^^^^^^^^^^^^^^^^^^^^^^^^^^^^^^^^^
  File "C:\Users\Suhrob\ollama_chat\.venv\Lib\site-packages\httpcore\_async\connection_pool.py", line 256, in handle_async_request
    raise exc from None
  File "C:\Users\Suhrob\ollama_chat\.venv\Lib\site-packages\httpcore\_async\connection_pool.py", line 236, in handle_async_request
    response = await connection.handle_async_request(
               ^^^^^^^^^^^^^^^^^^^^^^^^^^^^^^^^^^^^^^
        pool_request.request
        ^^^^^^^^^^^^^^^^^^^^
    )
    ^
  File "C:\Users\Suhrob\ollama_chat\.venv\Lib\site-packages\httpcore\_async\connection.py", line 101, in handle_async_request
    raise exc
  File "C:\Users\Suhrob\ollama_chat\.venv\Lib\site-packages\httpcore\_async\connection.py", line 78, in handle_async_request
    stream = await self._connect(request)
             ^^^^^^^^^^^^^^^^^^^^^^^^^^^^
  File "C:\Users\Suhrob\ollama_chat\.venv\Lib\site-packages\httpcore\_async\connection.py", line 124, in _connect
    stream = await self._network_backend.connect_tcp(**kwargs)
             ^^^^^^^^^^^^^^^^^^^^^^^^^^^^^^^^^^^^^^^^^^^^^^^^^
  File "C:\Users\Suhrob\ollama_chat\.venv\Lib\site-packages\httpcore\_backends\auto.py", line 31, in connect_tcp
    return await self._backend.connect_tcp(
           ^^^^^^^^^^^^^^^^^^^^^^^^^^^^^^^^
    ...<5 lines>...
    )
    ^
  File "C:\Users\Suhrob\ollama_chat\.venv\Lib\site-packages\httpcore\_backends\anyio.py", line 113, in connect_tcp
    with map_exceptions(exc_map):
         ~~~~~~~~~~~~~~^^^^^^^^^
  File "C:\Users\Suhrob\AppData\Local\Python\pythoncore-3.14-64\Lib\contextlib.py", line 162, in __exit__
    self.gen.throw(value)
    ~~~~~~~~~~~~~~^^^^^^^
  File "C:\Users\Suhrob\ollama_chat\.venv\Lib\site-packages\httpcore\_exceptions.py", line 14, in map_exceptions
    raise to_exc(exc) from exc
httpcore.ConnectError: [Errno 11001] getaddrinfo failed

The above exception was the direct cause of the following exception:

Traceback (most recent call last):
  File "C:\Users\Suhrob\ollama_chat\.venv\Lib\site-packages\telegram\request\_httpxrequest.py", line 279, in do_request
    res = await self._client.request(
          ^^^^^^^^^^^^^^^^^^^^^^^^^^^
    ...<6 lines>...
    )
    ^
  File "C:\Users\Suhrob\ollama_chat\.venv\Lib\site-packages\httpx\_client.py", line 1540, in request
    return await self.send(request, auth=auth, follow_redirects=follow_redirects)
           ^^^^^^^^^^^^^^^^^^^^^^^^^^^^^^^^^^^^^^^^^^^^^^^^^^^^^^^^^^^^^^^^^^^^^^
  File "C:\Users\Suhrob\ollama_chat\.venv\Lib\site-packages\httpx\_client.py", line 1629, in send
    response = await self._send_handling_auth(
               ^^^^^^^^^^^^^^^^^^^^^^^^^^^^^^^
    ...<4 lines>...
    )
    ^
  File "C:\Users\Suhrob\ollama_chat\.venv\Lib\site-packages\httpx\_client.py", line 1657, in _send_handling_auth
    response = await self._send_handling_redirects(
               ^^^^^^^^^^^^^^^^^^^^^^^^^^^^^^^^^^^^
    ...<3 lines>...
    )
    ^
  File "C:\Users\Suhrob\ollama_chat\.venv\Lib\site-packages\httpx\_client.py", line 1694, in _send_handling_redirects
    response = await self._send_single_request(request)
               ^^^^^^^^^^^^^^^^^^^^^^^^^^^^^^^^^^^^^^^^
  File "C:\Users\Suhrob\ollama_chat\.venv\Lib\site-packages\httpx\_client.py", line 1730, in _send_single_request
    response = await transport.handle_async_request(request)
               ^^^^^^^^^^^^^^^^^^^^^^^^^^^^^^^^^^^^^^^^^^^^^
  File "C:\Users\Suhrob\ollama_chat\.venv\Lib\site-packages\httpx\_transports\default.py", line 393, in handle_async_request
    with map_httpcore_exceptions():
         ~~~~~~~~~~~~~~~~~~~~~~~^^
  File "C:\Users\Suhrob\AppData\Local\Python\pythoncore-3.14-64\Lib\contextlib.py", line 162, in __exit__
    self.gen.throw(value)
    ~~~~~~~~~~~~~~^^^^^^^
  File "C:\Users\Suhrob\ollama_chat\.venv\Lib\site-packages\httpx\_transports\default.py", line 118, in map_httpcore_exceptions
    raise mapped_exc(message) from exc
httpx.ConnectError: [Errno 11001] getaddrinfo failed

The above exception was the direct cause of the following exception:

Traceback (most recent call last):
  File "C:\Users\Suhrob\ollama_chat\.venv\Lib\site-packages\telegram\ext\_utils\networkloop.py", line 161, in network_retry_loop
    await do_action()
  File "C:\Users\Suhrob\ollama_chat\.venv\Lib\site-packages\telegram\ext\_utils\networkloop.py", line 154, in do_action
    action_cb_task.result()
    ~~~~~~~~~~~~~~~~~~~~~^^
  File "C:\Users\Suhrob\ollama_chat\.venv\Lib\site-packages\telegram\ext\_updater.py", line 340, in polling_action_cb
    updates = await self.bot.get_updates(
              ^^^^^^^^^^^^^^^^^^^^^^^^^^^
    ...<3 lines>...
    )
    ^
  File "C:\Users\Suhrob\ollama_chat\.venv\Lib\site-packages\telegram\ext\_extbot.py", line 672, in get_updates
    updates = await super().get_updates(
              ^^^^^^^^^^^^^^^^^^^^^^^^^^
    ...<9 lines>...
    )
    ^
  File "C:\Users\Suhrob\ollama_chat\.venv\Lib\site-packages\telegram\_bot.py", line 4865, in get_updates
    await self._post(
    ^^^^^^^^^^^^^^^^^
    ...<7 lines>...
    ),
    ^
  File "C:\Users\Suhrob\ollama_chat\.venv\Lib\site-packages\telegram\_bot.py", line 704, in _post
    return await self._do_post(
           ^^^^^^^^^^^^^^^^^^^^
    ...<6 lines>...
    )
    ^
  File "C:\Users\Suhrob\ollama_chat\.venv\Lib\site-packages\telegram\ext\_extbot.py", line 370, in _do_post
    return await super()._do_post(
           ^^^^^^^^^^^^^^^^^^^^^^^
    ...<6 lines>...
    )
    ^
  File "C:\Users\Suhrob\ollama_chat\.venv\Lib\site-packages\telegram\_bot.py", line 733, in _do_post
    result = await request.post(
             ^^^^^^^^^^^^^^^^^^^
    ...<6 lines>...
    )
    ^
  File "C:\Users\Suhrob\ollama_chat\.venv\Lib\site-packages\telegram\request\_baserequest.py", line 198, in post
    result = await self._request_wrapper(
             ^^^^^^^^^^^^^^^^^^^^^^^^^^^^
    ...<7 lines>...
    )
    ^
  File "C:\Users\Suhrob\ollama_chat\.venv\Lib\site-packages\telegram\request\_baserequest.py", line 305, in _request_wrapper
    code, payload = await self.do_request(
                    ^^^^^^^^^^^^^^^^^^^^^^
    ...<7 lines>...
    )
    ^
  File "C:\Users\Suhrob\ollama_chat\.venv\Lib\site-packages\telegram\request\_httpxrequest.py", line 303, in do_request
    raise NetworkError(f"httpx.{err.__class__.__name__}: {err}") from err
telegram.error.NetworkError: httpx.ConnectError: [Errno 11001] getaddrinfo failed
2026-05-19 13:37:21,470 | ERROR    | No error handlers are registered, logging exception.
Traceback (most recent call last):
  File "C:\Users\Suhrob\ollama_chat\.venv\Lib\site-packages\httpx\_transports\default.py", line 101, in map_httpcore_exceptions
    yield
  File "C:\Users\Suhrob\ollama_chat\.venv\Lib\site-packages\httpx\_transports\default.py", line 394, in handle_async_request
    resp = await self._pool.handle_async_request(req)
           ^^^^^^^^^^^^^^^^^^^^^^^^^^^^^^^^^^^^^^^^^^
  File "C:\Users\Suhrob\ollama_chat\.venv\Lib\site-packages\httpcore\_async\connection_pool.py", line 256, in handle_async_request
    raise exc from None
  File "C:\Users\Suhrob\ollama_chat\.venv\Lib\site-packages\httpcore\_async\connection_pool.py", line 236, in handle_async_request
    response = await connection.handle_async_request(
               ^^^^^^^^^^^^^^^^^^^^^^^^^^^^^^^^^^^^^^
        pool_request.request
        ^^^^^^^^^^^^^^^^^^^^
    )
    ^
  File "C:\Users\Suhrob\ollama_chat\.venv\Lib\site-packages\httpcore\_async\connection.py", line 101, in handle_async_request
    raise exc
  File "C:\Users\Suhrob\ollama_chat\.venv\Lib\site-packages\httpcore\_async\connection.py", line 78, in handle_async_request
    stream = await self._connect(request)
             ^^^^^^^^^^^^^^^^^^^^^^^^^^^^
  File "C:\Users\Suhrob\ollama_chat\.venv\Lib\site-packages\httpcore\_async\connection.py", line 124, in _connect
    stream = await self._network_backend.connect_tcp(**kwargs)
             ^^^^^^^^^^^^^^^^^^^^^^^^^^^^^^^^^^^^^^^^^^^^^^^^^
  File "C:\Users\Suhrob\ollama_chat\.venv\Lib\site-packages\httpcore\_backends\auto.py", line 31, in connect_tcp
    return await self._backend.connect_tcp(
           ^^^^^^^^^^^^^^^^^^^^^^^^^^^^^^^^
    ...<5 lines>...
    )
    ^
  File "C:\Users\Suhrob\ollama_chat\.venv\Lib\site-packages\httpcore\_backends\anyio.py", line 113, in connect_tcp
    with map_exceptions(exc_map):
         ~~~~~~~~~~~~~~^^^^^^^^^
  File "C:\Users\Suhrob\AppData\Local\Python\pythoncore-3.14-64\Lib\contextlib.py", line 162, in __exit__
    self.gen.throw(value)
    ~~~~~~~~~~~~~~^^^^^^^
  File "C:\Users\Suhrob\ollama_chat\.venv\Lib\site-packages\httpcore\_exceptions.py", line 14, in map_exceptions
    raise to_exc(exc) from exc
httpcore.ConnectError: [Errno 11001] getaddrinfo failed

The above exception was the direct cause of the following exception:

Traceback (most recent call last):
  File "C:\Users\Suhrob\ollama_chat\.venv\Lib\site-packages\telegram\request\_httpxrequest.py", line 279, in do_request
    res = await self._client.request(
          ^^^^^^^^^^^^^^^^^^^^^^^^^^^
    ...<6 lines>...
    )
    ^
  File "C:\Users\Suhrob\ollama_chat\.venv\Lib\site-packages\httpx\_client.py", line 1540, in request
    return await self.send(request, auth=auth, follow_redirects=follow_redirects)
           ^^^^^^^^^^^^^^^^^^^^^^^^^^^^^^^^^^^^^^^^^^^^^^^^^^^^^^^^^^^^^^^^^^^^^^
  File "C:\Users\Suhrob\ollama_chat\.venv\Lib\site-packages\httpx\_client.py", line 1629, in send
    response = await self._send_handling_auth(
               ^^^^^^^^^^^^^^^^^^^^^^^^^^^^^^^
    ...<4 lines>...
    )
    ^
  File "C:\Users\Suhrob\ollama_chat\.venv\Lib\site-packages\httpx\_client.py", line 1657, in _send_handling_auth
    response = await self._send_handling_redirects(
               ^^^^^^^^^^^^^^^^^^^^^^^^^^^^^^^^^^^^
    ...<3 lines>...
    )
    ^
  File "C:\Users\Suhrob\ollama_chat\.venv\Lib\site-packages\httpx\_client.py", line 1694, in _send_handling_redirects
    response = await self._send_single_request(request)
               ^^^^^^^^^^^^^^^^^^^^^^^^^^^^^^^^^^^^^^^^
  File "C:\Users\Suhrob\ollama_chat\.venv\Lib\site-packages\httpx\_client.py", line 1730, in _send_single_request
    response = await transport.handle_async_request(request)
               ^^^^^^^^^^^^^^^^^^^^^^^^^^^^^^^^^^^^^^^^^^^^^
  File "C:\Users\Suhrob\ollama_chat\.venv\Lib\site-packages\httpx\_transports\default.py", line 393, in handle_async_request
    with map_httpcore_exceptions():
         ~~~~~~~~~~~~~~~~~~~~~~~^^
  File "C:\Users\Suhrob\AppData\Local\Python\pythoncore-3.14-64\Lib\contextlib.py", line 162, in __exit__
    self.gen.throw(value)
    ~~~~~~~~~~~~~~^^^^^^^
  File "C:\Users\Suhrob\ollama_chat\.venv\Lib\site-packages\httpx\_transports\default.py", line 118, in map_httpcore_exceptions
    raise mapped_exc(message) from exc
httpx.ConnectError: [Errno 11001] getaddrinfo failed

The above exception was the direct cause of the following exception:

Traceback (most recent call last):
  File "C:\Users\Suhrob\ollama_chat\.venv\Lib\site-packages\telegram\ext\_utils\networkloop.py", line 161, in network_retry_loop
    await do_action()
  File "C:\Users\Suhrob\ollama_chat\.venv\Lib\site-packages\telegram\ext\_utils\networkloop.py", line 154, in do_action
    action_cb_task.result()
    ~~~~~~~~~~~~~~~~~~~~~^^
  File "C:\Users\Suhrob\ollama_chat\.venv\Lib\site-packages\telegram\ext\_updater.py", line 340, in polling_action_cb
    updates = await self.bot.get_updates(
              ^^^^^^^^^^^^^^^^^^^^^^^^^^^
    ...<3 lines>...
    )
    ^
  File "C:\Users\Suhrob\ollama_chat\.venv\Lib\site-packages\telegram\ext\_extbot.py", line 672, in get_updates
    updates = await super().get_updates(
              ^^^^^^^^^^^^^^^^^^^^^^^^^^
    ...<9 lines>...
    )
    ^
  File "C:\Users\Suhrob\ollama_chat\.venv\Lib\site-packages\telegram\_bot.py", line 4865, in get_updates
    await self._post(
    ^^^^^^^^^^^^^^^^^
    ...<7 lines>...
    ),
    ^
  File "C:\Users\Suhrob\ollama_chat\.venv\Lib\site-packages\telegram\_bot.py", line 704, in _post
    return await self._do_post(
           ^^^^^^^^^^^^^^^^^^^^
    ...<6 lines>...
    )
    ^
  File "C:\Users\Suhrob\ollama_chat\.venv\Lib\site-packages\telegram\ext\_extbot.py", line 370, in _do_post
    return await super()._do_post(
           ^^^^^^^^^^^^^^^^^^^^^^^
    ...<6 lines>...
    )
    ^
  File "C:\Users\Suhrob\ollama_chat\.venv\Lib\site-packages\telegram\_bot.py", line 733, in _do_post
    result = await request.post(
             ^^^^^^^^^^^^^^^^^^^
    ...<6 lines>...
    )
    ^
  File "C:\Users\Suhrob\ollama_chat\.venv\Lib\site-packages\telegram\request\_baserequest.py", line 198, in post
    result = await self._request_wrapper(
             ^^^^^^^^^^^^^^^^^^^^^^^^^^^^
    ...<7 lines>...
    )
    ^
  File "C:\Users\Suhrob\ollama_chat\.venv\Lib\site-packages\telegram\request\_baserequest.py", line 305, in _request_wrapper
    code, payload = await self.do_request(
                    ^^^^^^^^^^^^^^^^^^^^^^
    ...<7 lines>...
    )
    ^
  File "C:\Users\Suhrob\ollama_chat\.venv\Lib\site-packages\telegram\request\_httpxrequest.py", line 303, in do_request
    raise NetworkError(f"httpx.{err.__class__.__name__}: {err}") from err
telegram.error.NetworkError: httpx.ConnectError: [Errno 11001] getaddrinfo failed
2026-05-19 13:37:52,131 | INFO     | HTTP Request: POST https://api.telegram.org/bot8223900828:AAGNG00joY9NKJRy9RnQSFq0St6kq9cZnCs/getUpdates "HTTP/1.1 200 OK"
2026-05-19 13:37:52,876 | INFO     | HTTP Request: POST https://api.telegram.org/bot8223900828:AAGNG00joY9NKJRy9RnQSFq0St6kq9cZnCs/sendMessage "HTTP/1.1 200 OK"
2026-05-19 13:38:02,324 | INFO     | HTTP Request: POST https://api.telegram.org/bot8223900828:AAGNG00joY9NKJRy9RnQSFq0St6kq9cZnCs/getUpdates "HTTP/1.1 200 OK"
2026-05-19 13:38:12,471 | INFO     | HTTP Request: POST https://api.telegram.org/bot8223900828:AAGNG00joY9NKJRy9RnQSFq0St6kq9cZnCs/getUpdates "HTTP/1.1 200 OK"
2026-05-19 13:38:22,666 | INFO     | HTTP Request: POST https://api.telegram.org/bot8223900828:AAGNG00joY9NKJRy9RnQSFq0St6kq9cZnCs/getUpdates "HTTP/1.1 200 OK"
2026-05-19 13:38:32,817 | INFO     | HTTP Request: POST https://api.telegram.org/bot8223900828:AAGNG00joY9NKJRy9RnQSFq0St6kq9cZnCs/getUpdates "HTTP/1.1 200 OK"
2026-05-19 13:38:42,973 | INFO     | HTTP Request: POST https://api.telegram.org/bot8223900828:AAGNG00joY9NKJRy9RnQSFq0St6kq9cZnCs/getUpdates "HTTP/1.1 200 OK"
2026-05-19 13:38:53,149 | INFO     | HTTP Request: POST https://api.telegram.org/bot8223900828:AAGNG00joY9NKJRy9RnQSFq0St6kq9cZnCs/getUpdates "HTTP/1.1 200 OK"
2026-05-19 13:39:03,293 | INFO     | HTTP Request: POST https://api.telegram.org/bot8223900828:AAGNG00joY9NKJRy9RnQSFq0St6kq9cZnCs/getUpdates "HTTP/1.1 200 OK"
2026-05-19 13:39:13,481 | INFO     | HTTP Request: POST https://api.telegram.org/bot8223900828:AAGNG00joY9NKJRy9RnQSFq0St6kq9cZnCs/getUpdates "HTTP/1.1 200 OK"
2026-05-19 13:39:23,686 | INFO     | HTTP Request: POST https://api.telegram.org/bot8223900828:AAGNG00joY9NKJRy9RnQSFq0St6kq9cZnCs/getUpdates "HTTP/1.1 200 OK"
2026-05-19 13:39:33,836 | INFO     | HTTP Request: POST https://api.telegram.org/bot8223900828:AAGNG00joY9NKJRy9RnQSFq0St6kq9cZnCs/getUpdates "HTTP/1.1 200 OK"
