2026-05-12 02:53:12 | INFO     | StudyBot started | model=qwen2.5:1.5b | fallback=tinyllama
2026-05-12 02:53:13 | INFO     | HTTP Request: POST https://api.telegram.org/bot8257984718:AAGMaRpeBDzAYTp_sbQ2MifX8HJ0QNYq_bk/getMe "HTTP/1.1 200 OK"
2026-05-12 02:53:13 | INFO     | HTTP Request: POST https://api.telegram.org/bot8257984718:AAGMaRpeBDzAYTp_sbQ2MifX8HJ0QNYq_bk/deleteWebhook "HTTP/1.1 200 OK"
2026-05-12 02:53:13 | INFO     | Application started
2026-05-12 02:53:23 | INFO     | HTTP Request: POST https://api.telegram.org/bot8257984718:AAGMaRpeBDzAYTp_sbQ2MifX8HJ0QNYq_bk/getUpdates "HTTP/1.1 200 OK"
2026-05-12 02:53:33 | INFO     | HTTP Request: POST https://api.telegram.org/bot8257984718:AAGMaRpeBDzAYTp_sbQ2MifX8HJ0QNYq_bk/getUpdates "HTTP/1.1 200 OK"
2026-05-12 02:53:42 | INFO     | HTTP Request: POST https://api.telegram.org/bot8257984718:AAGMaRpeBDzAYTp_sbQ2MifX8HJ0QNYq_bk/getUpdates "HTTP/1.1 200 OK"
2026-05-12 02:53:42 | INFO     | START | user=2057476178
2026-05-12 02:53:43 | INFO     | HTTP Request: POST https://api.telegram.org/bot8257984718:AAGMaRpeBDzAYTp_sbQ2MifX8HJ0QNYq_bk/sendMessage "HTTP/1.1 200 OK"
2026-05-12 02:53:52 | INFO     | HTTP Request: POST https://api.telegram.org/bot8257984718:AAGMaRpeBDzAYTp_sbQ2MifX8HJ0QNYq_bk/getUpdates "HTTP/1.1 200 OK"
2026-05-12 02:54:02 | INFO     | HTTP Request: POST https://api.telegram.org/bot8257984718:AAGMaRpeBDzAYTp_sbQ2MifX8HJ0QNYq_bk/getUpdates "HTTP/1.1 200 OK"
2026-05-12 02:54:12 | INFO     | HTTP Request: POST https://api.telegram.org/bot8257984718:AAGMaRpeBDzAYTp_sbQ2MifX8HJ0QNYq_bk/getUpdates "HTTP/1.1 200 OK"
2026-05-12 02:54:23 | INFO     | HTTP Request: POST https://api.telegram.org/bot8257984718:AAGMaRpeBDzAYTp_sbQ2MifX8HJ0QNYq_bk/getUpdates "HTTP/1.1 200 OK"
2026-05-12 02:54:33 | INFO     | HTTP Request: POST https://api.telegram.org/bot8257984718:AAGMaRpeBDzAYTp_sbQ2MifX8HJ0QNYq_bk/getUpdates "HTTP/1.1 200 OK"
2026-05-12 02:54:43 | INFO     | HTTP Request: POST https://api.telegram.org/bot8257984718:AAGMaRpeBDzAYTp_sbQ2MifX8HJ0QNYq_bk/getUpdates "HTTP/1.1 200 OK"
2026-05-12 02:54:53 | INFO     | HTTP Request: POST https://api.telegram.org/bot8257984718:AAGMaRpeBDzAYTp_sbQ2MifX8HJ0QNYq_bk/getUpdates "HTTP/1.1 200 OK"
2026-05-12 02:54:59 | INFO     | HTTP Request: POST https://api.telegram.org/bot8257984718:AAGMaRpeBDzAYTp_sbQ2MifX8HJ0QNYq_bk/getUpdates "HTTP/1.1 200 OK"
2026-05-12 02:54:59 | INFO     | HTTP Request: POST https://api.telegram.org/bot8257984718:AAGMaRpeBDzAYTp_sbQ2MifX8HJ0QNYq_bk/answerCallbackQuery "HTTP/1.1 200 OK"
2026-05-12 02:54:59 | INFO     | HTTP Request: POST https://api.telegram.org/bot8257984718:AAGMaRpeBDzAYTp_sbQ2MifX8HJ0QNYq_bk/editMessageText "HTTP/1.1 200 OK"
2026-05-12 02:55:09 | INFO     | HTTP Request: POST https://api.telegram.org/bot8257984718:AAGMaRpeBDzAYTp_sbQ2MifX8HJ0QNYq_bk/getUpdates "HTTP/1.1 200 OK"
2026-05-12 02:55:19 | INFO     | HTTP Request: POST https://api.telegram.org/bot8257984718:AAGMaRpeBDzAYTp_sbQ2MifX8HJ0QNYq_bk/getUpdates "HTTP/1.1 200 OK"
2026-05-12 02:55:29 | INFO     | HTTP Request: POST https://api.telegram.org/bot8257984718:AAGMaRpeBDzAYTp_sbQ2MifX8HJ0QNYq_bk/getUpdates "HTTP/1.1 200 OK"
2026-05-12 02:55:39 | INFO     | HTTP Request: POST https://api.telegram.org/bot8257984718:AAGMaRpeBDzAYTp_sbQ2MifX8HJ0QNYq_bk/getUpdates "HTTP/1.1 200 OK"
2026-05-12 02:55:49 | INFO     | HTTP Request: POST https://api.telegram.org/bot8257984718:AAGMaRpeBDzAYTp_sbQ2MifX8HJ0QNYq_bk/getUpdates "HTTP/1.1 200 OK"
2026-05-12 02:55:59 | INFO     | HTTP Request: POST https://api.telegram.org/bot8257984718:AAGMaRpeBDzAYTp_sbQ2MifX8HJ0QNYq_bk/getUpdates "HTTP/1.1 200 OK"
2026-05-12 02:56:07 | INFO     | HTTP Request: POST https://api.telegram.org/bot8257984718:AAGMaRpeBDzAYTp_sbQ2MifX8HJ0QNYq_bk/getUpdates "HTTP/1.1 200 OK"
2026-05-12 02:56:07 | INFO     | HTTP Request: POST https://api.telegram.org/bot8257984718:AAGMaRpeBDzAYTp_sbQ2MifX8HJ0QNYq_bk/answerCallbackQuery "HTTP/1.1 200 OK"
2026-05-12 02:56:07 | INFO     | HTTP Request: POST https://api.telegram.org/bot8257984718:AAGMaRpeBDzAYTp_sbQ2MifX8HJ0QNYq_bk/editMessageText "HTTP/1.1 200 OK"
2026-05-12 02:56:08 | INFO     | HTTP Request: POST https://api.telegram.org/bot8257984718:AAGMaRpeBDzAYTp_sbQ2MifX8HJ0QNYq_bk/getUpdates "HTTP/1.1 200 OK"
2026-05-12 02:56:08 | INFO     | HTTP Request: POST https://api.telegram.org/bot8257984718:AAGMaRpeBDzAYTp_sbQ2MifX8HJ0QNYq_bk/answerCallbackQuery "HTTP/1.1 200 OK"
2026-05-12 02:56:08 | INFO     | MODE | user=2057476178 | mode=chat
2026-05-12 02:56:08 | INFO     | HTTP Request: POST https://api.telegram.org/bot8257984718:AAGMaRpeBDzAYTp_sbQ2MifX8HJ0QNYq_bk/editMessageText "HTTP/1.1 200 OK"
2026-05-12 02:56:11 | INFO     | HTTP Request: POST https://api.telegram.org/bot8257984718:AAGMaRpeBDzAYTp_sbQ2MifX8HJ0QNYq_bk/getUpdates "HTTP/1.1 200 OK"
2026-05-12 02:56:11 | INFO     | HTTP Request: POST https://api.telegram.org/bot8257984718:AAGMaRpeBDzAYTp_sbQ2MifX8HJ0QNYq_bk/sendChatAction "HTTP/1.1 200 OK"
2026-05-12 02:56:21 | INFO     | OK | model=qwen2.5:1.5b | mode=chat | 10.5s | attempt=1
2026-05-12 02:56:21 | INFO     | MSG | user=2057476178 | mode=chat | model=qwen2.5:1.5b | len=37
2026-05-12 02:56:21 | INFO     | HTTP Request: POST https://api.telegram.org/bot8257984718:AAGMaRpeBDzAYTp_sbQ2MifX8HJ0QNYq_bk/getUpdates "HTTP/1.1 200 OK"
2026-05-12 02:56:22 | INFO     | HTTP Request: POST https://api.telegram.org/bot8257984718:AAGMaRpeBDzAYTp_sbQ2MifX8HJ0QNYq_bk/sendMessage "HTTP/1.1 200 OK"
2026-05-12 02:56:31 | INFO     | HTTP Request: POST https://api.telegram.org/bot8257984718:AAGMaRpeBDzAYTp_sbQ2MifX8HJ0QNYq_bk/getUpdates "HTTP/1.1 200 OK"
2026-05-12 02:56:41 | INFO     | HTTP Request: POST https://api.telegram.org/bot8257984718:AAGMaRpeBDzAYTp_sbQ2MifX8HJ0QNYq_bk/getUpdates "HTTP/1.1 200 OK"
2026-05-12 02:56:52 | INFO     | HTTP Request: POST https://api.telegram.org/bot8257984718:AAGMaRpeBDzAYTp_sbQ2MifX8HJ0QNYq_bk/getUpdates "HTTP/1.1 200 OK"
2026-05-12 02:57:02 | INFO     | HTTP Request: POST https://api.telegram.org/bot8257984718:AAGMaRpeBDzAYTp_sbQ2MifX8HJ0QNYq_bk/getUpdates "HTTP/1.1 200 OK"
2026-05-12 02:57:11 | INFO     | HTTP Request: POST https://api.telegram.org/bot8257984718:AAGMaRpeBDzAYTp_sbQ2MifX8HJ0QNYq_bk/getUpdates "HTTP/1.1 200 OK"
2026-05-12 02:57:11 | INFO     | HTTP Request: POST https://api.telegram.org/bot8257984718:AAGMaRpeBDzAYTp_sbQ2MifX8HJ0QNYq_bk/answerCallbackQuery "HTTP/1.1 200 OK"
2026-05-12 02:57:12 | INFO     | HTTP Request: POST https://api.telegram.org/bot8257984718:AAGMaRpeBDzAYTp_sbQ2MifX8HJ0QNYq_bk/editMessageText "HTTP/1.1 200 OK"
2026-05-12 02:57:12 | INFO     | HTTP Request: POST https://api.telegram.org/bot8257984718:AAGMaRpeBDzAYTp_sbQ2MifX8HJ0QNYq_bk/getUpdates "HTTP/1.1 200 OK"
2026-05-12 02:57:13 | INFO     | HTTP Request: POST https://api.telegram.org/bot8257984718:AAGMaRpeBDzAYTp_sbQ2MifX8HJ0QNYq_bk/answerCallbackQuery "HTTP/1.1 200 OK"
2026-05-12 02:57:13 | INFO     | MODE | user=2057476178 | mode=solve
2026-05-12 02:57:13 | INFO     | HTTP Request: POST https://api.telegram.org/bot8257984718:AAGMaRpeBDzAYTp_sbQ2MifX8HJ0QNYq_bk/editMessageText "HTTP/1.1 200 OK"
2026-05-12 02:57:21 | INFO     | HTTP Request: POST https://api.telegram.org/bot8257984718:AAGMaRpeBDzAYTp_sbQ2MifX8HJ0QNYq_bk/getUpdates "HTTP/1.1 200 OK"
2026-05-12 02:57:21 | INFO     | HTTP Request: POST https://api.telegram.org/bot8257984718:AAGMaRpeBDzAYTp_sbQ2MifX8HJ0QNYq_bk/sendChatAction "HTTP/1.1 200 OK"
2026-05-12 02:57:27 | INFO     | OK | model=qwen2.5:1.5b | mode=solve | 5.1s | attempt=1
2026-05-12 02:57:27 | INFO     | MSG | user=2057476178 | mode=solve | model=qwen2.5:1.5b | len=42
2026-05-12 02:57:27 | INFO     | HTTP Request: POST https://api.telegram.org/bot8257984718:AAGMaRpeBDzAYTp_sbQ2MifX8HJ0QNYq_bk/sendMessage "HTTP/1.1 200 OK"
2026-05-12 02:57:31 | INFO     | HTTP Request: POST https://api.telegram.org/bot8257984718:AAGMaRpeBDzAYTp_sbQ2MifX8HJ0QNYq_bk/getUpdates "HTTP/1.1 200 OK"
2026-05-12 02:57:41 | INFO     | HTTP Request: POST https://api.telegram.org/bot8257984718:AAGMaRpeBDzAYTp_sbQ2MifX8HJ0QNYq_bk/getUpdates "HTTP/1.1 200 OK"
2026-05-12 02:57:51 | INFO     | HTTP Request: POST https://api.telegram.org/bot8257984718:AAGMaRpeBDzAYTp_sbQ2MifX8HJ0QNYq_bk/getUpdates "HTTP/1.1 200 OK"
2026-05-12 02:58:02 | INFO     | HTTP Request: POST https://api.telegram.org/bot8257984718:AAGMaRpeBDzAYTp_sbQ2MifX8HJ0QNYq_bk/getUpdates "HTTP/1.1 200 OK"
2026-05-12 02:58:12 | INFO     | HTTP Request: POST https://api.telegram.org/bot8257984718:AAGMaRpeBDzAYTp_sbQ2MifX8HJ0QNYq_bk/getUpdates "HTTP/1.1 200 OK"
2026-05-12 02:58:22 | INFO     | HTTP Request: POST https://api.telegram.org/bot8257984718:AAGMaRpeBDzAYTp_sbQ2MifX8HJ0QNYq_bk/getUpdates "HTTP/1.1 200 OK"
2026-05-12 02:58:32 | INFO     | HTTP Request: POST https://api.telegram.org/bot8257984718:AAGMaRpeBDzAYTp_sbQ2MifX8HJ0QNYq_bk/getUpdates "HTTP/1.1 200 OK"
2026-05-12 02:58:42 | INFO     | HTTP Request: POST https://api.telegram.org/bot8257984718:AAGMaRpeBDzAYTp_sbQ2MifX8HJ0QNYq_bk/getUpdates "HTTP/1.1 200 OK"
2026-05-12 02:58:52 | INFO     | HTTP Request: POST https://api.telegram.org/bot8257984718:AAGMaRpeBDzAYTp_sbQ2MifX8HJ0QNYq_bk/getUpdates "HTTP/1.1 200 OK"
2026-05-12 02:58:54 | INFO     | HTTP Request: POST https://api.telegram.org/bot8257984718:AAGMaRpeBDzAYTp_sbQ2MifX8HJ0QNYq_bk/getUpdates "HTTP/1.1 200 OK"
2026-05-12 02:58:54 | INFO     | HTTP Request: POST https://api.telegram.org/bot8257984718:AAGMaRpeBDzAYTp_sbQ2MifX8HJ0QNYq_bk/answerCallbackQuery "HTTP/1.1 200 OK"
2026-05-12 02:58:55 | INFO     | HTTP Request: POST https://api.telegram.org/bot8257984718:AAGMaRpeBDzAYTp_sbQ2MifX8HJ0QNYq_bk/editMessageText "HTTP/1.1 200 OK"
2026-05-12 02:58:56 | INFO     | HTTP Request: POST https://api.telegram.org/bot8257984718:AAGMaRpeBDzAYTp_sbQ2MifX8HJ0QNYq_bk/getUpdates "HTTP/1.1 200 OK"
2026-05-12 02:58:56 | INFO     | HTTP Request: POST https://api.telegram.org/bot8257984718:AAGMaRpeBDzAYTp_sbQ2MifX8HJ0QNYq_bk/answerCallbackQuery "HTTP/1.1 200 OK"
2026-05-12 02:58:56 | INFO     | MODE | user=2057476178 | mode=explain
2026-05-12 02:58:56 | INFO     | HTTP Request: POST https://api.telegram.org/bot8257984718:AAGMaRpeBDzAYTp_sbQ2MifX8HJ0QNYq_bk/editMessageText "HTTP/1.1 200 OK"
2026-05-12 02:58:58 | INFO     | HTTP Request: POST https://api.telegram.org/bot8257984718:AAGMaRpeBDzAYTp_sbQ2MifX8HJ0QNYq_bk/getUpdates "HTTP/1.1 200 OK"
2026-05-12 02:58:58 | INFO     | HTTP Request: POST https://api.telegram.org/bot8257984718:AAGMaRpeBDzAYTp_sbQ2MifX8HJ0QNYq_bk/sendChatAction "HTTP/1.1 200 OK"
2026-05-12 02:59:03 | INFO     | OK | model=qwen2.5:1.5b | mode=explain | 4.7s | attempt=1
2026-05-12 02:59:03 | INFO     | MSG | user=2057476178 | mode=explain | model=qwen2.5:1.5b | len=8
2026-05-12 02:59:03 | INFO     | HTTP Request: POST https://api.telegram.org/bot8257984718:AAGMaRpeBDzAYTp_sbQ2MifX8HJ0QNYq_bk/sendMessage "HTTP/1.1 200 OK"
2026-05-12 02:59:08 | INFO     | HTTP Request: POST https://api.telegram.org/bot8257984718:AAGMaRpeBDzAYTp_sbQ2MifX8HJ0QNYq_bk/getUpdates "HTTP/1.1 200 OK"
2026-05-12 02:59:18 | INFO     | HTTP Request: POST https://api.telegram.org/bot8257984718:AAGMaRpeBDzAYTp_sbQ2MifX8HJ0QNYq_bk/getUpdates "HTTP/1.1 200 OK"
2026-05-12 02:59:21 | INFO     | HTTP Request: POST https://api.telegram.org/bot8257984718:AAGMaRpeBDzAYTp_sbQ2MifX8HJ0QNYq_bk/getUpdates "HTTP/1.1 200 OK"
2026-05-12 02:59:21 | INFO     | HTTP Request: POST https://api.telegram.org/bot8257984718:AAGMaRpeBDzAYTp_sbQ2MifX8HJ0QNYq_bk/answerCallbackQuery "HTTP/1.1 200 OK"
2026-05-12 02:59:21 | INFO     | HTTP Request: POST https://api.telegram.org/bot8257984718:AAGMaRpeBDzAYTp_sbQ2MifX8HJ0QNYq_bk/editMessageText "HTTP/1.1 200 OK"
2026-05-12 02:59:28 | INFO     | HTTP Request: POST https://api.telegram.org/bot8257984718:AAGMaRpeBDzAYTp_sbQ2MifX8HJ0QNYq_bk/getUpdates "HTTP/1.1 200 OK"
2026-05-12 02:59:28 | INFO     | HTTP Request: POST https://api.telegram.org/bot8257984718:AAGMaRpeBDzAYTp_sbQ2MifX8HJ0QNYq_bk/answerCallbackQuery "HTTP/1.1 200 OK"
2026-05-12 02:59:28 | INFO     | MODE | user=2057476178 | mode=explain
2026-05-12 02:59:29 | INFO     | HTTP Request: POST https://api.telegram.org/bot8257984718:AAGMaRpeBDzAYTp_sbQ2MifX8HJ0QNYq_bk/editMessageText "HTTP/1.1 200 OK"
2026-05-12 02:59:36 | INFO     | HTTP Request: POST https://api.telegram.org/bot8257984718:AAGMaRpeBDzAYTp_sbQ2MifX8HJ0QNYq_bk/getUpdates "HTTP/1.1 200 OK"
2026-05-12 02:59:36 | INFO     | HTTP Request: POST https://api.telegram.org/bot8257984718:AAGMaRpeBDzAYTp_sbQ2MifX8HJ0QNYq_bk/answerCallbackQuery "HTTP/1.1 200 OK"
2026-05-12 02:59:36 | INFO     | HTTP Request: POST https://api.telegram.org/bot8257984718:AAGMaRpeBDzAYTp_sbQ2MifX8HJ0QNYq_bk/editMessageText "HTTP/1.1 200 OK"
2026-05-12 02:59:38 | INFO     | HTTP Request: POST https://api.telegram.org/bot8257984718:AAGMaRpeBDzAYTp_sbQ2MifX8HJ0QNYq_bk/getUpdates "HTTP/1.1 200 OK"
2026-05-12 02:59:38 | INFO     | HTTP Request: POST https://api.telegram.org/bot8257984718:AAGMaRpeBDzAYTp_sbQ2MifX8HJ0QNYq_bk/answerCallbackQuery "HTTP/1.1 200 OK"
2026-05-12 02:59:38 | INFO     | MODE | user=2057476178 | mode=code
2026-05-12 02:59:38 | INFO     | HTTP Request: POST https://api.telegram.org/bot8257984718:AAGMaRpeBDzAYTp_sbQ2MifX8HJ0QNYq_bk/editMessageText "HTTP/1.1 200 OK"
2026-05-12 02:59:47 | INFO     | HTTP Request: POST https://api.telegram.org/bot8257984718:AAGMaRpeBDzAYTp_sbQ2MifX8HJ0QNYq_bk/getUpdates "HTTP/1.1 200 OK"
2026-05-12 02:59:47 | INFO     | HTTP Request: POST https://api.telegram.org/bot8257984718:AAGMaRpeBDzAYTp_sbQ2MifX8HJ0QNYq_bk/sendChatAction "HTTP/1.1 200 OK"
2026-05-12 02:59:51 | INFO     | OK | model=qwen2.5:1.5b | mode=code | 3.8s | attempt=1
2026-05-12 02:59:51 | INFO     | MSG | user=2057476178 | mode=code | model=qwen2.5:1.5b | len=19
2026-05-12 02:59:51 | INFO     | HTTP Request: POST https://api.telegram.org/bot8257984718:AAGMaRpeBDzAYTp_sbQ2MifX8HJ0QNYq_bk/sendMessage "HTTP/1.1 200 OK"
2026-05-12 02:59:57 | INFO     | HTTP Request: POST https://api.telegram.org/bot8257984718:AAGMaRpeBDzAYTp_sbQ2MifX8HJ0QNYq_bk/getUpdates "HTTP/1.1 200 OK"
2026-05-12 03:00:07 | INFO     | HTTP Request: POST https://api.telegram.org/bot8257984718:AAGMaRpeBDzAYTp_sbQ2MifX8HJ0QNYq_bk/getUpdates "HTTP/1.1 200 OK"
2026-05-12 03:00:17 | INFO     | HTTP Request: POST https://api.telegram.org/bot8257984718:AAGMaRpeBDzAYTp_sbQ2MifX8HJ0QNYq_bk/getUpdates "HTTP/1.1 200 OK"
2026-05-12 03:00:27 | INFO     | HTTP Request: POST https://api.telegram.org/bot8257984718:AAGMaRpeBDzAYTp_sbQ2MifX8HJ0QNYq_bk/getUpdates "HTTP/1.1 200 OK"
2026-05-12 03:00:37 | INFO     | HTTP Request: POST https://api.telegram.org/bot8257984718:AAGMaRpeBDzAYTp_sbQ2MifX8HJ0QNYq_bk/getUpdates "HTTP/1.1 200 OK"
2026-05-12 03:00:47 | INFO     | HTTP Request: POST https://api.telegram.org/bot8257984718:AAGMaRpeBDzAYTp_sbQ2MifX8HJ0QNYq_bk/getUpdates "HTTP/1.1 200 OK"
2026-05-12 03:00:55 | INFO     | HTTP Request: POST https://api.telegram.org/bot8257984718:AAGMaRpeBDzAYTp_sbQ2MifX8HJ0QNYq_bk/getUpdates "HTTP/1.1 200 OK"
2026-05-12 03:00:56 | INFO     | HTTP Request: POST https://api.telegram.org/bot8257984718:AAGMaRpeBDzAYTp_sbQ2MifX8HJ0QNYq_bk/answerCallbackQuery "HTTP/1.1 200 OK"
2026-05-12 03:00:56 | INFO     | HTTP Request: POST https://api.telegram.org/bot8257984718:AAGMaRpeBDzAYTp_sbQ2MifX8HJ0QNYq_bk/editMessageText "HTTP/1.1 200 OK"
2026-05-12 03:01:00 | INFO     | HTTP Request: POST https://api.telegram.org/bot8257984718:AAGMaRpeBDzAYTp_sbQ2MifX8HJ0QNYq_bk/getUpdates "HTTP/1.1 200 OK"
2026-05-12 03:01:00 | INFO     | HTTP Request: POST https://api.telegram.org/bot8257984718:AAGMaRpeBDzAYTp_sbQ2MifX8HJ0QNYq_bk/answerCallbackQuery "HTTP/1.1 200 OK"
2026-05-12 03:01:00 | INFO     | MODE | user=2057476178 | mode=explain
2026-05-12 03:01:00 | INFO     | HTTP Request: POST https://api.telegram.org/bot8257984718:AAGMaRpeBDzAYTp_sbQ2MifX8HJ0QNYq_bk/editMessageText "HTTP/1.1 200 OK"
2026-05-12 03:01:02 | INFO     | HTTP Request: POST https://api.telegram.org/bot8257984718:AAGMaRpeBDzAYTp_sbQ2MifX8HJ0QNYq_bk/getUpdates "HTTP/1.1 200 OK"
2026-05-12 03:01:02 | INFO     | HTTP Request: POST https://api.telegram.org/bot8257984718:AAGMaRpeBDzAYTp_sbQ2MifX8HJ0QNYq_bk/sendChatAction "HTTP/1.1 200 OK"
2026-05-12 03:01:07 | INFO     | OK | model=qwen2.5:1.5b | mode=explain | 4.7s | attempt=1
2026-05-12 03:01:07 | INFO     | MSG | user=2057476178 | mode=explain | model=qwen2.5:1.5b | len=8
2026-05-12 03:01:07 | INFO     | HTTP Request: POST https://api.telegram.org/bot8257984718:AAGMaRpeBDzAYTp_sbQ2MifX8HJ0QNYq_bk/sendMessage "HTTP/1.1 200 OK"
2026-05-12 03:01:12 | INFO     | HTTP Request: POST https://api.telegram.org/bot8257984718:AAGMaRpeBDzAYTp_sbQ2MifX8HJ0QNYq_bk/getUpdates "HTTP/1.1 200 OK"
2026-05-12 03:01:22 | INFO     | HTTP Request: POST https://api.telegram.org/bot8257984718:AAGMaRpeBDzAYTp_sbQ2MifX8HJ0QNYq_bk/getUpdates "HTTP/1.1 200 OK"
2026-05-12 03:01:33 | INFO     | HTTP Request: POST https://api.telegram.org/bot8257984718:AAGMaRpeBDzAYTp_sbQ2MifX8HJ0QNYq_bk/getUpdates "HTTP/1.1 200 OK"
2026-05-12 03:01:43 | INFO     | HTTP Request: POST https://api.telegram.org/bot8257984718:AAGMaRpeBDzAYTp_sbQ2MifX8HJ0QNYq_bk/getUpdates "HTTP/1.1 200 OK"
2026-05-12 03:01:46 | INFO     | HTTP Request: POST https://api.telegram.org/bot8257984718:AAGMaRpeBDzAYTp_sbQ2MifX8HJ0QNYq_bk/getUpdates "HTTP/1.1 200 OK"
2026-05-12 03:01:46 | INFO     | HTTP Request: POST https://api.telegram.org/bot8257984718:AAGMaRpeBDzAYTp_sbQ2MifX8HJ0QNYq_bk/answerCallbackQuery "HTTP/1.1 200 OK"
2026-05-12 03:01:46 | INFO     | HTTP Request: POST https://api.telegram.org/bot8257984718:AAGMaRpeBDzAYTp_sbQ2MifX8HJ0QNYq_bk/editMessageText "HTTP/1.1 200 OK"
2026-05-12 03:01:48 | INFO     | HTTP Request: POST https://api.telegram.org/bot8257984718:AAGMaRpeBDzAYTp_sbQ2MifX8HJ0QNYq_bk/getUpdates "HTTP/1.1 200 OK"
2026-05-12 03:01:48 | INFO     | HTTP Request: POST https://api.telegram.org/bot8257984718:AAGMaRpeBDzAYTp_sbQ2MifX8HJ0QNYq_bk/answerCallbackQuery "HTTP/1.1 200 OK"
2026-05-12 03:01:48 | INFO     | MODE | user=2057476178 | mode=quiz
2026-05-12 03:01:48 | INFO     | HTTP Request: POST https://api.telegram.org/bot8257984718:AAGMaRpeBDzAYTp_sbQ2MifX8HJ0QNYq_bk/editMessageText "HTTP/1.1 200 OK"
2026-05-12 03:01:58 | INFO     | HTTP Request: POST https://api.telegram.org/bot8257984718:AAGMaRpeBDzAYTp_sbQ2MifX8HJ0QNYq_bk/getUpdates "HTTP/1.1 200 OK"
2026-05-12 03:02:08 | INFO     | HTTP Request: POST https://api.telegram.org/bot8257984718:AAGMaRpeBDzAYTp_sbQ2MifX8HJ0QNYq_bk/getUpdates "HTTP/1.1 200 OK"
2026-05-12 03:02:18 | INFO     | HTTP Request: POST https://api.telegram.org/bot8257984718:AAGMaRpeBDzAYTp_sbQ2MifX8HJ0QNYq_bk/getUpdates "HTTP/1.1 200 OK"
2026-05-12 03:02:28 | INFO     | HTTP Request: POST https://api.telegram.org/bot8257984718:AAGMaRpeBDzAYTp_sbQ2MifX8HJ0QNYq_bk/getUpdates "HTTP/1.1 200 OK"
2026-05-12 03:02:38 | INFO     | HTTP Request: POST https://api.telegram.org/bot8257984718:AAGMaRpeBDzAYTp_sbQ2MifX8HJ0QNYq_bk/getUpdates "HTTP/1.1 200 OK"
2026-05-12 03:02:49 | INFO     | HTTP Request: POST https://api.telegram.org/bot8257984718:AAGMaRpeBDzAYTp_sbQ2MifX8HJ0QNYq_bk/getUpdates "HTTP/1.1 200 OK"
2026-05-12 03:02:59 | INFO     | HTTP Request: POST https://api.telegram.org/bot8257984718:AAGMaRpeBDzAYTp_sbQ2MifX8HJ0QNYq_bk/getUpdates "HTTP/1.1 200 OK"
2026-05-12 03:03:09 | INFO     | HTTP Request: POST https://api.telegram.org/bot8257984718:AAGMaRpeBDzAYTp_sbQ2MifX8HJ0QNYq_bk/getUpdates "HTTP/1.1 200 OK"
2026-05-12 03:03:19 | INFO     | HTTP Request: POST https://api.telegram.org/bot8257984718:AAGMaRpeBDzAYTp_sbQ2MifX8HJ0QNYq_bk/getUpdates "HTTP/1.1 200 OK"
2026-05-12 03:03:29 | INFO     | HTTP Request: POST https://api.telegram.org/bot8257984718:AAGMaRpeBDzAYTp_sbQ2MifX8HJ0QNYq_bk/getUpdates "HTTP/1.1 200 OK"
2026-05-12 03:03:39 | INFO     | HTTP Request: POST https://api.telegram.org/bot8257984718:AAGMaRpeBDzAYTp_sbQ2MifX8HJ0QNYq_bk/getUpdates "HTTP/1.1 200 OK"
2026-05-12 03:03:49 | INFO     | HTTP Request: POST https://api.telegram.org/bot8257984718:AAGMaRpeBDzAYTp_sbQ2MifX8HJ0QNYq_bk/getUpdates "HTTP/1.1 200 OK"
2026-05-12 03:03:59 | INFO     | HTTP Request: POST https://api.telegram.org/bot8257984718:AAGMaRpeBDzAYTp_sbQ2MifX8HJ0QNYq_bk/getUpdates "HTTP/1.1 200 OK"
2026-05-12 03:04:10 | INFO     | HTTP Request: POST https://api.telegram.org/bot8257984718:AAGMaRpeBDzAYTp_sbQ2MifX8HJ0QNYq_bk/getUpdates "HTTP/1.1 200 OK"
2026-05-12 03:04:20 | INFO     | HTTP Request: POST https://api.telegram.org/bot8257984718:AAGMaRpeBDzAYTp_sbQ2MifX8HJ0QNYq_bk/getUpdates "HTTP/1.1 200 OK"
2026-05-12 03:04:30 | INFO     | HTTP Request: POST https://api.telegram.org/bot8257984718:AAGMaRpeBDzAYTp_sbQ2MifX8HJ0QNYq_bk/getUpdates "HTTP/1.1 200 OK"
2026-05-12 03:04:40 | INFO     | HTTP Request: POST https://api.telegram.org/bot8257984718:AAGMaRpeBDzAYTp_sbQ2MifX8HJ0QNYq_bk/getUpdates "HTTP/1.1 200 OK"
2026-05-12 03:04:50 | INFO     | HTTP Request: POST https://api.telegram.org/bot8257984718:AAGMaRpeBDzAYTp_sbQ2MifX8HJ0QNYq_bk/getUpdates "HTTP/1.1 200 OK"
2026-05-12 03:05:00 | INFO     | HTTP Request: POST https://api.telegram.org/bot8257984718:AAGMaRpeBDzAYTp_sbQ2MifX8HJ0QNYq_bk/getUpdates "HTTP/1.1 200 OK"
2026-05-12 03:05:10 | INFO     | HTTP Request: POST https://api.telegram.org/bot8257984718:AAGMaRpeBDzAYTp_sbQ2MifX8HJ0QNYq_bk/getUpdates "HTTP/1.1 200 OK"
2026-05-12 03:05:20 | INFO     | HTTP Request: POST https://api.telegram.org/bot8257984718:AAGMaRpeBDzAYTp_sbQ2MifX8HJ0QNYq_bk/getUpdates "HTTP/1.1 200 OK"
2026-05-12 03:05:30 | INFO     | HTTP Request: POST https://api.telegram.org/bot8257984718:AAGMaRpeBDzAYTp_sbQ2MifX8HJ0QNYq_bk/getUpdates "HTTP/1.1 200 OK"
2026-05-12 03:05:41 | INFO     | HTTP Request: POST https://api.telegram.org/bot8257984718:AAGMaRpeBDzAYTp_sbQ2MifX8HJ0QNYq_bk/getUpdates "HTTP/1.1 200 OK"
2026-05-12 03:05:51 | INFO     | HTTP Request: POST https://api.telegram.org/bot8257984718:AAGMaRpeBDzAYTp_sbQ2MifX8HJ0QNYq_bk/getUpdates "HTTP/1.1 200 OK"
2026-05-12 03:06:01 | INFO     | HTTP Request: POST https://api.telegram.org/bot8257984718:AAGMaRpeBDzAYTp_sbQ2MifX8HJ0QNYq_bk/getUpdates "HTTP/1.1 200 OK"
2026-05-12 03:06:11 | INFO     | HTTP Request: POST https://api.telegram.org/bot8257984718:AAGMaRpeBDzAYTp_sbQ2MifX8HJ0QNYq_bk/getUpdates "HTTP/1.1 200 OK"
2026-05-12 03:06:21 | INFO     | HTTP Request: POST https://api.telegram.org/bot8257984718:AAGMaRpeBDzAYTp_sbQ2MifX8HJ0QNYq_bk/getUpdates "HTTP/1.1 200 OK"
2026-05-12 03:06:31 | INFO     | HTTP Request: POST https://api.telegram.org/bot8257984718:AAGMaRpeBDzAYTp_sbQ2MifX8HJ0QNYq_bk/getUpdates "HTTP/1.1 200 OK"
2026-05-12 03:06:41 | INFO     | HTTP Request: POST https://api.telegram.org/bot8257984718:AAGMaRpeBDzAYTp_sbQ2MifX8HJ0QNYq_bk/getUpdates "HTTP/1.1 200 OK"
2026-05-12 03:06:51 | INFO     | HTTP Request: POST https://api.telegram.org/bot8257984718:AAGMaRpeBDzAYTp_sbQ2MifX8HJ0QNYq_bk/getUpdates "HTTP/1.1 200 OK"
2026-05-12 03:07:02 | INFO     | HTTP Request: POST https://api.telegram.org/bot8257984718:AAGMaRpeBDzAYTp_sbQ2MifX8HJ0QNYq_bk/getUpdates "HTTP/1.1 200 OK"
2026-05-12 03:07:12 | INFO     | HTTP Request: POST https://api.telegram.org/bot8257984718:AAGMaRpeBDzAYTp_sbQ2MifX8HJ0QNYq_bk/getUpdates "HTTP/1.1 200 OK"
2026-05-12 03:07:22 | INFO     | HTTP Request: POST https://api.telegram.org/bot8257984718:AAGMaRpeBDzAYTp_sbQ2MifX8HJ0QNYq_bk/getUpdates "HTTP/1.1 200 OK"
2026-05-12 03:07:32 | INFO     | HTTP Request: POST https://api.telegram.org/bot8257984718:AAGMaRpeBDzAYTp_sbQ2MifX8HJ0QNYq_bk/getUpdates "HTTP/1.1 200 OK"
2026-05-12 03:07:42 | INFO     | HTTP Request: POST https://api.telegram.org/bot8257984718:AAGMaRpeBDzAYTp_sbQ2MifX8HJ0QNYq_bk/getUpdates "HTTP/1.1 200 OK"
2026-05-12 03:07:52 | INFO     | HTTP Request: POST https://api.telegram.org/bot8257984718:AAGMaRpeBDzAYTp_sbQ2MifX8HJ0QNYq_bk/getUpdates "HTTP/1.1 200 OK"
2026-05-12 03:08:02 | INFO     | HTTP Request: POST https://api.telegram.org/bot8257984718:AAGMaRpeBDzAYTp_sbQ2MifX8HJ0QNYq_bk/getUpdates "HTTP/1.1 200 OK"
2026-05-12 03:08:12 | INFO     | HTTP Request: POST https://api.telegram.org/bot8257984718:AAGMaRpeBDzAYTp_sbQ2MifX8HJ0QNYq_bk/getUpdates "HTTP/1.1 200 OK"
2026-05-12 03:08:23 | INFO     | HTTP Request: POST https://api.telegram.org/bot8257984718:AAGMaRpeBDzAYTp_sbQ2MifX8HJ0QNYq_bk/getUpdates "HTTP/1.1 200 OK"
2026-05-12 03:08:33 | INFO     | HTTP Request: POST https://api.telegram.org/bot8257984718:AAGMaRpeBDzAYTp_sbQ2MifX8HJ0QNYq_bk/getUpdates "HTTP/1.1 200 OK"
2026-05-12 03:08:43 | INFO     | HTTP Request: POST https://api.telegram.org/bot8257984718:AAGMaRpeBDzAYTp_sbQ2MifX8HJ0QNYq_bk/getUpdates "HTTP/1.1 200 OK"
2026-05-12 03:08:53 | INFO     | HTTP Request: POST https://api.telegram.org/bot8257984718:AAGMaRpeBDzAYTp_sbQ2MifX8HJ0QNYq_bk/getUpdates "HTTP/1.1 200 OK"
2026-05-12 03:09:03 | INFO     | HTTP Request: POST https://api.telegram.org/bot8257984718:AAGMaRpeBDzAYTp_sbQ2MifX8HJ0QNYq_bk/getUpdates "HTTP/1.1 200 OK"
2026-05-12 03:09:13 | INFO     | HTTP Request: POST https://api.telegram.org/bot8257984718:AAGMaRpeBDzAYTp_sbQ2MifX8HJ0QNYq_bk/getUpdates "HTTP/1.1 200 OK"
2026-05-12 03:09:23 | INFO     | HTTP Request: POST https://api.telegram.org/bot8257984718:AAGMaRpeBDzAYTp_sbQ2MifX8HJ0QNYq_bk/getUpdates "HTTP/1.1 200 OK"
2026-05-12 03:09:34 | INFO     | HTTP Request: POST https://api.telegram.org/bot8257984718:AAGMaRpeBDzAYTp_sbQ2MifX8HJ0QNYq_bk/getUpdates "HTTP/1.1 200 OK"
2026-05-12 03:09:44 | INFO     | HTTP Request: POST https://api.telegram.org/bot8257984718:AAGMaRpeBDzAYTp_sbQ2MifX8HJ0QNYq_bk/getUpdates "HTTP/1.1 200 OK"
2026-05-12 03:09:54 | INFO     | HTTP Request: POST https://api.telegram.org/bot8257984718:AAGMaRpeBDzAYTp_sbQ2MifX8HJ0QNYq_bk/getUpdates "HTTP/1.1 200 OK"
2026-05-12 03:10:04 | INFO     | HTTP Request: POST https://api.telegram.org/bot8257984718:AAGMaRpeBDzAYTp_sbQ2MifX8HJ0QNYq_bk/getUpdates "HTTP/1.1 200 OK"
2026-05-12 03:10:14 | INFO     | HTTP Request: POST https://api.telegram.org/bot8257984718:AAGMaRpeBDzAYTp_sbQ2MifX8HJ0QNYq_bk/getUpdates "HTTP/1.1 200 OK"
2026-05-12 03:10:24 | INFO     | HTTP Request: POST https://api.telegram.org/bot8257984718:AAGMaRpeBDzAYTp_sbQ2MifX8HJ0QNYq_bk/getUpdates "HTTP/1.1 200 OK"
2026-05-12 03:10:32 | INFO     | HTTP Request: POST https://api.telegram.org/bot8257984718:AAGMaRpeBDzAYTp_sbQ2MifX8HJ0QNYq_bk/getUpdates "HTTP/1.1 200 OK"
2026-05-12 03:10:32 | INFO     | Application is stopping. This might take a moment.
2026-05-12 03:10:32 | INFO     | Application.stop() complete
2026-05-12 03:10:36 | INFO     | StudyBot started | model=qwen2.5:1.5b | fallback=tinyllama
2026-05-12 03:10:37 | INFO     | HTTP Request: POST https://api.telegram.org/bot8257984718:AAGMaRpeBDzAYTp_sbQ2MifX8HJ0QNYq_bk/getMe "HTTP/1.1 200 OK"
2026-05-12 03:10:37 | INFO     | HTTP Request: POST https://api.telegram.org/bot8257984718:AAGMaRpeBDzAYTp_sbQ2MifX8HJ0QNYq_bk/deleteWebhook "HTTP/1.1 200 OK"
2026-05-12 03:10:37 | INFO     | Application started
2026-05-12 03:10:47 | INFO     | HTTP Request: POST https://api.telegram.org/bot8257984718:AAGMaRpeBDzAYTp_sbQ2MifX8HJ0QNYq_bk/getUpdates "HTTP/1.1 200 OK"
2026-05-12 03:10:57 | INFO     | HTTP Request: POST https://api.telegram.org/bot8257984718:AAGMaRpeBDzAYTp_sbQ2MifX8HJ0QNYq_bk/getUpdates "HTTP/1.1 200 OK"
2026-05-12 03:11:07 | INFO     | HTTP Request: POST https://api.telegram.org/bot8257984718:AAGMaRpeBDzAYTp_sbQ2MifX8HJ0QNYq_bk/getUpdates "HTTP/1.1 200 OK"
2026-05-12 03:11:10 | INFO     | HTTP Request: POST https://api.telegram.org/bot8257984718:AAGMaRpeBDzAYTp_sbQ2MifX8HJ0QNYq_bk/getUpdates "HTTP/1.1 200 OK"
2026-05-12 03:11:10 | INFO     | START | user=2057476178
2026-05-12 03:11:10 | INFO     | HTTP Request: POST https://api.telegram.org/bot8257984718:AAGMaRpeBDzAYTp_sbQ2MifX8HJ0QNYq_bk/sendMessage "HTTP/1.1 200 OK"
2026-05-12 03:11:16 | INFO     | HTTP Request: POST https://api.telegram.org/bot8257984718:AAGMaRpeBDzAYTp_sbQ2MifX8HJ0QNYq_bk/getUpdates "HTTP/1.1 200 OK"
2026-05-12 03:11:16 | INFO     | HTTP Request: POST https://api.telegram.org/bot8257984718:AAGMaRpeBDzAYTp_sbQ2MifX8HJ0QNYq_bk/answerCallbackQuery "HTTP/1.1 200 OK"
2026-05-12 03:11:16 | INFO     | MODE | user=2057476178 | mode=chat
2026-05-12 03:11:16 | INFO     | HTTP Request: POST https://api.telegram.org/bot8257984718:AAGMaRpeBDzAYTp_sbQ2MifX8HJ0QNYq_bk/editMessageText "HTTP/1.1 200 OK"
2026-05-12 03:11:26 | INFO     | HTTP Request: POST https://api.telegram.org/bot8257984718:AAGMaRpeBDzAYTp_sbQ2MifX8HJ0QNYq_bk/getUpdates "HTTP/1.1 200 OK"
2026-05-12 03:11:36 | INFO     | HTTP Request: POST https://api.telegram.org/bot8257984718:AAGMaRpeBDzAYTp_sbQ2MifX8HJ0QNYq_bk/getUpdates "HTTP/1.1 200 OK"
2026-05-12 03:11:46 | INFO     | HTTP Request: POST https://api.telegram.org/bot8257984718:AAGMaRpeBDzAYTp_sbQ2MifX8HJ0QNYq_bk/getUpdates "HTTP/1.1 200 OK"
2026-05-12 03:11:56 | INFO     | HTTP Request: POST https://api.telegram.org/bot8257984718:AAGMaRpeBDzAYTp_sbQ2MifX8HJ0QNYq_bk/getUpdates "HTTP/1.1 200 OK"
2026-05-12 03:12:06 | INFO     | HTTP Request: POST https://api.telegram.org/bot8257984718:AAGMaRpeBDzAYTp_sbQ2MifX8HJ0QNYq_bk/getUpdates "HTTP/1.1 200 OK"
2026-05-12 03:12:11 | INFO     | HTTP Request: POST https://api.telegram.org/bot8257984718:AAGMaRpeBDzAYTp_sbQ2MifX8HJ0QNYq_bk/getUpdates "HTTP/1.1 200 OK"
2026-05-12 03:12:12 | INFO     | HTTP Request: POST https://api.telegram.org/bot8257984718:AAGMaRpeBDzAYTp_sbQ2MifX8HJ0QNYq_bk/answerCallbackQuery "HTTP/1.1 200 OK"
2026-05-12 03:12:12 | INFO     | HTTP Request: POST https://api.telegram.org/bot8257984718:AAGMaRpeBDzAYTp_sbQ2MifX8HJ0QNYq_bk/editMessageText "HTTP/1.1 200 OK"
2026-05-12 03:12:14 | INFO     | HTTP Request: POST https://api.telegram.org/bot8257984718:AAGMaRpeBDzAYTp_sbQ2MifX8HJ0QNYq_bk/getUpdates "HTTP/1.1 200 OK"
2026-05-12 03:12:14 | INFO     | HTTP Request: POST https://api.telegram.org/bot8257984718:AAGMaRpeBDzAYTp_sbQ2MifX8HJ0QNYq_bk/answerCallbackQuery "HTTP/1.1 200 OK"
2026-05-12 03:12:14 | INFO     | HTTP Request: POST https://api.telegram.org/bot8257984718:AAGMaRpeBDzAYTp_sbQ2MifX8HJ0QNYq_bk/editMessageText "HTTP/1.1 200 OK"
2026-05-12 03:12:15 | INFO     | HTTP Request: POST https://api.telegram.org/bot8257984718:AAGMaRpeBDzAYTp_sbQ2MifX8HJ0QNYq_bk/getUpdates "HTTP/1.1 200 OK"
2026-05-12 03:12:15 | INFO     | HTTP Request: POST https://api.telegram.org/bot8257984718:AAGMaRpeBDzAYTp_sbQ2MifX8HJ0QNYq_bk/answerCallbackQuery "HTTP/1.1 200 OK"
2026-05-12 03:12:15 | INFO     | HTTP Request: POST https://api.telegram.org/bot8257984718:AAGMaRpeBDzAYTp_sbQ2MifX8HJ0QNYq_bk/editMessageText "HTTP/1.1 200 OK"
2026-05-12 03:12:18 | INFO     | HTTP Request: POST https://api.telegram.org/bot8257984718:AAGMaRpeBDzAYTp_sbQ2MifX8HJ0QNYq_bk/getUpdates "HTTP/1.1 200 OK"
2026-05-12 03:12:18 | INFO     | HTTP Request: POST https://api.telegram.org/bot8257984718:AAGMaRpeBDzAYTp_sbQ2MifX8HJ0QNYq_bk/answerCallbackQuery "HTTP/1.1 200 OK"
2026-05-12 03:12:18 | INFO     | HTTP Request: POST https://api.telegram.org/bot8257984718:AAGMaRpeBDzAYTp_sbQ2MifX8HJ0QNYq_bk/editMessageText "HTTP/1.1 200 OK"
2026-05-12 03:12:28 | INFO     | HTTP Request: POST https://api.telegram.org/bot8257984718:AAGMaRpeBDzAYTp_sbQ2MifX8HJ0QNYq_bk/getUpdates "HTTP/1.1 200 OK"
2026-05-12 03:12:38 | INFO     | HTTP Request: POST https://api.telegram.org/bot8257984718:AAGMaRpeBDzAYTp_sbQ2MifX8HJ0QNYq_bk/getUpdates "HTTP/1.1 200 OK"
2026-05-12 03:12:48 | INFO     | HTTP Request: POST https://api.telegram.org/bot8257984718:AAGMaRpeBDzAYTp_sbQ2MifX8HJ0QNYq_bk/getUpdates "HTTP/1.1 200 OK"
2026-05-12 03:12:59 | INFO     | HTTP Request: POST https://api.telegram.org/bot8257984718:AAGMaRpeBDzAYTp_sbQ2MifX8HJ0QNYq_bk/getUpdates "HTTP/1.1 200 OK"
2026-05-12 03:13:09 | INFO     | HTTP Request: POST https://api.telegram.org/bot8257984718:AAGMaRpeBDzAYTp_sbQ2MifX8HJ0QNYq_bk/getUpdates "HTTP/1.1 200 OK"
2026-05-12 03:13:19 | INFO     | HTTP Request: POST https://api.telegram.org/bot8257984718:AAGMaRpeBDzAYTp_sbQ2MifX8HJ0QNYq_bk/getUpdates "HTTP/1.1 200 OK"
2026-05-12 03:13:29 | INFO     | HTTP Request: POST https://api.telegram.org/bot8257984718:AAGMaRpeBDzAYTp_sbQ2MifX8HJ0QNYq_bk/getUpdates "HTTP/1.1 200 OK"
2026-05-12 03:13:39 | INFO     | HTTP Request: POST https://api.telegram.org/bot8257984718:AAGMaRpeBDzAYTp_sbQ2MifX8HJ0QNYq_bk/getUpdates "HTTP/1.1 200 OK"
2026-05-12 03:13:49 | INFO     | HTTP Request: POST https://api.telegram.org/bot8257984718:AAGMaRpeBDzAYTp_sbQ2MifX8HJ0QNYq_bk/getUpdates "HTTP/1.1 200 OK"
2026-05-12 03:13:59 | INFO     | HTTP Request: POST https://api.telegram.org/bot8257984718:AAGMaRpeBDzAYTp_sbQ2MifX8HJ0QNYq_bk/getUpdates "HTTP/1.1 200 OK"
2026-05-12 03:14:09 | INFO     | HTTP Request: POST https://api.telegram.org/bot8257984718:AAGMaRpeBDzAYTp_sbQ2MifX8HJ0QNYq_bk/getUpdates "HTTP/1.1 200 OK"
2026-05-12 03:14:20 | INFO     | HTTP Request: POST https://api.telegram.org/bot8257984718:AAGMaRpeBDzAYTp_sbQ2MifX8HJ0QNYq_bk/getUpdates "HTTP/1.1 200 OK"
2026-05-12 03:14:30 | INFO     | HTTP Request: POST https://api.telegram.org/bot8257984718:AAGMaRpeBDzAYTp_sbQ2MifX8HJ0QNYq_bk/getUpdates "HTTP/1.1 200 OK"
2026-05-12 03:14:40 | INFO     | HTTP Request: POST https://api.telegram.org/bot8257984718:AAGMaRpeBDzAYTp_sbQ2MifX8HJ0QNYq_bk/getUpdates "HTTP/1.1 200 OK"
2026-05-12 03:14:50 | INFO     | HTTP Request: POST https://api.telegram.org/bot8257984718:AAGMaRpeBDzAYTp_sbQ2MifX8HJ0QNYq_bk/getUpdates "HTTP/1.1 200 OK"
2026-05-12 03:15:00 | INFO     | HTTP Request: POST https://api.telegram.org/bot8257984718:AAGMaRpeBDzAYTp_sbQ2MifX8HJ0QNYq_bk/getUpdates "HTTP/1.1 200 OK"
2026-05-12 03:15:10 | INFO     | HTTP Request: POST https://api.telegram.org/bot8257984718:AAGMaRpeBDzAYTp_sbQ2MifX8HJ0QNYq_bk/getUpdates "HTTP/1.1 200 OK"
2026-05-12 03:15:20 | INFO     | HTTP Request: POST https://api.telegram.org/bot8257984718:AAGMaRpeBDzAYTp_sbQ2MifX8HJ0QNYq_bk/getUpdates "HTTP/1.1 200 OK"
2026-05-12 03:15:30 | INFO     | HTTP Request: POST https://api.telegram.org/bot8257984718:AAGMaRpeBDzAYTp_sbQ2MifX8HJ0QNYq_bk/getUpdates "HTTP/1.1 200 OK"
2026-05-12 03:15:40 | INFO     | HTTP Request: POST https://api.telegram.org/bot8257984718:AAGMaRpeBDzAYTp_sbQ2MifX8HJ0QNYq_bk/getUpdates "HTTP/1.1 200 OK"
2026-05-12 03:15:51 | INFO     | HTTP Request: POST https://api.telegram.org/bot8257984718:AAGMaRpeBDzAYTp_sbQ2MifX8HJ0QNYq_bk/getUpdates "HTTP/1.1 200 OK"
2026-05-12 03:16:01 | INFO     | HTTP Request: POST https://api.telegram.org/bot8257984718:AAGMaRpeBDzAYTp_sbQ2MifX8HJ0QNYq_bk/getUpdates "HTTP/1.1 200 OK"
2026-05-12 03:16:11 | INFO     | HTTP Request: POST https://api.telegram.org/bot8257984718:AAGMaRpeBDzAYTp_sbQ2MifX8HJ0QNYq_bk/getUpdates "HTTP/1.1 200 OK"
2026-05-12 03:16:21 | INFO     | HTTP Request: POST https://api.telegram.org/bot8257984718:AAGMaRpeBDzAYTp_sbQ2MifX8HJ0QNYq_bk/getUpdates "HTTP/1.1 200 OK"
2026-05-12 03:16:31 | INFO     | HTTP Request: POST https://api.telegram.org/bot8257984718:AAGMaRpeBDzAYTp_sbQ2MifX8HJ0QNYq_bk/getUpdates "HTTP/1.1 200 OK"
2026-05-12 03:16:41 | INFO     | HTTP Request: POST https://api.telegram.org/bot8257984718:AAGMaRpeBDzAYTp_sbQ2MifX8HJ0QNYq_bk/getUpdates "HTTP/1.1 200 OK"
2026-05-12 03:16:51 | INFO     | HTTP Request: POST https://api.telegram.org/bot8257984718:AAGMaRpeBDzAYTp_sbQ2MifX8HJ0QNYq_bk/getUpdates "HTTP/1.1 200 OK"
2026-05-12 03:17:01 | INFO     | HTTP Request: POST https://api.telegram.org/bot8257984718:AAGMaRpeBDzAYTp_sbQ2MifX8HJ0QNYq_bk/getUpdates "HTTP/1.1 200 OK"
2026-05-12 03:17:12 | INFO     | HTTP Request: POST https://api.telegram.org/bot8257984718:AAGMaRpeBDzAYTp_sbQ2MifX8HJ0QNYq_bk/getUpdates "HTTP/1.1 200 OK"
2026-05-12 03:17:22 | INFO     | HTTP Request: POST https://api.telegram.org/bot8257984718:AAGMaRpeBDzAYTp_sbQ2MifX8HJ0QNYq_bk/getUpdates "HTTP/1.1 200 OK"
2026-05-12 03:17:32 | INFO     | HTTP Request: POST https://api.telegram.org/bot8257984718:AAGMaRpeBDzAYTp_sbQ2MifX8HJ0QNYq_bk/getUpdates "HTTP/1.1 200 OK"
2026-05-12 03:17:42 | INFO     | HTTP Request: POST https://api.telegram.org/bot8257984718:AAGMaRpeBDzAYTp_sbQ2MifX8HJ0QNYq_bk/getUpdates "HTTP/1.1 200 OK"
2026-05-12 03:17:52 | INFO     | HTTP Request: POST https://api.telegram.org/bot8257984718:AAGMaRpeBDzAYTp_sbQ2MifX8HJ0QNYq_bk/getUpdates "HTTP/1.1 200 OK"
2026-05-12 03:18:02 | INFO     | HTTP Request: POST https://api.telegram.org/bot8257984718:AAGMaRpeBDzAYTp_sbQ2MifX8HJ0QNYq_bk/getUpdates "HTTP/1.1 200 OK"
2026-05-12 03:18:12 | INFO     | HTTP Request: POST https://api.telegram.org/bot8257984718:AAGMaRpeBDzAYTp_sbQ2MifX8HJ0QNYq_bk/getUpdates "HTTP/1.1 200 OK"
2026-05-12 03:18:22 | INFO     | HTTP Request: POST https://api.telegram.org/bot8257984718:AAGMaRpeBDzAYTp_sbQ2MifX8HJ0QNYq_bk/getUpdates "HTTP/1.1 200 OK"
2026-05-12 03:18:32 | INFO     | HTTP Request: POST https://api.telegram.org/bot8257984718:AAGMaRpeBDzAYTp_sbQ2MifX8HJ0QNYq_bk/getUpdates "HTTP/1.1 200 OK"
2026-05-12 03:18:43 | INFO     | HTTP Request: POST https://api.telegram.org/bot8257984718:AAGMaRpeBDzAYTp_sbQ2MifX8HJ0QNYq_bk/getUpdates "HTTP/1.1 200 OK"
2026-05-12 03:18:53 | INFO     | HTTP Request: POST https://api.telegram.org/bot8257984718:AAGMaRpeBDzAYTp_sbQ2MifX8HJ0QNYq_bk/getUpdates "HTTP/1.1 200 OK"
2026-05-12 03:19:03 | INFO     | HTTP Request: POST https://api.telegram.org/bot8257984718:AAGMaRpeBDzAYTp_sbQ2MifX8HJ0QNYq_bk/getUpdates "HTTP/1.1 200 OK"
2026-05-12 03:19:13 | INFO     | HTTP Request: POST https://api.telegram.org/bot8257984718:AAGMaRpeBDzAYTp_sbQ2MifX8HJ0QNYq_bk/getUpdates "HTTP/1.1 200 OK"
2026-05-12 03:19:23 | INFO     | HTTP Request: POST https://api.telegram.org/bot8257984718:AAGMaRpeBDzAYTp_sbQ2MifX8HJ0QNYq_bk/getUpdates "HTTP/1.1 200 OK"
2026-05-12 03:19:33 | INFO     | HTTP Request: POST https://api.telegram.org/bot8257984718:AAGMaRpeBDzAYTp_sbQ2MifX8HJ0QNYq_bk/getUpdates "HTTP/1.1 200 OK"
2026-05-12 03:19:43 | INFO     | HTTP Request: POST https://api.telegram.org/bot8257984718:AAGMaRpeBDzAYTp_sbQ2MifX8HJ0QNYq_bk/getUpdates "HTTP/1.1 200 OK"
2026-05-12 03:19:53 | INFO     | HTTP Request: POST https://api.telegram.org/bot8257984718:AAGMaRpeBDzAYTp_sbQ2MifX8HJ0QNYq_bk/getUpdates "HTTP/1.1 200 OK"
2026-05-12 03:20:04 | INFO     | HTTP Request: POST https://api.telegram.org/bot8257984718:AAGMaRpeBDzAYTp_sbQ2MifX8HJ0QNYq_bk/getUpdates "HTTP/1.1 200 OK"
2026-05-12 03:20:14 | INFO     | HTTP Request: POST https://api.telegram.org/bot8257984718:AAGMaRpeBDzAYTp_sbQ2MifX8HJ0QNYq_bk/getUpdates "HTTP/1.1 200 OK"
2026-05-12 03:20:24 | INFO     | HTTP Request: POST https://api.telegram.org/bot8257984718:AAGMaRpeBDzAYTp_sbQ2MifX8HJ0QNYq_bk/getUpdates "HTTP/1.1 200 OK"
2026-05-12 03:20:34 | INFO     | HTTP Request: POST https://api.telegram.org/bot8257984718:AAGMaRpeBDzAYTp_sbQ2MifX8HJ0QNYq_bk/getUpdates "HTTP/1.1 200 OK"
2026-05-12 03:20:44 | INFO     | HTTP Request: POST https://api.telegram.org/bot8257984718:AAGMaRpeBDzAYTp_sbQ2MifX8HJ0QNYq_bk/getUpdates "HTTP/1.1 200 OK"
2026-05-12 03:20:54 | INFO     | HTTP Request: POST https://api.telegram.org/bot8257984718:AAGMaRpeBDzAYTp_sbQ2MifX8HJ0QNYq_bk/getUpdates "HTTP/1.1 200 OK"
2026-05-12 03:21:04 | INFO     | HTTP Request: POST https://api.telegram.org/bot8257984718:AAGMaRpeBDzAYTp_sbQ2MifX8HJ0QNYq_bk/getUpdates "HTTP/1.1 200 OK"
2026-05-12 03:21:14 | INFO     | HTTP Request: POST https://api.telegram.org/bot8257984718:AAGMaRpeBDzAYTp_sbQ2MifX8HJ0QNYq_bk/getUpdates "HTTP/1.1 200 OK"
2026-05-12 03:21:25 | INFO     | HTTP Request: POST https://api.telegram.org/bot8257984718:AAGMaRpeBDzAYTp_sbQ2MifX8HJ0QNYq_bk/getUpdates "HTTP/1.1 200 OK"
2026-05-12 03:21:29 | INFO     | HTTP Request: POST https://api.telegram.org/bot8257984718:AAGMaRpeBDzAYTp_sbQ2MifX8HJ0QNYq_bk/getUpdates "HTTP/1.1 200 OK"
2026-05-12 03:21:29 | INFO     | Application is stopping. This might take a moment.
2026-05-12 03:21:29 | INFO     | Application.stop() complete
2026-05-12 03:21:32 | INFO     | StudyBot v5.1 started | model=qwen2.5:1.5b | fallback=tinyllama
2026-05-12 03:21:32 | INFO     | HTTP Request: POST https://api.telegram.org/bot8257984718:AAGMaRpeBDzAYTp_sbQ2MifX8HJ0QNYq_bk/getMe "HTTP/1.1 200 OK"
2026-05-12 03:21:32 | INFO     | HTTP Request: POST https://api.telegram.org/bot8257984718:AAGMaRpeBDzAYTp_sbQ2MifX8HJ0QNYq_bk/deleteWebhook "HTTP/1.1 200 OK"
2026-05-12 03:21:32 | INFO     | Application started
2026-05-12 03:21:43 | INFO     | HTTP Request: POST https://api.telegram.org/bot8257984718:AAGMaRpeBDzAYTp_sbQ2MifX8HJ0QNYq_bk/getUpdates "HTTP/1.1 200 OK"
2026-05-12 03:21:53 | INFO     | HTTP Request: POST https://api.telegram.org/bot8257984718:AAGMaRpeBDzAYTp_sbQ2MifX8HJ0QNYq_bk/getUpdates "HTTP/1.1 200 OK"
2026-05-12 03:22:03 | INFO     | HTTP Request: POST https://api.telegram.org/bot8257984718:AAGMaRpeBDzAYTp_sbQ2MifX8HJ0QNYq_bk/getUpdates "HTTP/1.1 200 OK"
2026-05-12 03:22:13 | INFO     | HTTP Request: POST https://api.telegram.org/bot8257984718:AAGMaRpeBDzAYTp_sbQ2MifX8HJ0QNYq_bk/getUpdates "HTTP/1.1 200 OK"
2026-05-12 03:22:23 | INFO     | HTTP Request: POST https://api.telegram.org/bot8257984718:AAGMaRpeBDzAYTp_sbQ2MifX8HJ0QNYq_bk/getUpdates "HTTP/1.1 200 OK"
2026-05-12 03:22:26 | INFO     | HTTP Request: POST https://api.telegram.org/bot8257984718:AAGMaRpeBDzAYTp_sbQ2MifX8HJ0QNYq_bk/getUpdates "HTTP/1.1 200 OK"
2026-05-12 03:22:26 | INFO     | RESET | user=2057476178
2026-05-12 03:22:26 | INFO     | HTTP Request: POST https://api.telegram.org/bot8257984718:AAGMaRpeBDzAYTp_sbQ2MifX8HJ0QNYq_bk/sendMessage "HTTP/1.1 200 OK"
2026-05-12 03:22:31 | INFO     | HTTP Request: POST https://api.telegram.org/bot8257984718:AAGMaRpeBDzAYTp_sbQ2MifX8HJ0QNYq_bk/getUpdates "HTTP/1.1 200 OK"
2026-05-12 03:22:31 | INFO     | HTTP Request: POST https://api.telegram.org/bot8257984718:AAGMaRpeBDzAYTp_sbQ2MifX8HJ0QNYq_bk/answerCallbackQuery "HTTP/1.1 200 OK"
2026-05-12 03:22:31 | INFO     | MODE | user=2057476178 | mode=chat
2026-05-12 03:22:31 | INFO     | HTTP Request: POST https://api.telegram.org/bot8257984718:AAGMaRpeBDzAYTp_sbQ2MifX8HJ0QNYq_bk/editMessageText "HTTP/1.1 200 OK"
2026-05-12 03:22:41 | INFO     | HTTP Request: POST https://api.telegram.org/bot8257984718:AAGMaRpeBDzAYTp_sbQ2MifX8HJ0QNYq_bk/getUpdates "HTTP/1.1 200 OK"
2026-05-12 03:22:51 | INFO     | HTTP Request: POST https://api.telegram.org/bot8257984718:AAGMaRpeBDzAYTp_sbQ2MifX8HJ0QNYq_bk/getUpdates "HTTP/1.1 200 OK"
2026-05-12 03:23:01 | INFO     | HTTP Request: POST https://api.telegram.org/bot8257984718:AAGMaRpeBDzAYTp_sbQ2MifX8HJ0QNYq_bk/getUpdates "HTTP/1.1 200 OK"
2026-05-12 03:23:11 | INFO     | HTTP Request: POST https://api.telegram.org/bot8257984718:AAGMaRpeBDzAYTp_sbQ2MifX8HJ0QNYq_bk/getUpdates "HTTP/1.1 200 OK"
2026-05-12 03:23:22 | INFO     | HTTP Request: POST https://api.telegram.org/bot8257984718:AAGMaRpeBDzAYTp_sbQ2MifX8HJ0QNYq_bk/getUpdates "HTTP/1.1 200 OK"
2026-05-12 03:23:24 | INFO     | HTTP Request: POST https://api.telegram.org/bot8257984718:AAGMaRpeBDzAYTp_sbQ2MifX8HJ0QNYq_bk/getUpdates "HTTP/1.1 200 OK"
2026-05-12 03:23:25 | INFO     | HTTP Request: POST https://api.telegram.org/bot8257984718:AAGMaRpeBDzAYTp_sbQ2MifX8HJ0QNYq_bk/sendChatAction "HTTP/1.1 200 OK"
2026-05-12 03:23:37 | INFO     | OK | model=qwen2.5:1.5b | mode=chat | 12.2s | attempt=1
2026-05-12 03:23:37 | INFO     | MSG | user=2057476178 | mode=chat | model=qwen2.5:1.5b | len=30
2026-05-12 03:23:37 | INFO     | HTTP Request: POST https://api.telegram.org/bot8257984718:AAGMaRpeBDzAYTp_sbQ2MifX8HJ0QNYq_bk/getUpdates "HTTP/1.1 200 OK"
2026-05-12 03:23:37 | INFO     | HTTP Request: POST https://api.telegram.org/bot8257984718:AAGMaRpeBDzAYTp_sbQ2MifX8HJ0QNYq_bk/sendMessage "HTTP/1.1 200 OK"
2026-05-12 03:23:47 | INFO     | HTTP Request: POST https://api.telegram.org/bot8257984718:AAGMaRpeBDzAYTp_sbQ2MifX8HJ0QNYq_bk/getUpdates "HTTP/1.1 200 OK"
2026-05-12 03:23:57 | INFO     | HTTP Request: POST https://api.telegram.org/bot8257984718:AAGMaRpeBDzAYTp_sbQ2MifX8HJ0QNYq_bk/getUpdates "HTTP/1.1 200 OK"
2026-05-12 03:24:07 | INFO     | HTTP Request: POST https://api.telegram.org/bot8257984718:AAGMaRpeBDzAYTp_sbQ2MifX8HJ0QNYq_bk/getUpdates "HTTP/1.1 200 OK"
2026-05-12 03:24:18 | INFO     | HTTP Request: POST https://api.telegram.org/bot8257984718:AAGMaRpeBDzAYTp_sbQ2MifX8HJ0QNYq_bk/getUpdates "HTTP/1.1 200 OK"
2026-05-12 03:24:28 | INFO     | HTTP Request: POST https://api.telegram.org/bot8257984718:AAGMaRpeBDzAYTp_sbQ2MifX8HJ0QNYq_bk/getUpdates "HTTP/1.1 200 OK"
2026-05-12 03:24:38 | INFO     | HTTP Request: POST https://api.telegram.org/bot8257984718:AAGMaRpeBDzAYTp_sbQ2MifX8HJ0QNYq_bk/getUpdates "HTTP/1.1 200 OK"
2026-05-12 03:24:48 | INFO     | HTTP Request: POST https://api.telegram.org/bot8257984718:AAGMaRpeBDzAYTp_sbQ2MifX8HJ0QNYq_bk/getUpdates "HTTP/1.1 200 OK"
2026-05-12 03:24:58 | INFO     | HTTP Request: POST https://api.telegram.org/bot8257984718:AAGMaRpeBDzAYTp_sbQ2MifX8HJ0QNYq_bk/getUpdates "HTTP/1.1 200 OK"
2026-05-12 03:25:08 | INFO     | HTTP Request: POST https://api.telegram.org/bot8257984718:AAGMaRpeBDzAYTp_sbQ2MifX8HJ0QNYq_bk/getUpdates "HTTP/1.1 200 OK"
2026-05-12 03:25:18 | INFO     | HTTP Request: POST https://api.telegram.org/bot8257984718:AAGMaRpeBDzAYTp_sbQ2MifX8HJ0QNYq_bk/getUpdates "HTTP/1.1 200 OK"
2026-05-12 03:25:28 | INFO     | HTTP Request: POST https://api.telegram.org/bot8257984718:AAGMaRpeBDzAYTp_sbQ2MifX8HJ0QNYq_bk/getUpdates "HTTP/1.1 200 OK"
2026-05-12 03:25:38 | INFO     | HTTP Request: POST https://api.telegram.org/bot8257984718:AAGMaRpeBDzAYTp_sbQ2MifX8HJ0QNYq_bk/getUpdates "HTTP/1.1 200 OK"
2026-05-12 03:25:49 | INFO     | HTTP Request: POST https://api.telegram.org/bot8257984718:AAGMaRpeBDzAYTp_sbQ2MifX8HJ0QNYq_bk/getUpdates "HTTP/1.1 200 OK"
2026-05-12 03:25:57 | INFO     | HTTP Request: POST https://api.telegram.org/bot8257984718:AAGMaRpeBDzAYTp_sbQ2MifX8HJ0QNYq_bk/getUpdates "HTTP/1.1 200 OK"
2026-05-12 03:25:57 | INFO     | HTTP Request: POST https://api.telegram.org/bot8257984718:AAGMaRpeBDzAYTp_sbQ2MifX8HJ0QNYq_bk/answerCallbackQuery "HTTP/1.1 200 OK"
2026-05-12 03:25:58 | INFO     | HTTP Request: POST https://api.telegram.org/bot8257984718:AAGMaRpeBDzAYTp_sbQ2MifX8HJ0QNYq_bk/editMessageText "HTTP/1.1 200 OK"
2026-05-12 03:26:00 | INFO     | HTTP Request: POST https://api.telegram.org/bot8257984718:AAGMaRpeBDzAYTp_sbQ2MifX8HJ0QNYq_bk/getUpdates "HTTP/1.1 200 OK"
2026-05-12 03:26:00 | INFO     | HTTP Request: POST https://api.telegram.org/bot8257984718:AAGMaRpeBDzAYTp_sbQ2MifX8HJ0QNYq_bk/answerCallbackQuery "HTTP/1.1 200 OK"
2026-05-12 03:26:00 | INFO     | MODE | user=2057476178 | mode=explain
2026-05-12 03:26:00 | INFO     | HTTP Request: POST https://api.telegram.org/bot8257984718:AAGMaRpeBDzAYTp_sbQ2MifX8HJ0QNYq_bk/editMessageText "HTTP/1.1 200 OK"
2026-05-12 03:26:02 | INFO     | HTTP Request: POST https://api.telegram.org/bot8257984718:AAGMaRpeBDzAYTp_sbQ2MifX8HJ0QNYq_bk/getUpdates "HTTP/1.1 200 OK"
2026-05-12 03:26:02 | INFO     | HTTP Request: POST https://api.telegram.org/bot8257984718:AAGMaRpeBDzAYTp_sbQ2MifX8HJ0QNYq_bk/sendChatAction "HTTP/1.1 200 OK"
2026-05-12 03:26:07 | INFO     | OK | model=qwen2.5:1.5b | mode=explain | 5.1s | attempt=1
2026-05-12 03:26:07 | INFO     | MSG | user=2057476178 | mode=explain | model=qwen2.5:1.5b | len=19
2026-05-12 03:26:08 | INFO     | HTTP Request: POST https://api.telegram.org/bot8257984718:AAGMaRpeBDzAYTp_sbQ2MifX8HJ0QNYq_bk/sendMessage "HTTP/1.1 200 OK"
2026-05-12 03:26:12 | INFO     | HTTP Request: POST https://api.telegram.org/bot8257984718:AAGMaRpeBDzAYTp_sbQ2MifX8HJ0QNYq_bk/getUpdates "HTTP/1.1 200 OK"
2026-05-12 03:26:22 | INFO     | HTTP Request: POST https://api.telegram.org/bot8257984718:AAGMaRpeBDzAYTp_sbQ2MifX8HJ0QNYq_bk/getUpdates "HTTP/1.1 200 OK"
2026-05-12 03:26:33 | INFO     | HTTP Request: POST https://api.telegram.org/bot8257984718:AAGMaRpeBDzAYTp_sbQ2MifX8HJ0QNYq_bk/getUpdates "HTTP/1.1 200 OK"
2026-05-12 03:26:43 | INFO     | HTTP Request: POST https://api.telegram.org/bot8257984718:AAGMaRpeBDzAYTp_sbQ2MifX8HJ0QNYq_bk/getUpdates "HTTP/1.1 200 OK"
2026-05-12 03:26:53 | INFO     | HTTP Request: POST https://api.telegram.org/bot8257984718:AAGMaRpeBDzAYTp_sbQ2MifX8HJ0QNYq_bk/getUpdates "HTTP/1.1 200 OK"
2026-05-12 03:27:03 | INFO     | HTTP Request: POST https://api.telegram.org/bot8257984718:AAGMaRpeBDzAYTp_sbQ2MifX8HJ0QNYq_bk/getUpdates "HTTP/1.1 200 OK"
2026-05-12 03:27:13 | INFO     | HTTP Request: POST https://api.telegram.org/bot8257984718:AAGMaRpeBDzAYTp_sbQ2MifX8HJ0QNYq_bk/getUpdates "HTTP/1.1 200 OK"
2026-05-12 03:27:23 | INFO     | HTTP Request: POST https://api.telegram.org/bot8257984718:AAGMaRpeBDzAYTp_sbQ2MifX8HJ0QNYq_bk/getUpdates "HTTP/1.1 200 OK"
2026-05-12 03:27:33 | INFO     | HTTP Request: POST https://api.telegram.org/bot8257984718:AAGMaRpeBDzAYTp_sbQ2MifX8HJ0QNYq_bk/getUpdates "HTTP/1.1 200 OK"
2026-05-12 03:27:43 | INFO     | HTTP Request: POST https://api.telegram.org/bot8257984718:AAGMaRpeBDzAYTp_sbQ2MifX8HJ0QNYq_bk/getUpdates "HTTP/1.1 200 OK"
2026-05-12 03:27:54 | INFO     | HTTP Request: POST https://api.telegram.org/bot8257984718:AAGMaRpeBDzAYTp_sbQ2MifX8HJ0QNYq_bk/getUpdates "HTTP/1.1 200 OK"
2026-05-12 03:28:04 | INFO     | HTTP Request: POST https://api.telegram.org/bot8257984718:AAGMaRpeBDzAYTp_sbQ2MifX8HJ0QNYq_bk/getUpdates "HTTP/1.1 200 OK"
2026-05-12 03:28:14 | INFO     | HTTP Request: POST https://api.telegram.org/bot8257984718:AAGMaRpeBDzAYTp_sbQ2MifX8HJ0QNYq_bk/getUpdates "HTTP/1.1 200 OK"
2026-05-12 03:28:19 | INFO     | HTTP Request: POST https://api.telegram.org/bot8257984718:AAGMaRpeBDzAYTp_sbQ2MifX8HJ0QNYq_bk/getUpdates "HTTP/1.1 200 OK"
2026-05-12 03:28:20 | INFO     | HTTP Request: POST https://api.telegram.org/bot8257984718:AAGMaRpeBDzAYTp_sbQ2MifX8HJ0QNYq_bk/answerCallbackQuery "HTTP/1.1 200 OK"
2026-05-12 03:28:20 | INFO     | HTTP Request: POST https://api.telegram.org/bot8257984718:AAGMaRpeBDzAYTp_sbQ2MifX8HJ0QNYq_bk/editMessageText "HTTP/1.1 200 OK"
2026-05-12 03:28:22 | INFO     | HTTP Request: POST https://api.telegram.org/bot8257984718:AAGMaRpeBDzAYTp_sbQ2MifX8HJ0QNYq_bk/getUpdates "HTTP/1.1 200 OK"
2026-05-12 03:28:22 | INFO     | HTTP Request: POST https://api.telegram.org/bot8257984718:AAGMaRpeBDzAYTp_sbQ2MifX8HJ0QNYq_bk/answerCallbackQuery "HTTP/1.1 200 OK"
2026-05-12 03:28:22 | INFO     | MODE | user=2057476178 | mode=quiz
2026-05-12 03:28:22 | INFO     | HTTP Request: POST https://api.telegram.org/bot8257984718:AAGMaRpeBDzAYTp_sbQ2MifX8HJ0QNYq_bk/editMessageText "HTTP/1.1 200 OK"
2026-05-12 03:28:32 | INFO     | HTTP Request: POST https://api.telegram.org/bot8257984718:AAGMaRpeBDzAYTp_sbQ2MifX8HJ0QNYq_bk/getUpdates "HTTP/1.1 200 OK"
2026-05-12 03:28:33 | INFO     | HTTP Request: POST https://api.telegram.org/bot8257984718:AAGMaRpeBDzAYTp_sbQ2MifX8HJ0QNYq_bk/getUpdates "HTTP/1.1 200 OK"
2026-05-12 03:28:33 | INFO     | HTTP Request: POST https://api.telegram.org/bot8257984718:AAGMaRpeBDzAYTp_sbQ2MifX8HJ0QNYq_bk/sendChatAction "HTTP/1.1 200 OK"
2026-05-12 03:28:36 | INFO     | OK | model=qwen2.5:1.5b | mode=quiz | 2.9s | attempt=1
2026-05-12 03:28:36 | INFO     | QUIZ_ASK | topic=Производная функции | model=qwen2.5:1.5b | 2.9s
2026-05-12 03:28:36 | INFO     | HTTP Request: POST https://api.telegram.org/bot8257984718:AAGMaRpeBDzAYTp_sbQ2MifX8HJ0QNYq_bk/sendMessage "HTTP/1.1 200 OK"
2026-05-12 03:28:43 | INFO     | HTTP Request: POST https://api.telegram.org/bot8257984718:AAGMaRpeBDzAYTp_sbQ2MifX8HJ0QNYq_bk/getUpdates "HTTP/1.1 200 OK"
2026-05-12 03:28:53 | INFO     | HTTP Request: POST https://api.telegram.org/bot8257984718:AAGMaRpeBDzAYTp_sbQ2MifX8HJ0QNYq_bk/getUpdates "HTTP/1.1 200 OK"
2026-05-12 03:28:55 | INFO     | HTTP Request: POST https://api.telegram.org/bot8257984718:AAGMaRpeBDzAYTp_sbQ2MifX8HJ0QNYq_bk/getUpdates "HTTP/1.1 200 OK"
2026-05-12 03:28:55 | INFO     | HTTP Request: POST https://api.telegram.org/bot8257984718:AAGMaRpeBDzAYTp_sbQ2MifX8HJ0QNYq_bk/sendChatAction "HTTP/1.1 200 OK"
2026-05-12 03:28:58 | INFO     | OK | model=qwen2.5:1.5b | mode=quiz | 3.2s | attempt=1
2026-05-12 03:28:58 | INFO     | QUIZ_EVAL | topic=Производная функции | q=2 | model=qwen2.5:1.5b | 3.2s
2026-05-12 03:28:59 | INFO     | HTTP Request: POST https://api.telegram.org/bot8257984718:AAGMaRpeBDzAYTp_sbQ2MifX8HJ0QNYq_bk/sendMessage "HTTP/1.1 200 OK"
2026-05-12 03:29:05 | INFO     | HTTP Request: POST https://api.telegram.org/bot8257984718:AAGMaRpeBDzAYTp_sbQ2MifX8HJ0QNYq_bk/getUpdates "HTTP/1.1 200 OK"
2026-05-12 03:29:15 | INFO     | HTTP Request: POST https://api.telegram.org/bot8257984718:AAGMaRpeBDzAYTp_sbQ2MifX8HJ0QNYq_bk/getUpdates "HTTP/1.1 200 OK"
2026-05-12 03:29:25 | INFO     | HTTP Request: POST https://api.telegram.org/bot8257984718:AAGMaRpeBDzAYTp_sbQ2MifX8HJ0QNYq_bk/getUpdates "HTTP/1.1 200 OK"
2026-05-12 03:29:35 | INFO     | HTTP Request: POST https://api.telegram.org/bot8257984718:AAGMaRpeBDzAYTp_sbQ2MifX8HJ0QNYq_bk/getUpdates "HTTP/1.1 200 OK"
2026-05-12 03:29:42 | INFO     | HTTP Request: POST https://api.telegram.org/bot8257984718:AAGMaRpeBDzAYTp_sbQ2MifX8HJ0QNYq_bk/getUpdates "HTTP/1.1 200 OK"
2026-05-12 03:29:43 | INFO     | HTTP Request: POST https://api.telegram.org/bot8257984718:AAGMaRpeBDzAYTp_sbQ2MifX8HJ0QNYq_bk/sendChatAction "HTTP/1.1 200 OK"
2026-05-12 03:29:46 | INFO     | OK | model=qwen2.5:1.5b | mode=quiz | 3.2s | attempt=1
2026-05-12 03:29:46 | INFO     | QUIZ_EVAL | topic=Производная функции | q=3 | model=qwen2.5:1.5b | 3.2s
2026-05-12 03:29:46 | INFO     | HTTP Request: POST https://api.telegram.org/bot8257984718:AAGMaRpeBDzAYTp_sbQ2MifX8HJ0QNYq_bk/sendMessage "HTTP/1.1 200 OK"
2026-05-12 03:29:52 | INFO     | HTTP Request: POST https://api.telegram.org/bot8257984718:AAGMaRpeBDzAYTp_sbQ2MifX8HJ0QNYq_bk/getUpdates "HTTP/1.1 200 OK"
2026-05-12 03:30:02 | INFO     | HTTP Request: POST https://api.telegram.org/bot8257984718:AAGMaRpeBDzAYTp_sbQ2MifX8HJ0QNYq_bk/getUpdates "HTTP/1.1 200 OK"
2026-05-12 03:30:05 | INFO     | HTTP Request: POST https://api.telegram.org/bot8257984718:AAGMaRpeBDzAYTp_sbQ2MifX8HJ0QNYq_bk/getUpdates "HTTP/1.1 200 OK"
2026-05-12 03:30:05 | INFO     | HTTP Request: POST https://api.telegram.org/bot8257984718:AAGMaRpeBDzAYTp_sbQ2MifX8HJ0QNYq_bk/sendChatAction "HTTP/1.1 200 OK"
2026-05-12 03:30:08 | INFO     | OK | model=qwen2.5:1.5b | mode=quiz | 3.1s | attempt=1
2026-05-12 03:30:08 | INFO     | QUIZ_EVAL | topic=Производная функции | q=4 | model=qwen2.5:1.5b | 3.1s
2026-05-12 03:30:08 | INFO     | HTTP Request: POST https://api.telegram.org/bot8257984718:AAGMaRpeBDzAYTp_sbQ2MifX8HJ0QNYq_bk/sendMessage "HTTP/1.1 200 OK"
2026-05-12 03:30:15 | INFO     | HTTP Request: POST https://api.telegram.org/bot8257984718:AAGMaRpeBDzAYTp_sbQ2MifX8HJ0QNYq_bk/getUpdates "HTTP/1.1 200 OK"
2026-05-12 03:30:25 | INFO     | HTTP Request: POST https://api.telegram.org/bot8257984718:AAGMaRpeBDzAYTp_sbQ2MifX8HJ0QNYq_bk/getUpdates "HTTP/1.1 200 OK"
2026-05-12 03:30:27 | INFO     | HTTP Request: POST https://api.telegram.org/bot8257984718:AAGMaRpeBDzAYTp_sbQ2MifX8HJ0QNYq_bk/getUpdates "HTTP/1.1 200 OK"
2026-05-12 03:30:28 | INFO     | HTTP Request: POST https://api.telegram.org/bot8257984718:AAGMaRpeBDzAYTp_sbQ2MifX8HJ0QNYq_bk/sendChatAction "HTTP/1.1 200 OK"
2026-05-12 03:30:31 | INFO     | OK | model=qwen2.5:1.5b | mode=quiz | 3.3s | attempt=1
2026-05-12 03:30:31 | INFO     | QUIZ_EVAL | topic=Производная функции | q=5 | model=qwen2.5:1.5b | 3.3s
2026-05-12 03:30:31 | INFO     | HTTP Request: POST https://api.telegram.org/bot8257984718:AAGMaRpeBDzAYTp_sbQ2MifX8HJ0QNYq_bk/sendMessage "HTTP/1.1 200 OK"
2026-05-12 03:30:37 | INFO     | HTTP Request: POST https://api.telegram.org/bot8257984718:AAGMaRpeBDzAYTp_sbQ2MifX8HJ0QNYq_bk/getUpdates "HTTP/1.1 200 OK"
2026-05-12 03:30:47 | INFO     | HTTP Request: POST https://api.telegram.org/bot8257984718:AAGMaRpeBDzAYTp_sbQ2MifX8HJ0QNYq_bk/getUpdates "HTTP/1.1 200 OK"
2026-05-12 03:30:58 | INFO     | HTTP Request: POST https://api.telegram.org/bot8257984718:AAGMaRpeBDzAYTp_sbQ2MifX8HJ0QNYq_bk/getUpdates "HTTP/1.1 200 OK"
2026-05-12 03:31:00 | INFO     | HTTP Request: POST https://api.telegram.org/bot8257984718:AAGMaRpeBDzAYTp_sbQ2MifX8HJ0QNYq_bk/getUpdates "HTTP/1.1 200 OK"
2026-05-12 03:31:00 | INFO     | HTTP Request: POST https://api.telegram.org/bot8257984718:AAGMaRpeBDzAYTp_sbQ2MifX8HJ0QNYq_bk/answerCallbackQuery "HTTP/1.1 200 OK"
2026-05-12 03:31:01 | INFO     | HTTP Request: POST https://api.telegram.org/bot8257984718:AAGMaRpeBDzAYTp_sbQ2MifX8HJ0QNYq_bk/editMessageText "HTTP/1.1 200 OK"
2026-05-12 03:31:02 | INFO     | HTTP Request: POST https://api.telegram.org/bot8257984718:AAGMaRpeBDzAYTp_sbQ2MifX8HJ0QNYq_bk/getUpdates "HTTP/1.1 200 OK"
2026-05-12 03:31:02 | INFO     | HTTP Request: POST https://api.telegram.org/bot8257984718:AAGMaRpeBDzAYTp_sbQ2MifX8HJ0QNYq_bk/answerCallbackQuery "HTTP/1.1 200 OK"
2026-05-12 03:31:02 | INFO     | MODE | user=2057476178 | mode=code
2026-05-12 03:31:02 | INFO     | HTTP Request: POST https://api.telegram.org/bot8257984718:AAGMaRpeBDzAYTp_sbQ2MifX8HJ0QNYq_bk/editMessageText "HTTP/1.1 200 OK"
2026-05-12 03:31:12 | INFO     | HTTP Request: POST https://api.telegram.org/bot8257984718:AAGMaRpeBDzAYTp_sbQ2MifX8HJ0QNYq_bk/getUpdates "HTTP/1.1 200 OK"
2026-05-12 03:31:22 | INFO     | HTTP Request: POST https://api.telegram.org/bot8257984718:AAGMaRpeBDzAYTp_sbQ2MifX8HJ0QNYq_bk/getUpdates "HTTP/1.1 200 OK"
2026-05-12 03:31:32 | INFO     | HTTP Request: POST https://api.telegram.org/bot8257984718:AAGMaRpeBDzAYTp_sbQ2MifX8HJ0QNYq_bk/getUpdates "HTTP/1.1 200 OK"
2026-05-12 03:31:42 | INFO     | HTTP Request: POST https://api.telegram.org/bot8257984718:AAGMaRpeBDzAYTp_sbQ2MifX8HJ0QNYq_bk/getUpdates "HTTP/1.1 200 OK"
2026-05-12 03:31:52 | INFO     | HTTP Request: POST https://api.telegram.org/bot8257984718:AAGMaRpeBDzAYTp_sbQ2MifX8HJ0QNYq_bk/getUpdates "HTTP/1.1 200 OK"
2026-05-12 03:31:56 | INFO     | HTTP Request: POST https://api.telegram.org/bot8257984718:AAGMaRpeBDzAYTp_sbQ2MifX8HJ0QNYq_bk/getUpdates "HTTP/1.1 200 OK"
2026-05-12 03:31:56 | INFO     | HTTP Request: POST https://api.telegram.org/bot8257984718:AAGMaRpeBDzAYTp_sbQ2MifX8HJ0QNYq_bk/sendMessage "HTTP/1.1 200 OK"
2026-05-12 03:32:06 | INFO     | HTTP Request: POST https://api.telegram.org/bot8257984718:AAGMaRpeBDzAYTp_sbQ2MifX8HJ0QNYq_bk/getUpdates "HTTP/1.1 200 OK"
2026-05-12 03:32:16 | INFO     | HTTP Request: POST https://api.telegram.org/bot8257984718:AAGMaRpeBDzAYTp_sbQ2MifX8HJ0QNYq_bk/getUpdates "HTTP/1.1 200 OK"
2026-05-12 03:32:26 | INFO     | HTTP Request: POST https://api.telegram.org/bot8257984718:AAGMaRpeBDzAYTp_sbQ2MifX8HJ0QNYq_bk/getUpdates "HTTP/1.1 200 OK"
2026-05-12 03:32:29 | INFO     | HTTP Request: POST https://api.telegram.org/bot8257984718:AAGMaRpeBDzAYTp_sbQ2MifX8HJ0QNYq_bk/getUpdates "HTTP/1.1 200 OK"
2026-05-12 03:32:30 | INFO     | HTTP Request: POST https://api.telegram.org/bot8257984718:AAGMaRpeBDzAYTp_sbQ2MifX8HJ0QNYq_bk/sendChatAction "HTTP/1.1 200 OK"
2026-05-12 03:32:34 | INFO     | OK | model=qwen2.5:1.5b | mode=code | 4.5s | attempt=1
2026-05-12 03:32:34 | INFO     | MSG | user=2057476178 | mode=code | model=qwen2.5:1.5b | len=1054
2026-05-12 03:32:34 | INFO     | HTTP Request: POST https://api.telegram.org/bot8257984718:AAGMaRpeBDzAYTp_sbQ2MifX8HJ0QNYq_bk/sendMessage "HTTP/1.1 200 OK"
2026-05-12 03:32:39 | INFO     | HTTP Request: POST https://api.telegram.org/bot8257984718:AAGMaRpeBDzAYTp_sbQ2MifX8HJ0QNYq_bk/getUpdates "HTTP/1.1 200 OK"
2026-05-12 03:32:49 | INFO     | HTTP Request: POST https://api.telegram.org/bot8257984718:AAGMaRpeBDzAYTp_sbQ2MifX8HJ0QNYq_bk/getUpdates "HTTP/1.1 200 OK"
2026-05-12 03:33:00 | INFO     | HTTP Request: POST https://api.telegram.org/bot8257984718:AAGMaRpeBDzAYTp_sbQ2MifX8HJ0QNYq_bk/getUpdates "HTTP/1.1 200 OK"
2026-05-12 03:33:10 | INFO     | HTTP Request: POST https://api.telegram.org/bot8257984718:AAGMaRpeBDzAYTp_sbQ2MifX8HJ0QNYq_bk/getUpdates "HTTP/1.1 200 OK"
2026-05-12 03:33:15 | INFO     | HTTP Request: POST https://api.telegram.org/bot8257984718:AAGMaRpeBDzAYTp_sbQ2MifX8HJ0QNYq_bk/getUpdates "HTTP/1.1 200 OK"
2026-05-12 03:33:16 | INFO     | HTTP Request: POST https://api.telegram.org/bot8257984718:AAGMaRpeBDzAYTp_sbQ2MifX8HJ0QNYq_bk/sendChatAction "HTTP/1.1 200 OK"
2026-05-12 03:33:21 | INFO     | OK | model=qwen2.5:1.5b | mode=code | 5.3s | attempt=1
2026-05-12 03:33:21 | INFO     | MSG | user=2057476178 | mode=code | model=qwen2.5:1.5b | len=104
2026-05-12 03:33:22 | INFO     | HTTP Request: POST https://api.telegram.org/bot8257984718:AAGMaRpeBDzAYTp_sbQ2MifX8HJ0QNYq_bk/sendMessage "HTTP/1.1 200 OK"
2026-05-12 03:33:26 | INFO     | HTTP Request: POST https://api.telegram.org/bot8257984718:AAGMaRpeBDzAYTp_sbQ2MifX8HJ0QNYq_bk/getUpdates "HTTP/1.1 200 OK"
2026-05-12 03:33:36 | INFO     | HTTP Request: POST https://api.telegram.org/bot8257984718:AAGMaRpeBDzAYTp_sbQ2MifX8HJ0QNYq_bk/getUpdates "HTTP/1.1 200 OK"
2026-05-12 03:33:46 | INFO     | HTTP Request: POST https://api.telegram.org/bot8257984718:AAGMaRpeBDzAYTp_sbQ2MifX8HJ0QNYq_bk/getUpdates "HTTP/1.1 200 OK"
2026-05-12 03:33:56 | INFO     | HTTP Request: POST https://api.telegram.org/bot8257984718:AAGMaRpeBDzAYTp_sbQ2MifX8HJ0QNYq_bk/getUpdates "HTTP/1.1 200 OK"
2026-05-12 03:34:06 | INFO     | HTTP Request: POST https://api.telegram.org/bot8257984718:AAGMaRpeBDzAYTp_sbQ2MifX8HJ0QNYq_bk/getUpdates "HTTP/1.1 200 OK"
2026-05-12 03:34:13 | INFO     | HTTP Request: POST https://api.telegram.org/bot8257984718:AAGMaRpeBDzAYTp_sbQ2MifX8HJ0QNYq_bk/getUpdates "HTTP/1.1 200 OK"
2026-05-12 03:34:13 | INFO     | HTTP Request: POST https://api.telegram.org/bot8257984718:AAGMaRpeBDzAYTp_sbQ2MifX8HJ0QNYq_bk/sendChatAction "HTTP/1.1 200 OK"
2026-05-12 03:34:19 | INFO     | OK | model=qwen2.5:1.5b | mode=code | 5.4s | attempt=1
2026-05-12 03:34:19 | INFO     | MSG | user=2057476178 | mode=code | model=qwen2.5:1.5b | len=105
2026-05-12 03:34:19 | INFO     | HTTP Request: POST https://api.telegram.org/bot8257984718:AAGMaRpeBDzAYTp_sbQ2MifX8HJ0QNYq_bk/sendMessage "HTTP/1.1 200 OK"
2026-05-12 03:34:23 | INFO     | HTTP Request: POST https://api.telegram.org/bot8257984718:AAGMaRpeBDzAYTp_sbQ2MifX8HJ0QNYq_bk/getUpdates "HTTP/1.1 200 OK"
2026-05-12 03:34:33 | INFO     | HTTP Request: POST https://api.telegram.org/bot8257984718:AAGMaRpeBDzAYTp_sbQ2MifX8HJ0QNYq_bk/getUpdates "HTTP/1.1 200 OK"
2026-05-12 03:34:43 | INFO     | HTTP Request: POST https://api.telegram.org/bot8257984718:AAGMaRpeBDzAYTp_sbQ2MifX8HJ0QNYq_bk/getUpdates "HTTP/1.1 200 OK"
2026-05-12 03:34:53 | INFO     | HTTP Request: POST https://api.telegram.org/bot8257984718:AAGMaRpeBDzAYTp_sbQ2MifX8HJ0QNYq_bk/getUpdates "HTTP/1.1 200 OK"
2026-05-12 03:35:00 | INFO     | HTTP Request: POST https://api.telegram.org/bot8257984718:AAGMaRpeBDzAYTp_sbQ2MifX8HJ0QNYq_bk/getUpdates "HTTP/1.1 200 OK"
2026-05-12 03:35:00 | INFO     | HTTP Request: POST https://api.telegram.org/bot8257984718:AAGMaRpeBDzAYTp_sbQ2MifX8HJ0QNYq_bk/sendChatAction "HTTP/1.1 200 OK"
2026-05-12 03:35:06 | INFO     | OK | model=qwen2.5:1.5b | mode=code | 5.5s | attempt=1
2026-05-12 03:35:06 | INFO     | MSG | user=2057476178 | mode=code | model=qwen2.5:1.5b | len=408
2026-05-12 03:35:06 | INFO     | HTTP Request: POST https://api.telegram.org/bot8257984718:AAGMaRpeBDzAYTp_sbQ2MifX8HJ0QNYq_bk/sendMessage "HTTP/1.1 200 OK"
2026-05-12 03:35:10 | INFO     | HTTP Request: POST https://api.telegram.org/bot8257984718:AAGMaRpeBDzAYTp_sbQ2MifX8HJ0QNYq_bk/getUpdates "HTTP/1.1 200 OK"
2026-05-12 03:35:20 | INFO     | HTTP Request: POST https://api.telegram.org/bot8257984718:AAGMaRpeBDzAYTp_sbQ2MifX8HJ0QNYq_bk/getUpdates "HTTP/1.1 200 OK"
2026-05-12 03:35:23 | INFO     | HTTP Request: POST https://api.telegram.org/bot8257984718:AAGMaRpeBDzAYTp_sbQ2MifX8HJ0QNYq_bk/getUpdates "HTTP/1.1 200 OK"
2026-05-12 03:35:24 | INFO     | HTTP Request: POST https://api.telegram.org/bot8257984718:AAGMaRpeBDzAYTp_sbQ2MifX8HJ0QNYq_bk/sendChatAction "HTTP/1.1 200 OK"
2026-05-12 03:35:29 | INFO     | OK | model=qwen2.5:1.5b | mode=code | 5.7s | attempt=1
2026-05-12 03:35:29 | INFO     | MSG | user=2057476178 | mode=code | model=qwen2.5:1.5b | len=408
2026-05-12 03:35:30 | INFO     | HTTP Request: POST https://api.telegram.org/bot8257984718:AAGMaRpeBDzAYTp_sbQ2MifX8HJ0QNYq_bk/sendMessage "HTTP/1.1 200 OK"
2026-05-12 03:35:33 | INFO     | HTTP Request: POST https://api.telegram.org/bot8257984718:AAGMaRpeBDzAYTp_sbQ2MifX8HJ0QNYq_bk/getUpdates "HTTP/1.1 200 OK"
2026-05-12 03:35:44 | INFO     | HTTP Request: POST https://api.telegram.org/bot8257984718:AAGMaRpeBDzAYTp_sbQ2MifX8HJ0QNYq_bk/getUpdates "HTTP/1.1 200 OK"
2026-05-12 03:35:54 | INFO     | HTTP Request: POST https://api.telegram.org/bot8257984718:AAGMaRpeBDzAYTp_sbQ2MifX8HJ0QNYq_bk/getUpdates "HTTP/1.1 200 OK"
2026-05-12 03:36:04 | INFO     | HTTP Request: POST https://api.telegram.org/bot8257984718:AAGMaRpeBDzAYTp_sbQ2MifX8HJ0QNYq_bk/getUpdates "HTTP/1.1 200 OK"
2026-05-12 03:36:14 | INFO     | HTTP Request: POST https://api.telegram.org/bot8257984718:AAGMaRpeBDzAYTp_sbQ2MifX8HJ0QNYq_bk/getUpdates "HTTP/1.1 200 OK"
2026-05-12 03:36:24 | INFO     | HTTP Request: POST https://api.telegram.org/bot8257984718:AAGMaRpeBDzAYTp_sbQ2MifX8HJ0QNYq_bk/getUpdates "HTTP/1.1 200 OK"
2026-05-12 03:36:34 | INFO     | HTTP Request: POST https://api.telegram.org/bot8257984718:AAGMaRpeBDzAYTp_sbQ2MifX8HJ0QNYq_bk/getUpdates "HTTP/1.1 200 OK"
2026-05-12 03:36:36 | INFO     | HTTP Request: POST https://api.telegram.org/bot8257984718:AAGMaRpeBDzAYTp_sbQ2MifX8HJ0QNYq_bk/getUpdates "HTTP/1.1 200 OK"
2026-05-12 03:36:37 | INFO     | HTTP Request: POST https://api.telegram.org/bot8257984718:AAGMaRpeBDzAYTp_sbQ2MifX8HJ0QNYq_bk/sendChatAction "HTTP/1.1 200 OK"
2026-05-12 03:36:41 | INFO     | OK | model=qwen2.5:1.5b | mode=code | 4.7s | attempt=1
2026-05-12 03:36:41 | INFO     | MSG | user=2057476178 | mode=code | model=qwen2.5:1.5b | len=312
2026-05-12 03:36:42 | INFO     | HTTP Request: POST https://api.telegram.org/bot8257984718:AAGMaRpeBDzAYTp_sbQ2MifX8HJ0QNYq_bk/sendMessage "HTTP/1.1 200 OK"
2026-05-12 03:36:46 | INFO     | HTTP Request: POST https://api.telegram.org/bot8257984718:AAGMaRpeBDzAYTp_sbQ2MifX8HJ0QNYq_bk/getUpdates "HTTP/1.1 200 OK"
2026-05-12 03:36:57 | INFO     | HTTP Request: POST https://api.telegram.org/bot8257984718:AAGMaRpeBDzAYTp_sbQ2MifX8HJ0QNYq_bk/getUpdates "HTTP/1.1 200 OK"
2026-05-12 03:37:07 | INFO     | HTTP Request: POST https://api.telegram.org/bot8257984718:AAGMaRpeBDzAYTp_sbQ2MifX8HJ0QNYq_bk/getUpdates "HTTP/1.1 200 OK"
2026-05-12 03:37:17 | INFO     | HTTP Request: POST https://api.telegram.org/bot8257984718:AAGMaRpeBDzAYTp_sbQ2MifX8HJ0QNYq_bk/getUpdates "HTTP/1.1 200 OK"
2026-05-12 03:37:20 | INFO     | HTTP Request: POST https://api.telegram.org/bot8257984718:AAGMaRpeBDzAYTp_sbQ2MifX8HJ0QNYq_bk/getUpdates "HTTP/1.1 200 OK"
2026-05-12 03:37:21 | INFO     | HTTP Request: POST https://api.telegram.org/bot8257984718:AAGMaRpeBDzAYTp_sbQ2MifX8HJ0QNYq_bk/answerCallbackQuery "HTTP/1.1 200 OK"
2026-05-12 03:37:21 | INFO     | HTTP Request: POST https://api.telegram.org/bot8257984718:AAGMaRpeBDzAYTp_sbQ2MifX8HJ0QNYq_bk/editMessageText "HTTP/1.1 200 OK"
2026-05-12 03:37:22 | INFO     | HTTP Request: POST https://api.telegram.org/bot8257984718:AAGMaRpeBDzAYTp_sbQ2MifX8HJ0QNYq_bk/getUpdates "HTTP/1.1 200 OK"
2026-05-12 03:37:22 | INFO     | HTTP Request: POST https://api.telegram.org/bot8257984718:AAGMaRpeBDzAYTp_sbQ2MifX8HJ0QNYq_bk/answerCallbackQuery "HTTP/1.1 200 OK"
2026-05-12 03:37:22 | INFO     | MODE | user=2057476178 | mode=solve
2026-05-12 03:37:22 | INFO     | HTTP Request: POST https://api.telegram.org/bot8257984718:AAGMaRpeBDzAYTp_sbQ2MifX8HJ0QNYq_bk/editMessageText "HTTP/1.1 200 OK"
2026-05-12 03:37:32 | INFO     | HTTP Request: POST https://api.telegram.org/bot8257984718:AAGMaRpeBDzAYTp_sbQ2MifX8HJ0QNYq_bk/getUpdates "HTTP/1.1 200 OK"
2026-05-12 03:37:42 | INFO     | HTTP Request: POST https://api.telegram.org/bot8257984718:AAGMaRpeBDzAYTp_sbQ2MifX8HJ0QNYq_bk/getUpdates "HTTP/1.1 200 OK"
2026-05-12 03:37:42 | INFO     | HTTP Request: POST https://api.telegram.org/bot8257984718:AAGMaRpeBDzAYTp_sbQ2MifX8HJ0QNYq_bk/sendChatAction "HTTP/1.1 200 OK"
2026-05-12 03:37:49 | INFO     | OK | model=qwen2.5:1.5b | mode=solve | 6.8s | attempt=1
2026-05-12 03:37:49 | INFO     | MSG | user=2057476178 | mode=solve | model=qwen2.5:1.5b | len=10
2026-05-12 03:37:50 | INFO     | HTTP Request: POST https://api.telegram.org/bot8257984718:AAGMaRpeBDzAYTp_sbQ2MifX8HJ0QNYq_bk/sendMessage "HTTP/1.1 200 OK"
2026-05-12 03:37:52 | INFO     | HTTP Request: POST https://api.telegram.org/bot8257984718:AAGMaRpeBDzAYTp_sbQ2MifX8HJ0QNYq_bk/getUpdates "HTTP/1.1 200 OK"
2026-05-12 03:38:02 | INFO     | HTTP Request: POST https://api.telegram.org/bot8257984718:AAGMaRpeBDzAYTp_sbQ2MifX8HJ0QNYq_bk/getUpdates "HTTP/1.1 200 OK"
2026-05-12 03:38:12 | INFO     | HTTP Request: POST https://api.telegram.org/bot8257984718:AAGMaRpeBDzAYTp_sbQ2MifX8HJ0QNYq_bk/getUpdates "HTTP/1.1 200 OK"
2026-05-12 03:38:22 | INFO     | HTTP Request: POST https://api.telegram.org/bot8257984718:AAGMaRpeBDzAYTp_sbQ2MifX8HJ0QNYq_bk/getUpdates "HTTP/1.1 200 OK"
2026-05-12 03:38:33 | INFO     | HTTP Request: POST https://api.telegram.org/bot8257984718:AAGMaRpeBDzAYTp_sbQ2MifX8HJ0QNYq_bk/getUpdates "HTTP/1.1 200 OK"
2026-05-12 03:38:43 | INFO     | HTTP Request: POST https://api.telegram.org/bot8257984718:AAGMaRpeBDzAYTp_sbQ2MifX8HJ0QNYq_bk/getUpdates "HTTP/1.1 200 OK"
2026-05-12 03:38:53 | INFO     | HTTP Request: POST https://api.telegram.org/bot8257984718:AAGMaRpeBDzAYTp_sbQ2MifX8HJ0QNYq_bk/getUpdates "HTTP/1.1 200 OK"
2026-05-12 03:39:03 | INFO     | HTTP Request: POST https://api.telegram.org/bot8257984718:AAGMaRpeBDzAYTp_sbQ2MifX8HJ0QNYq_bk/getUpdates "HTTP/1.1 200 OK"
2026-05-12 03:39:13 | INFO     | HTTP Request: POST https://api.telegram.org/bot8257984718:AAGMaRpeBDzAYTp_sbQ2MifX8HJ0QNYq_bk/getUpdates "HTTP/1.1 200 OK"
2026-05-12 03:39:23 | INFO     | HTTP Request: POST https://api.telegram.org/bot8257984718:AAGMaRpeBDzAYTp_sbQ2MifX8HJ0QNYq_bk/getUpdates "HTTP/1.1 200 OK"
2026-05-12 03:39:33 | INFO     | HTTP Request: POST https://api.telegram.org/bot8257984718:AAGMaRpeBDzAYTp_sbQ2MifX8HJ0QNYq_bk/getUpdates "HTTP/1.1 200 OK"
2026-05-12 03:39:43 | INFO     | HTTP Request: POST https://api.telegram.org/bot8257984718:AAGMaRpeBDzAYTp_sbQ2MifX8HJ0QNYq_bk/getUpdates "HTTP/1.1 200 OK"
2026-05-12 03:39:54 | INFO     | HTTP Request: POST https://api.telegram.org/bot8257984718:AAGMaRpeBDzAYTp_sbQ2MifX8HJ0QNYq_bk/getUpdates "HTTP/1.1 200 OK"
2026-05-12 03:40:04 | INFO     | HTTP Request: POST https://api.telegram.org/bot8257984718:AAGMaRpeBDzAYTp_sbQ2MifX8HJ0QNYq_bk/getUpdates "HTTP/1.1 200 OK"
2026-05-12 03:40:14 | INFO     | HTTP Request: POST https://api.telegram.org/bot8257984718:AAGMaRpeBDzAYTp_sbQ2MifX8HJ0QNYq_bk/getUpdates "HTTP/1.1 200 OK"
2026-05-12 03:40:24 | INFO     | HTTP Request: POST https://api.telegram.org/bot8257984718:AAGMaRpeBDzAYTp_sbQ2MifX8HJ0QNYq_bk/getUpdates "HTTP/1.1 200 OK"
2026-05-12 03:40:34 | INFO     | HTTP Request: POST https://api.telegram.org/bot8257984718:AAGMaRpeBDzAYTp_sbQ2MifX8HJ0QNYq_bk/getUpdates "HTTP/1.1 200 OK"
2026-05-12 03:40:44 | INFO     | HTTP Request: POST https://api.telegram.org/bot8257984718:AAGMaRpeBDzAYTp_sbQ2MifX8HJ0QNYq_bk/getUpdates "HTTP/1.1 200 OK"
2026-05-12 03:40:54 | INFO     | HTTP Request: POST https://api.telegram.org/bot8257984718:AAGMaRpeBDzAYTp_sbQ2MifX8HJ0QNYq_bk/getUpdates "HTTP/1.1 200 OK"
2026-05-12 03:41:04 | INFO     | HTTP Request: POST https://api.telegram.org/bot8257984718:AAGMaRpeBDzAYTp_sbQ2MifX8HJ0QNYq_bk/getUpdates "HTTP/1.1 200 OK"
2026-05-12 03:41:15 | INFO     | HTTP Request: POST https://api.telegram.org/bot8257984718:AAGMaRpeBDzAYTp_sbQ2MifX8HJ0QNYq_bk/getUpdates "HTTP/1.1 200 OK"
2026-05-12 03:41:25 | INFO     | HTTP Request: POST https://api.telegram.org/bot8257984718:AAGMaRpeBDzAYTp_sbQ2MifX8HJ0QNYq_bk/getUpdates "HTTP/1.1 200 OK"
2026-05-12 03:41:35 | INFO     | HTTP Request: POST https://api.telegram.org/bot8257984718:AAGMaRpeBDzAYTp_sbQ2MifX8HJ0QNYq_bk/getUpdates "HTTP/1.1 200 OK"
2026-05-12 03:41:45 | INFO     | HTTP Request: POST https://api.telegram.org/bot8257984718:AAGMaRpeBDzAYTp_sbQ2MifX8HJ0QNYq_bk/getUpdates "HTTP/1.1 200 OK"
2026-05-12 03:41:55 | INFO     | HTTP Request: POST https://api.telegram.org/bot8257984718:AAGMaRpeBDzAYTp_sbQ2MifX8HJ0QNYq_bk/getUpdates "HTTP/1.1 200 OK"
2026-05-12 03:42:05 | INFO     | HTTP Request: POST https://api.telegram.org/bot8257984718:AAGMaRpeBDzAYTp_sbQ2MifX8HJ0QNYq_bk/getUpdates "HTTP/1.1 200 OK"
2026-05-12 03:42:15 | INFO     | HTTP Request: POST https://api.telegram.org/bot8257984718:AAGMaRpeBDzAYTp_sbQ2MifX8HJ0QNYq_bk/getUpdates "HTTP/1.1 200 OK"
2026-05-12 03:42:25 | INFO     | HTTP Request: POST https://api.telegram.org/bot8257984718:AAGMaRpeBDzAYTp_sbQ2MifX8HJ0QNYq_bk/getUpdates "HTTP/1.1 200 OK"
2026-05-12 03:42:35 | INFO     | HTTP Request: POST https://api.telegram.org/bot8257984718:AAGMaRpeBDzAYTp_sbQ2MifX8HJ0QNYq_bk/getUpdates "HTTP/1.1 200 OK"
2026-05-12 03:42:46 | INFO     | HTTP Request: POST https://api.telegram.org/bot8257984718:AAGMaRpeBDzAYTp_sbQ2MifX8HJ0QNYq_bk/getUpdates "HTTP/1.1 200 OK"
2026-05-12 03:42:56 | INFO     | HTTP Request: POST https://api.telegram.org/bot8257984718:AAGMaRpeBDzAYTp_sbQ2MifX8HJ0QNYq_bk/getUpdates "HTTP/1.1 200 OK"
2026-05-12 03:43:06 | INFO     | HTTP Request: POST https://api.telegram.org/bot8257984718:AAGMaRpeBDzAYTp_sbQ2MifX8HJ0QNYq_bk/getUpdates "HTTP/1.1 200 OK"
2026-05-12 03:43:11 | INFO     | HTTP Request: POST https://api.telegram.org/bot8257984718:AAGMaRpeBDzAYTp_sbQ2MifX8HJ0QNYq_bk/getUpdates "HTTP/1.1 200 OK"
2026-05-12 03:43:11 | INFO     | Application is stopping. This might take a moment.
2026-05-12 03:43:11 | INFO     | Application.stop() complete
2026-05-12 03:46:43 | INFO     | StudyBot v5.2 started | model=qwen2.5:1.5b | fallback=tinyllama
2026-05-12 03:46:44 | INFO     | HTTP Request: POST https://api.telegram.org/bot8257984718:AAGMaRpeBDzAYTp_sbQ2MifX8HJ0QNYq_bk/getMe "HTTP/1.1 200 OK"
2026-05-12 03:46:44 | INFO     | HTTP Request: POST https://api.telegram.org/bot8257984718:AAGMaRpeBDzAYTp_sbQ2MifX8HJ0QNYq_bk/deleteWebhook "HTTP/1.1 200 OK"
2026-05-12 03:46:44 | INFO     | Application started
2026-05-12 03:46:44 | INFO     | HTTP Request: POST https://api.telegram.org/bot8257984718:AAGMaRpeBDzAYTp_sbQ2MifX8HJ0QNYq_bk/getUpdates "HTTP/1.1 200 OK"
2026-05-12 03:46:44 | INFO     | START | user=2057476178
2026-05-12 03:46:45 | INFO     | HTTP Request: POST https://api.telegram.org/bot8257984718:AAGMaRpeBDzAYTp_sbQ2MifX8HJ0QNYq_bk/sendMessage "HTTP/1.1 200 OK"
2026-05-12 03:46:55 | INFO     | HTTP Request: POST https://api.telegram.org/bot8257984718:AAGMaRpeBDzAYTp_sbQ2MifX8HJ0QNYq_bk/getUpdates "HTTP/1.1 200 OK"
2026-05-12 03:46:55 | INFO     | HTTP Request: POST https://api.telegram.org/bot8257984718:AAGMaRpeBDzAYTp_sbQ2MifX8HJ0QNYq_bk/getUpdates "HTTP/1.1 200 OK"
2026-05-12 03:46:55 | INFO     | HTTP Request: POST https://api.telegram.org/bot8257984718:AAGMaRpeBDzAYTp_sbQ2MifX8HJ0QNYq_bk/answerCallbackQuery "HTTP/1.1 200 OK"
2026-05-12 03:46:55 | INFO     | MODE | user=2057476178 | mode=chat
2026-05-12 03:46:56 | INFO     | HTTP Request: POST https://api.telegram.org/bot8257984718:AAGMaRpeBDzAYTp_sbQ2MifX8HJ0QNYq_bk/editMessageText "HTTP/1.1 200 OK"
2026-05-12 03:47:05 | INFO     | HTTP Request: POST https://api.telegram.org/bot8257984718:AAGMaRpeBDzAYTp_sbQ2MifX8HJ0QNYq_bk/getUpdates "HTTP/1.1 200 OK"
2026-05-12 03:47:15 | INFO     | HTTP Request: POST https://api.telegram.org/bot8257984718:AAGMaRpeBDzAYTp_sbQ2MifX8HJ0QNYq_bk/getUpdates "HTTP/1.1 200 OK"
2026-05-12 03:47:25 | INFO     | HTTP Request: POST https://api.telegram.org/bot8257984718:AAGMaRpeBDzAYTp_sbQ2MifX8HJ0QNYq_bk/getUpdates "HTTP/1.1 200 OK"
2026-05-12 03:47:35 | INFO     | HTTP Request: POST https://api.telegram.org/bot8257984718:AAGMaRpeBDzAYTp_sbQ2MifX8HJ0QNYq_bk/getUpdates "HTTP/1.1 200 OK"
2026-05-12 03:47:46 | INFO     | HTTP Request: POST https://api.telegram.org/bot8257984718:AAGMaRpeBDzAYTp_sbQ2MifX8HJ0QNYq_bk/getUpdates "HTTP/1.1 200 OK"
2026-05-12 03:47:52 | INFO     | HTTP Request: POST https://api.telegram.org/bot8257984718:AAGMaRpeBDzAYTp_sbQ2MifX8HJ0QNYq_bk/getUpdates "HTTP/1.1 200 OK"
2026-05-12 03:47:52 | INFO     | HTTP Request: POST https://api.telegram.org/bot8257984718:AAGMaRpeBDzAYTp_sbQ2MifX8HJ0QNYq_bk/sendChatAction "HTTP/1.1 200 OK"
2026-05-12 03:48:02 | INFO     | HTTP Request: POST https://api.telegram.org/bot8257984718:AAGMaRpeBDzAYTp_sbQ2MifX8HJ0QNYq_bk/getUpdates "HTTP/1.1 200 OK"
2026-05-12 03:48:03 | INFO     | HTTP Request: POST http://localhost:11434/api/chat "HTTP/1.1 200 OK"
2026-05-12 03:48:03 | INFO     | OK | model=qwen2.5:1.5b | mode=chat | 10.2s | attempt=1
2026-05-12 03:48:03 | INFO     | MSG | user=2057476178 | mode=chat | model=qwen2.5:1.5b | len=143
2026-05-12 03:48:03 | INFO     | HTTP Request: POST https://api.telegram.org/bot8257984718:AAGMaRpeBDzAYTp_sbQ2MifX8HJ0QNYq_bk/sendMessage "HTTP/1.1 200 OK"
2026-05-12 03:48:12 | INFO     | HTTP Request: POST https://api.telegram.org/bot8257984718:AAGMaRpeBDzAYTp_sbQ2MifX8HJ0QNYq_bk/getUpdates "HTTP/1.1 200 OK"
2026-05-12 03:48:22 | INFO     | HTTP Request: POST https://api.telegram.org/bot8257984718:AAGMaRpeBDzAYTp_sbQ2MifX8HJ0QNYq_bk/getUpdates "HTTP/1.1 200 OK"
2026-05-12 03:48:33 | INFO     | HTTP Request: POST https://api.telegram.org/bot8257984718:AAGMaRpeBDzAYTp_sbQ2MifX8HJ0QNYq_bk/getUpdates "HTTP/1.1 200 OK"
2026-05-12 03:48:43 | INFO     | HTTP Request: POST https://api.telegram.org/bot8257984718:AAGMaRpeBDzAYTp_sbQ2MifX8HJ0QNYq_bk/getUpdates "HTTP/1.1 200 OK"
2026-05-12 03:48:45 | INFO     | HTTP Request: POST https://api.telegram.org/bot8257984718:AAGMaRpeBDzAYTp_sbQ2MifX8HJ0QNYq_bk/getUpdates "HTTP/1.1 200 OK"
2026-05-12 03:48:45 | INFO     | HTTP Request: POST https://api.telegram.org/bot8257984718:AAGMaRpeBDzAYTp_sbQ2MifX8HJ0QNYq_bk/sendChatAction "HTTP/1.1 200 OK"
2026-05-12 03:48:50 | INFO     | HTTP Request: POST http://localhost:11434/api/chat "HTTP/1.1 200 OK"
2026-05-12 03:48:50 | INFO     | OK | model=qwen2.5:1.5b | mode=chat | 4.6s | attempt=1
2026-05-12 03:48:50 | INFO     | MSG | user=2057476178 | mode=chat | model=qwen2.5:1.5b | len=1110
2026-05-12 03:48:50 | INFO     | HTTP Request: POST https://api.telegram.org/bot8257984718:AAGMaRpeBDzAYTp_sbQ2MifX8HJ0QNYq_bk/sendMessage "HTTP/1.1 200 OK"
2026-05-12 03:48:55 | INFO     | HTTP Request: POST https://api.telegram.org/bot8257984718:AAGMaRpeBDzAYTp_sbQ2MifX8HJ0QNYq_bk/getUpdates "HTTP/1.1 200 OK"
2026-05-12 03:49:05 | INFO     | HTTP Request: POST https://api.telegram.org/bot8257984718:AAGMaRpeBDzAYTp_sbQ2MifX8HJ0QNYq_bk/getUpdates "HTTP/1.1 200 OK"
2026-05-12 03:49:15 | INFO     | HTTP Request: POST https://api.telegram.org/bot8257984718:AAGMaRpeBDzAYTp_sbQ2MifX8HJ0QNYq_bk/getUpdates "HTTP/1.1 200 OK"
2026-05-12 03:49:25 | INFO     | HTTP Request: POST https://api.telegram.org/bot8257984718:AAGMaRpeBDzAYTp_sbQ2MifX8HJ0QNYq_bk/getUpdates "HTTP/1.1 200 OK"
2026-05-12 03:49:33 | INFO     | HTTP Request: POST https://api.telegram.org/bot8257984718:AAGMaRpeBDzAYTp_sbQ2MifX8HJ0QNYq_bk/getUpdates "HTTP/1.1 200 OK"
2026-05-12 03:49:34 | INFO     | HTTP Request: POST https://api.telegram.org/bot8257984718:AAGMaRpeBDzAYTp_sbQ2MifX8HJ0QNYq_bk/sendChatAction "HTTP/1.1 200 OK"
2026-05-12 03:49:38 | INFO     | HTTP Request: POST http://localhost:11434/api/chat "HTTP/1.1 200 OK"
2026-05-12 03:49:38 | INFO     | OK | model=qwen2.5:1.5b | mode=chat | 4.1s | attempt=1
2026-05-12 03:49:38 | INFO     | MSG | user=2057476178 | mode=chat | model=qwen2.5:1.5b | len=1449
2026-05-12 03:49:38 | INFO     | HTTP Request: POST https://api.telegram.org/bot8257984718:AAGMaRpeBDzAYTp_sbQ2MifX8HJ0QNYq_bk/sendMessage "HTTP/1.1 200 OK"
2026-05-12 03:49:43 | INFO     | HTTP Request: POST https://api.telegram.org/bot8257984718:AAGMaRpeBDzAYTp_sbQ2MifX8HJ0QNYq_bk/getUpdates "HTTP/1.1 200 OK"
2026-05-12 03:49:54 | INFO     | HTTP Request: POST https://api.telegram.org/bot8257984718:AAGMaRpeBDzAYTp_sbQ2MifX8HJ0QNYq_bk/getUpdates "HTTP/1.1 200 OK"
2026-05-12 03:50:04 | INFO     | HTTP Request: POST https://api.telegram.org/bot8257984718:AAGMaRpeBDzAYTp_sbQ2MifX8HJ0QNYq_bk/getUpdates "HTTP/1.1 200 OK"
2026-05-12 03:50:14 | INFO     | HTTP Request: POST https://api.telegram.org/bot8257984718:AAGMaRpeBDzAYTp_sbQ2MifX8HJ0QNYq_bk/getUpdates "HTTP/1.1 200 OK"
2026-05-12 03:50:24 | INFO     | HTTP Request: POST https://api.telegram.org/bot8257984718:AAGMaRpeBDzAYTp_sbQ2MifX8HJ0QNYq_bk/getUpdates "HTTP/1.1 200 OK"
2026-05-12 03:50:34 | INFO     | HTTP Request: POST https://api.telegram.org/bot8257984718:AAGMaRpeBDzAYTp_sbQ2MifX8HJ0QNYq_bk/getUpdates "HTTP/1.1 200 OK"
2026-05-12 03:50:39 | INFO     | HTTP Request: POST https://api.telegram.org/bot8257984718:AAGMaRpeBDzAYTp_sbQ2MifX8HJ0QNYq_bk/getUpdates "HTTP/1.1 200 OK"
2026-05-12 03:50:40 | INFO     | HTTP Request: POST https://api.telegram.org/bot8257984718:AAGMaRpeBDzAYTp_sbQ2MifX8HJ0QNYq_bk/sendChatAction "HTTP/1.1 200 OK"
2026-05-12 03:50:44 | INFO     | HTTP Request: POST http://localhost:11434/api/chat "HTTP/1.1 200 OK"
2026-05-12 03:50:44 | INFO     | OK | model=qwen2.5:1.5b | mode=chat | 3.9s | attempt=1
2026-05-12 03:50:44 | INFO     | MSG | user=2057476178 | mode=chat | model=qwen2.5:1.5b | len=821
2026-05-12 03:50:44 | INFO     | HTTP Request: POST https://api.telegram.org/bot8257984718:AAGMaRpeBDzAYTp_sbQ2MifX8HJ0QNYq_bk/sendMessage "HTTP/1.1 200 OK"
2026-05-12 03:50:49 | INFO     | HTTP Request: POST https://api.telegram.org/bot8257984718:AAGMaRpeBDzAYTp_sbQ2MifX8HJ0QNYq_bk/getUpdates "HTTP/1.1 200 OK"
2026-05-12 03:50:59 | INFO     | HTTP Request: POST https://api.telegram.org/bot8257984718:AAGMaRpeBDzAYTp_sbQ2MifX8HJ0QNYq_bk/getUpdates "HTTP/1.1 200 OK"
2026-05-12 03:51:09 | INFO     | HTTP Request: POST https://api.telegram.org/bot8257984718:AAGMaRpeBDzAYTp_sbQ2MifX8HJ0QNYq_bk/getUpdates "HTTP/1.1 200 OK"
2026-05-12 03:51:10 | INFO     | HTTP Request: POST https://api.telegram.org/bot8257984718:AAGMaRpeBDzAYTp_sbQ2MifX8HJ0QNYq_bk/getUpdates "HTTP/1.1 200 OK"
2026-05-12 03:51:10 | INFO     | HTTP Request: POST https://api.telegram.org/bot8257984718:AAGMaRpeBDzAYTp_sbQ2MifX8HJ0QNYq_bk/answerCallbackQuery "HTTP/1.1 200 OK"
2026-05-12 03:51:10 | INFO     | HTTP Request: POST https://api.telegram.org/bot8257984718:AAGMaRpeBDzAYTp_sbQ2MifX8HJ0QNYq_bk/editMessageText "HTTP/1.1 200 OK"
2026-05-12 03:51:11 | INFO     | HTTP Request: POST https://api.telegram.org/bot8257984718:AAGMaRpeBDzAYTp_sbQ2MifX8HJ0QNYq_bk/getUpdates "HTTP/1.1 200 OK"
2026-05-12 03:51:12 | INFO     | HTTP Request: POST https://api.telegram.org/bot8257984718:AAGMaRpeBDzAYTp_sbQ2MifX8HJ0QNYq_bk/answerCallbackQuery "HTTP/1.1 200 OK"
2026-05-12 03:51:12 | INFO     | MODE | user=2057476178 | mode=solve
2026-05-12 03:51:12 | INFO     | HTTP Request: POST https://api.telegram.org/bot8257984718:AAGMaRpeBDzAYTp_sbQ2MifX8HJ0QNYq_bk/editMessageText "HTTP/1.1 200 OK"
2026-05-12 03:51:22 | INFO     | HTTP Request: POST https://api.telegram.org/bot8257984718:AAGMaRpeBDzAYTp_sbQ2MifX8HJ0QNYq_bk/getUpdates "HTTP/1.1 200 OK"
2026-05-12 03:51:32 | INFO     | HTTP Request: POST https://api.telegram.org/bot8257984718:AAGMaRpeBDzAYTp_sbQ2MifX8HJ0QNYq_bk/getUpdates "HTTP/1.1 200 OK"
2026-05-12 03:51:42 | INFO     | HTTP Request: POST https://api.telegram.org/bot8257984718:AAGMaRpeBDzAYTp_sbQ2MifX8HJ0QNYq_bk/getUpdates "HTTP/1.1 200 OK"
2026-05-12 03:51:52 | INFO     | HTTP Request: POST https://api.telegram.org/bot8257984718:AAGMaRpeBDzAYTp_sbQ2MifX8HJ0QNYq_bk/getUpdates "HTTP/1.1 200 OK"
2026-05-12 03:52:02 | INFO     | HTTP Request: POST https://api.telegram.org/bot8257984718:AAGMaRpeBDzAYTp_sbQ2MifX8HJ0QNYq_bk/getUpdates "HTTP/1.1 200 OK"
2026-05-12 03:52:06 | INFO     | HTTP Request: POST https://api.telegram.org/bot8257984718:AAGMaRpeBDzAYTp_sbQ2MifX8HJ0QNYq_bk/getUpdates "HTTP/1.1 200 OK"
2026-05-12 03:52:07 | INFO     | HTTP Request: POST https://api.telegram.org/bot8257984718:AAGMaRpeBDzAYTp_sbQ2MifX8HJ0QNYq_bk/sendChatAction "HTTP/1.1 200 OK"
2026-05-12 03:52:11 | INFO     | HTTP Request: POST http://localhost:11434/api/chat "HTTP/1.1 200 OK"
2026-05-12 03:52:11 | INFO     | OK | model=qwen2.5:1.5b | mode=solve | 4.4s | attempt=1
2026-05-12 03:52:11 | INFO     | MSG | user=2057476178 | mode=solve | model=qwen2.5:1.5b | len=88
2026-05-12 03:52:11 | INFO     | HTTP Request: POST https://api.telegram.org/bot8257984718:AAGMaRpeBDzAYTp_sbQ2MifX8HJ0QNYq_bk/sendMessage "HTTP/1.1 200 OK"
2026-05-12 03:52:16 | INFO     | HTTP Request: POST https://api.telegram.org/bot8257984718:AAGMaRpeBDzAYTp_sbQ2MifX8HJ0QNYq_bk/getUpdates "HTTP/1.1 200 OK"
2026-05-12 03:52:26 | INFO     | HTTP Request: POST https://api.telegram.org/bot8257984718:AAGMaRpeBDzAYTp_sbQ2MifX8HJ0QNYq_bk/getUpdates "HTTP/1.1 200 OK"
2026-05-12 03:52:37 | INFO     | HTTP Request: POST https://api.telegram.org/bot8257984718:AAGMaRpeBDzAYTp_sbQ2MifX8HJ0QNYq_bk/getUpdates "HTTP/1.1 200 OK"
2026-05-12 03:52:47 | INFO     | HTTP Request: POST https://api.telegram.org/bot8257984718:AAGMaRpeBDzAYTp_sbQ2MifX8HJ0QNYq_bk/getUpdates "HTTP/1.1 200 OK"
2026-05-12 03:52:47 | INFO     | HTTP Request: POST https://api.telegram.org/bot8257984718:AAGMaRpeBDzAYTp_sbQ2MifX8HJ0QNYq_bk/sendChatAction "HTTP/1.1 200 OK"
2026-05-12 03:52:51 | INFO     | HTTP Request: POST http://localhost:11434/api/chat "HTTP/1.1 200 OK"
2026-05-12 03:52:51 | INFO     | OK | model=qwen2.5:1.5b | mode=solve | 4.5s | attempt=1
2026-05-12 03:52:51 | INFO     | MSG | user=2057476178 | mode=solve | model=qwen2.5:1.5b | len=84
2026-05-12 03:52:52 | INFO     | HTTP Request: POST https://api.telegram.org/bot8257984718:AAGMaRpeBDzAYTp_sbQ2MifX8HJ0QNYq_bk/sendMessage "HTTP/1.1 200 OK"
2026-05-12 03:52:57 | INFO     | HTTP Request: POST https://api.telegram.org/bot8257984718:AAGMaRpeBDzAYTp_sbQ2MifX8HJ0QNYq_bk/getUpdates "HTTP/1.1 200 OK"
2026-05-12 03:53:07 | INFO     | HTTP Request: POST https://api.telegram.org/bot8257984718:AAGMaRpeBDzAYTp_sbQ2MifX8HJ0QNYq_bk/getUpdates "HTTP/1.1 200 OK"
2026-05-12 03:53:11 | INFO     | HTTP Request: POST https://api.telegram.org/bot8257984718:AAGMaRpeBDzAYTp_sbQ2MifX8HJ0QNYq_bk/getUpdates "HTTP/1.1 200 OK"
2026-05-12 03:53:11 | INFO     | HTTP Request: POST https://api.telegram.org/bot8257984718:AAGMaRpeBDzAYTp_sbQ2MifX8HJ0QNYq_bk/answerCallbackQuery "HTTP/1.1 200 OK"
2026-05-12 03:53:11 | INFO     | HTTP Request: POST https://api.telegram.org/bot8257984718:AAGMaRpeBDzAYTp_sbQ2MifX8HJ0QNYq_bk/editMessageText "HTTP/1.1 200 OK"
2026-05-12 03:53:13 | INFO     | HTTP Request: POST https://api.telegram.org/bot8257984718:AAGMaRpeBDzAYTp_sbQ2MifX8HJ0QNYq_bk/getUpdates "HTTP/1.1 200 OK"
2026-05-12 03:53:13 | INFO     | HTTP Request: POST https://api.telegram.org/bot8257984718:AAGMaRpeBDzAYTp_sbQ2MifX8HJ0QNYq_bk/answerCallbackQuery "HTTP/1.1 200 OK"
2026-05-12 03:53:13 | INFO     | MODE | user=2057476178 | mode=explain
2026-05-12 03:53:13 | INFO     | HTTP Request: POST https://api.telegram.org/bot8257984718:AAGMaRpeBDzAYTp_sbQ2MifX8HJ0QNYq_bk/editMessageText "HTTP/1.1 200 OK"
2026-05-12 03:53:23 | INFO     | HTTP Request: POST https://api.telegram.org/bot8257984718:AAGMaRpeBDzAYTp_sbQ2MifX8HJ0QNYq_bk/getUpdates "HTTP/1.1 200 OK"
2026-05-12 03:53:33 | INFO     | HTTP Request: POST https://api.telegram.org/bot8257984718:AAGMaRpeBDzAYTp_sbQ2MifX8HJ0QNYq_bk/getUpdates "HTTP/1.1 200 OK"
2026-05-12 03:53:43 | INFO     | HTTP Request: POST https://api.telegram.org/bot8257984718:AAGMaRpeBDzAYTp_sbQ2MifX8HJ0QNYq_bk/getUpdates "HTTP/1.1 200 OK"
2026-05-12 03:53:43 | INFO     | HTTP Request: POST https://api.telegram.org/bot8257984718:AAGMaRpeBDzAYTp_sbQ2MifX8HJ0QNYq_bk/getUpdates "HTTP/1.1 200 OK"
2026-05-12 03:53:43 | INFO     | HTTP Request: POST https://api.telegram.org/bot8257984718:AAGMaRpeBDzAYTp_sbQ2MifX8HJ0QNYq_bk/sendChatAction "HTTP/1.1 200 OK"
2026-05-12 03:53:48 | INFO     | HTTP Request: POST http://localhost:11434/api/chat "HTTP/1.1 200 OK"
2026-05-12 03:53:48 | INFO     | OK | model=qwen2.5:1.5b | mode=explain | 4.7s | attempt=1
2026-05-12 03:53:48 | INFO     | MSG | user=2057476178 | mode=explain | model=qwen2.5:1.5b | len=39
2026-05-12 03:53:48 | INFO     | HTTP Request: POST https://api.telegram.org/bot8257984718:AAGMaRpeBDzAYTp_sbQ2MifX8HJ0QNYq_bk/sendMessage "HTTP/1.1 200 OK"
2026-05-12 03:53:53 | INFO     | HTTP Request: POST https://api.telegram.org/bot8257984718:AAGMaRpeBDzAYTp_sbQ2MifX8HJ0QNYq_bk/getUpdates "HTTP/1.1 200 OK"
2026-05-12 03:54:03 | INFO     | HTTP Request: POST https://api.telegram.org/bot8257984718:AAGMaRpeBDzAYTp_sbQ2MifX8HJ0QNYq_bk/getUpdates "HTTP/1.1 200 OK"
2026-05-12 03:54:13 | INFO     | HTTP Request: POST https://api.telegram.org/bot8257984718:AAGMaRpeBDzAYTp_sbQ2MifX8HJ0QNYq_bk/getUpdates "HTTP/1.1 200 OK"
2026-05-12 03:54:21 | INFO     | HTTP Request: POST https://api.telegram.org/bot8257984718:AAGMaRpeBDzAYTp_sbQ2MifX8HJ0QNYq_bk/getUpdates "HTTP/1.1 200 OK"
2026-05-12 03:54:22 | INFO     | HTTP Request: POST https://api.telegram.org/bot8257984718:AAGMaRpeBDzAYTp_sbQ2MifX8HJ0QNYq_bk/sendChatAction "HTTP/1.1 200 OK"
2026-05-12 03:54:27 | INFO     | HTTP Request: POST http://localhost:11434/api/chat "HTTP/1.1 200 OK"
2026-05-12 03:54:27 | INFO     | OK | model=qwen2.5:1.5b | mode=explain | 5.5s | attempt=1
2026-05-12 03:54:27 | INFO     | MSG | user=2057476178 | mode=explain | model=qwen2.5:1.5b | len=1525
2026-05-12 03:54:28 | INFO     | HTTP Request: POST https://api.telegram.org/bot8257984718:AAGMaRpeBDzAYTp_sbQ2MifX8HJ0QNYq_bk/sendMessage "HTTP/1.1 200 OK"
2026-05-12 03:54:32 | INFO     | HTTP Request: POST https://api.telegram.org/bot8257984718:AAGMaRpeBDzAYTp_sbQ2MifX8HJ0QNYq_bk/getUpdates "HTTP/1.1 200 OK"
2026-05-12 03:54:42 | INFO     | HTTP Request: POST https://api.telegram.org/bot8257984718:AAGMaRpeBDzAYTp_sbQ2MifX8HJ0QNYq_bk/getUpdates "HTTP/1.1 200 OK"
2026-05-12 03:54:52 | INFO     | HTTP Request: POST https://api.telegram.org/bot8257984718:AAGMaRpeBDzAYTp_sbQ2MifX8HJ0QNYq_bk/getUpdates "HTTP/1.1 200 OK"
2026-05-12 03:55:02 | INFO     | HTTP Request: POST https://api.telegram.org/bot8257984718:AAGMaRpeBDzAYTp_sbQ2MifX8HJ0QNYq_bk/getUpdates "HTTP/1.1 200 OK"
2026-05-12 03:55:12 | INFO     | HTTP Request: POST https://api.telegram.org/bot8257984718:AAGMaRpeBDzAYTp_sbQ2MifX8HJ0QNYq_bk/getUpdates "HTTP/1.1 200 OK"
2026-05-12 03:55:14 | INFO     | HTTP Request: POST https://api.telegram.org/bot8257984718:AAGMaRpeBDzAYTp_sbQ2MifX8HJ0QNYq_bk/getUpdates "HTTP/1.1 200 OK"
2026-05-12 03:55:14 | INFO     | START | user=2057476178
2026-05-12 03:55:15 | INFO     | HTTP Request: POST https://api.telegram.org/bot8257984718:AAGMaRpeBDzAYTp_sbQ2MifX8HJ0QNYq_bk/sendMessage "HTTP/1.1 200 OK"
2026-05-12 03:55:17 | INFO     | HTTP Request: POST https://api.telegram.org/bot8257984718:AAGMaRpeBDzAYTp_sbQ2MifX8HJ0QNYq_bk/getUpdates "HTTP/1.1 200 OK"
2026-05-12 03:55:18 | INFO     | HTTP Request: POST https://api.telegram.org/bot8257984718:AAGMaRpeBDzAYTp_sbQ2MifX8HJ0QNYq_bk/answerCallbackQuery "HTTP/1.1 200 OK"
2026-05-12 03:55:18 | INFO     | MODE | user=2057476178 | mode=explain
2026-05-12 03:55:18 | INFO     | HTTP Request: POST https://api.telegram.org/bot8257984718:AAGMaRpeBDzAYTp_sbQ2MifX8HJ0QNYq_bk/editMessageText "HTTP/1.1 200 OK"
2026-05-12 03:55:19 | INFO     | HTTP Request: POST https://api.telegram.org/bot8257984718:AAGMaRpeBDzAYTp_sbQ2MifX8HJ0QNYq_bk/getUpdates "HTTP/1.1 200 OK"
2026-05-12 03:55:19 | INFO     | HTTP Request: POST https://api.telegram.org/bot8257984718:AAGMaRpeBDzAYTp_sbQ2MifX8HJ0QNYq_bk/answerCallbackQuery "HTTP/1.1 200 OK"
2026-05-12 03:55:19 | INFO     | HTTP Request: POST https://api.telegram.org/bot8257984718:AAGMaRpeBDzAYTp_sbQ2MifX8HJ0QNYq_bk/editMessageText "HTTP/1.1 200 OK"
2026-05-12 03:55:20 | INFO     | HTTP Request: POST https://api.telegram.org/bot8257984718:AAGMaRpeBDzAYTp_sbQ2MifX8HJ0QNYq_bk/getUpdates "HTTP/1.1 200 OK"
2026-05-12 03:55:20 | INFO     | HTTP Request: POST https://api.telegram.org/bot8257984718:AAGMaRpeBDzAYTp_sbQ2MifX8HJ0QNYq_bk/answerCallbackQuery "HTTP/1.1 200 OK"
2026-05-12 03:55:20 | INFO     | MODE | user=2057476178 | mode=code
2026-05-12 03:55:20 | INFO     | HTTP Request: POST https://api.telegram.org/bot8257984718:AAGMaRpeBDzAYTp_sbQ2MifX8HJ0QNYq_bk/editMessageText "HTTP/1.1 200 OK"
2026-05-12 03:55:30 | INFO     | HTTP Request: POST https://api.telegram.org/bot8257984718:AAGMaRpeBDzAYTp_sbQ2MifX8HJ0QNYq_bk/getUpdates "HTTP/1.1 200 OK"
2026-05-12 03:55:40 | INFO     | HTTP Request: POST https://api.telegram.org/bot8257984718:AAGMaRpeBDzAYTp_sbQ2MifX8HJ0QNYq_bk/getUpdates "HTTP/1.1 200 OK"
2026-05-12 03:55:50 | INFO     | HTTP Request: POST https://api.telegram.org/bot8257984718:AAGMaRpeBDzAYTp_sbQ2MifX8HJ0QNYq_bk/getUpdates "HTTP/1.1 200 OK"
2026-05-12 03:55:58 | INFO     | HTTP Request: POST https://api.telegram.org/bot8257984718:AAGMaRpeBDzAYTp_sbQ2MifX8HJ0QNYq_bk/getUpdates "HTTP/1.1 200 OK"
2026-05-12 03:55:58 | INFO     | HTTP Request: POST https://api.telegram.org/bot8257984718:AAGMaRpeBDzAYTp_sbQ2MifX8HJ0QNYq_bk/sendChatAction "HTTP/1.1 200 OK"
2026-05-12 03:56:03 | INFO     | HTTP Request: POST http://localhost:11434/api/chat "HTTP/1.1 200 OK"
2026-05-12 03:56:03 | INFO     | OK | model=qwen2.5:1.5b | mode=code | 4.2s | attempt=1
2026-05-12 03:56:03 | INFO     | MSG | user=2057476178 | mode=code | model=qwen2.5:1.5b | len=119
2026-05-12 03:56:03 | INFO     | HTTP Request: POST https://api.telegram.org/bot8257984718:AAGMaRpeBDzAYTp_sbQ2MifX8HJ0QNYq_bk/sendMessage "HTTP/1.1 200 OK"
2026-05-12 03:56:08 | INFO     | HTTP Request: POST https://api.telegram.org/bot8257984718:AAGMaRpeBDzAYTp_sbQ2MifX8HJ0QNYq_bk/getUpdates "HTTP/1.1 200 OK"
2026-05-12 03:56:18 | INFO     | HTTP Request: POST https://api.telegram.org/bot8257984718:AAGMaRpeBDzAYTp_sbQ2MifX8HJ0QNYq_bk/getUpdates "HTTP/1.1 200 OK"
2026-05-12 03:56:22 | INFO     | HTTP Request: POST https://api.telegram.org/bot8257984718:AAGMaRpeBDzAYTp_sbQ2MifX8HJ0QNYq_bk/getUpdates "HTTP/1.1 200 OK"
2026-05-12 03:56:22 | INFO     | HTTP Request: POST https://api.telegram.org/bot8257984718:AAGMaRpeBDzAYTp_sbQ2MifX8HJ0QNYq_bk/sendChatAction "HTTP/1.1 200 OK"
2026-05-12 03:56:26 | INFO     | HTTP Request: POST http://localhost:11434/api/chat "HTTP/1.1 200 OK"
2026-05-12 03:56:26 | INFO     | OK | model=qwen2.5:1.5b | mode=code | 3.4s | attempt=1
2026-05-12 03:56:26 | INFO     | MSG | user=2057476178 | mode=code | model=qwen2.5:1.5b | len=200
2026-05-12 03:56:26 | INFO     | HTTP Request: POST https://api.telegram.org/bot8257984718:AAGMaRpeBDzAYTp_sbQ2MifX8HJ0QNYq_bk/sendMessage "HTTP/1.1 200 OK"
2026-05-12 03:56:32 | INFO     | HTTP Request: POST https://api.telegram.org/bot8257984718:AAGMaRpeBDzAYTp_sbQ2MifX8HJ0QNYq_bk/getUpdates "HTTP/1.1 200 OK"
2026-05-12 03:56:35 | INFO     | HTTP Request: POST https://api.telegram.org/bot8257984718:AAGMaRpeBDzAYTp_sbQ2MifX8HJ0QNYq_bk/getUpdates "HTTP/1.1 200 OK"
2026-05-12 03:56:35 | INFO     | HTTP Request: POST https://api.telegram.org/bot8257984718:AAGMaRpeBDzAYTp_sbQ2MifX8HJ0QNYq_bk/answerCallbackQuery "HTTP/1.1 200 OK"
2026-05-12 03:56:36 | INFO     | HTTP Request: POST https://api.telegram.org/bot8257984718:AAGMaRpeBDzAYTp_sbQ2MifX8HJ0QNYq_bk/editMessageText "HTTP/1.1 200 OK"
2026-05-12 03:56:38 | INFO     | HTTP Request: POST https://api.telegram.org/bot8257984718:AAGMaRpeBDzAYTp_sbQ2MifX8HJ0QNYq_bk/getUpdates "HTTP/1.1 200 OK"
2026-05-12 03:56:38 | INFO     | HTTP Request: POST https://api.telegram.org/bot8257984718:AAGMaRpeBDzAYTp_sbQ2MifX8HJ0QNYq_bk/answerCallbackQuery "HTTP/1.1 200 OK"
2026-05-12 03:56:38 | INFO     | MODE | user=2057476178 | mode=quiz
2026-05-12 03:56:38 | INFO     | HTTP Request: POST https://api.telegram.org/bot8257984718:AAGMaRpeBDzAYTp_sbQ2MifX8HJ0QNYq_bk/editMessageText "HTTP/1.1 200 OK"
2026-05-12 03:56:48 | INFO     | HTTP Request: POST https://api.telegram.org/bot8257984718:AAGMaRpeBDzAYTp_sbQ2MifX8HJ0QNYq_bk/getUpdates "HTTP/1.1 200 OK"
2026-05-12 03:56:58 | INFO     | HTTP Request: POST https://api.telegram.org/bot8257984718:AAGMaRpeBDzAYTp_sbQ2MifX8HJ0QNYq_bk/getUpdates "HTTP/1.1 200 OK"
2026-05-12 03:57:05 | INFO     | HTTP Request: POST https://api.telegram.org/bot8257984718:AAGMaRpeBDzAYTp_sbQ2MifX8HJ0QNYq_bk/getUpdates "HTTP/1.1 200 OK"
2026-05-12 03:57:05 | INFO     | HTTP Request: POST https://api.telegram.org/bot8257984718:AAGMaRpeBDzAYTp_sbQ2MifX8HJ0QNYq_bk/sendChatAction "HTTP/1.1 200 OK"
2026-05-12 03:57:07 | INFO     | HTTP Request: POST http://localhost:11434/api/chat "HTTP/1.1 200 OK"
2026-05-12 03:57:07 | INFO     | OK | model=qwen2.5:1.5b | mode=quiz | 1.3s | attempt=1
2026-05-12 03:57:07 | INFO     | QUIZ_ASK | topic=Рекурсия (recursion) в программировании | model=qwen2.5:1.5b | 1.3s
2026-05-12 03:57:07 | INFO     | HTTP Request: POST https://api.telegram.org/bot8257984718:AAGMaRpeBDzAYTp_sbQ2MifX8HJ0QNYq_bk/sendMessage "HTTP/1.1 200 OK"
2026-05-12 03:57:15 | INFO     | HTTP Request: POST https://api.telegram.org/bot8257984718:AAGMaRpeBDzAYTp_sbQ2MifX8HJ0QNYq_bk/getUpdates "HTTP/1.1 200 OK"
2026-05-12 03:57:25 | INFO     | HTTP Request: POST https://api.telegram.org/bot8257984718:AAGMaRpeBDzAYTp_sbQ2MifX8HJ0QNYq_bk/getUpdates "HTTP/1.1 200 OK"
2026-05-12 03:57:35 | INFO     | HTTP Request: POST https://api.telegram.org/bot8257984718:AAGMaRpeBDzAYTp_sbQ2MifX8HJ0QNYq_bk/getUpdates "HTTP/1.1 200 OK"
2026-05-12 03:57:40 | INFO     | HTTP Request: POST https://api.telegram.org/bot8257984718:AAGMaRpeBDzAYTp_sbQ2MifX8HJ0QNYq_bk/getUpdates "HTTP/1.1 200 OK"
2026-05-12 03:57:41 | INFO     | HTTP Request: POST https://api.telegram.org/bot8257984718:AAGMaRpeBDzAYTp_sbQ2MifX8HJ0QNYq_bk/sendChatAction "HTTP/1.1 200 OK"
2026-05-12 03:57:46 | INFO     | HTTP Request: POST http://localhost:11434/api/chat "HTTP/1.1 200 OK"
2026-05-12 03:57:46 | INFO     | OK | model=qwen2.5:1.5b | mode=quiz | 5.4s | attempt=1
2026-05-12 03:57:46 | INFO     | QUIZ_EVAL | topic=Рекурсия (recursion) в программировании | q=2 | model=qwen2.5:1.5b | 5.4s
2026-05-12 03:57:47 | INFO     | HTTP Request: POST https://api.telegram.org/bot8257984718:AAGMaRpeBDzAYTp_sbQ2MifX8HJ0QNYq_bk/sendMessage "HTTP/1.1 200 OK"
2026-05-12 03:57:50 | INFO     | HTTP Request: POST https://api.telegram.org/bot8257984718:AAGMaRpeBDzAYTp_sbQ2MifX8HJ0QNYq_bk/getUpdates "HTTP/1.1 200 OK"
2026-05-12 03:58:00 | INFO     | HTTP Request: POST https://api.telegram.org/bot8257984718:AAGMaRpeBDzAYTp_sbQ2MifX8HJ0QNYq_bk/getUpdates "HTTP/1.1 200 OK"
2026-05-12 03:58:10 | INFO     | HTTP Request: POST https://api.telegram.org/bot8257984718:AAGMaRpeBDzAYTp_sbQ2MifX8HJ0QNYq_bk/getUpdates "HTTP/1.1 200 OK"
2026-05-12 03:58:21 | INFO     | HTTP Request: POST https://api.telegram.org/bot8257984718:AAGMaRpeBDzAYTp_sbQ2MifX8HJ0QNYq_bk/getUpdates "HTTP/1.1 200 OK"
2026-05-12 03:58:21 | INFO     | HTTP Request: POST https://api.telegram.org/bot8257984718:AAGMaRpeBDzAYTp_sbQ2MifX8HJ0QNYq_bk/getUpdates "HTTP/1.1 200 OK"
2026-05-12 03:58:22 | INFO     | HTTP Request: POST https://api.telegram.org/bot8257984718:AAGMaRpeBDzAYTp_sbQ2MifX8HJ0QNYq_bk/answerCallbackQuery "HTTP/1.1 200 OK"
2026-05-12 03:58:22 | INFO     | HTTP Request: POST https://api.telegram.org/bot8257984718:AAGMaRpeBDzAYTp_sbQ2MifX8HJ0QNYq_bk/editMessageText "HTTP/1.1 200 OK"
2026-05-12 03:58:24 | INFO     | HTTP Request: POST https://api.telegram.org/bot8257984718:AAGMaRpeBDzAYTp_sbQ2MifX8HJ0QNYq_bk/getUpdates "HTTP/1.1 200 OK"
2026-05-12 03:58:24 | INFO     | HTTP Request: POST https://api.telegram.org/bot8257984718:AAGMaRpeBDzAYTp_sbQ2MifX8HJ0QNYq_bk/answerCallbackQuery "HTTP/1.1 200 OK"
2026-05-12 03:58:24 | INFO     | HTTP Request: POST https://api.telegram.org/bot8257984718:AAGMaRpeBDzAYTp_sbQ2MifX8HJ0QNYq_bk/editMessageText "HTTP/1.1 200 OK"
2026-05-12 03:58:26 | INFO     | HTTP Request: POST https://api.telegram.org/bot8257984718:AAGMaRpeBDzAYTp_sbQ2MifX8HJ0QNYq_bk/getUpdates "HTTP/1.1 200 OK"
2026-05-12 03:58:26 | INFO     | HTTP Request: POST https://api.telegram.org/bot8257984718:AAGMaRpeBDzAYTp_sbQ2MifX8HJ0QNYq_bk/answerCallbackQuery "HTTP/1.1 200 OK"
2026-05-12 03:58:26 | INFO     | HTTP Request: POST https://api.telegram.org/bot8257984718:AAGMaRpeBDzAYTp_sbQ2MifX8HJ0QNYq_bk/editMessageText "HTTP/1.1 200 OK"
2026-05-12 03:58:28 | INFO     | HTTP Request: POST https://api.telegram.org/bot8257984718:AAGMaRpeBDzAYTp_sbQ2MifX8HJ0QNYq_bk/getUpdates "HTTP/1.1 200 OK"
2026-05-12 03:58:29 | INFO     | HTTP Request: POST https://api.telegram.org/bot8257984718:AAGMaRpeBDzAYTp_sbQ2MifX8HJ0QNYq_bk/answerCallbackQuery "HTTP/1.1 200 OK"
2026-05-12 03:58:29 | INFO     | HTTP Request: POST https://api.telegram.org/bot8257984718:AAGMaRpeBDzAYTp_sbQ2MifX8HJ0QNYq_bk/editMessageText "HTTP/1.1 200 OK"
2026-05-12 03:58:31 | INFO     | HTTP Request: POST https://api.telegram.org/bot8257984718:AAGMaRpeBDzAYTp_sbQ2MifX8HJ0QNYq_bk/getUpdates "HTTP/1.1 200 OK"
2026-05-12 03:58:32 | INFO     | HTTP Request: POST https://api.telegram.org/bot8257984718:AAGMaRpeBDzAYTp_sbQ2MifX8HJ0QNYq_bk/answerCallbackQuery "HTTP/1.1 200 OK"
2026-05-12 03:58:32 | INFO     | HTTP Request: POST https://api.telegram.org/bot8257984718:AAGMaRpeBDzAYTp_sbQ2MifX8HJ0QNYq_bk/editMessageText "HTTP/1.1 200 OK"
2026-05-12 03:58:35 | INFO     | HTTP Request: POST https://api.telegram.org/bot8257984718:AAGMaRpeBDzAYTp_sbQ2MifX8HJ0QNYq_bk/getUpdates "HTTP/1.1 200 OK"
2026-05-12 03:58:35 | INFO     | HTTP Request: POST https://api.telegram.org/bot8257984718:AAGMaRpeBDzAYTp_sbQ2MifX8HJ0QNYq_bk/sendMessage "HTTP/1.1 200 OK"
2026-05-12 03:58:41 | INFO     | HTTP Request: POST https://api.telegram.org/bot8257984718:AAGMaRpeBDzAYTp_sbQ2MifX8HJ0QNYq_bk/getUpdates "HTTP/1.1 200 OK"
2026-05-12 03:58:41 | INFO     | CLEAR | user=2057476178 | mode=quiz
2026-05-12 03:58:42 | INFO     | HTTP Request: POST https://api.telegram.org/bot8257984718:AAGMaRpeBDzAYTp_sbQ2MifX8HJ0QNYq_bk/sendMessage "HTTP/1.1 200 OK"
2026-05-12 03:58:50 | INFO     | HTTP Request: POST https://api.telegram.org/bot8257984718:AAGMaRpeBDzAYTp_sbQ2MifX8HJ0QNYq_bk/getUpdates "HTTP/1.1 200 OK"
2026-05-12 03:58:50 | INFO     | START | user=2057476178
2026-05-12 03:58:51 | INFO     | HTTP Request: POST https://api.telegram.org/bot8257984718:AAGMaRpeBDzAYTp_sbQ2MifX8HJ0QNYq_bk/sendMessage "HTTP/1.1 200 OK"
2026-05-12 03:59:00 | INFO     | HTTP Request: POST https://api.telegram.org/bot8257984718:AAGMaRpeBDzAYTp_sbQ2MifX8HJ0QNYq_bk/getUpdates "HTTP/1.1 200 OK"
2026-05-12 03:59:10 | INFO     | HTTP Request: POST https://api.telegram.org/bot8257984718:AAGMaRpeBDzAYTp_sbQ2MifX8HJ0QNYq_bk/getUpdates "HTTP/1.1 200 OK"
2026-05-12 03:59:10 | INFO     | HTTP Request: POST https://api.telegram.org/bot8257984718:AAGMaRpeBDzAYTp_sbQ2MifX8HJ0QNYq_bk/answerCallbackQuery "HTTP/1.1 200 OK"
2026-05-12 03:59:10 | INFO     | MODE | user=2057476178 | mode=solve
2026-05-12 03:59:10 | INFO     | HTTP Request: POST https://api.telegram.org/bot8257984718:AAGMaRpeBDzAYTp_sbQ2MifX8HJ0QNYq_bk/editMessageText "HTTP/1.1 200 OK"
2026-05-12 03:59:12 | INFO     | HTTP Request: POST https://api.telegram.org/bot8257984718:AAGMaRpeBDzAYTp_sbQ2MifX8HJ0QNYq_bk/getUpdates "HTTP/1.1 200 OK"
2026-05-12 03:59:12 | INFO     | HTTP Request: POST https://api.telegram.org/bot8257984718:AAGMaRpeBDzAYTp_sbQ2MifX8HJ0QNYq_bk/answerCallbackQuery "HTTP/1.1 200 OK"
2026-05-12 03:59:12 | INFO     | HTTP Request: POST https://api.telegram.org/bot8257984718:AAGMaRpeBDzAYTp_sbQ2MifX8HJ0QNYq_bk/editMessageText "HTTP/1.1 200 OK"
2026-05-12 03:59:13 | INFO     | HTTP Request: POST https://api.telegram.org/bot8257984718:AAGMaRpeBDzAYTp_sbQ2MifX8HJ0QNYq_bk/getUpdates "HTTP/1.1 200 OK"
2026-05-12 03:59:14 | INFO     | HTTP Request: POST https://api.telegram.org/bot8257984718:AAGMaRpeBDzAYTp_sbQ2MifX8HJ0QNYq_bk/answerCallbackQuery "HTTP/1.1 200 OK"
2026-05-12 03:59:14 | INFO     | MODE | user=2057476178 | mode=explain
2026-05-12 03:59:14 | INFO     | HTTP Request: POST https://api.telegram.org/bot8257984718:AAGMaRpeBDzAYTp_sbQ2MifX8HJ0QNYq_bk/editMessageText "HTTP/1.1 200 OK"
2026-05-12 03:59:24 | INFO     | HTTP Request: POST https://api.telegram.org/bot8257984718:AAGMaRpeBDzAYTp_sbQ2MifX8HJ0QNYq_bk/getUpdates "HTTP/1.1 200 OK"
2026-05-12 03:59:26 | INFO     | HTTP Request: POST https://api.telegram.org/bot8257984718:AAGMaRpeBDzAYTp_sbQ2MifX8HJ0QNYq_bk/getUpdates "HTTP/1.1 200 OK"
2026-05-12 03:59:26 | INFO     | HTTP Request: POST https://api.telegram.org/bot8257984718:AAGMaRpeBDzAYTp_sbQ2MifX8HJ0QNYq_bk/sendChatAction "HTTP/1.1 200 OK"
2026-05-12 03:59:32 | INFO     | HTTP Request: POST http://localhost:11434/api/chat "HTTP/1.1 200 OK"
2026-05-12 03:59:32 | INFO     | OK | model=qwen2.5:1.5b | mode=explain | 6.1s | attempt=1
2026-05-12 03:59:32 | INFO     | MSG | user=2057476178 | mode=explain | model=qwen2.5:1.5b | len=29
2026-05-12 03:59:33 | INFO     | HTTP Request: POST https://api.telegram.org/bot8257984718:AAGMaRpeBDzAYTp_sbQ2MifX8HJ0QNYq_bk/sendMessage "HTTP/1.1 200 OK"
2026-05-12 03:59:36 | INFO     | HTTP Request: POST https://api.telegram.org/bot8257984718:AAGMaRpeBDzAYTp_sbQ2MifX8HJ0QNYq_bk/getUpdates "HTTP/1.1 200 OK"
2026-05-12 03:59:46 | INFO     | HTTP Request: POST https://api.telegram.org/bot8257984718:AAGMaRpeBDzAYTp_sbQ2MifX8HJ0QNYq_bk/getUpdates "HTTP/1.1 200 OK"
2026-05-12 03:59:56 | INFO     | HTTP Request: POST https://api.telegram.org/bot8257984718:AAGMaRpeBDzAYTp_sbQ2MifX8HJ0QNYq_bk/getUpdates "HTTP/1.1 200 OK"
2026-05-12 04:00:07 | INFO     | HTTP Request: POST https://api.telegram.org/bot8257984718:AAGMaRpeBDzAYTp_sbQ2MifX8HJ0QNYq_bk/getUpdates "HTTP/1.1 200 OK"
2026-05-12 04:00:17 | INFO     | HTTP Request: POST https://api.telegram.org/bot8257984718:AAGMaRpeBDzAYTp_sbQ2MifX8HJ0QNYq_bk/getUpdates "HTTP/1.1 200 OK"
2026-05-12 04:00:27 | INFO     | HTTP Request: POST https://api.telegram.org/bot8257984718:AAGMaRpeBDzAYTp_sbQ2MifX8HJ0QNYq_bk/getUpdates "HTTP/1.1 200 OK"
2026-05-12 04:00:27 | INFO     | HTTP Request: POST https://api.telegram.org/bot8257984718:AAGMaRpeBDzAYTp_sbQ2MifX8HJ0QNYq_bk/getUpdates "HTTP/1.1 200 OK"
2026-05-12 04:00:28 | INFO     | HTTP Request: POST https://api.telegram.org/bot8257984718:AAGMaRpeBDzAYTp_sbQ2MifX8HJ0QNYq_bk/sendChatAction "HTTP/1.1 200 OK"
2026-05-12 04:00:32 | INFO     | HTTP Request: POST http://localhost:11434/api/chat "HTTP/1.1 200 OK"
2026-05-12 04:00:32 | INFO     | OK | model=qwen2.5:1.5b | mode=explain | 4.4s | attempt=1
2026-05-12 04:00:32 | INFO     | MSG | user=2057476178 | mode=explain | model=qwen2.5:1.5b | len=504
2026-05-12 04:00:32 | INFO     | HTTP Request: POST https://api.telegram.org/bot8257984718:AAGMaRpeBDzAYTp_sbQ2MifX8HJ0QNYq_bk/sendMessage "HTTP/1.1 200 OK"
2026-05-12 04:00:37 | INFO     | HTTP Request: POST https://api.telegram.org/bot8257984718:AAGMaRpeBDzAYTp_sbQ2MifX8HJ0QNYq_bk/getUpdates "HTTP/1.1 200 OK"
2026-05-12 04:00:47 | INFO     | HTTP Request: POST https://api.telegram.org/bot8257984718:AAGMaRpeBDzAYTp_sbQ2MifX8HJ0QNYq_bk/getUpdates "HTTP/1.1 200 OK"
2026-05-12 04:00:56 | INFO     | HTTP Request: POST https://api.telegram.org/bot8257984718:AAGMaRpeBDzAYTp_sbQ2MifX8HJ0QNYq_bk/getUpdates "HTTP/1.1 200 OK"
2026-05-12 04:00:56 | INFO     | HTTP Request: POST https://api.telegram.org/bot8257984718:AAGMaRpeBDzAYTp_sbQ2MifX8HJ0QNYq_bk/sendChatAction "HTTP/1.1 200 OK"
2026-05-12 04:01:00 | INFO     | HTTP Request: POST http://localhost:11434/api/chat "HTTP/1.1 200 OK"
2026-05-12 04:01:00 | INFO     | OK | model=qwen2.5:1.5b | mode=explain | 4.2s | attempt=1
2026-05-12 04:01:00 | INFO     | MSG | user=2057476178 | mode=explain | model=qwen2.5:1.5b | len=14
2026-05-12 04:01:01 | INFO     | HTTP Request: POST https://api.telegram.org/bot8257984718:AAGMaRpeBDzAYTp_sbQ2MifX8HJ0QNYq_bk/sendMessage "HTTP/1.1 200 OK"
2026-05-12 04:01:06 | INFO     | HTTP Request: POST https://api.telegram.org/bot8257984718:AAGMaRpeBDzAYTp_sbQ2MifX8HJ0QNYq_bk/getUpdates "HTTP/1.1 200 OK"
2026-05-12 04:01:16 | INFO     | HTTP Request: POST https://api.telegram.org/bot8257984718:AAGMaRpeBDzAYTp_sbQ2MifX8HJ0QNYq_bk/getUpdates "HTTP/1.1 200 OK"
2026-05-12 04:01:26 | INFO     | HTTP Request: POST https://api.telegram.org/bot8257984718:AAGMaRpeBDzAYTp_sbQ2MifX8HJ0QNYq_bk/getUpdates "HTTP/1.1 200 OK"
2026-05-12 04:01:36 | INFO     | HTTP Request: POST https://api.telegram.org/bot8257984718:AAGMaRpeBDzAYTp_sbQ2MifX8HJ0QNYq_bk/getUpdates "HTTP/1.1 200 OK"
2026-05-12 04:01:46 | INFO     | HTTP Request: POST https://api.telegram.org/bot8257984718:AAGMaRpeBDzAYTp_sbQ2MifX8HJ0QNYq_bk/getUpdates "HTTP/1.1 200 OK"
2026-05-12 04:01:48 | INFO     | HTTP Request: POST https://api.telegram.org/bot8257984718:AAGMaRpeBDzAYTp_sbQ2MifX8HJ0QNYq_bk/getUpdates "HTTP/1.1 200 OK"
2026-05-12 04:01:48 | INFO     | HTTP Request: POST https://api.telegram.org/bot8257984718:AAGMaRpeBDzAYTp_sbQ2MifX8HJ0QNYq_bk/sendChatAction "HTTP/1.1 200 OK"
2026-05-12 04:01:55 | INFO     | HTTP Request: POST http://localhost:11434/api/chat "HTTP/1.1 200 OK"
2026-05-12 04:01:55 | INFO     | OK | model=qwen2.5:1.5b | mode=explain | 6.5s | attempt=1
2026-05-12 04:01:55 | INFO     | MSG | user=2057476178 | mode=explain | model=qwen2.5:1.5b | len=1580
2026-05-12 04:01:55 | INFO     | HTTP Request: POST https://api.telegram.org/bot8257984718:AAGMaRpeBDzAYTp_sbQ2MifX8HJ0QNYq_bk/sendMessage "HTTP/1.1 200 OK"
2026-05-12 04:01:58 | INFO     | HTTP Request: POST https://api.telegram.org/bot8257984718:AAGMaRpeBDzAYTp_sbQ2MifX8HJ0QNYq_bk/getUpdates "HTTP/1.1 200 OK"
2026-05-12 04:02:08 | INFO     | HTTP Request: POST https://api.telegram.org/bot8257984718:AAGMaRpeBDzAYTp_sbQ2MifX8HJ0QNYq_bk/getUpdates "HTTP/1.1 200 OK"
2026-05-12 04:02:18 | INFO     | HTTP Request: POST https://api.telegram.org/bot8257984718:AAGMaRpeBDzAYTp_sbQ2MifX8HJ0QNYq_bk/getUpdates "HTTP/1.1 200 OK"
2026-05-12 04:02:28 | INFO     | HTTP Request: POST https://api.telegram.org/bot8257984718:AAGMaRpeBDzAYTp_sbQ2MifX8HJ0QNYq_bk/getUpdates "HTTP/1.1 200 OK"
2026-05-12 04:02:28 | INFO     | HTTP Request: POST https://api.telegram.org/bot8257984718:AAGMaRpeBDzAYTp_sbQ2MifX8HJ0QNYq_bk/sendChatAction "HTTP/1.1 200 OK"
2026-05-12 04:02:35 | INFO     | HTTP Request: POST http://localhost:11434/api/chat "HTTP/1.1 200 OK"
2026-05-12 04:02:35 | INFO     | OK | model=qwen2.5:1.5b | mode=explain | 7.5s | attempt=1
2026-05-12 04:02:35 | INFO     | MSG | user=2057476178 | mode=explain | model=qwen2.5:1.5b | len=1637
2026-05-12 04:02:36 | INFO     | HTTP Request: POST https://api.telegram.org/bot8257984718:AAGMaRpeBDzAYTp_sbQ2MifX8HJ0QNYq_bk/sendMessage "HTTP/1.1 200 OK"
2026-05-12 04:02:38 | INFO     | HTTP Request: POST https://api.telegram.org/bot8257984718:AAGMaRpeBDzAYTp_sbQ2MifX8HJ0QNYq_bk/getUpdates "HTTP/1.1 200 OK"
2026-05-12 04:02:48 | INFO     | HTTP Request: POST https://api.telegram.org/bot8257984718:AAGMaRpeBDzAYTp_sbQ2MifX8HJ0QNYq_bk/getUpdates "HTTP/1.1 200 OK"
2026-05-12 04:02:50 | INFO     | HTTP Request: POST https://api.telegram.org/bot8257984718:AAGMaRpeBDzAYTp_sbQ2MifX8HJ0QNYq_bk/getUpdates "HTTP/1.1 200 OK"
2026-05-12 04:02:51 | INFO     | HTTP Request: POST https://api.telegram.org/bot8257984718:AAGMaRpeBDzAYTp_sbQ2MifX8HJ0QNYq_bk/sendChatAction "HTTP/1.1 200 OK"
2026-05-12 04:02:55 | INFO     | HTTP Request: POST http://localhost:11434/api/chat "HTTP/1.1 200 OK"
2026-05-12 04:02:55 | INFO     | OK | model=qwen2.5:1.5b | mode=explain | 4.4s | attempt=1
2026-05-12 04:02:55 | INFO     | MSG | user=2057476178 | mode=explain | model=qwen2.5:1.5b | len=17
2026-05-12 04:02:55 | INFO     | HTTP Request: POST https://api.telegram.org/bot8257984718:AAGMaRpeBDzAYTp_sbQ2MifX8HJ0QNYq_bk/sendMessage "HTTP/1.1 200 OK"
2026-05-12 04:03:01 | INFO     | HTTP Request: POST https://api.telegram.org/bot8257984718:AAGMaRpeBDzAYTp_sbQ2MifX8HJ0QNYq_bk/getUpdates "HTTP/1.1 200 OK"
2026-05-12 04:03:11 | INFO     | HTTP Request: POST https://api.telegram.org/bot8257984718:AAGMaRpeBDzAYTp_sbQ2MifX8HJ0QNYq_bk/getUpdates "HTTP/1.1 200 OK"
2026-05-12 04:03:21 | INFO     | HTTP Request: POST https://api.telegram.org/bot8257984718:AAGMaRpeBDzAYTp_sbQ2MifX8HJ0QNYq_bk/getUpdates "HTTP/1.1 200 OK"
2026-05-12 04:03:31 | INFO     | HTTP Request: POST https://api.telegram.org/bot8257984718:AAGMaRpeBDzAYTp_sbQ2MifX8HJ0QNYq_bk/getUpdates "HTTP/1.1 200 OK"
2026-05-12 04:03:41 | INFO     | HTTP Request: POST https://api.telegram.org/bot8257984718:AAGMaRpeBDzAYTp_sbQ2MifX8HJ0QNYq_bk/getUpdates "HTTP/1.1 200 OK"
2026-05-12 04:03:51 | INFO     | HTTP Request: POST https://api.telegram.org/bot8257984718:AAGMaRpeBDzAYTp_sbQ2MifX8HJ0QNYq_bk/getUpdates "HTTP/1.1 200 OK"
2026-05-12 04:04:01 | INFO     | HTTP Request: POST https://api.telegram.org/bot8257984718:AAGMaRpeBDzAYTp_sbQ2MifX8HJ0QNYq_bk/getUpdates "HTTP/1.1 200 OK"
2026-05-12 04:04:11 | INFO     | HTTP Request: POST https://api.telegram.org/bot8257984718:AAGMaRpeBDzAYTp_sbQ2MifX8HJ0QNYq_bk/getUpdates "HTTP/1.1 200 OK"
2026-05-12 04:04:21 | INFO     | HTTP Request: POST https://api.telegram.org/bot8257984718:AAGMaRpeBDzAYTp_sbQ2MifX8HJ0QNYq_bk/getUpdates "HTTP/1.1 200 OK"
2026-05-12 04:04:32 | INFO     | HTTP Request: POST https://api.telegram.org/bot8257984718:AAGMaRpeBDzAYTp_sbQ2MifX8HJ0QNYq_bk/getUpdates "HTTP/1.1 200 OK"
2026-05-12 04:04:42 | INFO     | HTTP Request: POST https://api.telegram.org/bot8257984718:AAGMaRpeBDzAYTp_sbQ2MifX8HJ0QNYq_bk/getUpdates "HTTP/1.1 200 OK"
2026-05-12 04:04:52 | INFO     | HTTP Request: POST https://api.telegram.org/bot8257984718:AAGMaRpeBDzAYTp_sbQ2MifX8HJ0QNYq_bk/getUpdates "HTTP/1.1 200 OK"
2026-05-12 04:05:02 | INFO     | HTTP Request: POST https://api.telegram.org/bot8257984718:AAGMaRpeBDzAYTp_sbQ2MifX8HJ0QNYq_bk/getUpdates "HTTP/1.1 200 OK"
2026-05-12 04:05:12 | INFO     | HTTP Request: POST https://api.telegram.org/bot8257984718:AAGMaRpeBDzAYTp_sbQ2MifX8HJ0QNYq_bk/getUpdates "HTTP/1.1 200 OK"
2026-05-12 04:05:22 | INFO     | HTTP Request: POST https://api.telegram.org/bot8257984718:AAGMaRpeBDzAYTp_sbQ2MifX8HJ0QNYq_bk/getUpdates "HTTP/1.1 200 OK"
2026-05-12 04:05:32 | INFO     | HTTP Request: POST https://api.telegram.org/bot8257984718:AAGMaRpeBDzAYTp_sbQ2MifX8HJ0QNYq_bk/getUpdates "HTTP/1.1 200 OK"
2026-05-12 04:05:42 | INFO     | HTTP Request: POST https://api.telegram.org/bot8257984718:AAGMaRpeBDzAYTp_sbQ2MifX8HJ0QNYq_bk/getUpdates "HTTP/1.1 200 OK"
2026-05-12 04:05:52 | INFO     | HTTP Request: POST https://api.telegram.org/bot8257984718:AAGMaRpeBDzAYTp_sbQ2MifX8HJ0QNYq_bk/getUpdates "HTTP/1.1 200 OK"
2026-05-12 04:06:02 | INFO     | HTTP Request: POST https://api.telegram.org/bot8257984718:AAGMaRpeBDzAYTp_sbQ2MifX8HJ0QNYq_bk/getUpdates "HTTP/1.1 200 OK"
2026-05-12 04:06:13 | INFO     | HTTP Request: POST https://api.telegram.org/bot8257984718:AAGMaRpeBDzAYTp_sbQ2MifX8HJ0QNYq_bk/getUpdates "HTTP/1.1 200 OK"
2026-05-12 04:06:23 | INFO     | HTTP Request: POST https://api.telegram.org/bot8257984718:AAGMaRpeBDzAYTp_sbQ2MifX8HJ0QNYq_bk/getUpdates "HTTP/1.1 200 OK"
2026-05-12 04:06:33 | INFO     | HTTP Request: POST https://api.telegram.org/bot8257984718:AAGMaRpeBDzAYTp_sbQ2MifX8HJ0QNYq_bk/getUpdates "HTTP/1.1 200 OK"
2026-05-12 04:06:43 | INFO     | HTTP Request: POST https://api.telegram.org/bot8257984718:AAGMaRpeBDzAYTp_sbQ2MifX8HJ0QNYq_bk/getUpdates "HTTP/1.1 200 OK"
2026-05-12 04:06:53 | INFO     | HTTP Request: POST https://api.telegram.org/bot8257984718:AAGMaRpeBDzAYTp_sbQ2MifX8HJ0QNYq_bk/getUpdates "HTTP/1.1 200 OK"
2026-05-12 04:07:03 | INFO     | HTTP Request: POST https://api.telegram.org/bot8257984718:AAGMaRpeBDzAYTp_sbQ2MifX8HJ0QNYq_bk/getUpdates "HTTP/1.1 200 OK"
2026-05-12 04:07:13 | INFO     | HTTP Request: POST https://api.telegram.org/bot8257984718:AAGMaRpeBDzAYTp_sbQ2MifX8HJ0QNYq_bk/getUpdates "HTTP/1.1 200 OK"
2026-05-12 04:07:23 | INFO     | HTTP Request: POST https://api.telegram.org/bot8257984718:AAGMaRpeBDzAYTp_sbQ2MifX8HJ0QNYq_bk/getUpdates "HTTP/1.1 200 OK"
2026-05-12 04:07:33 | INFO     | HTTP Request: POST https://api.telegram.org/bot8257984718:AAGMaRpeBDzAYTp_sbQ2MifX8HJ0QNYq_bk/getUpdates "HTTP/1.1 200 OK"
2026-05-12 04:07:44 | INFO     | HTTP Request: POST https://api.telegram.org/bot8257984718:AAGMaRpeBDzAYTp_sbQ2MifX8HJ0QNYq_bk/getUpdates "HTTP/1.1 200 OK"
2026-05-12 04:07:54 | INFO     | HTTP Request: POST https://api.telegram.org/bot8257984718:AAGMaRpeBDzAYTp_sbQ2MifX8HJ0QNYq_bk/getUpdates "HTTP/1.1 200 OK"
2026-05-12 04:08:04 | INFO     | HTTP Request: POST https://api.telegram.org/bot8257984718:AAGMaRpeBDzAYTp_sbQ2MifX8HJ0QNYq_bk/getUpdates "HTTP/1.1 200 OK"
2026-05-12 04:08:14 | INFO     | HTTP Request: POST https://api.telegram.org/bot8257984718:AAGMaRpeBDzAYTp_sbQ2MifX8HJ0QNYq_bk/getUpdates "HTTP/1.1 200 OK"
2026-05-12 04:08:24 | INFO     | HTTP Request: POST https://api.telegram.org/bot8257984718:AAGMaRpeBDzAYTp_sbQ2MifX8HJ0QNYq_bk/getUpdates "HTTP/1.1 200 OK"
2026-05-12 04:08:34 | INFO     | HTTP Request: POST https://api.telegram.org/bot8257984718:AAGMaRpeBDzAYTp_sbQ2MifX8HJ0QNYq_bk/getUpdates "HTTP/1.1 200 OK"
2026-05-12 04:08:44 | INFO     | HTTP Request: POST https://api.telegram.org/bot8257984718:AAGMaRpeBDzAYTp_sbQ2MifX8HJ0QNYq_bk/getUpdates "HTTP/1.1 200 OK"
2026-05-12 04:08:54 | INFO     | HTTP Request: POST https://api.telegram.org/bot8257984718:AAGMaRpeBDzAYTp_sbQ2MifX8HJ0QNYq_bk/getUpdates "HTTP/1.1 200 OK"
2026-05-12 04:09:04 | INFO     | HTTP Request: POST https://api.telegram.org/bot8257984718:AAGMaRpeBDzAYTp_sbQ2MifX8HJ0QNYq_bk/getUpdates "HTTP/1.1 200 OK"
2026-05-12 04:09:15 | INFO     | HTTP Request: POST https://api.telegram.org/bot8257984718:AAGMaRpeBDzAYTp_sbQ2MifX8HJ0QNYq_bk/getUpdates "HTTP/1.1 200 OK"
2026-05-12 04:09:25 | INFO     | HTTP Request: POST https://api.telegram.org/bot8257984718:AAGMaRpeBDzAYTp_sbQ2MifX8HJ0QNYq_bk/getUpdates "HTTP/1.1 200 OK"
2026-05-12 04:09:35 | INFO     | HTTP Request: POST https://api.telegram.org/bot8257984718:AAGMaRpeBDzAYTp_sbQ2MifX8HJ0QNYq_bk/getUpdates "HTTP/1.1 200 OK"
2026-05-12 04:09:45 | INFO     | HTTP Request: POST https://api.telegram.org/bot8257984718:AAGMaRpeBDzAYTp_sbQ2MifX8HJ0QNYq_bk/getUpdates "HTTP/1.1 200 OK"
2026-05-12 04:09:55 | INFO     | HTTP Request: POST https://api.telegram.org/bot8257984718:AAGMaRpeBDzAYTp_sbQ2MifX8HJ0QNYq_bk/getUpdates "HTTP/1.1 200 OK"
2026-05-12 04:10:05 | INFO     | HTTP Request: POST https://api.telegram.org/bot8257984718:AAGMaRpeBDzAYTp_sbQ2MifX8HJ0QNYq_bk/getUpdates "HTTP/1.1 200 OK"
2026-05-12 04:10:15 | INFO     | HTTP Request: POST https://api.telegram.org/bot8257984718:AAGMaRpeBDzAYTp_sbQ2MifX8HJ0QNYq_bk/getUpdates "HTTP/1.1 200 OK"
2026-05-12 04:10:25 | INFO     | HTTP Request: POST https://api.telegram.org/bot8257984718:AAGMaRpeBDzAYTp_sbQ2MifX8HJ0QNYq_bk/getUpdates "HTTP/1.1 200 OK"
2026-05-12 04:10:35 | INFO     | HTTP Request: POST https://api.telegram.org/bot8257984718:AAGMaRpeBDzAYTp_sbQ2MifX8HJ0QNYq_bk/getUpdates "HTTP/1.1 200 OK"
2026-05-12 04:10:46 | INFO     | HTTP Request: POST https://api.telegram.org/bot8257984718:AAGMaRpeBDzAYTp_sbQ2MifX8HJ0QNYq_bk/getUpdates "HTTP/1.1 200 OK"
2026-05-12 04:10:56 | INFO     | HTTP Request: POST https://api.telegram.org/bot8257984718:AAGMaRpeBDzAYTp_sbQ2MifX8HJ0QNYq_bk/getUpdates "HTTP/1.1 200 OK"
2026-05-12 04:11:06 | INFO     | HTTP Request: POST https://api.telegram.org/bot8257984718:AAGMaRpeBDzAYTp_sbQ2MifX8HJ0QNYq_bk/getUpdates "HTTP/1.1 200 OK"
2026-05-12 04:11:16 | INFO     | HTTP Request: POST https://api.telegram.org/bot8257984718:AAGMaRpeBDzAYTp_sbQ2MifX8HJ0QNYq_bk/getUpdates "HTTP/1.1 200 OK"
2026-05-12 04:11:26 | INFO     | HTTP Request: POST https://api.telegram.org/bot8257984718:AAGMaRpeBDzAYTp_sbQ2MifX8HJ0QNYq_bk/getUpdates "HTTP/1.1 200 OK"
2026-05-12 04:11:36 | INFO     | HTTP Request: POST https://api.telegram.org/bot8257984718:AAGMaRpeBDzAYTp_sbQ2MifX8HJ0QNYq_bk/getUpdates "HTTP/1.1 200 OK"
2026-05-12 04:11:46 | INFO     | HTTP Request: POST https://api.telegram.org/bot8257984718:AAGMaRpeBDzAYTp_sbQ2MifX8HJ0QNYq_bk/getUpdates "HTTP/1.1 200 OK"
2026-05-12 04:11:56 | INFO     | HTTP Request: POST https://api.telegram.org/bot8257984718:AAGMaRpeBDzAYTp_sbQ2MifX8HJ0QNYq_bk/getUpdates "HTTP/1.1 200 OK"
2026-05-12 04:12:06 | INFO     | HTTP Request: POST https://api.telegram.org/bot8257984718:AAGMaRpeBDzAYTp_sbQ2MifX8HJ0QNYq_bk/getUpdates "HTTP/1.1 200 OK"
2026-05-12 04:12:17 | INFO     | HTTP Request: POST https://api.telegram.org/bot8257984718:AAGMaRpeBDzAYTp_sbQ2MifX8HJ0QNYq_bk/getUpdates "HTTP/1.1 200 OK"
2026-05-12 04:12:27 | INFO     | HTTP Request: POST https://api.telegram.org/bot8257984718:AAGMaRpeBDzAYTp_sbQ2MifX8HJ0QNYq_bk/getUpdates "HTTP/1.1 200 OK"
2026-05-12 04:12:37 | INFO     | HTTP Request: POST https://api.telegram.org/bot8257984718:AAGMaRpeBDzAYTp_sbQ2MifX8HJ0QNYq_bk/getUpdates "HTTP/1.1 200 OK"
2026-05-12 04:12:47 | INFO     | HTTP Request: POST https://api.telegram.org/bot8257984718:AAGMaRpeBDzAYTp_sbQ2MifX8HJ0QNYq_bk/getUpdates "HTTP/1.1 200 OK"
2026-05-12 04:12:57 | INFO     | HTTP Request: POST https://api.telegram.org/bot8257984718:AAGMaRpeBDzAYTp_sbQ2MifX8HJ0QNYq_bk/getUpdates "HTTP/1.1 200 OK"
2026-05-12 04:13:07 | INFO     | HTTP Request: POST https://api.telegram.org/bot8257984718:AAGMaRpeBDzAYTp_sbQ2MifX8HJ0QNYq_bk/getUpdates "HTTP/1.1 200 OK"
2026-05-12 04:13:17 | INFO     | HTTP Request: POST https://api.telegram.org/bot8257984718:AAGMaRpeBDzAYTp_sbQ2MifX8HJ0QNYq_bk/getUpdates "HTTP/1.1 200 OK"
2026-05-12 04:13:27 | INFO     | HTTP Request: POST https://api.telegram.org/bot8257984718:AAGMaRpeBDzAYTp_sbQ2MifX8HJ0QNYq_bk/getUpdates "HTTP/1.1 200 OK"
2026-05-12 04:13:37 | INFO     | HTTP Request: POST https://api.telegram.org/bot8257984718:AAGMaRpeBDzAYTp_sbQ2MifX8HJ0QNYq_bk/getUpdates "HTTP/1.1 200 OK"
2026-05-12 04:13:48 | INFO     | HTTP Request: POST https://api.telegram.org/bot8257984718:AAGMaRpeBDzAYTp_sbQ2MifX8HJ0QNYq_bk/getUpdates "HTTP/1.1 200 OK"
2026-05-12 04:13:58 | INFO     | HTTP Request: POST https://api.telegram.org/bot8257984718:AAGMaRpeBDzAYTp_sbQ2MifX8HJ0QNYq_bk/getUpdates "HTTP/1.1 200 OK"
2026-05-12 04:14:08 | INFO     | HTTP Request: POST https://api.telegram.org/bot8257984718:AAGMaRpeBDzAYTp_sbQ2MifX8HJ0QNYq_bk/getUpdates "HTTP/1.1 200 OK"
2026-05-12 04:14:18 | INFO     | HTTP Request: POST https://api.telegram.org/bot8257984718:AAGMaRpeBDzAYTp_sbQ2MifX8HJ0QNYq_bk/getUpdates "HTTP/1.1 200 OK"
2026-05-12 04:14:28 | INFO     | HTTP Request: POST https://api.telegram.org/bot8257984718:AAGMaRpeBDzAYTp_sbQ2MifX8HJ0QNYq_bk/getUpdates "HTTP/1.1 200 OK"
2026-05-12 04:14:38 | INFO     | HTTP Request: POST https://api.telegram.org/bot8257984718:AAGMaRpeBDzAYTp_sbQ2MifX8HJ0QNYq_bk/getUpdates "HTTP/1.1 200 OK"
2026-05-12 04:14:48 | INFO     | HTTP Request: POST https://api.telegram.org/bot8257984718:AAGMaRpeBDzAYTp_sbQ2MifX8HJ0QNYq_bk/getUpdates "HTTP/1.1 200 OK"
2026-05-12 04:14:58 | INFO     | HTTP Request: POST https://api.telegram.org/bot8257984718:AAGMaRpeBDzAYTp_sbQ2MifX8HJ0QNYq_bk/getUpdates "HTTP/1.1 200 OK"
2026-05-12 04:15:08 | INFO     | HTTP Request: POST https://api.telegram.org/bot8257984718:AAGMaRpeBDzAYTp_sbQ2MifX8HJ0QNYq_bk/getUpdates "HTTP/1.1 200 OK"
2026-05-12 04:15:19 | INFO     | HTTP Request: POST https://api.telegram.org/bot8257984718:AAGMaRpeBDzAYTp_sbQ2MifX8HJ0QNYq_bk/getUpdates "HTTP/1.1 200 OK"
2026-05-12 04:15:29 | INFO     | HTTP Request: POST https://api.telegram.org/bot8257984718:AAGMaRpeBDzAYTp_sbQ2MifX8HJ0QNYq_bk/getUpdates "HTTP/1.1 200 OK"
2026-05-12 04:15:39 | INFO     | HTTP Request: POST https://api.telegram.org/bot8257984718:AAGMaRpeBDzAYTp_sbQ2MifX8HJ0QNYq_bk/getUpdates "HTTP/1.1 200 OK"
2026-05-12 04:15:49 | INFO     | HTTP Request: POST https://api.telegram.org/bot8257984718:AAGMaRpeBDzAYTp_sbQ2MifX8HJ0QNYq_bk/getUpdates "HTTP/1.1 200 OK"
2026-05-12 04:15:59 | INFO     | HTTP Request: POST https://api.telegram.org/bot8257984718:AAGMaRpeBDzAYTp_sbQ2MifX8HJ0QNYq_bk/getUpdates "HTTP/1.1 200 OK"
2026-05-12 04:16:09 | INFO     | HTTP Request: POST https://api.telegram.org/bot8257984718:AAGMaRpeBDzAYTp_sbQ2MifX8HJ0QNYq_bk/getUpdates "HTTP/1.1 200 OK"
2026-05-12 04:16:19 | INFO     | HTTP Request: POST https://api.telegram.org/bot8257984718:AAGMaRpeBDzAYTp_sbQ2MifX8HJ0QNYq_bk/getUpdates "HTTP/1.1 200 OK"
2026-05-12 04:16:30 | INFO     | HTTP Request: POST https://api.telegram.org/bot8257984718:AAGMaRpeBDzAYTp_sbQ2MifX8HJ0QNYq_bk/getUpdates "HTTP/1.1 200 OK"
2026-05-12 04:16:40 | INFO     | HTTP Request: POST https://api.telegram.org/bot8257984718:AAGMaRpeBDzAYTp_sbQ2MifX8HJ0QNYq_bk/getUpdates "HTTP/1.1 200 OK"
2026-05-12 04:16:50 | INFO     | HTTP Request: POST https://api.telegram.org/bot8257984718:AAGMaRpeBDzAYTp_sbQ2MifX8HJ0QNYq_bk/getUpdates "HTTP/1.1 200 OK"
2026-05-12 04:17:00 | INFO     | HTTP Request: POST https://api.telegram.org/bot8257984718:AAGMaRpeBDzAYTp_sbQ2MifX8HJ0QNYq_bk/getUpdates "HTTP/1.1 200 OK"
2026-05-12 04:17:10 | INFO     | HTTP Request: POST https://api.telegram.org/bot8257984718:AAGMaRpeBDzAYTp_sbQ2MifX8HJ0QNYq_bk/getUpdates "HTTP/1.1 200 OK"
2026-05-12 04:17:20 | INFO     | HTTP Request: POST https://api.telegram.org/bot8257984718:AAGMaRpeBDzAYTp_sbQ2MifX8HJ0QNYq_bk/getUpdates "HTTP/1.1 200 OK"
2026-05-12 04:17:30 | INFO     | HTTP Request: POST https://api.telegram.org/bot8257984718:AAGMaRpeBDzAYTp_sbQ2MifX8HJ0QNYq_bk/getUpdates "HTTP/1.1 200 OK"
2026-05-12 04:17:40 | INFO     | HTTP Request: POST https://api.telegram.org/bot8257984718:AAGMaRpeBDzAYTp_sbQ2MifX8HJ0QNYq_bk/getUpdates "HTTP/1.1 200 OK"
2026-05-12 04:17:50 | INFO     | HTTP Request: POST https://api.telegram.org/bot8257984718:AAGMaRpeBDzAYTp_sbQ2MifX8HJ0QNYq_bk/getUpdates "HTTP/1.1 200 OK"
2026-05-12 04:18:01 | INFO     | HTTP Request: POST https://api.telegram.org/bot8257984718:AAGMaRpeBDzAYTp_sbQ2MifX8HJ0QNYq_bk/getUpdates "HTTP/1.1 200 OK"
2026-05-12 04:18:11 | INFO     | HTTP Request: POST https://api.telegram.org/bot8257984718:AAGMaRpeBDzAYTp_sbQ2MifX8HJ0QNYq_bk/getUpdates "HTTP/1.1 200 OK"
2026-05-12 04:18:21 | INFO     | HTTP Request: POST https://api.telegram.org/bot8257984718:AAGMaRpeBDzAYTp_sbQ2MifX8HJ0QNYq_bk/getUpdates "HTTP/1.1 200 OK"
2026-05-12 04:18:31 | INFO     | HTTP Request: POST https://api.telegram.org/bot8257984718:AAGMaRpeBDzAYTp_sbQ2MifX8HJ0QNYq_bk/getUpdates "HTTP/1.1 200 OK"
2026-05-12 04:18:41 | INFO     | HTTP Request: POST https://api.telegram.org/bot8257984718:AAGMaRpeBDzAYTp_sbQ2MifX8HJ0QNYq_bk/getUpdates "HTTP/1.1 200 OK"
2026-05-12 04:18:51 | INFO     | HTTP Request: POST https://api.telegram.org/bot8257984718:AAGMaRpeBDzAYTp_sbQ2MifX8HJ0QNYq_bk/getUpdates "HTTP/1.1 200 OK"
2026-05-12 04:19:01 | INFO     | HTTP Request: POST https://api.telegram.org/bot8257984718:AAGMaRpeBDzAYTp_sbQ2MifX8HJ0QNYq_bk/getUpdates "HTTP/1.1 200 OK"
2026-05-12 04:19:11 | INFO     | HTTP Request: POST https://api.telegram.org/bot8257984718:AAGMaRpeBDzAYTp_sbQ2MifX8HJ0QNYq_bk/getUpdates "HTTP/1.1 200 OK"
2026-05-12 04:19:22 | INFO     | HTTP Request: POST https://api.telegram.org/bot8257984718:AAGMaRpeBDzAYTp_sbQ2MifX8HJ0QNYq_bk/getUpdates "HTTP/1.1 200 OK"
2026-05-12 04:19:32 | INFO     | HTTP Request: POST https://api.telegram.org/bot8257984718:AAGMaRpeBDzAYTp_sbQ2MifX8HJ0QNYq_bk/getUpdates "HTTP/1.1 200 OK"
2026-05-12 04:19:42 | INFO     | HTTP Request: POST https://api.telegram.org/bot8257984718:AAGMaRpeBDzAYTp_sbQ2MifX8HJ0QNYq_bk/getUpdates "HTTP/1.1 200 OK"
2026-05-12 04:19:52 | INFO     | HTTP Request: POST https://api.telegram.org/bot8257984718:AAGMaRpeBDzAYTp_sbQ2MifX8HJ0QNYq_bk/getUpdates "HTTP/1.1 200 OK"
2026-05-12 04:20:02 | INFO     | HTTP Request: POST https://api.telegram.org/bot8257984718:AAGMaRpeBDzAYTp_sbQ2MifX8HJ0QNYq_bk/getUpdates "HTTP/1.1 200 OK"
2026-05-12 04:20:12 | INFO     | HTTP Request: POST https://api.telegram.org/bot8257984718:AAGMaRpeBDzAYTp_sbQ2MifX8HJ0QNYq_bk/getUpdates "HTTP/1.1 200 OK"
2026-05-12 04:20:22 | INFO     | HTTP Request: POST https://api.telegram.org/bot8257984718:AAGMaRpeBDzAYTp_sbQ2MifX8HJ0QNYq_bk/getUpdates "HTTP/1.1 200 OK"
2026-05-12 04:20:32 | INFO     | HTTP Request: POST https://api.telegram.org/bot8257984718:AAGMaRpeBDzAYTp_sbQ2MifX8HJ0QNYq_bk/getUpdates "HTTP/1.1 200 OK"
2026-05-12 04:20:43 | INFO     | HTTP Request: POST https://api.telegram.org/bot8257984718:AAGMaRpeBDzAYTp_sbQ2MifX8HJ0QNYq_bk/getUpdates "HTTP/1.1 200 OK"
2026-05-12 04:20:53 | INFO     | HTTP Request: POST https://api.telegram.org/bot8257984718:AAGMaRpeBDzAYTp_sbQ2MifX8HJ0QNYq_bk/getUpdates "HTTP/1.1 200 OK"
2026-05-12 04:21:03 | INFO     | HTTP Request: POST https://api.telegram.org/bot8257984718:AAGMaRpeBDzAYTp_sbQ2MifX8HJ0QNYq_bk/getUpdates "HTTP/1.1 200 OK"
2026-05-12 04:21:13 | INFO     | HTTP Request: POST https://api.telegram.org/bot8257984718:AAGMaRpeBDzAYTp_sbQ2MifX8HJ0QNYq_bk/getUpdates "HTTP/1.1 200 OK"
2026-05-12 04:21:23 | INFO     | HTTP Request: POST https://api.telegram.org/bot8257984718:AAGMaRpeBDzAYTp_sbQ2MifX8HJ0QNYq_bk/getUpdates "HTTP/1.1 200 OK"
2026-05-12 04:21:33 | INFO     | HTTP Request: POST https://api.telegram.org/bot8257984718:AAGMaRpeBDzAYTp_sbQ2MifX8HJ0QNYq_bk/getUpdates "HTTP/1.1 200 OK"
2026-05-12 04:21:43 | INFO     | HTTP Request: POST https://api.telegram.org/bot8257984718:AAGMaRpeBDzAYTp_sbQ2MifX8HJ0QNYq_bk/getUpdates "HTTP/1.1 200 OK"
2026-05-12 04:21:53 | INFO     | HTTP Request: POST https://api.telegram.org/bot8257984718:AAGMaRpeBDzAYTp_sbQ2MifX8HJ0QNYq_bk/getUpdates "HTTP/1.1 200 OK"
2026-05-12 04:22:03 | INFO     | HTTP Request: POST https://api.telegram.org/bot8257984718:AAGMaRpeBDzAYTp_sbQ2MifX8HJ0QNYq_bk/getUpdates "HTTP/1.1 200 OK"
2026-05-12 04:22:14 | INFO     | HTTP Request: POST https://api.telegram.org/bot8257984718:AAGMaRpeBDzAYTp_sbQ2MifX8HJ0QNYq_bk/getUpdates "HTTP/1.1 200 OK"
2026-05-12 04:22:24 | INFO     | HTTP Request: POST https://api.telegram.org/bot8257984718:AAGMaRpeBDzAYTp_sbQ2MifX8HJ0QNYq_bk/getUpdates "HTTP/1.1 200 OK"
2026-05-12 04:22:34 | INFO     | HTTP Request: POST https://api.telegram.org/bot8257984718:AAGMaRpeBDzAYTp_sbQ2MifX8HJ0QNYq_bk/getUpdates "HTTP/1.1 200 OK"
2026-05-12 04:22:44 | INFO     | HTTP Request: POST https://api.telegram.org/bot8257984718:AAGMaRpeBDzAYTp_sbQ2MifX8HJ0QNYq_bk/getUpdates "HTTP/1.1 200 OK"
2026-05-12 04:22:54 | INFO     | HTTP Request: POST https://api.telegram.org/bot8257984718:AAGMaRpeBDzAYTp_sbQ2MifX8HJ0QNYq_bk/getUpdates "HTTP/1.1 200 OK"
2026-05-12 04:23:04 | INFO     | HTTP Request: POST https://api.telegram.org/bot8257984718:AAGMaRpeBDzAYTp_sbQ2MifX8HJ0QNYq_bk/getUpdates "HTTP/1.1 200 OK"
2026-05-12 04:23:14 | INFO     | HTTP Request: POST https://api.telegram.org/bot8257984718:AAGMaRpeBDzAYTp_sbQ2MifX8HJ0QNYq_bk/getUpdates "HTTP/1.1 200 OK"
2026-05-12 04:23:24 | INFO     | HTTP Request: POST https://api.telegram.org/bot8257984718:AAGMaRpeBDzAYTp_sbQ2MifX8HJ0QNYq_bk/getUpdates "HTTP/1.1 200 OK"
2026-05-12 04:23:35 | INFO     | HTTP Request: POST https://api.telegram.org/bot8257984718:AAGMaRpeBDzAYTp_sbQ2MifX8HJ0QNYq_bk/getUpdates "HTTP/1.1 200 OK"
2026-05-12 04:23:45 | INFO     | HTTP Request: POST https://api.telegram.org/bot8257984718:AAGMaRpeBDzAYTp_sbQ2MifX8HJ0QNYq_bk/getUpdates "HTTP/1.1 200 OK"
2026-05-12 04:23:55 | INFO     | HTTP Request: POST https://api.telegram.org/bot8257984718:AAGMaRpeBDzAYTp_sbQ2MifX8HJ0QNYq_bk/getUpdates "HTTP/1.1 200 OK"
2026-05-12 04:24:05 | INFO     | HTTP Request: POST https://api.telegram.org/bot8257984718:AAGMaRpeBDzAYTp_sbQ2MifX8HJ0QNYq_bk/getUpdates "HTTP/1.1 200 OK"
2026-05-12 04:24:15 | INFO     | HTTP Request: POST https://api.telegram.org/bot8257984718:AAGMaRpeBDzAYTp_sbQ2MifX8HJ0QNYq_bk/getUpdates "HTTP/1.1 200 OK"
2026-05-12 04:24:25 | INFO     | HTTP Request: POST https://api.telegram.org/bot8257984718:AAGMaRpeBDzAYTp_sbQ2MifX8HJ0QNYq_bk/getUpdates "HTTP/1.1 200 OK"
2026-05-12 04:24:35 | INFO     | HTTP Request: POST https://api.telegram.org/bot8257984718:AAGMaRpeBDzAYTp_sbQ2MifX8HJ0QNYq_bk/getUpdates "HTTP/1.1 200 OK"
2026-05-12 04:24:45 | INFO     | HTTP Request: POST https://api.telegram.org/bot8257984718:AAGMaRpeBDzAYTp_sbQ2MifX8HJ0QNYq_bk/getUpdates "HTTP/1.1 200 OK"
2026-05-12 04:24:56 | INFO     | HTTP Request: POST https://api.telegram.org/bot8257984718:AAGMaRpeBDzAYTp_sbQ2MifX8HJ0QNYq_bk/getUpdates "HTTP/1.1 200 OK"
2026-05-12 04:25:06 | INFO     | HTTP Request: POST https://api.telegram.org/bot8257984718:AAGMaRpeBDzAYTp_sbQ2MifX8HJ0QNYq_bk/getUpdates "HTTP/1.1 200 OK"
2026-05-12 04:25:16 | INFO     | HTTP Request: POST https://api.telegram.org/bot8257984718:AAGMaRpeBDzAYTp_sbQ2MifX8HJ0QNYq_bk/getUpdates "HTTP/1.1 200 OK"
2026-05-12 04:25:26 | INFO     | HTTP Request: POST https://api.telegram.org/bot8257984718:AAGMaRpeBDzAYTp_sbQ2MifX8HJ0QNYq_bk/getUpdates "HTTP/1.1 200 OK"
2026-05-12 04:25:36 | INFO     | HTTP Request: POST https://api.telegram.org/bot8257984718:AAGMaRpeBDzAYTp_sbQ2MifX8HJ0QNYq_bk/getUpdates "HTTP/1.1 200 OK"
2026-05-12 04:25:46 | INFO     | HTTP Request: POST https://api.telegram.org/bot8257984718:AAGMaRpeBDzAYTp_sbQ2MifX8HJ0QNYq_bk/getUpdates "HTTP/1.1 200 OK"
2026-05-12 04:25:56 | INFO     | HTTP Request: POST https://api.telegram.org/bot8257984718:AAGMaRpeBDzAYTp_sbQ2MifX8HJ0QNYq_bk/getUpdates "HTTP/1.1 200 OK"
2026-05-12 04:26:06 | INFO     | HTTP Request: POST https://api.telegram.org/bot8257984718:AAGMaRpeBDzAYTp_sbQ2MifX8HJ0QNYq_bk/getUpdates "HTTP/1.1 200 OK"
2026-05-12 04:26:16 | INFO     | HTTP Request: POST https://api.telegram.org/bot8257984718:AAGMaRpeBDzAYTp_sbQ2MifX8HJ0QNYq_bk/getUpdates "HTTP/1.1 200 OK"
2026-05-12 04:26:27 | INFO     | HTTP Request: POST https://api.telegram.org/bot8257984718:AAGMaRpeBDzAYTp_sbQ2MifX8HJ0QNYq_bk/getUpdates "HTTP/1.1 200 OK"
2026-05-12 04:26:38 | INFO     | HTTP Request: POST https://api.telegram.org/bot8257984718:AAGMaRpeBDzAYTp_sbQ2MifX8HJ0QNYq_bk/getUpdates "HTTP/1.1 200 OK"
2026-05-12 04:26:48 | INFO     | HTTP Request: POST https://api.telegram.org/bot8257984718:AAGMaRpeBDzAYTp_sbQ2MifX8HJ0QNYq_bk/getUpdates "HTTP/1.1 200 OK"
2026-05-12 04:26:58 | INFO     | HTTP Request: POST https://api.telegram.org/bot8257984718:AAGMaRpeBDzAYTp_sbQ2MifX8HJ0QNYq_bk/getUpdates "HTTP/1.1 200 OK"
2026-05-12 04:27:08 | INFO     | HTTP Request: POST https://api.telegram.org/bot8257984718:AAGMaRpeBDzAYTp_sbQ2MifX8HJ0QNYq_bk/getUpdates "HTTP/1.1 200 OK"
2026-05-12 04:27:18 | INFO     | HTTP Request: POST https://api.telegram.org/bot8257984718:AAGMaRpeBDzAYTp_sbQ2MifX8HJ0QNYq_bk/getUpdates "HTTP/1.1 200 OK"
2026-05-12 04:27:28 | INFO     | HTTP Request: POST https://api.telegram.org/bot8257984718:AAGMaRpeBDzAYTp_sbQ2MifX8HJ0QNYq_bk/getUpdates "HTTP/1.1 200 OK"
2026-05-12 04:27:38 | INFO     | HTTP Request: POST https://api.telegram.org/bot8257984718:AAGMaRpeBDzAYTp_sbQ2MifX8HJ0QNYq_bk/getUpdates "HTTP/1.1 200 OK"
2026-05-12 04:27:49 | INFO     | HTTP Request: POST https://api.telegram.org/bot8257984718:AAGMaRpeBDzAYTp_sbQ2MifX8HJ0QNYq_bk/getUpdates "HTTP/1.1 200 OK"
2026-05-12 04:27:59 | INFO     | HTTP Request: POST https://api.telegram.org/bot8257984718:AAGMaRpeBDzAYTp_sbQ2MifX8HJ0QNYq_bk/getUpdates "HTTP/1.1 200 OK"
2026-05-12 04:28:09 | INFO     | HTTP Request: POST https://api.telegram.org/bot8257984718:AAGMaRpeBDzAYTp_sbQ2MifX8HJ0QNYq_bk/getUpdates "HTTP/1.1 200 OK"
2026-05-12 04:28:19 | INFO     | HTTP Request: POST https://api.telegram.org/bot8257984718:AAGMaRpeBDzAYTp_sbQ2MifX8HJ0QNYq_bk/getUpdates "HTTP/1.1 200 OK"
2026-05-12 04:28:29 | INFO     | HTTP Request: POST https://api.telegram.org/bot8257984718:AAGMaRpeBDzAYTp_sbQ2MifX8HJ0QNYq_bk/getUpdates "HTTP/1.1 200 OK"
2026-05-12 04:28:39 | INFO     | HTTP Request: POST https://api.telegram.org/bot8257984718:AAGMaRpeBDzAYTp_sbQ2MifX8HJ0QNYq_bk/getUpdates "HTTP/1.1 200 OK"
2026-05-12 04:28:49 | INFO     | HTTP Request: POST https://api.telegram.org/bot8257984718:AAGMaRpeBDzAYTp_sbQ2MifX8HJ0QNYq_bk/getUpdates "HTTP/1.1 200 OK"
2026-05-12 04:28:59 | INFO     | HTTP Request: POST https://api.telegram.org/bot8257984718:AAGMaRpeBDzAYTp_sbQ2MifX8HJ0QNYq_bk/getUpdates "HTTP/1.1 200 OK"
2026-05-12 04:29:10 | INFO     | HTTP Request: POST https://api.telegram.org/bot8257984718:AAGMaRpeBDzAYTp_sbQ2MifX8HJ0QNYq_bk/getUpdates "HTTP/1.1 200 OK"
2026-05-12 04:29:20 | INFO     | HTTP Request: POST https://api.telegram.org/bot8257984718:AAGMaRpeBDzAYTp_sbQ2MifX8HJ0QNYq_bk/getUpdates "HTTP/1.1 200 OK"
2026-05-12 04:29:30 | INFO     | HTTP Request: POST https://api.telegram.org/bot8257984718:AAGMaRpeBDzAYTp_sbQ2MifX8HJ0QNYq_bk/getUpdates "HTTP/1.1 200 OK"
2026-05-12 04:29:40 | INFO     | HTTP Request: POST https://api.telegram.org/bot8257984718:AAGMaRpeBDzAYTp_sbQ2MifX8HJ0QNYq_bk/getUpdates "HTTP/1.1 200 OK"
2026-05-12 04:29:50 | INFO     | HTTP Request: POST https://api.telegram.org/bot8257984718:AAGMaRpeBDzAYTp_sbQ2MifX8HJ0QNYq_bk/getUpdates "HTTP/1.1 200 OK"
2026-05-12 04:30:00 | INFO     | HTTP Request: POST https://api.telegram.org/bot8257984718:AAGMaRpeBDzAYTp_sbQ2MifX8HJ0QNYq_bk/getUpdates "HTTP/1.1 200 OK"
2026-05-12 04:30:10 | INFO     | HTTP Request: POST https://api.telegram.org/bot8257984718:AAGMaRpeBDzAYTp_sbQ2MifX8HJ0QNYq_bk/getUpdates "HTTP/1.1 200 OK"
2026-05-12 04:30:20 | INFO     | HTTP Request: POST https://api.telegram.org/bot8257984718:AAGMaRpeBDzAYTp_sbQ2MifX8HJ0QNYq_bk/getUpdates "HTTP/1.1 200 OK"
2026-05-12 04:30:31 | INFO     | HTTP Request: POST https://api.telegram.org/bot8257984718:AAGMaRpeBDzAYTp_sbQ2MifX8HJ0QNYq_bk/getUpdates "HTTP/1.1 200 OK"
2026-05-12 04:30:41 | INFO     | HTTP Request: POST https://api.telegram.org/bot8257984718:AAGMaRpeBDzAYTp_sbQ2MifX8HJ0QNYq_bk/getUpdates "HTTP/1.1 200 OK"
2026-05-12 04:30:51 | INFO     | HTTP Request: POST https://api.telegram.org/bot8257984718:AAGMaRpeBDzAYTp_sbQ2MifX8HJ0QNYq_bk/getUpdates "HTTP/1.1 200 OK"
2026-05-12 04:31:01 | INFO     | HTTP Request: POST https://api.telegram.org/bot8257984718:AAGMaRpeBDzAYTp_sbQ2MifX8HJ0QNYq_bk/getUpdates "HTTP/1.1 200 OK"
2026-05-12 04:31:11 | INFO     | HTTP Request: POST https://api.telegram.org/bot8257984718:AAGMaRpeBDzAYTp_sbQ2MifX8HJ0QNYq_bk/getUpdates "HTTP/1.1 200 OK"
2026-05-12 04:31:21 | INFO     | HTTP Request: POST https://api.telegram.org/bot8257984718:AAGMaRpeBDzAYTp_sbQ2MifX8HJ0QNYq_bk/getUpdates "HTTP/1.1 200 OK"
2026-05-12 04:31:31 | INFO     | HTTP Request: POST https://api.telegram.org/bot8257984718:AAGMaRpeBDzAYTp_sbQ2MifX8HJ0QNYq_bk/getUpdates "HTTP/1.1 200 OK"
2026-05-12 04:31:41 | INFO     | HTTP Request: POST https://api.telegram.org/bot8257984718:AAGMaRpeBDzAYTp_sbQ2MifX8HJ0QNYq_bk/getUpdates "HTTP/1.1 200 OK"
2026-05-12 04:31:51 | INFO     | HTTP Request: POST https://api.telegram.org/bot8257984718:AAGMaRpeBDzAYTp_sbQ2MifX8HJ0QNYq_bk/getUpdates "HTTP/1.1 200 OK"
2026-05-12 04:32:02 | INFO     | HTTP Request: POST https://api.telegram.org/bot8257984718:AAGMaRpeBDzAYTp_sbQ2MifX8HJ0QNYq_bk/getUpdates "HTTP/1.1 200 OK"
2026-05-12 04:32:12 | INFO     | HTTP Request: POST https://api.telegram.org/bot8257984718:AAGMaRpeBDzAYTp_sbQ2MifX8HJ0QNYq_bk/getUpdates "HTTP/1.1 200 OK"
2026-05-12 04:32:22 | INFO     | HTTP Request: POST https://api.telegram.org/bot8257984718:AAGMaRpeBDzAYTp_sbQ2MifX8HJ0QNYq_bk/getUpdates "HTTP/1.1 200 OK"
2026-05-12 04:32:32 | INFO     | HTTP Request: POST https://api.telegram.org/bot8257984718:AAGMaRpeBDzAYTp_sbQ2MifX8HJ0QNYq_bk/getUpdates "HTTP/1.1 200 OK"
2026-05-12 04:32:42 | INFO     | HTTP Request: POST https://api.telegram.org/bot8257984718:AAGMaRpeBDzAYTp_sbQ2MifX8HJ0QNYq_bk/getUpdates "HTTP/1.1 200 OK"
2026-05-12 04:32:52 | INFO     | HTTP Request: POST https://api.telegram.org/bot8257984718:AAGMaRpeBDzAYTp_sbQ2MifX8HJ0QNYq_bk/getUpdates "HTTP/1.1 200 OK"
2026-05-12 04:33:02 | INFO     | HTTP Request: POST https://api.telegram.org/bot8257984718:AAGMaRpeBDzAYTp_sbQ2MifX8HJ0QNYq_bk/getUpdates "HTTP/1.1 200 OK"
2026-05-12 04:33:13 | INFO     | HTTP Request: POST https://api.telegram.org/bot8257984718:AAGMaRpeBDzAYTp_sbQ2MifX8HJ0QNYq_bk/getUpdates "HTTP/1.1 200 OK"
2026-05-12 04:33:23 | INFO     | HTTP Request: POST https://api.telegram.org/bot8257984718:AAGMaRpeBDzAYTp_sbQ2MifX8HJ0QNYq_bk/getUpdates "HTTP/1.1 200 OK"
2026-05-12 04:33:33 | INFO     | HTTP Request: POST https://api.telegram.org/bot8257984718:AAGMaRpeBDzAYTp_sbQ2MifX8HJ0QNYq_bk/getUpdates "HTTP/1.1 200 OK"
2026-05-12 04:33:43 | INFO     | HTTP Request: POST https://api.telegram.org/bot8257984718:AAGMaRpeBDzAYTp_sbQ2MifX8HJ0QNYq_bk/getUpdates "HTTP/1.1 200 OK"
2026-05-12 04:33:53 | INFO     | HTTP Request: POST https://api.telegram.org/bot8257984718:AAGMaRpeBDzAYTp_sbQ2MifX8HJ0QNYq_bk/getUpdates "HTTP/1.1 200 OK"
2026-05-12 04:34:03 | INFO     | HTTP Request: POST https://api.telegram.org/bot8257984718:AAGMaRpeBDzAYTp_sbQ2MifX8HJ0QNYq_bk/getUpdates "HTTP/1.1 200 OK"
2026-05-12 04:34:13 | INFO     | HTTP Request: POST https://api.telegram.org/bot8257984718:AAGMaRpeBDzAYTp_sbQ2MifX8HJ0QNYq_bk/getUpdates "HTTP/1.1 200 OK"
2026-05-12 04:34:24 | INFO     | HTTP Request: POST https://api.telegram.org/bot8257984718:AAGMaRpeBDzAYTp_sbQ2MifX8HJ0QNYq_bk/getUpdates "HTTP/1.1 200 OK"
2026-05-12 04:34:34 | INFO     | HTTP Request: POST https://api.telegram.org/bot8257984718:AAGMaRpeBDzAYTp_sbQ2MifX8HJ0QNYq_bk/getUpdates "HTTP/1.1 200 OK"
2026-05-12 04:34:44 | INFO     | HTTP Request: POST https://api.telegram.org/bot8257984718:AAGMaRpeBDzAYTp_sbQ2MifX8HJ0QNYq_bk/getUpdates "HTTP/1.1 200 OK"
2026-05-12 04:34:54 | INFO     | HTTP Request: POST https://api.telegram.org/bot8257984718:AAGMaRpeBDzAYTp_sbQ2MifX8HJ0QNYq_bk/getUpdates "HTTP/1.1 200 OK"
2026-05-12 04:35:04 | INFO     | HTTP Request: POST https://api.telegram.org/bot8257984718:AAGMaRpeBDzAYTp_sbQ2MifX8HJ0QNYq_bk/getUpdates "HTTP/1.1 200 OK"
2026-05-12 04:35:14 | INFO     | HTTP Request: POST https://api.telegram.org/bot8257984718:AAGMaRpeBDzAYTp_sbQ2MifX8HJ0QNYq_bk/getUpdates "HTTP/1.1 200 OK"
2026-05-12 04:35:24 | INFO     | HTTP Request: POST https://api.telegram.org/bot8257984718:AAGMaRpeBDzAYTp_sbQ2MifX8HJ0QNYq_bk/getUpdates "HTTP/1.1 200 OK"
2026-05-12 04:35:34 | INFO     | HTTP Request: POST https://api.telegram.org/bot8257984718:AAGMaRpeBDzAYTp_sbQ2MifX8HJ0QNYq_bk/getUpdates "HTTP/1.1 200 OK"
2026-05-12 04:35:45 | INFO     | HTTP Request: POST https://api.telegram.org/bot8257984718:AAGMaRpeBDzAYTp_sbQ2MifX8HJ0QNYq_bk/getUpdates "HTTP/1.1 200 OK"
2026-05-12 04:35:55 | INFO     | HTTP Request: POST https://api.telegram.org/bot8257984718:AAGMaRpeBDzAYTp_sbQ2MifX8HJ0QNYq_bk/getUpdates "HTTP/1.1 200 OK"
2026-05-12 04:36:05 | INFO     | HTTP Request: POST https://api.telegram.org/bot8257984718:AAGMaRpeBDzAYTp_sbQ2MifX8HJ0QNYq_bk/getUpdates "HTTP/1.1 200 OK"
2026-05-12 04:36:15 | INFO     | HTTP Request: POST https://api.telegram.org/bot8257984718:AAGMaRpeBDzAYTp_sbQ2MifX8HJ0QNYq_bk/getUpdates "HTTP/1.1 200 OK"
2026-05-12 04:36:25 | INFO     | HTTP Request: POST https://api.telegram.org/bot8257984718:AAGMaRpeBDzAYTp_sbQ2MifX8HJ0QNYq_bk/getUpdates "HTTP/1.1 200 OK"
2026-05-12 04:36:35 | INFO     | HTTP Request: POST https://api.telegram.org/bot8257984718:AAGMaRpeBDzAYTp_sbQ2MifX8HJ0QNYq_bk/getUpdates "HTTP/1.1 200 OK"
2026-05-12 04:36:45 | INFO     | HTTP Request: POST https://api.telegram.org/bot8257984718:AAGMaRpeBDzAYTp_sbQ2MifX8HJ0QNYq_bk/getUpdates "HTTP/1.1 200 OK"
2026-05-12 04:36:56 | INFO     | HTTP Request: POST https://api.telegram.org/bot8257984718:AAGMaRpeBDzAYTp_sbQ2MifX8HJ0QNYq_bk/getUpdates "HTTP/1.1 200 OK"
2026-05-12 04:37:06 | INFO     | HTTP Request: POST https://api.telegram.org/bot8257984718:AAGMaRpeBDzAYTp_sbQ2MifX8HJ0QNYq_bk/getUpdates "HTTP/1.1 200 OK"
2026-05-12 04:37:16 | INFO     | HTTP Request: POST https://api.telegram.org/bot8257984718:AAGMaRpeBDzAYTp_sbQ2MifX8HJ0QNYq_bk/getUpdates "HTTP/1.1 200 OK"
2026-05-12 04:37:26 | INFO     | HTTP Request: POST https://api.telegram.org/bot8257984718:AAGMaRpeBDzAYTp_sbQ2MifX8HJ0QNYq_bk/getUpdates "HTTP/1.1 200 OK"
2026-05-12 04:37:52 | INFO     | HTTP Request: POST https://api.telegram.org/bot8257984718:AAGMaRpeBDzAYTp_sbQ2MifX8HJ0QNYq_bk/getUpdates "HTTP/1.1 200 OK"
2026-05-12 04:38:02 | INFO     | HTTP Request: POST https://api.telegram.org/bot8257984718:AAGMaRpeBDzAYTp_sbQ2MifX8HJ0QNYq_bk/getUpdates "HTTP/1.1 200 OK"
2026-05-12 04:38:12 | INFO     | HTTP Request: POST https://api.telegram.org/bot8257984718:AAGMaRpeBDzAYTp_sbQ2MifX8HJ0QNYq_bk/getUpdates "HTTP/1.1 200 OK"
2026-05-12 04:38:22 | INFO     | HTTP Request: POST https://api.telegram.org/bot8257984718:AAGMaRpeBDzAYTp_sbQ2MifX8HJ0QNYq_bk/getUpdates "HTTP/1.1 200 OK"
2026-05-12 04:38:32 | INFO     | HTTP Request: POST https://api.telegram.org/bot8257984718:AAGMaRpeBDzAYTp_sbQ2MifX8HJ0QNYq_bk/getUpdates "HTTP/1.1 200 OK"
2026-05-12 04:38:42 | INFO     | HTTP Request: POST https://api.telegram.org/bot8257984718:AAGMaRpeBDzAYTp_sbQ2MifX8HJ0QNYq_bk/getUpdates "HTTP/1.1 200 OK"
2026-05-12 04:38:53 | INFO     | HTTP Request: POST https://api.telegram.org/bot8257984718:AAGMaRpeBDzAYTp_sbQ2MifX8HJ0QNYq_bk/getUpdates "HTTP/1.1 200 OK"
2026-05-12 04:39:03 | INFO     | HTTP Request: POST https://api.telegram.org/bot8257984718:AAGMaRpeBDzAYTp_sbQ2MifX8HJ0QNYq_bk/getUpdates "HTTP/1.1 200 OK"
2026-05-12 04:39:13 | INFO     | HTTP Request: POST https://api.telegram.org/bot8257984718:AAGMaRpeBDzAYTp_sbQ2MifX8HJ0QNYq_bk/getUpdates "HTTP/1.1 200 OK"
2026-05-12 04:39:22 | INFO     | HTTP Request: POST https://api.telegram.org/bot8257984718:AAGMaRpeBDzAYTp_sbQ2MifX8HJ0QNYq_bk/getUpdates "HTTP/1.1 200 OK"
2026-05-12 04:39:22 | INFO     | Application is stopping. This might take a moment.
2026-05-12 04:39:22 | INFO     | Application.stop() complete
2026-05-12 04:40:21 | INFO     | StudyBot v5.3 started | model=qwen2.5:1.5b | fallback=tinyllama
2026-05-12 04:40:22 | INFO     | HTTP Request: POST https://api.telegram.org/bot8257984718:AAGMaRpeBDzAYTp_sbQ2MifX8HJ0QNYq_bk/getMe "HTTP/1.1 200 OK"
2026-05-12 04:40:22 | INFO     | HTTP Request: POST https://api.telegram.org/bot8257984718:AAGMaRpeBDzAYTp_sbQ2MifX8HJ0QNYq_bk/deleteWebhook "HTTP/1.1 200 OK"
2026-05-12 04:40:22 | INFO     | Application started
2026-05-12 04:40:26 | INFO     | HTTP Request: POST https://api.telegram.org/bot8257984718:AAGMaRpeBDzAYTp_sbQ2MifX8HJ0QNYq_bk/getUpdates "HTTP/1.1 200 OK"
2026-05-12 04:40:26 | INFO     | Application is stopping. This might take a moment.
2026-05-12 04:40:26 | INFO     | Application.stop() complete
2026-05-12 04:41:07 | INFO     | StudyBot v5.3 started | model=qwen2.5:1.5b | fallback=tinyllama
2026-05-12 04:41:08 | INFO     | HTTP Request: POST https://api.telegram.org/bot8257984718:AAGMaRpeBDzAYTp_sbQ2MifX8HJ0QNYq_bk/getMe "HTTP/1.1 200 OK"
2026-05-12 04:41:08 | INFO     | HTTP Request: POST https://api.telegram.org/bot8257984718:AAGMaRpeBDzAYTp_sbQ2MifX8HJ0QNYq_bk/deleteWebhook "HTTP/1.1 200 OK"
2026-05-12 04:41:08 | INFO     | Application started
2026-05-12 04:41:09 | INFO     | HTTP Request: POST https://api.telegram.org/bot8257984718:AAGMaRpeBDzAYTp_sbQ2MifX8HJ0QNYq_bk/getUpdates "HTTP/1.1 200 OK"
2026-05-12 04:41:09 | INFO     | START | user=2057476178
2026-05-12 04:41:09 | INFO     | HTTP Request: POST https://api.telegram.org/bot8257984718:AAGMaRpeBDzAYTp_sbQ2MifX8HJ0QNYq_bk/sendMessage "HTTP/1.1 200 OK"
2026-05-12 04:41:19 | INFO     | HTTP Request: POST https://api.telegram.org/bot8257984718:AAGMaRpeBDzAYTp_sbQ2MifX8HJ0QNYq_bk/getUpdates "HTTP/1.1 200 OK"
2026-05-12 04:41:20 | INFO     | HTTP Request: POST https://api.telegram.org/bot8257984718:AAGMaRpeBDzAYTp_sbQ2MifX8HJ0QNYq_bk/getUpdates "HTTP/1.1 200 OK"
2026-05-12 04:41:20 | INFO     | HTTP Request: POST https://api.telegram.org/bot8257984718:AAGMaRpeBDzAYTp_sbQ2MifX8HJ0QNYq_bk/answerCallbackQuery "HTTP/1.1 200 OK"
2026-05-12 04:41:20 | INFO     | MODE | user=2057476178 | mode=code
2026-05-12 04:41:20 | INFO     | HTTP Request: POST https://api.telegram.org/bot8257984718:AAGMaRpeBDzAYTp_sbQ2MifX8HJ0QNYq_bk/editMessageText "HTTP/1.1 200 OK"
2026-05-12 04:41:24 | INFO     | HTTP Request: POST https://api.telegram.org/bot8257984718:AAGMaRpeBDzAYTp_sbQ2MifX8HJ0QNYq_bk/getUpdates "HTTP/1.1 200 OK"
2026-05-12 04:41:24 | INFO     | HTTP Request: POST https://api.telegram.org/bot8257984718:AAGMaRpeBDzAYTp_sbQ2MifX8HJ0QNYq_bk/sendChatAction "HTTP/1.1 200 OK"
2026-05-12 04:41:34 | INFO     | HTTP Request: POST https://api.telegram.org/bot8257984718:AAGMaRpeBDzAYTp_sbQ2MifX8HJ0QNYq_bk/getUpdates "HTTP/1.1 200 OK"
2026-05-12 04:41:42 | INFO     | HTTP Request: POST http://localhost:11434/api/chat "HTTP/1.1 200 OK"
2026-05-12 04:41:42 | INFO     | OK | model=qwen2.5:1.5b | mode=code | 17.6s | attempt=1
2026-05-12 04:41:42 | INFO     | MSG | user=2057476178 | mode=code | model=qwen2.5:1.5b | len=165
2026-05-12 04:41:43 | INFO     | HTTP Request: POST https://api.telegram.org/bot8257984718:AAGMaRpeBDzAYTp_sbQ2MifX8HJ0QNYq_bk/sendMessage "HTTP/1.1 200 OK"
2026-05-12 04:41:44 | INFO     | HTTP Request: POST https://api.telegram.org/bot8257984718:AAGMaRpeBDzAYTp_sbQ2MifX8HJ0QNYq_bk/getUpdates "HTTP/1.1 200 OK"
2026-05-12 04:41:55 | INFO     | HTTP Request: POST https://api.telegram.org/bot8257984718:AAGMaRpeBDzAYTp_sbQ2MifX8HJ0QNYq_bk/getUpdates "HTTP/1.1 200 OK"
2026-05-12 04:42:05 | INFO     | HTTP Request: POST https://api.telegram.org/bot8257984718:AAGMaRpeBDzAYTp_sbQ2MifX8HJ0QNYq_bk/getUpdates "HTTP/1.1 200 OK"
2026-05-12 04:42:15 | INFO     | HTTP Request: POST https://api.telegram.org/bot8257984718:AAGMaRpeBDzAYTp_sbQ2MifX8HJ0QNYq_bk/getUpdates "HTTP/1.1 200 OK"
2026-05-12 04:42:25 | INFO     | HTTP Request: POST https://api.telegram.org/bot8257984718:AAGMaRpeBDzAYTp_sbQ2MifX8HJ0QNYq_bk/getUpdates "HTTP/1.1 200 OK"
2026-05-12 04:42:35 | INFO     | HTTP Request: POST https://api.telegram.org/bot8257984718:AAGMaRpeBDzAYTp_sbQ2MifX8HJ0QNYq_bk/getUpdates "HTTP/1.1 200 OK"
2026-05-12 04:42:36 | INFO     | HTTP Request: POST https://api.telegram.org/bot8257984718:AAGMaRpeBDzAYTp_sbQ2MifX8HJ0QNYq_bk/getUpdates "HTTP/1.1 200 OK"
2026-05-12 04:42:37 | INFO     | HTTP Request: POST https://api.telegram.org/bot8257984718:AAGMaRpeBDzAYTp_sbQ2MifX8HJ0QNYq_bk/sendChatAction "HTTP/1.1 200 OK"
2026-05-12 04:42:43 | INFO     | HTTP Request: POST http://localhost:11434/api/chat "HTTP/1.1 200 OK"
2026-05-12 04:42:43 | INFO     | OK | model=qwen2.5:1.5b | mode=code | 6.5s | attempt=1
2026-05-12 04:42:43 | INFO     | MSG | user=2057476178 | mode=code | model=qwen2.5:1.5b | len=1301
2026-05-12 04:42:44 | INFO     | HTTP Request: POST https://api.telegram.org/bot8257984718:AAGMaRpeBDzAYTp_sbQ2MifX8HJ0QNYq_bk/sendMessage "HTTP/1.1 200 OK"
2026-05-12 04:42:47 | INFO     | HTTP Request: POST https://api.telegram.org/bot8257984718:AAGMaRpeBDzAYTp_sbQ2MifX8HJ0QNYq_bk/getUpdates "HTTP/1.1 200 OK"
2026-05-12 04:42:57 | INFO     | HTTP Request: POST https://api.telegram.org/bot8257984718:AAGMaRpeBDzAYTp_sbQ2MifX8HJ0QNYq_bk/getUpdates "HTTP/1.1 200 OK"
2026-05-12 04:43:02 | INFO     | HTTP Request: POST https://api.telegram.org/bot8257984718:AAGMaRpeBDzAYTp_sbQ2MifX8HJ0QNYq_bk/getUpdates "HTTP/1.1 200 OK"
2026-05-12 04:43:03 | INFO     | HTTP Request: POST https://api.telegram.org/bot8257984718:AAGMaRpeBDzAYTp_sbQ2MifX8HJ0QNYq_bk/sendChatAction "HTTP/1.1 200 OK"
2026-05-12 04:43:09 | INFO     | HTTP Request: POST http://localhost:11434/api/chat "HTTP/1.1 200 OK"
2026-05-12 04:43:09 | INFO     | OK | model=qwen2.5:1.5b | mode=code | 6.6s | attempt=1
2026-05-12 04:43:09 | INFO     | MSG | user=2057476178 | mode=code | model=qwen2.5:1.5b | len=512
2026-05-12 04:43:10 | INFO     | HTTP Request: POST https://api.telegram.org/bot8257984718:AAGMaRpeBDzAYTp_sbQ2MifX8HJ0QNYq_bk/sendMessage "HTTP/1.1 200 OK"
2026-05-12 04:43:12 | INFO     | HTTP Request: POST https://api.telegram.org/bot8257984718:AAGMaRpeBDzAYTp_sbQ2MifX8HJ0QNYq_bk/getUpdates "HTTP/1.1 200 OK"
2026-05-12 04:43:22 | INFO     | HTTP Request: POST https://api.telegram.org/bot8257984718:AAGMaRpeBDzAYTp_sbQ2MifX8HJ0QNYq_bk/getUpdates "HTTP/1.1 200 OK"
2026-05-12 04:43:32 | INFO     | HTTP Request: POST https://api.telegram.org/bot8257984718:AAGMaRpeBDzAYTp_sbQ2MifX8HJ0QNYq_bk/getUpdates "HTTP/1.1 200 OK"
2026-05-12 04:43:42 | INFO     | HTTP Request: POST https://api.telegram.org/bot8257984718:AAGMaRpeBDzAYTp_sbQ2MifX8HJ0QNYq_bk/getUpdates "HTTP/1.1 200 OK"
2026-05-12 04:43:53 | INFO     | HTTP Request: POST https://api.telegram.org/bot8257984718:AAGMaRpeBDzAYTp_sbQ2MifX8HJ0QNYq_bk/getUpdates "HTTP/1.1 200 OK"
2026-05-12 04:44:03 | INFO     | HTTP Request: POST https://api.telegram.org/bot8257984718:AAGMaRpeBDzAYTp_sbQ2MifX8HJ0QNYq_bk/getUpdates "HTTP/1.1 200 OK"
2026-05-12 04:44:13 | INFO     | HTTP Request: POST https://api.telegram.org/bot8257984718:AAGMaRpeBDzAYTp_sbQ2MifX8HJ0QNYq_bk/getUpdates "HTTP/1.1 200 OK"
2026-05-12 04:44:23 | INFO     | HTTP Request: POST https://api.telegram.org/bot8257984718:AAGMaRpeBDzAYTp_sbQ2MifX8HJ0QNYq_bk/getUpdates "HTTP/1.1 200 OK"
2026-05-12 04:44:29 | INFO     | HTTP Request: POST https://api.telegram.org/bot8257984718:AAGMaRpeBDzAYTp_sbQ2MifX8HJ0QNYq_bk/getUpdates "HTTP/1.1 200 OK"
2026-05-12 04:44:29 | INFO     | Application is stopping. This might take a moment.
2026-05-12 04:44:29 | INFO     | Application.stop() complete
2026-05-12 04:52:47 | INFO     | StudyBot v5.3 started | model=qwen2.5:1.5b | fallback=tinyllama
2026-05-12 04:52:48 | INFO     | HTTP Request: POST https://api.telegram.org/bot8257984718:AAGMaRpeBDzAYTp_sbQ2MifX8HJ0QNYq_bk/getMe "HTTP/1.1 200 OK"
2026-05-12 04:52:48 | INFO     | HTTP Request: POST https://api.telegram.org/bot8257984718:AAGMaRpeBDzAYTp_sbQ2MifX8HJ0QNYq_bk/deleteWebhook "HTTP/1.1 200 OK"
2026-05-12 04:52:48 | INFO     | Application started
2026-05-12 04:52:59 | INFO     | HTTP Request: POST https://api.telegram.org/bot8257984718:AAGMaRpeBDzAYTp_sbQ2MifX8HJ0QNYq_bk/getUpdates "HTTP/1.1 200 OK"
2026-05-12 04:53:06 | INFO     | HTTP Request: POST https://api.telegram.org/bot8257984718:AAGMaRpeBDzAYTp_sbQ2MifX8HJ0QNYq_bk/getUpdates "HTTP/1.1 200 OK"
2026-05-12 04:53:07 | INFO     | HTTP Request: POST https://api.telegram.org/bot8257984718:AAGMaRpeBDzAYTp_sbQ2MifX8HJ0QNYq_bk/answerCallbackQuery "HTTP/1.1 200 OK"
2026-05-12 04:53:07 | INFO     | HTTP Request: POST https://api.telegram.org/bot8257984718:AAGMaRpeBDzAYTp_sbQ2MifX8HJ0QNYq_bk/editMessageText "HTTP/1.1 200 OK"
2026-05-12 04:53:12 | INFO     | HTTP Request: POST https://api.telegram.org/bot8257984718:AAGMaRpeBDzAYTp_sbQ2MifX8HJ0QNYq_bk/getUpdates "HTTP/1.1 200 OK"
2026-05-12 04:53:12 | INFO     | HTTP Request: POST https://api.telegram.org/bot8257984718:AAGMaRpeBDzAYTp_sbQ2MifX8HJ0QNYq_bk/answerCallbackQuery "HTTP/1.1 200 OK"
2026-05-12 04:53:12 | INFO     | MODE | user=2057476178 | mode=chat
2026-05-12 04:53:12 | INFO     | HTTP Request: POST https://api.telegram.org/bot8257984718:AAGMaRpeBDzAYTp_sbQ2MifX8HJ0QNYq_bk/editMessageText "HTTP/1.1 200 OK"
2026-05-12 04:53:22 | INFO     | HTTP Request: POST https://api.telegram.org/bot8257984718:AAGMaRpeBDzAYTp_sbQ2MifX8HJ0QNYq_bk/getUpdates "HTTP/1.1 200 OK"
2026-05-12 04:53:25 | INFO     | HTTP Request: POST https://api.telegram.org/bot8257984718:AAGMaRpeBDzAYTp_sbQ2MifX8HJ0QNYq_bk/getUpdates "HTTP/1.1 200 OK"
2026-05-12 04:53:25 | INFO     | HTTP Request: POST https://api.telegram.org/bot8257984718:AAGMaRpeBDzAYTp_sbQ2MifX8HJ0QNYq_bk/sendChatAction "HTTP/1.1 200 OK"
2026-05-12 04:53:35 | INFO     | HTTP Request: POST https://api.telegram.org/bot8257984718:AAGMaRpeBDzAYTp_sbQ2MifX8HJ0QNYq_bk/getUpdates "HTTP/1.1 200 OK"
2026-05-12 04:53:43 | INFO     | HTTP Request: POST http://localhost:11434/api/chat "HTTP/1.1 200 OK"
2026-05-12 04:53:43 | INFO     | OK | model=qwen2.5:1.5b | mode=chat | 17.4s | attempt=1
2026-05-12 04:53:43 | INFO     | MSG | user=2057476178 | mode=chat | model=qwen2.5:1.5b | len=50
2026-05-12 04:53:44 | INFO     | HTTP Request: POST https://api.telegram.org/bot8257984718:AAGMaRpeBDzAYTp_sbQ2MifX8HJ0QNYq_bk/sendMessage "HTTP/1.1 200 OK"
2026-05-12 04:53:45 | INFO     | HTTP Request: POST https://api.telegram.org/bot8257984718:AAGMaRpeBDzAYTp_sbQ2MifX8HJ0QNYq_bk/getUpdates "HTTP/1.1 200 OK"
2026-05-12 04:53:55 | INFO     | HTTP Request: POST https://api.telegram.org/bot8257984718:AAGMaRpeBDzAYTp_sbQ2MifX8HJ0QNYq_bk/getUpdates "HTTP/1.1 200 OK"
2026-05-12 04:54:05 | INFO     | HTTP Request: POST https://api.telegram.org/bot8257984718:AAGMaRpeBDzAYTp_sbQ2MifX8HJ0QNYq_bk/getUpdates "HTTP/1.1 200 OK"
2026-05-12 04:54:16 | INFO     | HTTP Request: POST https://api.telegram.org/bot8257984718:AAGMaRpeBDzAYTp_sbQ2MifX8HJ0QNYq_bk/getUpdates "HTTP/1.1 200 OK"
2026-05-12 04:54:26 | INFO     | HTTP Request: POST https://api.telegram.org/bot8257984718:AAGMaRpeBDzAYTp_sbQ2MifX8HJ0QNYq_bk/getUpdates "HTTP/1.1 200 OK"
2026-05-12 04:54:36 | INFO     | HTTP Request: POST https://api.telegram.org/bot8257984718:AAGMaRpeBDzAYTp_sbQ2MifX8HJ0QNYq_bk/getUpdates "HTTP/1.1 200 OK"
2026-05-12 04:54:46 | INFO     | HTTP Request: POST https://api.telegram.org/bot8257984718:AAGMaRpeBDzAYTp_sbQ2MifX8HJ0QNYq_bk/getUpdates "HTTP/1.1 200 OK"
2026-05-12 04:54:56 | INFO     | HTTP Request: POST https://api.telegram.org/bot8257984718:AAGMaRpeBDzAYTp_sbQ2MifX8HJ0QNYq_bk/getUpdates "HTTP/1.1 200 OK"
2026-05-12 04:55:07 | INFO     | HTTP Request: POST https://api.telegram.org/bot8257984718:AAGMaRpeBDzAYTp_sbQ2MifX8HJ0QNYq_bk/getUpdates "HTTP/1.1 200 OK"
2026-05-12 04:55:17 | INFO     | HTTP Request: POST https://api.telegram.org/bot8257984718:AAGMaRpeBDzAYTp_sbQ2MifX8HJ0QNYq_bk/getUpdates "HTTP/1.1 200 OK"
2026-05-12 04:55:27 | INFO     | HTTP Request: POST https://api.telegram.org/bot8257984718:AAGMaRpeBDzAYTp_sbQ2MifX8HJ0QNYq_bk/getUpdates "HTTP/1.1 200 OK"
2026-05-12 04:55:37 | INFO     | HTTP Request: POST https://api.telegram.org/bot8257984718:AAGMaRpeBDzAYTp_sbQ2MifX8HJ0QNYq_bk/getUpdates "HTTP/1.1 200 OK"
2026-05-12 04:55:47 | INFO     | HTTP Request: POST https://api.telegram.org/bot8257984718:AAGMaRpeBDzAYTp_sbQ2MifX8HJ0QNYq_bk/getUpdates "HTTP/1.1 200 OK"
2026-05-12 04:55:57 | INFO     | HTTP Request: POST https://api.telegram.org/bot8257984718:AAGMaRpeBDzAYTp_sbQ2MifX8HJ0QNYq_bk/getUpdates "HTTP/1.1 200 OK"
2026-05-12 04:56:09 | INFO     | HTTP Request: POST https://api.telegram.org/bot8257984718:AAGMaRpeBDzAYTp_sbQ2MifX8HJ0QNYq_bk/getUpdates "HTTP/1.1 200 OK"
2026-05-12 04:56:19 | INFO     | HTTP Request: POST https://api.telegram.org/bot8257984718:AAGMaRpeBDzAYTp_sbQ2MifX8HJ0QNYq_bk/getUpdates "HTTP/1.1 200 OK"
2026-05-12 04:56:30 | INFO     | HTTP Request: POST https://api.telegram.org/bot8257984718:AAGMaRpeBDzAYTp_sbQ2MifX8HJ0QNYq_bk/getUpdates "HTTP/1.1 200 OK"
2026-05-12 04:56:40 | INFO     | HTTP Request: POST https://api.telegram.org/bot8257984718:AAGMaRpeBDzAYTp_sbQ2MifX8HJ0QNYq_bk/getUpdates "HTTP/1.1 200 OK"
2026-05-12 04:56:50 | INFO     | HTTP Request: POST https://api.telegram.org/bot8257984718:AAGMaRpeBDzAYTp_sbQ2MifX8HJ0QNYq_bk/getUpdates "HTTP/1.1 200 OK"
2026-05-12 04:57:00 | INFO     | HTTP Request: POST https://api.telegram.org/bot8257984718:AAGMaRpeBDzAYTp_sbQ2MifX8HJ0QNYq_bk/getUpdates "HTTP/1.1 200 OK"
2026-05-12 04:57:10 | INFO     | HTTP Request: POST https://api.telegram.org/bot8257984718:AAGMaRpeBDzAYTp_sbQ2MifX8HJ0QNYq_bk/getUpdates "HTTP/1.1 200 OK"
2026-05-12 04:57:20 | INFO     | HTTP Request: POST https://api.telegram.org/bot8257984718:AAGMaRpeBDzAYTp_sbQ2MifX8HJ0QNYq_bk/getUpdates "HTTP/1.1 200 OK"
2026-05-12 04:57:30 | INFO     | HTTP Request: POST https://api.telegram.org/bot8257984718:AAGMaRpeBDzAYTp_sbQ2MifX8HJ0QNYq_bk/getUpdates "HTTP/1.1 200 OK"
2026-05-12 04:57:41 | INFO     | HTTP Request: POST https://api.telegram.org/bot8257984718:AAGMaRpeBDzAYTp_sbQ2MifX8HJ0QNYq_bk/getUpdates "HTTP/1.1 200 OK"
2026-05-12 04:57:51 | INFO     | HTTP Request: POST https://api.telegram.org/bot8257984718:AAGMaRpeBDzAYTp_sbQ2MifX8HJ0QNYq_bk/getUpdates "HTTP/1.1 200 OK"
2026-05-12 04:58:01 | INFO     | HTTP Request: POST https://api.telegram.org/bot8257984718:AAGMaRpeBDzAYTp_sbQ2MifX8HJ0QNYq_bk/getUpdates "HTTP/1.1 200 OK"
2026-05-12 04:58:11 | INFO     | HTTP Request: POST https://api.telegram.org/bot8257984718:AAGMaRpeBDzAYTp_sbQ2MifX8HJ0QNYq_bk/getUpdates "HTTP/1.1 200 OK"
2026-05-12 04:58:21 | INFO     | HTTP Request: POST https://api.telegram.org/bot8257984718:AAGMaRpeBDzAYTp_sbQ2MifX8HJ0QNYq_bk/getUpdates "HTTP/1.1 200 OK"
2026-05-12 04:58:31 | INFO     | HTTP Request: POST https://api.telegram.org/bot8257984718:AAGMaRpeBDzAYTp_sbQ2MifX8HJ0QNYq_bk/getUpdates "HTTP/1.1 200 OK"
2026-05-12 04:58:42 | INFO     | HTTP Request: POST https://api.telegram.org/bot8257984718:AAGMaRpeBDzAYTp_sbQ2MifX8HJ0QNYq_bk/getUpdates "HTTP/1.1 200 OK"
2026-05-12 04:58:52 | INFO     | HTTP Request: POST https://api.telegram.org/bot8257984718:AAGMaRpeBDzAYTp_sbQ2MifX8HJ0QNYq_bk/getUpdates "HTTP/1.1 200 OK"
2026-05-12 04:59:02 | INFO     | HTTP Request: POST https://api.telegram.org/bot8257984718:AAGMaRpeBDzAYTp_sbQ2MifX8HJ0QNYq_bk/getUpdates "HTTP/1.1 200 OK"
2026-05-12 04:59:12 | INFO     | HTTP Request: POST https://api.telegram.org/bot8257984718:AAGMaRpeBDzAYTp_sbQ2MifX8HJ0QNYq_bk/getUpdates "HTTP/1.1 200 OK"
2026-05-12 04:59:22 | INFO     | HTTP Request: POST https://api.telegram.org/bot8257984718:AAGMaRpeBDzAYTp_sbQ2MifX8HJ0QNYq_bk/getUpdates "HTTP/1.1 200 OK"
2026-05-12 04:59:32 | INFO     | HTTP Request: POST https://api.telegram.org/bot8257984718:AAGMaRpeBDzAYTp_sbQ2MifX8HJ0QNYq_bk/getUpdates "HTTP/1.1 200 OK"
2026-05-12 04:59:42 | INFO     | HTTP Request: POST https://api.telegram.org/bot8257984718:AAGMaRpeBDzAYTp_sbQ2MifX8HJ0QNYq_bk/getUpdates "HTTP/1.1 200 OK"
2026-05-12 04:59:53 | INFO     | HTTP Request: POST https://api.telegram.org/bot8257984718:AAGMaRpeBDzAYTp_sbQ2MifX8HJ0QNYq_bk/getUpdates "HTTP/1.1 200 OK"
2026-05-12 05:00:03 | INFO     | HTTP Request: POST https://api.telegram.org/bot8257984718:AAGMaRpeBDzAYTp_sbQ2MifX8HJ0QNYq_bk/getUpdates "HTTP/1.1 200 OK"
2026-05-12 05:00:13 | INFO     | HTTP Request: POST https://api.telegram.org/bot8257984718:AAGMaRpeBDzAYTp_sbQ2MifX8HJ0QNYq_bk/getUpdates "HTTP/1.1 200 OK"
2026-05-12 05:00:23 | INFO     | HTTP Request: POST https://api.telegram.org/bot8257984718:AAGMaRpeBDzAYTp_sbQ2MifX8HJ0QNYq_bk/getUpdates "HTTP/1.1 200 OK"
2026-05-12 05:00:33 | INFO     | HTTP Request: POST https://api.telegram.org/bot8257984718:AAGMaRpeBDzAYTp_sbQ2MifX8HJ0QNYq_bk/getUpdates "HTTP/1.1 200 OK"
2026-05-12 05:00:43 | INFO     | HTTP Request: POST https://api.telegram.org/bot8257984718:AAGMaRpeBDzAYTp_sbQ2MifX8HJ0QNYq_bk/getUpdates "HTTP/1.1 200 OK"
2026-05-12 05:00:53 | INFO     | HTTP Request: POST https://api.telegram.org/bot8257984718:AAGMaRpeBDzAYTp_sbQ2MifX8HJ0QNYq_bk/getUpdates "HTTP/1.1 200 OK"
2026-05-12 05:01:03 | INFO     | HTTP Request: POST https://api.telegram.org/bot8257984718:AAGMaRpeBDzAYTp_sbQ2MifX8HJ0QNYq_bk/getUpdates "HTTP/1.1 200 OK"
2026-05-12 05:01:14 | INFO     | HTTP Request: POST https://api.telegram.org/bot8257984718:AAGMaRpeBDzAYTp_sbQ2MifX8HJ0QNYq_bk/getUpdates "HTTP/1.1 200 OK"
2026-05-12 05:01:24 | INFO     | HTTP Request: POST https://api.telegram.org/bot8257984718:AAGMaRpeBDzAYTp_sbQ2MifX8HJ0QNYq_bk/getUpdates "HTTP/1.1 200 OK"
2026-05-12 05:01:34 | INFO     | HTTP Request: POST https://api.telegram.org/bot8257984718:AAGMaRpeBDzAYTp_sbQ2MifX8HJ0QNYq_bk/getUpdates "HTTP/1.1 200 OK"
2026-05-12 05:01:44 | INFO     | HTTP Request: POST https://api.telegram.org/bot8257984718:AAGMaRpeBDzAYTp_sbQ2MifX8HJ0QNYq_bk/getUpdates "HTTP/1.1 200 OK"
2026-05-12 05:01:54 | INFO     | HTTP Request: POST https://api.telegram.org/bot8257984718:AAGMaRpeBDzAYTp_sbQ2MifX8HJ0QNYq_bk/getUpdates "HTTP/1.1 200 OK"
2026-05-12 05:02:04 | INFO     | HTTP Request: POST https://api.telegram.org/bot8257984718:AAGMaRpeBDzAYTp_sbQ2MifX8HJ0QNYq_bk/getUpdates "HTTP/1.1 200 OK"
2026-05-12 05:02:15 | INFO     | HTTP Request: POST https://api.telegram.org/bot8257984718:AAGMaRpeBDzAYTp_sbQ2MifX8HJ0QNYq_bk/getUpdates "HTTP/1.1 200 OK"
2026-05-12 05:02:25 | INFO     | HTTP Request: POST https://api.telegram.org/bot8257984718:AAGMaRpeBDzAYTp_sbQ2MifX8HJ0QNYq_bk/getUpdates "HTTP/1.1 200 OK"
2026-05-12 05:02:35 | INFO     | HTTP Request: POST https://api.telegram.org/bot8257984718:AAGMaRpeBDzAYTp_sbQ2MifX8HJ0QNYq_bk/getUpdates "HTTP/1.1 200 OK"
2026-05-12 05:02:45 | INFO     | HTTP Request: POST https://api.telegram.org/bot8257984718:AAGMaRpeBDzAYTp_sbQ2MifX8HJ0QNYq_bk/getUpdates "HTTP/1.1 200 OK"
2026-05-12 05:02:55 | INFO     | HTTP Request: POST https://api.telegram.org/bot8257984718:AAGMaRpeBDzAYTp_sbQ2MifX8HJ0QNYq_bk/getUpdates "HTTP/1.1 200 OK"
2026-05-12 05:03:05 | INFO     | HTTP Request: POST https://api.telegram.org/bot8257984718:AAGMaRpeBDzAYTp_sbQ2MifX8HJ0QNYq_bk/getUpdates "HTTP/1.1 200 OK"
2026-05-12 05:03:15 | INFO     | HTTP Request: POST https://api.telegram.org/bot8257984718:AAGMaRpeBDzAYTp_sbQ2MifX8HJ0QNYq_bk/getUpdates "HTTP/1.1 200 OK"
2026-05-12 05:03:25 | INFO     | HTTP Request: POST https://api.telegram.org/bot8257984718:AAGMaRpeBDzAYTp_sbQ2MifX8HJ0QNYq_bk/getUpdates "HTTP/1.1 200 OK"
2026-05-12 05:03:36 | INFO     | HTTP Request: POST https://api.telegram.org/bot8257984718:AAGMaRpeBDzAYTp_sbQ2MifX8HJ0QNYq_bk/getUpdates "HTTP/1.1 200 OK"
2026-05-12 05:03:46 | INFO     | HTTP Request: POST https://api.telegram.org/bot8257984718:AAGMaRpeBDzAYTp_sbQ2MifX8HJ0QNYq_bk/getUpdates "HTTP/1.1 200 OK"
2026-05-12 05:03:56 | INFO     | HTTP Request: POST https://api.telegram.org/bot8257984718:AAGMaRpeBDzAYTp_sbQ2MifX8HJ0QNYq_bk/getUpdates "HTTP/1.1 200 OK"
2026-05-12 05:04:06 | INFO     | HTTP Request: POST https://api.telegram.org/bot8257984718:AAGMaRpeBDzAYTp_sbQ2MifX8HJ0QNYq_bk/getUpdates "HTTP/1.1 200 OK"
2026-05-12 05:04:16 | INFO     | HTTP Request: POST https://api.telegram.org/bot8257984718:AAGMaRpeBDzAYTp_sbQ2MifX8HJ0QNYq_bk/getUpdates "HTTP/1.1 200 OK"
2026-05-12 05:04:26 | INFO     | HTTP Request: POST https://api.telegram.org/bot8257984718:AAGMaRpeBDzAYTp_sbQ2MifX8HJ0QNYq_bk/getUpdates "HTTP/1.1 200 OK"
2026-05-12 05:04:37 | INFO     | HTTP Request: POST https://api.telegram.org/bot8257984718:AAGMaRpeBDzAYTp_sbQ2MifX8HJ0QNYq_bk/getUpdates "HTTP/1.1 200 OK"
2026-05-12 05:04:47 | INFO     | HTTP Request: POST https://api.telegram.org/bot8257984718:AAGMaRpeBDzAYTp_sbQ2MifX8HJ0QNYq_bk/getUpdates "HTTP/1.1 200 OK"
2026-05-12 05:04:57 | INFO     | HTTP Request: POST https://api.telegram.org/bot8257984718:AAGMaRpeBDzAYTp_sbQ2MifX8HJ0QNYq_bk/getUpdates "HTTP/1.1 200 OK"
2026-05-12 05:05:07 | INFO     | HTTP Request: POST https://api.telegram.org/bot8257984718:AAGMaRpeBDzAYTp_sbQ2MifX8HJ0QNYq_bk/getUpdates "HTTP/1.1 200 OK"
2026-05-12 05:05:17 | INFO     | HTTP Request: POST https://api.telegram.org/bot8257984718:AAGMaRpeBDzAYTp_sbQ2MifX8HJ0QNYq_bk/getUpdates "HTTP/1.1 200 OK"
2026-05-12 05:05:27 | INFO     | HTTP Request: POST https://api.telegram.org/bot8257984718:AAGMaRpeBDzAYTp_sbQ2MifX8HJ0QNYq_bk/getUpdates "HTTP/1.1 200 OK"
2026-05-12 05:05:38 | INFO     | HTTP Request: POST https://api.telegram.org/bot8257984718:AAGMaRpeBDzAYTp_sbQ2MifX8HJ0QNYq_bk/getUpdates "HTTP/1.1 200 OK"
2026-05-12 05:05:48 | INFO     | HTTP Request: POST https://api.telegram.org/bot8257984718:AAGMaRpeBDzAYTp_sbQ2MifX8HJ0QNYq_bk/getUpdates "HTTP/1.1 200 OK"
2026-05-12 05:05:58 | INFO     | HTTP Request: POST https://api.telegram.org/bot8257984718:AAGMaRpeBDzAYTp_sbQ2MifX8HJ0QNYq_bk/getUpdates "HTTP/1.1 200 OK"
2026-05-12 05:06:08 | INFO     | HTTP Request: POST https://api.telegram.org/bot8257984718:AAGMaRpeBDzAYTp_sbQ2MifX8HJ0QNYq_bk/getUpdates "HTTP/1.1 200 OK"
2026-05-12 05:06:18 | INFO     | HTTP Request: POST https://api.telegram.org/bot8257984718:AAGMaRpeBDzAYTp_sbQ2MifX8HJ0QNYq_bk/getUpdates "HTTP/1.1 200 OK"
2026-05-12 05:06:28 | INFO     | HTTP Request: POST https://api.telegram.org/bot8257984718:AAGMaRpeBDzAYTp_sbQ2MifX8HJ0QNYq_bk/getUpdates "HTTP/1.1 200 OK"
2026-05-12 05:06:38 | INFO     | HTTP Request: POST https://api.telegram.org/bot8257984718:AAGMaRpeBDzAYTp_sbQ2MifX8HJ0QNYq_bk/getUpdates "HTTP/1.1 200 OK"
2026-05-12 05:06:48 | INFO     | HTTP Request: POST https://api.telegram.org/bot8257984718:AAGMaRpeBDzAYTp_sbQ2MifX8HJ0QNYq_bk/getUpdates "HTTP/1.1 200 OK"
2026-05-12 05:06:59 | INFO     | HTTP Request: POST https://api.telegram.org/bot8257984718:AAGMaRpeBDzAYTp_sbQ2MifX8HJ0QNYq_bk/getUpdates "HTTP/1.1 200 OK"
2026-05-12 05:07:09 | INFO     | HTTP Request: POST https://api.telegram.org/bot8257984718:AAGMaRpeBDzAYTp_sbQ2MifX8HJ0QNYq_bk/getUpdates "HTTP/1.1 200 OK"
2026-05-12 05:07:19 | INFO     | HTTP Request: POST https://api.telegram.org/bot8257984718:AAGMaRpeBDzAYTp_sbQ2MifX8HJ0QNYq_bk/getUpdates "HTTP/1.1 200 OK"
2026-05-12 05:07:29 | INFO     | HTTP Request: POST https://api.telegram.org/bot8257984718:AAGMaRpeBDzAYTp_sbQ2MifX8HJ0QNYq_bk/getUpdates "HTTP/1.1 200 OK"
2026-05-12 05:07:39 | INFO     | HTTP Request: POST https://api.telegram.org/bot8257984718:AAGMaRpeBDzAYTp_sbQ2MifX8HJ0QNYq_bk/getUpdates "HTTP/1.1 200 OK"
2026-05-12 05:07:49 | INFO     | HTTP Request: POST https://api.telegram.org/bot8257984718:AAGMaRpeBDzAYTp_sbQ2MifX8HJ0QNYq_bk/getUpdates "HTTP/1.1 200 OK"
2026-05-12 05:08:00 | INFO     | HTTP Request: POST https://api.telegram.org/bot8257984718:AAGMaRpeBDzAYTp_sbQ2MifX8HJ0QNYq_bk/getUpdates "HTTP/1.1 200 OK"
2026-05-12 05:08:10 | INFO     | HTTP Request: POST https://api.telegram.org/bot8257984718:AAGMaRpeBDzAYTp_sbQ2MifX8HJ0QNYq_bk/getUpdates "HTTP/1.1 200 OK"
2026-05-12 05:08:20 | INFO     | HTTP Request: POST https://api.telegram.org/bot8257984718:AAGMaRpeBDzAYTp_sbQ2MifX8HJ0QNYq_bk/getUpdates "HTTP/1.1 200 OK"
2026-05-12 05:08:30 | INFO     | HTTP Request: POST https://api.telegram.org/bot8257984718:AAGMaRpeBDzAYTp_sbQ2MifX8HJ0QNYq_bk/getUpdates "HTTP/1.1 200 OK"
2026-05-12 05:08:40 | INFO     | HTTP Request: POST https://api.telegram.org/bot8257984718:AAGMaRpeBDzAYTp_sbQ2MifX8HJ0QNYq_bk/getUpdates "HTTP/1.1 200 OK"
2026-05-12 05:08:50 | INFO     | HTTP Request: POST https://api.telegram.org/bot8257984718:AAGMaRpeBDzAYTp_sbQ2MifX8HJ0QNYq_bk/getUpdates "HTTP/1.1 200 OK"
2026-05-12 05:09:00 | INFO     | HTTP Request: POST https://api.telegram.org/bot8257984718:AAGMaRpeBDzAYTp_sbQ2MifX8HJ0QNYq_bk/getUpdates "HTTP/1.1 200 OK"
2026-05-12 05:09:11 | INFO     | HTTP Request: POST https://api.telegram.org/bot8257984718:AAGMaRpeBDzAYTp_sbQ2MifX8HJ0QNYq_bk/getUpdates "HTTP/1.1 200 OK"
2026-05-12 05:09:21 | INFO     | HTTP Request: POST https://api.telegram.org/bot8257984718:AAGMaRpeBDzAYTp_sbQ2MifX8HJ0QNYq_bk/getUpdates "HTTP/1.1 200 OK"
2026-05-12 05:09:31 | INFO     | HTTP Request: POST https://api.telegram.org/bot8257984718:AAGMaRpeBDzAYTp_sbQ2MifX8HJ0QNYq_bk/getUpdates "HTTP/1.1 200 OK"
2026-05-12 05:09:41 | INFO     | HTTP Request: POST https://api.telegram.org/bot8257984718:AAGMaRpeBDzAYTp_sbQ2MifX8HJ0QNYq_bk/getUpdates "HTTP/1.1 200 OK"
2026-05-12 05:09:51 | INFO     | HTTP Request: POST https://api.telegram.org/bot8257984718:AAGMaRpeBDzAYTp_sbQ2MifX8HJ0QNYq_bk/getUpdates "HTTP/1.1 200 OK"
2026-05-12 05:10:02 | INFO     | HTTP Request: POST https://api.telegram.org/bot8257984718:AAGMaRpeBDzAYTp_sbQ2MifX8HJ0QNYq_bk/getUpdates "HTTP/1.1 200 OK"
2026-05-12 05:10:12 | INFO     | HTTP Request: POST https://api.telegram.org/bot8257984718:AAGMaRpeBDzAYTp_sbQ2MifX8HJ0QNYq_bk/getUpdates "HTTP/1.1 200 OK"
2026-05-12 05:10:22 | INFO     | HTTP Request: POST https://api.telegram.org/bot8257984718:AAGMaRpeBDzAYTp_sbQ2MifX8HJ0QNYq_bk/getUpdates "HTTP/1.1 200 OK"
2026-05-12 05:10:32 | INFO     | HTTP Request: POST https://api.telegram.org/bot8257984718:AAGMaRpeBDzAYTp_sbQ2MifX8HJ0QNYq_bk/getUpdates "HTTP/1.1 200 OK"
2026-05-12 05:10:42 | INFO     | HTTP Request: POST https://api.telegram.org/bot8257984718:AAGMaRpeBDzAYTp_sbQ2MifX8HJ0QNYq_bk/getUpdates "HTTP/1.1 200 OK"
2026-05-12 05:10:52 | INFO     | HTTP Request: POST https://api.telegram.org/bot8257984718:AAGMaRpeBDzAYTp_sbQ2MifX8HJ0QNYq_bk/getUpdates "HTTP/1.1 200 OK"
2026-05-12 05:11:03 | INFO     | HTTP Request: POST https://api.telegram.org/bot8257984718:AAGMaRpeBDzAYTp_sbQ2MifX8HJ0QNYq_bk/getUpdates "HTTP/1.1 200 OK"
2026-05-12 05:11:13 | INFO     | HTTP Request: POST https://api.telegram.org/bot8257984718:AAGMaRpeBDzAYTp_sbQ2MifX8HJ0QNYq_bk/getUpdates "HTTP/1.1 200 OK"
2026-05-12 05:11:23 | INFO     | HTTP Request: POST https://api.telegram.org/bot8257984718:AAGMaRpeBDzAYTp_sbQ2MifX8HJ0QNYq_bk/getUpdates "HTTP/1.1 200 OK"
2026-05-12 05:11:33 | INFO     | HTTP Request: POST https://api.telegram.org/bot8257984718:AAGMaRpeBDzAYTp_sbQ2MifX8HJ0QNYq_bk/getUpdates "HTTP/1.1 200 OK"
2026-05-12 05:11:43 | INFO     | HTTP Request: POST https://api.telegram.org/bot8257984718:AAGMaRpeBDzAYTp_sbQ2MifX8HJ0QNYq_bk/getUpdates "HTTP/1.1 200 OK"
2026-05-12 05:11:53 | INFO     | HTTP Request: POST https://api.telegram.org/bot8257984718:AAGMaRpeBDzAYTp_sbQ2MifX8HJ0QNYq_bk/getUpdates "HTTP/1.1 200 OK"
2026-05-12 05:12:03 | INFO     | HTTP Request: POST https://api.telegram.org/bot8257984718:AAGMaRpeBDzAYTp_sbQ2MifX8HJ0QNYq_bk/getUpdates "HTTP/1.1 200 OK"
2026-05-12 05:12:14 | INFO     | HTTP Request: POST https://api.telegram.org/bot8257984718:AAGMaRpeBDzAYTp_sbQ2MifX8HJ0QNYq_bk/getUpdates "HTTP/1.1 200 OK"
2026-05-12 05:12:24 | INFO     | HTTP Request: POST https://api.telegram.org/bot8257984718:AAGMaRpeBDzAYTp_sbQ2MifX8HJ0QNYq_bk/getUpdates "HTTP/1.1 200 OK"
2026-05-12 05:12:34 | INFO     | HTTP Request: POST https://api.telegram.org/bot8257984718:AAGMaRpeBDzAYTp_sbQ2MifX8HJ0QNYq_bk/getUpdates "HTTP/1.1 200 OK"
2026-05-12 05:12:44 | INFO     | HTTP Request: POST https://api.telegram.org/bot8257984718:AAGMaRpeBDzAYTp_sbQ2MifX8HJ0QNYq_bk/getUpdates "HTTP/1.1 200 OK"
2026-05-12 05:12:54 | INFO     | HTTP Request: POST https://api.telegram.org/bot8257984718:AAGMaRpeBDzAYTp_sbQ2MifX8HJ0QNYq_bk/getUpdates "HTTP/1.1 200 OK"
2026-05-12 05:13:04 | INFO     | HTTP Request: POST https://api.telegram.org/bot8257984718:AAGMaRpeBDzAYTp_sbQ2MifX8HJ0QNYq_bk/getUpdates "HTTP/1.1 200 OK"
2026-05-12 05:13:14 | INFO     | HTTP Request: POST https://api.telegram.org/bot8257984718:AAGMaRpeBDzAYTp_sbQ2MifX8HJ0QNYq_bk/getUpdates "HTTP/1.1 200 OK"
2026-05-12 05:13:25 | INFO     | HTTP Request: POST https://api.telegram.org/bot8257984718:AAGMaRpeBDzAYTp_sbQ2MifX8HJ0QNYq_bk/getUpdates "HTTP/1.1 200 OK"
2026-05-12 05:13:34 | INFO     | StudyBot v5.3 started | model=qwen2.5:1.5b | fallback=tinyllama
2026-05-12 05:13:35 | INFO     | HTTP Request: POST https://api.telegram.org/bot8257984718:AAGMaRpeBDzAYTp_sbQ2MifX8HJ0QNYq_bk/getUpdates "HTTP/1.1 200 OK"
2026-05-12 05:13:35 | INFO     | HTTP Request: POST https://api.telegram.org/bot8257984718:AAGMaRpeBDzAYTp_sbQ2MifX8HJ0QNYq_bk/getMe "HTTP/1.1 200 OK"
2026-05-12 05:13:35 | INFO     | HTTP Request: POST https://api.telegram.org/bot8257984718:AAGMaRpeBDzAYTp_sbQ2MifX8HJ0QNYq_bk/deleteWebhook "HTTP/1.1 200 OK"
2026-05-12 05:13:35 | INFO     | Application started
2026-05-12 05:13:36 | INFO     | HTTP Request: POST https://api.telegram.org/bot8257984718:AAGMaRpeBDzAYTp_sbQ2MifX8HJ0QNYq_bk/getUpdates "HTTP/1.1 409 Conflict"
2026-05-12 05:13:36 | ERROR    | No error handlers are registered, logging exception.
Traceback (most recent call last):
  File "C:\Users\Suhrob\ollama_chat\venv\Lib\site-packages\telegram\ext\_updater.py", line 753, in _network_loop_retry
    if not await do_action():
           ^^^^^^^^^^^^^^^^^
  File "C:\Users\Suhrob\ollama_chat\venv\Lib\site-packages\telegram\ext\_updater.py", line 747, in do_action
    return action_cb_task.result()
           ~~~~~~~~~~~~~~~~~~~~~^^
  File "C:\Users\Suhrob\ollama_chat\venv\Lib\site-packages\telegram\ext\_updater.py", line 377, in polling_action_cb
    updates = await self.bot.get_updates(
              ^^^^^^^^^^^^^^^^^^^^^^^^^^^
    ...<7 lines>...
    )
    ^
  File "C:\Users\Suhrob\ollama_chat\venv\Lib\site-packages\telegram\ext\_extbot.py", line 649, in get_updates
    updates = await super().get_updates(
              ^^^^^^^^^^^^^^^^^^^^^^^^^^
    ...<9 lines>...
    )
    ^
  File "C:\Users\Suhrob\ollama_chat\venv\Lib\site-packages\telegram\_bot.py", line 4366, in get_updates
    await self._post(
    ^^^^^^^^^^^^^^^^^
    ...<7 lines>...
    ),
    ^
  File "C:\Users\Suhrob\ollama_chat\venv\Lib\site-packages\telegram\_bot.py", line 623, in _post
    return await self._do_post(
           ^^^^^^^^^^^^^^^^^^^^
    ...<6 lines>...
    )
    ^
  File "C:\Users\Suhrob\ollama_chat\venv\Lib\site-packages\telegram\ext\_extbot.py", line 355, in _do_post
    return await super()._do_post(
           ^^^^^^^^^^^^^^^^^^^^^^^
    ...<6 lines>...
    )
    ^
  File "C:\Users\Suhrob\ollama_chat\venv\Lib\site-packages\telegram\_bot.py", line 652, in _do_post
    result = await request.post(
             ^^^^^^^^^^^^^^^^^^^
    ...<6 lines>...
    )
    ^
  File "C:\Users\Suhrob\ollama_chat\venv\Lib\site-packages\telegram\request\_baserequest.py", line 201, in post
    result = await self._request_wrapper(
             ^^^^^^^^^^^^^^^^^^^^^^^^^^^^
    ...<7 lines>...
    )
    ^
  File "C:\Users\Suhrob\ollama_chat\venv\Lib\site-packages\telegram\request\_baserequest.py", line 384, in _request_wrapper
    raise Conflict(message)
telegram.error.Conflict: Conflict: terminated by other getUpdates request; make sure that only one bot instance is running
2026-05-12 05:13:40 | INFO     | HTTP Request: POST https://api.telegram.org/bot8257984718:AAGMaRpeBDzAYTp_sbQ2MifX8HJ0QNYq_bk/getUpdates "HTTP/1.1 409 Conflict"
2026-05-12 05:13:40 | ERROR    | No error handlers are registered, logging exception.
Traceback (most recent call last):
  File "c:\Users\Suhrob\ollama_chat\.venv\Lib\site-packages\telegram\ext\_utils\networkloop.py", line 161, in network_retry_loop
    await do_action()
  File "c:\Users\Suhrob\ollama_chat\.venv\Lib\site-packages\telegram\ext\_utils\networkloop.py", line 154, in do_action
    action_cb_task.result()
    ~~~~~~~~~~~~~~~~~~~~~^^
  File "c:\Users\Suhrob\ollama_chat\.venv\Lib\site-packages\telegram\ext\_updater.py", line 340, in polling_action_cb
    updates = await self.bot.get_updates(
              ^^^^^^^^^^^^^^^^^^^^^^^^^^^
    ...<3 lines>...
    )
    ^
  File "c:\Users\Suhrob\ollama_chat\.venv\Lib\site-packages\telegram\ext\_extbot.py", line 672, in get_updates
    updates = await super().get_updates(
              ^^^^^^^^^^^^^^^^^^^^^^^^^^
    ...<9 lines>...
    )
    ^
  File "c:\Users\Suhrob\ollama_chat\.venv\Lib\site-packages\telegram\_bot.py", line 4865, in get_updates
    await self._post(
    ^^^^^^^^^^^^^^^^^
    ...<7 lines>...
    ),
    ^
  File "c:\Users\Suhrob\ollama_chat\.venv\Lib\site-packages\telegram\_bot.py", line 704, in _post
    return await self._do_post(
           ^^^^^^^^^^^^^^^^^^^^
    ...<6 lines>...
    )
    ^
  File "c:\Users\Suhrob\ollama_chat\.venv\Lib\site-packages\telegram\ext\_extbot.py", line 370, in _do_post
    return await super()._do_post(
           ^^^^^^^^^^^^^^^^^^^^^^^
    ...<6 lines>...
    )
    ^
  File "c:\Users\Suhrob\ollama_chat\.venv\Lib\site-packages\telegram\_bot.py", line 733, in _do_post
    result = await request.post(
             ^^^^^^^^^^^^^^^^^^^
    ...<6 lines>...
    )
    ^
  File "c:\Users\Suhrob\ollama_chat\.venv\Lib\site-packages\telegram\request\_baserequest.py", line 198, in post
    result = await self._request_wrapper(
             ^^^^^^^^^^^^^^^^^^^^^^^^^^^^
    ...<7 lines>...
    )
    ^
  File "c:\Users\Suhrob\ollama_chat\.venv\Lib\site-packages\telegram\request\_baserequest.py", line 375, in _request_wrapper
    raise exception
telegram.error.Conflict: Conflict: terminated by other getUpdates request; make sure that only one bot instance is running
2026-05-12 05:13:41 | INFO     | HTTP Request: POST https://api.telegram.org/bot8257984718:AAGMaRpeBDzAYTp_sbQ2MifX8HJ0QNYq_bk/getUpdates "HTTP/1.1 409 Conflict"
2026-05-12 05:13:41 | ERROR    | No error handlers are registered, logging exception.
Traceback (most recent call last):
  File "C:\Users\Suhrob\ollama_chat\venv\Lib\site-packages\telegram\ext\_updater.py", line 753, in _network_loop_retry
    if not await do_action():
           ^^^^^^^^^^^^^^^^^
  File "C:\Users\Suhrob\ollama_chat\venv\Lib\site-packages\telegram\ext\_updater.py", line 747, in do_action
    return action_cb_task.result()
           ~~~~~~~~~~~~~~~~~~~~~^^
  File "C:\Users\Suhrob\ollama_chat\venv\Lib\site-packages\telegram\ext\_updater.py", line 377, in polling_action_cb
    updates = await self.bot.get_updates(
              ^^^^^^^^^^^^^^^^^^^^^^^^^^^
    ...<7 lines>...
    )
    ^
  File "C:\Users\Suhrob\ollama_chat\venv\Lib\site-packages\telegram\ext\_extbot.py", line 649, in get_updates
    updates = await super().get_updates(
              ^^^^^^^^^^^^^^^^^^^^^^^^^^
    ...<9 lines>...
    )
    ^
  File "C:\Users\Suhrob\ollama_chat\venv\Lib\site-packages\telegram\_bot.py", line 4366, in get_updates
    await self._post(
    ^^^^^^^^^^^^^^^^^
    ...<7 lines>...
    ),
    ^
  File "C:\Users\Suhrob\ollama_chat\venv\Lib\site-packages\telegram\_bot.py", line 623, in _post
    return await self._do_post(
           ^^^^^^^^^^^^^^^^^^^^
    ...<6 lines>...
    )
    ^
  File "C:\Users\Suhrob\ollama_chat\venv\Lib\site-packages\telegram\ext\_extbot.py", line 355, in _do_post
    return await super()._do_post(
           ^^^^^^^^^^^^^^^^^^^^^^^
    ...<6 lines>...
    )
    ^
  File "C:\Users\Suhrob\ollama_chat\venv\Lib\site-packages\telegram\_bot.py", line 652, in _do_post
    result = await request.post(
             ^^^^^^^^^^^^^^^^^^^
    ...<6 lines>...
    )
    ^
  File "C:\Users\Suhrob\ollama_chat\venv\Lib\site-packages\telegram\request\_baserequest.py", line 201, in post
    result = await self._request_wrapper(
             ^^^^^^^^^^^^^^^^^^^^^^^^^^^^
    ...<7 lines>...
    )
    ^
  File "C:\Users\Suhrob\ollama_chat\venv\Lib\site-packages\telegram\request\_baserequest.py", line 384, in _request_wrapper
    raise Conflict(message)
telegram.error.Conflict: Conflict: terminated by other getUpdates request; make sure that only one bot instance is running
2026-05-12 05:13:45 | INFO     | HTTP Request: POST https://api.telegram.org/bot8257984718:AAGMaRpeBDzAYTp_sbQ2MifX8HJ0QNYq_bk/getUpdates "HTTP/1.1 200 OK"
2026-05-12 05:13:45 | INFO     | HTTP Request: POST https://api.telegram.org/bot8257984718:AAGMaRpeBDzAYTp_sbQ2MifX8HJ0QNYq_bk/answerCallbackQuery "HTTP/1.1 200 OK"
2026-05-12 05:13:45 | INFO     | HTTP Request: POST https://api.telegram.org/bot8257984718:AAGMaRpeBDzAYTp_sbQ2MifX8HJ0QNYq_bk/editMessageText "HTTP/1.1 200 OK"
2026-05-12 05:13:46 | INFO     | HTTP Request: POST https://api.telegram.org/bot8257984718:AAGMaRpeBDzAYTp_sbQ2MifX8HJ0QNYq_bk/getUpdates "HTTP/1.1 409 Conflict"
2026-05-12 05:13:46 | ERROR    | No error handlers are registered, logging exception.
Traceback (most recent call last):
  File "c:\Users\Suhrob\ollama_chat\.venv\Lib\site-packages\telegram\ext\_utils\networkloop.py", line 161, in network_retry_loop
    await do_action()
  File "c:\Users\Suhrob\ollama_chat\.venv\Lib\site-packages\telegram\ext\_utils\networkloop.py", line 154, in do_action
    action_cb_task.result()
    ~~~~~~~~~~~~~~~~~~~~~^^
  File "c:\Users\Suhrob\ollama_chat\.venv\Lib\site-packages\telegram\ext\_updater.py", line 340, in polling_action_cb
    updates = await self.bot.get_updates(
              ^^^^^^^^^^^^^^^^^^^^^^^^^^^
    ...<3 lines>...
    )
    ^
  File "c:\Users\Suhrob\ollama_chat\.venv\Lib\site-packages\telegram\ext\_extbot.py", line 672, in get_updates
    updates = await super().get_updates(
              ^^^^^^^^^^^^^^^^^^^^^^^^^^
    ...<9 lines>...
    )
    ^
  File "c:\Users\Suhrob\ollama_chat\.venv\Lib\site-packages\telegram\_bot.py", line 4865, in get_updates
    await self._post(
    ^^^^^^^^^^^^^^^^^
    ...<7 lines>...
    ),
    ^
  File "c:\Users\Suhrob\ollama_chat\.venv\Lib\site-packages\telegram\_bot.py", line 704, in _post
    return await self._do_post(
           ^^^^^^^^^^^^^^^^^^^^
    ...<6 lines>...
    )
    ^
  File "c:\Users\Suhrob\ollama_chat\.venv\Lib\site-packages\telegram\ext\_extbot.py", line 370, in _do_post
    return await super()._do_post(
           ^^^^^^^^^^^^^^^^^^^^^^^
    ...<6 lines>...
    )
    ^
  File "c:\Users\Suhrob\ollama_chat\.venv\Lib\site-packages\telegram\_bot.py", line 733, in _do_post
    result = await request.post(
             ^^^^^^^^^^^^^^^^^^^
    ...<6 lines>...
    )
    ^
  File "c:\Users\Suhrob\ollama_chat\.venv\Lib\site-packages\telegram\request\_baserequest.py", line 198, in post
    result = await self._request_wrapper(
             ^^^^^^^^^^^^^^^^^^^^^^^^^^^^
    ...<7 lines>...
    )
    ^
  File "c:\Users\Suhrob\ollama_chat\.venv\Lib\site-packages\telegram\request\_baserequest.py", line 375, in _request_wrapper
    raise exception
telegram.error.Conflict: Conflict: terminated by other getUpdates request; make sure that only one bot instance is running
2026-05-12 05:13:48 | INFO     | HTTP Request: POST https://api.telegram.org/bot8257984718:AAGMaRpeBDzAYTp_sbQ2MifX8HJ0QNYq_bk/getUpdates "HTTP/1.1 409 Conflict"
2026-05-12 05:13:48 | ERROR    | No error handlers are registered, logging exception.
Traceback (most recent call last):
  File "C:\Users\Suhrob\ollama_chat\venv\Lib\site-packages\telegram\ext\_updater.py", line 753, in _network_loop_retry
    if not await do_action():
           ^^^^^^^^^^^^^^^^^
  File "C:\Users\Suhrob\ollama_chat\venv\Lib\site-packages\telegram\ext\_updater.py", line 747, in do_action
    return action_cb_task.result()
           ~~~~~~~~~~~~~~~~~~~~~^^
  File "C:\Users\Suhrob\ollama_chat\venv\Lib\site-packages\telegram\ext\_updater.py", line 377, in polling_action_cb
    updates = await self.bot.get_updates(
              ^^^^^^^^^^^^^^^^^^^^^^^^^^^
    ...<7 lines>...
    )
    ^
  File "C:\Users\Suhrob\ollama_chat\venv\Lib\site-packages\telegram\ext\_extbot.py", line 649, in get_updates
    updates = await super().get_updates(
              ^^^^^^^^^^^^^^^^^^^^^^^^^^
    ...<9 lines>...
    )
    ^
  File "C:\Users\Suhrob\ollama_chat\venv\Lib\site-packages\telegram\_bot.py", line 4366, in get_updates
    await self._post(
    ^^^^^^^^^^^^^^^^^
    ...<7 lines>...
    ),
    ^
  File "C:\Users\Suhrob\ollama_chat\venv\Lib\site-packages\telegram\_bot.py", line 623, in _post
    return await self._do_post(
           ^^^^^^^^^^^^^^^^^^^^
    ...<6 lines>...
    )
    ^
  File "C:\Users\Suhrob\ollama_chat\venv\Lib\site-packages\telegram\ext\_extbot.py", line 355, in _do_post
    return await super()._do_post(
           ^^^^^^^^^^^^^^^^^^^^^^^
    ...<6 lines>...
    )
    ^
  File "C:\Users\Suhrob\ollama_chat\venv\Lib\site-packages\telegram\_bot.py", line 652, in _do_post
    result = await request.post(
             ^^^^^^^^^^^^^^^^^^^
    ...<6 lines>...
    )
    ^
  File "C:\Users\Suhrob\ollama_chat\venv\Lib\site-packages\telegram\request\_baserequest.py", line 201, in post
    result = await self._request_wrapper(
             ^^^^^^^^^^^^^^^^^^^^^^^^^^^^
    ...<7 lines>...
    )
    ^
  File "C:\Users\Suhrob\ollama_chat\venv\Lib\site-packages\telegram\request\_baserequest.py", line 384, in _request_wrapper
    raise Conflict(message)
telegram.error.Conflict: Conflict: terminated by other getUpdates request; make sure that only one bot instance is running
2026-05-12 05:13:50 | INFO     | HTTP Request: POST https://api.telegram.org/bot8257984718:AAGMaRpeBDzAYTp_sbQ2MifX8HJ0QNYq_bk/getUpdates "HTTP/1.1 200 OK"
2026-05-12 05:13:51 | INFO     | HTTP Request: POST https://api.telegram.org/bot8257984718:AAGMaRpeBDzAYTp_sbQ2MifX8HJ0QNYq_bk/answerCallbackQuery "HTTP/1.1 200 OK"
2026-05-12 05:13:51 | INFO     | MODE | user=2057476178 | mode=explain
2026-05-12 05:13:51 | INFO     | HTTP Request: POST https://api.telegram.org/bot8257984718:AAGMaRpeBDzAYTp_sbQ2MifX8HJ0QNYq_bk/editMessageText "HTTP/1.1 200 OK"
2026-05-12 05:13:52 | INFO     | HTTP Request: POST https://api.telegram.org/bot8257984718:AAGMaRpeBDzAYTp_sbQ2MifX8HJ0QNYq_bk/getUpdates "HTTP/1.1 409 Conflict"
2026-05-12 05:13:52 | ERROR    | No error handlers are registered, logging exception.
Traceback (most recent call last):
  File "c:\Users\Suhrob\ollama_chat\.venv\Lib\site-packages\telegram\ext\_utils\networkloop.py", line 161, in network_retry_loop
    await do_action()
  File "c:\Users\Suhrob\ollama_chat\.venv\Lib\site-packages\telegram\ext\_utils\networkloop.py", line 154, in do_action
    action_cb_task.result()
    ~~~~~~~~~~~~~~~~~~~~~^^
  File "c:\Users\Suhrob\ollama_chat\.venv\Lib\site-packages\telegram\ext\_updater.py", line 340, in polling_action_cb
    updates = await self.bot.get_updates(
              ^^^^^^^^^^^^^^^^^^^^^^^^^^^
    ...<3 lines>...
    )
    ^
  File "c:\Users\Suhrob\ollama_chat\.venv\Lib\site-packages\telegram\ext\_extbot.py", line 672, in get_updates
    updates = await super().get_updates(
              ^^^^^^^^^^^^^^^^^^^^^^^^^^
    ...<9 lines>...
    )
    ^
  File "c:\Users\Suhrob\ollama_chat\.venv\Lib\site-packages\telegram\_bot.py", line 4865, in get_updates
    await self._post(
    ^^^^^^^^^^^^^^^^^
    ...<7 lines>...
    ),
    ^
  File "c:\Users\Suhrob\ollama_chat\.venv\Lib\site-packages\telegram\_bot.py", line 704, in _post
    return await self._do_post(
           ^^^^^^^^^^^^^^^^^^^^
    ...<6 lines>...
    )
    ^
  File "c:\Users\Suhrob\ollama_chat\.venv\Lib\site-packages\telegram\ext\_extbot.py", line 370, in _do_post
    return await super()._do_post(
           ^^^^^^^^^^^^^^^^^^^^^^^
    ...<6 lines>...
    )
    ^
  File "c:\Users\Suhrob\ollama_chat\.venv\Lib\site-packages\telegram\_bot.py", line 733, in _do_post
    result = await request.post(
             ^^^^^^^^^^^^^^^^^^^
    ...<6 lines>...
    )
    ^
  File "c:\Users\Suhrob\ollama_chat\.venv\Lib\site-packages\telegram\request\_baserequest.py", line 198, in post
    result = await self._request_wrapper(
             ^^^^^^^^^^^^^^^^^^^^^^^^^^^^
    ...<7 lines>...
    )
    ^
  File "c:\Users\Suhrob\ollama_chat\.venv\Lib\site-packages\telegram\request\_baserequest.py", line 375, in _request_wrapper
    raise exception
telegram.error.Conflict: Conflict: terminated by other getUpdates request; make sure that only one bot instance is running
2026-05-12 05:13:54 | INFO     | HTTP Request: POST https://api.telegram.org/bot8257984718:AAGMaRpeBDzAYTp_sbQ2MifX8HJ0QNYq_bk/getUpdates "HTTP/1.1 409 Conflict"
2026-05-12 05:13:54 | ERROR    | No error handlers are registered, logging exception.
Traceback (most recent call last):
  File "C:\Users\Suhrob\ollama_chat\venv\Lib\site-packages\telegram\ext\_updater.py", line 753, in _network_loop_retry
    if not await do_action():
           ^^^^^^^^^^^^^^^^^
  File "C:\Users\Suhrob\ollama_chat\venv\Lib\site-packages\telegram\ext\_updater.py", line 747, in do_action
    return action_cb_task.result()
           ~~~~~~~~~~~~~~~~~~~~~^^
  File "C:\Users\Suhrob\ollama_chat\venv\Lib\site-packages\telegram\ext\_updater.py", line 377, in polling_action_cb
    updates = await self.bot.get_updates(
              ^^^^^^^^^^^^^^^^^^^^^^^^^^^
    ...<7 lines>...
    )
    ^
  File "C:\Users\Suhrob\ollama_chat\venv\Lib\site-packages\telegram\ext\_extbot.py", line 649, in get_updates
    updates = await super().get_updates(
              ^^^^^^^^^^^^^^^^^^^^^^^^^^
    ...<9 lines>...
    )
    ^
  File "C:\Users\Suhrob\ollama_chat\venv\Lib\site-packages\telegram\_bot.py", line 4366, in get_updates
    await self._post(
    ^^^^^^^^^^^^^^^^^
    ...<7 lines>...
    ),
    ^
  File "C:\Users\Suhrob\ollama_chat\venv\Lib\site-packages\telegram\_bot.py", line 623, in _post
    return await self._do_post(
           ^^^^^^^^^^^^^^^^^^^^
    ...<6 lines>...
    )
    ^
  File "C:\Users\Suhrob\ollama_chat\venv\Lib\site-packages\telegram\ext\_extbot.py", line 355, in _do_post
    return await super()._do_post(
           ^^^^^^^^^^^^^^^^^^^^^^^
    ...<6 lines>...
    )
    ^
  File "C:\Users\Suhrob\ollama_chat\venv\Lib\site-packages\telegram\_bot.py", line 652, in _do_post
    result = await request.post(
             ^^^^^^^^^^^^^^^^^^^
    ...<6 lines>...
    )
    ^
  File "C:\Users\Suhrob\ollama_chat\venv\Lib\site-packages\telegram\request\_baserequest.py", line 201, in post
    result = await self._request_wrapper(
             ^^^^^^^^^^^^^^^^^^^^^^^^^^^^
    ...<7 lines>...
    )
    ^
  File "C:\Users\Suhrob\ollama_chat\venv\Lib\site-packages\telegram\request\_baserequest.py", line 384, in _request_wrapper
    raise Conflict(message)
telegram.error.Conflict: Conflict: terminated by other getUpdates request; make sure that only one bot instance is running
2026-05-12 05:13:58 | INFO     | HTTP Request: POST https://api.telegram.org/bot8257984718:AAGMaRpeBDzAYTp_sbQ2MifX8HJ0QNYq_bk/getUpdates "HTTP/1.1 200 OK"
2026-05-12 05:13:59 | INFO     | HTTP Request: POST https://api.telegram.org/bot8257984718:AAGMaRpeBDzAYTp_sbQ2MifX8HJ0QNYq_bk/getUpdates "HTTP/1.1 409 Conflict"
2026-05-12 05:13:59 | ERROR    | No error handlers are registered, logging exception.
Traceback (most recent call last):
  File "c:\Users\Suhrob\ollama_chat\.venv\Lib\site-packages\telegram\ext\_utils\networkloop.py", line 161, in network_retry_loop
    await do_action()
  File "c:\Users\Suhrob\ollama_chat\.venv\Lib\site-packages\telegram\ext\_utils\networkloop.py", line 154, in do_action
    action_cb_task.result()
    ~~~~~~~~~~~~~~~~~~~~~^^
  File "c:\Users\Suhrob\ollama_chat\.venv\Lib\site-packages\telegram\ext\_updater.py", line 340, in polling_action_cb
    updates = await self.bot.get_updates(
              ^^^^^^^^^^^^^^^^^^^^^^^^^^^
    ...<3 lines>...
    )
    ^
  File "c:\Users\Suhrob\ollama_chat\.venv\Lib\site-packages\telegram\ext\_extbot.py", line 672, in get_updates
    updates = await super().get_updates(
              ^^^^^^^^^^^^^^^^^^^^^^^^^^
    ...<9 lines>...
    )
    ^
  File "c:\Users\Suhrob\ollama_chat\.venv\Lib\site-packages\telegram\_bot.py", line 4865, in get_updates
    await self._post(
    ^^^^^^^^^^^^^^^^^
    ...<7 lines>...
    ),
    ^
  File "c:\Users\Suhrob\ollama_chat\.venv\Lib\site-packages\telegram\_bot.py", line 704, in _post
    return await self._do_post(
           ^^^^^^^^^^^^^^^^^^^^
    ...<6 lines>...
    )
    ^
  File "c:\Users\Suhrob\ollama_chat\.venv\Lib\site-packages\telegram\ext\_extbot.py", line 370, in _do_post
    return await super()._do_post(
           ^^^^^^^^^^^^^^^^^^^^^^^
    ...<6 lines>...
    )
    ^
  File "c:\Users\Suhrob\ollama_chat\.venv\Lib\site-packages\telegram\_bot.py", line 733, in _do_post
    result = await request.post(
             ^^^^^^^^^^^^^^^^^^^
    ...<6 lines>...
    )
    ^
  File "c:\Users\Suhrob\ollama_chat\.venv\Lib\site-packages\telegram\request\_baserequest.py", line 198, in post
    result = await self._request_wrapper(
             ^^^^^^^^^^^^^^^^^^^^^^^^^^^^
    ...<7 lines>...
    )
    ^
  File "c:\Users\Suhrob\ollama_chat\.venv\Lib\site-packages\telegram\request\_baserequest.py", line 375, in _request_wrapper
    raise exception
telegram.error.Conflict: Conflict: terminated by other getUpdates request; make sure that only one bot instance is running
2026-05-12 05:13:59 | INFO     | HTTP Request: POST https://api.telegram.org/bot8257984718:AAGMaRpeBDzAYTp_sbQ2MifX8HJ0QNYq_bk/sendChatAction "HTTP/1.1 200 OK"
2026-05-12 05:14:02 | INFO     | HTTP Request: POST https://api.telegram.org/bot8257984718:AAGMaRpeBDzAYTp_sbQ2MifX8HJ0QNYq_bk/getUpdates "HTTP/1.1 409 Conflict"
2026-05-12 05:14:02 | ERROR    | No error handlers are registered, logging exception.
Traceback (most recent call last):
  File "C:\Users\Suhrob\ollama_chat\venv\Lib\site-packages\telegram\ext\_updater.py", line 753, in _network_loop_retry
    if not await do_action():
           ^^^^^^^^^^^^^^^^^
  File "C:\Users\Suhrob\ollama_chat\venv\Lib\site-packages\telegram\ext\_updater.py", line 747, in do_action
    return action_cb_task.result()
           ~~~~~~~~~~~~~~~~~~~~~^^
  File "C:\Users\Suhrob\ollama_chat\venv\Lib\site-packages\telegram\ext\_updater.py", line 377, in polling_action_cb
    updates = await self.bot.get_updates(
              ^^^^^^^^^^^^^^^^^^^^^^^^^^^
    ...<7 lines>...
    )
    ^
  File "C:\Users\Suhrob\ollama_chat\venv\Lib\site-packages\telegram\ext\_extbot.py", line 649, in get_updates
    updates = await super().get_updates(
              ^^^^^^^^^^^^^^^^^^^^^^^^^^
    ...<9 lines>...
    )
    ^
  File "C:\Users\Suhrob\ollama_chat\venv\Lib\site-packages\telegram\_bot.py", line 4366, in get_updates
    await self._post(
    ^^^^^^^^^^^^^^^^^
    ...<7 lines>...
    ),
    ^
  File "C:\Users\Suhrob\ollama_chat\venv\Lib\site-packages\telegram\_bot.py", line 623, in _post
    return await self._do_post(
           ^^^^^^^^^^^^^^^^^^^^
    ...<6 lines>...
    )
    ^
  File "C:\Users\Suhrob\ollama_chat\venv\Lib\site-packages\telegram\ext\_extbot.py", line 355, in _do_post
    return await super()._do_post(
           ^^^^^^^^^^^^^^^^^^^^^^^
    ...<6 lines>...
    )
    ^
  File "C:\Users\Suhrob\ollama_chat\venv\Lib\site-packages\telegram\_bot.py", line 652, in _do_post
    result = await request.post(
             ^^^^^^^^^^^^^^^^^^^
    ...<6 lines>...
    )
    ^
  File "C:\Users\Suhrob\ollama_chat\venv\Lib\site-packages\telegram\request\_baserequest.py", line 201, in post
    result = await self._request_wrapper(
             ^^^^^^^^^^^^^^^^^^^^^^^^^^^^
    ...<7 lines>...
    )
    ^
  File "C:\Users\Suhrob\ollama_chat\venv\Lib\site-packages\telegram\request\_baserequest.py", line 384, in _request_wrapper
    raise Conflict(message)
telegram.error.Conflict: Conflict: terminated by other getUpdates request; make sure that only one bot instance is running
2026-05-12 05:14:06 | INFO     | HTTP Request: POST https://api.telegram.org/bot8257984718:AAGMaRpeBDzAYTp_sbQ2MifX8HJ0QNYq_bk/getUpdates "HTTP/1.1 409 Conflict"
2026-05-12 05:14:06 | ERROR    | No error handlers are registered, logging exception.
Traceback (most recent call last):
  File "c:\Users\Suhrob\ollama_chat\.venv\Lib\site-packages\telegram\ext\_utils\networkloop.py", line 161, in network_retry_loop
    await do_action()
  File "c:\Users\Suhrob\ollama_chat\.venv\Lib\site-packages\telegram\ext\_utils\networkloop.py", line 154, in do_action
    action_cb_task.result()
    ~~~~~~~~~~~~~~~~~~~~~^^
  File "c:\Users\Suhrob\ollama_chat\.venv\Lib\site-packages\telegram\ext\_updater.py", line 340, in polling_action_cb
    updates = await self.bot.get_updates(
              ^^^^^^^^^^^^^^^^^^^^^^^^^^^
    ...<3 lines>...
    )
    ^
  File "c:\Users\Suhrob\ollama_chat\.venv\Lib\site-packages\telegram\ext\_extbot.py", line 672, in get_updates
    updates = await super().get_updates(
              ^^^^^^^^^^^^^^^^^^^^^^^^^^
    ...<9 lines>...
    )
    ^
  File "c:\Users\Suhrob\ollama_chat\.venv\Lib\site-packages\telegram\_bot.py", line 4865, in get_updates
    await self._post(
    ^^^^^^^^^^^^^^^^^
    ...<7 lines>...
    ),
    ^
  File "c:\Users\Suhrob\ollama_chat\.venv\Lib\site-packages\telegram\_bot.py", line 704, in _post
    return await self._do_post(
           ^^^^^^^^^^^^^^^^^^^^
    ...<6 lines>...
    )
    ^
  File "c:\Users\Suhrob\ollama_chat\.venv\Lib\site-packages\telegram\ext\_extbot.py", line 370, in _do_post
    return await super()._do_post(
           ^^^^^^^^^^^^^^^^^^^^^^^
    ...<6 lines>...
    )
    ^
  File "c:\Users\Suhrob\ollama_chat\.venv\Lib\site-packages\telegram\_bot.py", line 733, in _do_post
    result = await request.post(
             ^^^^^^^^^^^^^^^^^^^
    ...<6 lines>...
    )
    ^
  File "c:\Users\Suhrob\ollama_chat\.venv\Lib\site-packages\telegram\request\_baserequest.py", line 198, in post
    result = await self._request_wrapper(
             ^^^^^^^^^^^^^^^^^^^^^^^^^^^^
    ...<7 lines>...
    )
    ^
  File "c:\Users\Suhrob\ollama_chat\.venv\Lib\site-packages\telegram\request\_baserequest.py", line 375, in _request_wrapper
    raise exception
telegram.error.Conflict: Conflict: terminated by other getUpdates request; make sure that only one bot instance is running
2026-05-12 05:14:12 | INFO     | HTTP Request: POST https://api.telegram.org/bot8257984718:AAGMaRpeBDzAYTp_sbQ2MifX8HJ0QNYq_bk/getUpdates "HTTP/1.1 409 Conflict"
2026-05-12 05:14:12 | ERROR    | No error handlers are registered, logging exception.
Traceback (most recent call last):
  File "C:\Users\Suhrob\ollama_chat\venv\Lib\site-packages\telegram\ext\_updater.py", line 753, in _network_loop_retry
    if not await do_action():
           ^^^^^^^^^^^^^^^^^
  File "C:\Users\Suhrob\ollama_chat\venv\Lib\site-packages\telegram\ext\_updater.py", line 747, in do_action
    return action_cb_task.result()
           ~~~~~~~~~~~~~~~~~~~~~^^
  File "C:\Users\Suhrob\ollama_chat\venv\Lib\site-packages\telegram\ext\_updater.py", line 377, in polling_action_cb
    updates = await self.bot.get_updates(
              ^^^^^^^^^^^^^^^^^^^^^^^^^^^
    ...<7 lines>...
    )
    ^
  File "C:\Users\Suhrob\ollama_chat\venv\Lib\site-packages\telegram\ext\_extbot.py", line 649, in get_updates
    updates = await super().get_updates(
              ^^^^^^^^^^^^^^^^^^^^^^^^^^
    ...<9 lines>...
    )
    ^
  File "C:\Users\Suhrob\ollama_chat\venv\Lib\site-packages\telegram\_bot.py", line 4366, in get_updates
    await self._post(
    ^^^^^^^^^^^^^^^^^
    ...<7 lines>...
    ),
    ^
  File "C:\Users\Suhrob\ollama_chat\venv\Lib\site-packages\telegram\_bot.py", line 623, in _post
    return await self._do_post(
           ^^^^^^^^^^^^^^^^^^^^
    ...<6 lines>...
    )
    ^
  File "C:\Users\Suhrob\ollama_chat\venv\Lib\site-packages\telegram\ext\_extbot.py", line 355, in _do_post
    return await super()._do_post(
           ^^^^^^^^^^^^^^^^^^^^^^^
    ...<6 lines>...
    )
    ^
  File "C:\Users\Suhrob\ollama_chat\venv\Lib\site-packages\telegram\_bot.py", line 652, in _do_post
    result = await request.post(
             ^^^^^^^^^^^^^^^^^^^
    ...<6 lines>...
    )
    ^
  File "C:\Users\Suhrob\ollama_chat\venv\Lib\site-packages\telegram\request\_baserequest.py", line 201, in post
    result = await self._request_wrapper(
             ^^^^^^^^^^^^^^^^^^^^^^^^^^^^
    ...<7 lines>...
    )
    ^
  File "C:\Users\Suhrob\ollama_chat\venv\Lib\site-packages\telegram\request\_baserequest.py", line 384, in _request_wrapper
    raise Conflict(message)
telegram.error.Conflict: Conflict: terminated by other getUpdates request; make sure that only one bot instance is running
2026-05-12 05:14:14 | INFO     | HTTP Request: POST http://localhost:11434/api/chat "HTTP/1.1 200 OK"
2026-05-12 05:14:14 | INFO     | OK | model=qwen2.5:1.5b | mode=explain | 15.5s | attempt=1
2026-05-12 05:14:14 | INFO     | MSG | user=2057476178 | mode=explain | model=qwen2.5:1.5b | len=30
2026-05-12 05:14:15 | INFO     | HTTP Request: POST https://api.telegram.org/bot8257984718:AAGMaRpeBDzAYTp_sbQ2MifX8HJ0QNYq_bk/sendMessage "HTTP/1.1 200 OK"
2026-05-12 05:14:17 | INFO     | HTTP Request: POST https://api.telegram.org/bot8257984718:AAGMaRpeBDzAYTp_sbQ2MifX8HJ0QNYq_bk/getUpdates "HTTP/1.1 409 Conflict"
2026-05-12 05:14:17 | ERROR    | No error handlers are registered, logging exception.
Traceback (most recent call last):
  File "c:\Users\Suhrob\ollama_chat\.venv\Lib\site-packages\telegram\ext\_utils\networkloop.py", line 161, in network_retry_loop
    await do_action()
  File "c:\Users\Suhrob\ollama_chat\.venv\Lib\site-packages\telegram\ext\_utils\networkloop.py", line 154, in do_action
    action_cb_task.result()
    ~~~~~~~~~~~~~~~~~~~~~^^
  File "c:\Users\Suhrob\ollama_chat\.venv\Lib\site-packages\telegram\ext\_updater.py", line 340, in polling_action_cb
    updates = await self.bot.get_updates(
              ^^^^^^^^^^^^^^^^^^^^^^^^^^^
    ...<3 lines>...
    )
    ^
  File "c:\Users\Suhrob\ollama_chat\.venv\Lib\site-packages\telegram\ext\_extbot.py", line 672, in get_updates
    updates = await super().get_updates(
              ^^^^^^^^^^^^^^^^^^^^^^^^^^
    ...<9 lines>...
    )
    ^
  File "c:\Users\Suhrob\ollama_chat\.venv\Lib\site-packages\telegram\_bot.py", line 4865, in get_updates
    await self._post(
    ^^^^^^^^^^^^^^^^^
    ...<7 lines>...
    ),
    ^
  File "c:\Users\Suhrob\ollama_chat\.venv\Lib\site-packages\telegram\_bot.py", line 704, in _post
    return await self._do_post(
           ^^^^^^^^^^^^^^^^^^^^
    ...<6 lines>...
    )
    ^
  File "c:\Users\Suhrob\ollama_chat\.venv\Lib\site-packages\telegram\ext\_extbot.py", line 370, in _do_post
    return await super()._do_post(
           ^^^^^^^^^^^^^^^^^^^^^^^
    ...<6 lines>...
    )
    ^
  File "c:\Users\Suhrob\ollama_chat\.venv\Lib\site-packages\telegram\_bot.py", line 733, in _do_post
    result = await request.post(
             ^^^^^^^^^^^^^^^^^^^
    ...<6 lines>...
    )
    ^
  File "c:\Users\Suhrob\ollama_chat\.venv\Lib\site-packages\telegram\request\_baserequest.py", line 198, in post
    result = await self._request_wrapper(
             ^^^^^^^^^^^^^^^^^^^^^^^^^^^^
    ...<7 lines>...
    )
    ^
  File "c:\Users\Suhrob\ollama_chat\.venv\Lib\site-packages\telegram\request\_baserequest.py", line 375, in _request_wrapper
    raise exception
telegram.error.Conflict: Conflict: terminated by other getUpdates request; make sure that only one bot instance is running
2026-05-12 05:14:24 | INFO     | HTTP Request: POST https://api.telegram.org/bot8257984718:AAGMaRpeBDzAYTp_sbQ2MifX8HJ0QNYq_bk/getUpdates "HTTP/1.1 200 OK"
2026-05-12 05:14:25 | INFO     | HTTP Request: POST https://api.telegram.org/bot8257984718:AAGMaRpeBDzAYTp_sbQ2MifX8HJ0QNYq_bk/getUpdates "HTTP/1.1 409 Conflict"
2026-05-12 05:14:25 | ERROR    | No error handlers are registered, logging exception.
Traceback (most recent call last):
  File "C:\Users\Suhrob\ollama_chat\venv\Lib\site-packages\telegram\ext\_updater.py", line 753, in _network_loop_retry
    if not await do_action():
           ^^^^^^^^^^^^^^^^^
  File "C:\Users\Suhrob\ollama_chat\venv\Lib\site-packages\telegram\ext\_updater.py", line 747, in do_action
    return action_cb_task.result()
           ~~~~~~~~~~~~~~~~~~~~~^^
  File "C:\Users\Suhrob\ollama_chat\venv\Lib\site-packages\telegram\ext\_updater.py", line 377, in polling_action_cb
    updates = await self.bot.get_updates(
              ^^^^^^^^^^^^^^^^^^^^^^^^^^^
    ...<7 lines>...
    )
    ^
  File "C:\Users\Suhrob\ollama_chat\venv\Lib\site-packages\telegram\ext\_extbot.py", line 649, in get_updates
    updates = await super().get_updates(
              ^^^^^^^^^^^^^^^^^^^^^^^^^^
    ...<9 lines>...
    )
    ^
  File "C:\Users\Suhrob\ollama_chat\venv\Lib\site-packages\telegram\_bot.py", line 4366, in get_updates
    await self._post(
    ^^^^^^^^^^^^^^^^^
    ...<7 lines>...
    ),
    ^
  File "C:\Users\Suhrob\ollama_chat\venv\Lib\site-packages\telegram\_bot.py", line 623, in _post
    return await self._do_post(
           ^^^^^^^^^^^^^^^^^^^^
    ...<6 lines>...
    )
    ^
  File "C:\Users\Suhrob\ollama_chat\venv\Lib\site-packages\telegram\ext\_extbot.py", line 355, in _do_post
    return await super()._do_post(
           ^^^^^^^^^^^^^^^^^^^^^^^
    ...<6 lines>...
    )
    ^
  File "C:\Users\Suhrob\ollama_chat\venv\Lib\site-packages\telegram\_bot.py", line 652, in _do_post
    result = await request.post(
             ^^^^^^^^^^^^^^^^^^^
    ...<6 lines>...
    )
    ^
  File "C:\Users\Suhrob\ollama_chat\venv\Lib\site-packages\telegram\request\_baserequest.py", line 201, in post
    result = await self._request_wrapper(
             ^^^^^^^^^^^^^^^^^^^^^^^^^^^^
    ...<7 lines>...
    )
    ^
  File "C:\Users\Suhrob\ollama_chat\venv\Lib\site-packages\telegram\request\_baserequest.py", line 384, in _request_wrapper
    raise Conflict(message)
telegram.error.Conflict: Conflict: terminated by other getUpdates request; make sure that only one bot instance is running
2026-05-12 05:14:29 | INFO     | HTTP Request: POST https://api.telegram.org/bot8257984718:AAGMaRpeBDzAYTp_sbQ2MifX8HJ0QNYq_bk/getUpdates "HTTP/1.1 409 Conflict"
2026-05-12 05:14:29 | ERROR    | No error handlers are registered, logging exception.
Traceback (most recent call last):
  File "c:\Users\Suhrob\ollama_chat\.venv\Lib\site-packages\telegram\ext\_utils\networkloop.py", line 161, in network_retry_loop
    await do_action()
  File "c:\Users\Suhrob\ollama_chat\.venv\Lib\site-packages\telegram\ext\_utils\networkloop.py", line 154, in do_action
    action_cb_task.result()
    ~~~~~~~~~~~~~~~~~~~~~^^
  File "c:\Users\Suhrob\ollama_chat\.venv\Lib\site-packages\telegram\ext\_updater.py", line 340, in polling_action_cb
    updates = await self.bot.get_updates(
              ^^^^^^^^^^^^^^^^^^^^^^^^^^^
    ...<3 lines>...
    )
    ^
  File "c:\Users\Suhrob\ollama_chat\.venv\Lib\site-packages\telegram\ext\_extbot.py", line 672, in get_updates
    updates = await super().get_updates(
              ^^^^^^^^^^^^^^^^^^^^^^^^^^
    ...<9 lines>...
    )
    ^
  File "c:\Users\Suhrob\ollama_chat\.venv\Lib\site-packages\telegram\_bot.py", line 4865, in get_updates
    await self._post(
    ^^^^^^^^^^^^^^^^^
    ...<7 lines>...
    ),
    ^
  File "c:\Users\Suhrob\ollama_chat\.venv\Lib\site-packages\telegram\_bot.py", line 704, in _post
    return await self._do_post(
           ^^^^^^^^^^^^^^^^^^^^
    ...<6 lines>...
    )
    ^
  File "c:\Users\Suhrob\ollama_chat\.venv\Lib\site-packages\telegram\ext\_extbot.py", line 370, in _do_post
    return await super()._do_post(
           ^^^^^^^^^^^^^^^^^^^^^^^
    ...<6 lines>...
    )
    ^
  File "c:\Users\Suhrob\ollama_chat\.venv\Lib\site-packages\telegram\_bot.py", line 733, in _do_post
    result = await request.post(
             ^^^^^^^^^^^^^^^^^^^
    ...<6 lines>...
    )
    ^
  File "c:\Users\Suhrob\ollama_chat\.venv\Lib\site-packages\telegram\request\_baserequest.py", line 198, in post
    result = await self._request_wrapper(
             ^^^^^^^^^^^^^^^^^^^^^^^^^^^^
    ...<7 lines>...
    )
    ^
  File "c:\Users\Suhrob\ollama_chat\.venv\Lib\site-packages\telegram\request\_baserequest.py", line 375, in _request_wrapper
    raise exception
telegram.error.Conflict: Conflict: terminated by other getUpdates request; make sure that only one bot instance is running
2026-05-12 05:14:32 | INFO     | HTTP Request: POST https://api.telegram.org/bot8257984718:AAGMaRpeBDzAYTp_sbQ2MifX8HJ0QNYq_bk/getUpdates "HTTP/1.1 200 OK"
2026-05-12 05:14:33 | INFO     | HTTP Request: POST https://api.telegram.org/bot8257984718:AAGMaRpeBDzAYTp_sbQ2MifX8HJ0QNYq_bk/answerCallbackQuery "HTTP/1.1 200 OK"
2026-05-12 05:14:33 | INFO     | HTTP Request: POST https://api.telegram.org/bot8257984718:AAGMaRpeBDzAYTp_sbQ2MifX8HJ0QNYq_bk/editMessageText "HTTP/1.1 200 OK"
2026-05-12 05:14:41 | INFO     | HTTP Request: POST https://api.telegram.org/bot8257984718:AAGMaRpeBDzAYTp_sbQ2MifX8HJ0QNYq_bk/getUpdates "HTTP/1.1 409 Conflict"
2026-05-12 05:14:41 | ERROR    | No error handlers are registered, logging exception.
Traceback (most recent call last):
  File "C:\Users\Suhrob\ollama_chat\venv\Lib\site-packages\telegram\ext\_updater.py", line 753, in _network_loop_retry
    if not await do_action():
           ^^^^^^^^^^^^^^^^^
  File "C:\Users\Suhrob\ollama_chat\venv\Lib\site-packages\telegram\ext\_updater.py", line 747, in do_action
    return action_cb_task.result()
           ~~~~~~~~~~~~~~~~~~~~~^^
  File "C:\Users\Suhrob\ollama_chat\venv\Lib\site-packages\telegram\ext\_updater.py", line 377, in polling_action_cb
    updates = await self.bot.get_updates(
              ^^^^^^^^^^^^^^^^^^^^^^^^^^^
    ...<7 lines>...
    )
    ^
  File "C:\Users\Suhrob\ollama_chat\venv\Lib\site-packages\telegram\ext\_extbot.py", line 649, in get_updates
    updates = await super().get_updates(
              ^^^^^^^^^^^^^^^^^^^^^^^^^^
    ...<9 lines>...
    )
    ^
  File "C:\Users\Suhrob\ollama_chat\venv\Lib\site-packages\telegram\_bot.py", line 4366, in get_updates
    await self._post(
    ^^^^^^^^^^^^^^^^^
    ...<7 lines>...
    ),
    ^
  File "C:\Users\Suhrob\ollama_chat\venv\Lib\site-packages\telegram\_bot.py", line 623, in _post
    return await self._do_post(
           ^^^^^^^^^^^^^^^^^^^^
    ...<6 lines>...
    )
    ^
  File "C:\Users\Suhrob\ollama_chat\venv\Lib\site-packages\telegram\ext\_extbot.py", line 355, in _do_post
    return await super()._do_post(
           ^^^^^^^^^^^^^^^^^^^^^^^
    ...<6 lines>...
    )
    ^
  File "C:\Users\Suhrob\ollama_chat\venv\Lib\site-packages\telegram\_bot.py", line 652, in _do_post
    result = await request.post(
             ^^^^^^^^^^^^^^^^^^^
    ...<6 lines>...
    )
    ^
  File "C:\Users\Suhrob\ollama_chat\venv\Lib\site-packages\telegram\request\_baserequest.py", line 201, in post
    result = await self._request_wrapper(
             ^^^^^^^^^^^^^^^^^^^^^^^^^^^^
    ...<7 lines>...
    )
    ^
  File "C:\Users\Suhrob\ollama_chat\venv\Lib\site-packages\telegram\request\_baserequest.py", line 384, in _request_wrapper
    raise Conflict(message)
telegram.error.Conflict: Conflict: terminated by other getUpdates request; make sure that only one bot instance is running
2026-05-12 05:14:45 | INFO     | HTTP Request: POST https://api.telegram.org/bot8257984718:AAGMaRpeBDzAYTp_sbQ2MifX8HJ0QNYq_bk/getUpdates "HTTP/1.1 409 Conflict"
2026-05-12 05:14:45 | ERROR    | No error handlers are registered, logging exception.
Traceback (most recent call last):
  File "c:\Users\Suhrob\ollama_chat\.venv\Lib\site-packages\telegram\ext\_utils\networkloop.py", line 161, in network_retry_loop
    await do_action()
  File "c:\Users\Suhrob\ollama_chat\.venv\Lib\site-packages\telegram\ext\_utils\networkloop.py", line 154, in do_action
    action_cb_task.result()
    ~~~~~~~~~~~~~~~~~~~~~^^
  File "c:\Users\Suhrob\ollama_chat\.venv\Lib\site-packages\telegram\ext\_updater.py", line 340, in polling_action_cb
    updates = await self.bot.get_updates(
              ^^^^^^^^^^^^^^^^^^^^^^^^^^^
    ...<3 lines>...
    )
    ^
  File "c:\Users\Suhrob\ollama_chat\.venv\Lib\site-packages\telegram\ext\_extbot.py", line 672, in get_updates
    updates = await super().get_updates(
              ^^^^^^^^^^^^^^^^^^^^^^^^^^
    ...<9 lines>...
    )
    ^
  File "c:\Users\Suhrob\ollama_chat\.venv\Lib\site-packages\telegram\_bot.py", line 4865, in get_updates
    await self._post(
    ^^^^^^^^^^^^^^^^^
    ...<7 lines>...
    ),
    ^
  File "c:\Users\Suhrob\ollama_chat\.venv\Lib\site-packages\telegram\_bot.py", line 704, in _post
    return await self._do_post(
           ^^^^^^^^^^^^^^^^^^^^
    ...<6 lines>...
    )
    ^
  File "c:\Users\Suhrob\ollama_chat\.venv\Lib\site-packages\telegram\ext\_extbot.py", line 370, in _do_post
    return await super()._do_post(
           ^^^^^^^^^^^^^^^^^^^^^^^
    ...<6 lines>...
    )
    ^
  File "c:\Users\Suhrob\ollama_chat\.venv\Lib\site-packages\telegram\_bot.py", line 733, in _do_post
    result = await request.post(
             ^^^^^^^^^^^^^^^^^^^
    ...<6 lines>...
    )
    ^
  File "c:\Users\Suhrob\ollama_chat\.venv\Lib\site-packages\telegram\request\_baserequest.py", line 198, in post
    result = await self._request_wrapper(
             ^^^^^^^^^^^^^^^^^^^^^^^^^^^^
    ...<7 lines>...
    )
    ^
  File "c:\Users\Suhrob\ollama_chat\.venv\Lib\site-packages\telegram\request\_baserequest.py", line 375, in _request_wrapper
    raise exception
telegram.error.Conflict: Conflict: terminated by other getUpdates request; make sure that only one bot instance is running
2026-05-12 05:14:52 | INFO     | HTTP Request: POST https://api.telegram.org/bot8257984718:AAGMaRpeBDzAYTp_sbQ2MifX8HJ0QNYq_bk/getUpdates "HTTP/1.1 200 OK"
2026-05-12 05:15:02 | INFO     | HTTP Request: POST https://api.telegram.org/bot8257984718:AAGMaRpeBDzAYTp_sbQ2MifX8HJ0QNYq_bk/getUpdates "HTTP/1.1 200 OK"
2026-05-12 05:15:03 | INFO     | HTTP Request: POST https://api.telegram.org/bot8257984718:AAGMaRpeBDzAYTp_sbQ2MifX8HJ0QNYq_bk/getUpdates "HTTP/1.1 409 Conflict"
2026-05-12 05:15:03 | ERROR    | No error handlers are registered, logging exception.
Traceback (most recent call last):
  File "C:\Users\Suhrob\ollama_chat\venv\Lib\site-packages\telegram\ext\_updater.py", line 753, in _network_loop_retry
    if not await do_action():
           ^^^^^^^^^^^^^^^^^
  File "C:\Users\Suhrob\ollama_chat\venv\Lib\site-packages\telegram\ext\_updater.py", line 747, in do_action
    return action_cb_task.result()
           ~~~~~~~~~~~~~~~~~~~~~^^
  File "C:\Users\Suhrob\ollama_chat\venv\Lib\site-packages\telegram\ext\_updater.py", line 377, in polling_action_cb
    updates = await self.bot.get_updates(
              ^^^^^^^^^^^^^^^^^^^^^^^^^^^
    ...<7 lines>...
    )
    ^
  File "C:\Users\Suhrob\ollama_chat\venv\Lib\site-packages\telegram\ext\_extbot.py", line 649, in get_updates
    updates = await super().get_updates(
              ^^^^^^^^^^^^^^^^^^^^^^^^^^
    ...<9 lines>...
    )
    ^
  File "C:\Users\Suhrob\ollama_chat\venv\Lib\site-packages\telegram\_bot.py", line 4366, in get_updates
    await self._post(
    ^^^^^^^^^^^^^^^^^
    ...<7 lines>...
    ),
    ^
  File "C:\Users\Suhrob\ollama_chat\venv\Lib\site-packages\telegram\_bot.py", line 623, in _post
    return await self._do_post(
           ^^^^^^^^^^^^^^^^^^^^
    ...<6 lines>...
    )
    ^
  File "C:\Users\Suhrob\ollama_chat\venv\Lib\site-packages\telegram\ext\_extbot.py", line 355, in _do_post
    return await super()._do_post(
           ^^^^^^^^^^^^^^^^^^^^^^^
    ...<6 lines>...
    )
    ^
  File "C:\Users\Suhrob\ollama_chat\venv\Lib\site-packages\telegram\_bot.py", line 652, in _do_post
    result = await request.post(
             ^^^^^^^^^^^^^^^^^^^
    ...<6 lines>...
    )
    ^
  File "C:\Users\Suhrob\ollama_chat\venv\Lib\site-packages\telegram\request\_baserequest.py", line 201, in post
    result = await self._request_wrapper(
             ^^^^^^^^^^^^^^^^^^^^^^^^^^^^
    ...<7 lines>...
    )
    ^
  File "C:\Users\Suhrob\ollama_chat\venv\Lib\site-packages\telegram\request\_baserequest.py", line 384, in _request_wrapper
    raise Conflict(message)
telegram.error.Conflict: Conflict: terminated by other getUpdates request; make sure that only one bot instance is running
2026-05-12 05:15:07 | INFO     | HTTP Request: POST https://api.telegram.org/bot8257984718:AAGMaRpeBDzAYTp_sbQ2MifX8HJ0QNYq_bk/getUpdates "HTTP/1.1 409 Conflict"
2026-05-12 05:15:07 | ERROR    | No error handlers are registered, logging exception.
Traceback (most recent call last):
  File "c:\Users\Suhrob\ollama_chat\.venv\Lib\site-packages\telegram\ext\_utils\networkloop.py", line 161, in network_retry_loop
    await do_action()
  File "c:\Users\Suhrob\ollama_chat\.venv\Lib\site-packages\telegram\ext\_utils\networkloop.py", line 154, in do_action
    action_cb_task.result()
    ~~~~~~~~~~~~~~~~~~~~~^^
  File "c:\Users\Suhrob\ollama_chat\.venv\Lib\site-packages\telegram\ext\_updater.py", line 340, in polling_action_cb
    updates = await self.bot.get_updates(
              ^^^^^^^^^^^^^^^^^^^^^^^^^^^
    ...<3 lines>...
    )
    ^
  File "c:\Users\Suhrob\ollama_chat\.venv\Lib\site-packages\telegram\ext\_extbot.py", line 672, in get_updates
    updates = await super().get_updates(
              ^^^^^^^^^^^^^^^^^^^^^^^^^^
    ...<9 lines>...
    )
    ^
  File "c:\Users\Suhrob\ollama_chat\.venv\Lib\site-packages\telegram\_bot.py", line 4865, in get_updates
    await self._post(
    ^^^^^^^^^^^^^^^^^
    ...<7 lines>...
    ),
    ^
  File "c:\Users\Suhrob\ollama_chat\.venv\Lib\site-packages\telegram\_bot.py", line 704, in _post
    return await self._do_post(
           ^^^^^^^^^^^^^^^^^^^^
    ...<6 lines>...
    )
    ^
  File "c:\Users\Suhrob\ollama_chat\.venv\Lib\site-packages\telegram\ext\_extbot.py", line 370, in _do_post
    return await super()._do_post(
           ^^^^^^^^^^^^^^^^^^^^^^^
    ...<6 lines>...
    )
    ^
  File "c:\Users\Suhrob\ollama_chat\.venv\Lib\site-packages\telegram\_bot.py", line 733, in _do_post
    result = await request.post(
             ^^^^^^^^^^^^^^^^^^^
    ...<6 lines>...
    )
    ^
  File "c:\Users\Suhrob\ollama_chat\.venv\Lib\site-packages\telegram\request\_baserequest.py", line 198, in post
    result = await self._request_wrapper(
             ^^^^^^^^^^^^^^^^^^^^^^^^^^^^
    ...<7 lines>...
    )
    ^
  File "c:\Users\Suhrob\ollama_chat\.venv\Lib\site-packages\telegram\request\_baserequest.py", line 375, in _request_wrapper
    raise exception
telegram.error.Conflict: Conflict: terminated by other getUpdates request; make sure that only one bot instance is running
2026-05-12 05:15:14 | INFO     | HTTP Request: POST https://api.telegram.org/bot8257984718:AAGMaRpeBDzAYTp_sbQ2MifX8HJ0QNYq_bk/getUpdates "HTTP/1.1 200 OK"
2026-05-12 05:15:25 | INFO     | HTTP Request: POST https://api.telegram.org/bot8257984718:AAGMaRpeBDzAYTp_sbQ2MifX8HJ0QNYq_bk/getUpdates "HTTP/1.1 200 OK"
2026-05-12 05:15:34 | INFO     | HTTP Request: POST https://api.telegram.org/bot8257984718:AAGMaRpeBDzAYTp_sbQ2MifX8HJ0QNYq_bk/getUpdates "HTTP/1.1 409 Conflict"
2026-05-12 05:15:34 | ERROR    | No error handlers are registered, logging exception.
Traceback (most recent call last):
  File "C:\Users\Suhrob\ollama_chat\venv\Lib\site-packages\telegram\ext\_updater.py", line 753, in _network_loop_retry
    if not await do_action():
           ^^^^^^^^^^^^^^^^^
  File "C:\Users\Suhrob\ollama_chat\venv\Lib\site-packages\telegram\ext\_updater.py", line 747, in do_action
    return action_cb_task.result()
           ~~~~~~~~~~~~~~~~~~~~~^^
  File "C:\Users\Suhrob\ollama_chat\venv\Lib\site-packages\telegram\ext\_updater.py", line 377, in polling_action_cb
    updates = await self.bot.get_updates(
              ^^^^^^^^^^^^^^^^^^^^^^^^^^^
    ...<7 lines>...
    )
    ^
  File "C:\Users\Suhrob\ollama_chat\venv\Lib\site-packages\telegram\ext\_extbot.py", line 649, in get_updates
    updates = await super().get_updates(
              ^^^^^^^^^^^^^^^^^^^^^^^^^^
    ...<9 lines>...
    )
    ^
  File "C:\Users\Suhrob\ollama_chat\venv\Lib\site-packages\telegram\_bot.py", line 4366, in get_updates
    await self._post(
    ^^^^^^^^^^^^^^^^^
    ...<7 lines>...
    ),
    ^
  File "C:\Users\Suhrob\ollama_chat\venv\Lib\site-packages\telegram\_bot.py", line 623, in _post
    return await self._do_post(
           ^^^^^^^^^^^^^^^^^^^^
    ...<6 lines>...
    )
    ^
  File "C:\Users\Suhrob\ollama_chat\venv\Lib\site-packages\telegram\ext\_extbot.py", line 355, in _do_post
    return await super()._do_post(
           ^^^^^^^^^^^^^^^^^^^^^^^
    ...<6 lines>...
    )
    ^
  File "C:\Users\Suhrob\ollama_chat\venv\Lib\site-packages\telegram\_bot.py", line 652, in _do_post
    result = await request.post(
             ^^^^^^^^^^^^^^^^^^^
    ...<6 lines>...
    )
    ^
  File "C:\Users\Suhrob\ollama_chat\venv\Lib\site-packages\telegram\request\_baserequest.py", line 201, in post
    result = await self._request_wrapper(
             ^^^^^^^^^^^^^^^^^^^^^^^^^^^^
    ...<7 lines>...
    )
    ^
  File "C:\Users\Suhrob\ollama_chat\venv\Lib\site-packages\telegram\request\_baserequest.py", line 384, in _request_wrapper
    raise Conflict(message)
telegram.error.Conflict: Conflict: terminated by other getUpdates request; make sure that only one bot instance is running
2026-05-12 05:15:38 | INFO     | HTTP Request: POST https://api.telegram.org/bot8257984718:AAGMaRpeBDzAYTp_sbQ2MifX8HJ0QNYq_bk/getUpdates "HTTP/1.1 409 Conflict"
2026-05-12 05:15:38 | ERROR    | No error handlers are registered, logging exception.
Traceback (most recent call last):
  File "c:\Users\Suhrob\ollama_chat\.venv\Lib\site-packages\telegram\ext\_utils\networkloop.py", line 161, in network_retry_loop
    await do_action()
  File "c:\Users\Suhrob\ollama_chat\.venv\Lib\site-packages\telegram\ext\_utils\networkloop.py", line 154, in do_action
    action_cb_task.result()
    ~~~~~~~~~~~~~~~~~~~~~^^
  File "c:\Users\Suhrob\ollama_chat\.venv\Lib\site-packages\telegram\ext\_updater.py", line 340, in polling_action_cb
    updates = await self.bot.get_updates(
              ^^^^^^^^^^^^^^^^^^^^^^^^^^^
    ...<3 lines>...
    )
    ^
  File "c:\Users\Suhrob\ollama_chat\.venv\Lib\site-packages\telegram\ext\_extbot.py", line 672, in get_updates
    updates = await super().get_updates(
              ^^^^^^^^^^^^^^^^^^^^^^^^^^
    ...<9 lines>...
    )
    ^
  File "c:\Users\Suhrob\ollama_chat\.venv\Lib\site-packages\telegram\_bot.py", line 4865, in get_updates
    await self._post(
    ^^^^^^^^^^^^^^^^^
    ...<7 lines>...
    ),
    ^
  File "c:\Users\Suhrob\ollama_chat\.venv\Lib\site-packages\telegram\_bot.py", line 704, in _post
    return await self._do_post(
           ^^^^^^^^^^^^^^^^^^^^
    ...<6 lines>...
    )
    ^
  File "c:\Users\Suhrob\ollama_chat\.venv\Lib\site-packages\telegram\ext\_extbot.py", line 370, in _do_post
    return await super()._do_post(
           ^^^^^^^^^^^^^^^^^^^^^^^
    ...<6 lines>...
    )
    ^
  File "c:\Users\Suhrob\ollama_chat\.venv\Lib\site-packages\telegram\_bot.py", line 733, in _do_post
    result = await request.post(
             ^^^^^^^^^^^^^^^^^^^
    ...<6 lines>...
    )
    ^
  File "c:\Users\Suhrob\ollama_chat\.venv\Lib\site-packages\telegram\request\_baserequest.py", line 198, in post
    result = await self._request_wrapper(
             ^^^^^^^^^^^^^^^^^^^^^^^^^^^^
    ...<7 lines>...
    )
    ^
  File "c:\Users\Suhrob\ollama_chat\.venv\Lib\site-packages\telegram\request\_baserequest.py", line 375, in _request_wrapper
    raise exception
telegram.error.Conflict: Conflict: terminated by other getUpdates request; make sure that only one bot instance is running
2026-05-12 05:15:45 | INFO     | HTTP Request: POST https://api.telegram.org/bot8257984718:AAGMaRpeBDzAYTp_sbQ2MifX8HJ0QNYq_bk/getUpdates "HTTP/1.1 200 OK"
2026-05-12 05:15:55 | INFO     | HTTP Request: POST https://api.telegram.org/bot8257984718:AAGMaRpeBDzAYTp_sbQ2MifX8HJ0QNYq_bk/getUpdates "HTTP/1.1 200 OK"
2026-05-12 05:16:05 | INFO     | HTTP Request: POST https://api.telegram.org/bot8257984718:AAGMaRpeBDzAYTp_sbQ2MifX8HJ0QNYq_bk/getUpdates "HTTP/1.1 200 OK"
2026-05-12 05:16:08 | INFO     | HTTP Request: POST https://api.telegram.org/bot8257984718:AAGMaRpeBDzAYTp_sbQ2MifX8HJ0QNYq_bk/getUpdates "HTTP/1.1 409 Conflict"
2026-05-12 05:16:08 | ERROR    | No error handlers are registered, logging exception.
Traceback (most recent call last):
  File "C:\Users\Suhrob\ollama_chat\venv\Lib\site-packages\telegram\ext\_updater.py", line 753, in _network_loop_retry
    if not await do_action():
           ^^^^^^^^^^^^^^^^^
  File "C:\Users\Suhrob\ollama_chat\venv\Lib\site-packages\telegram\ext\_updater.py", line 747, in do_action
    return action_cb_task.result()
           ~~~~~~~~~~~~~~~~~~~~~^^
  File "C:\Users\Suhrob\ollama_chat\venv\Lib\site-packages\telegram\ext\_updater.py", line 377, in polling_action_cb
    updates = await self.bot.get_updates(
              ^^^^^^^^^^^^^^^^^^^^^^^^^^^
    ...<7 lines>...
    )
    ^
  File "C:\Users\Suhrob\ollama_chat\venv\Lib\site-packages\telegram\ext\_extbot.py", line 649, in get_updates
    updates = await super().get_updates(
              ^^^^^^^^^^^^^^^^^^^^^^^^^^
    ...<9 lines>...
    )
    ^
  File "C:\Users\Suhrob\ollama_chat\venv\Lib\site-packages\telegram\_bot.py", line 4366, in get_updates
    await self._post(
    ^^^^^^^^^^^^^^^^^
    ...<7 lines>...
    ),
    ^
  File "C:\Users\Suhrob\ollama_chat\venv\Lib\site-packages\telegram\_bot.py", line 623, in _post
    return await self._do_post(
           ^^^^^^^^^^^^^^^^^^^^
    ...<6 lines>...
    )
    ^
  File "C:\Users\Suhrob\ollama_chat\venv\Lib\site-packages\telegram\ext\_extbot.py", line 355, in _do_post
    return await super()._do_post(
           ^^^^^^^^^^^^^^^^^^^^^^^
    ...<6 lines>...
    )
    ^
  File "C:\Users\Suhrob\ollama_chat\venv\Lib\site-packages\telegram\_bot.py", line 652, in _do_post
    result = await request.post(
             ^^^^^^^^^^^^^^^^^^^
    ...<6 lines>...
    )
    ^
  File "C:\Users\Suhrob\ollama_chat\venv\Lib\site-packages\telegram\request\_baserequest.py", line 201, in post
    result = await self._request_wrapper(
             ^^^^^^^^^^^^^^^^^^^^^^^^^^^^
    ...<7 lines>...
    )
    ^
  File "C:\Users\Suhrob\ollama_chat\venv\Lib\site-packages\telegram\request\_baserequest.py", line 384, in _request_wrapper
    raise Conflict(message)
telegram.error.Conflict: Conflict: terminated by other getUpdates request; make sure that only one bot instance is running
2026-05-12 05:16:13 | INFO     | HTTP Request: POST https://api.telegram.org/bot8257984718:AAGMaRpeBDzAYTp_sbQ2MifX8HJ0QNYq_bk/getUpdates "HTTP/1.1 409 Conflict"
2026-05-12 05:16:13 | ERROR    | No error handlers are registered, logging exception.
Traceback (most recent call last):
  File "c:\Users\Suhrob\ollama_chat\.venv\Lib\site-packages\telegram\ext\_utils\networkloop.py", line 161, in network_retry_loop
    await do_action()
  File "c:\Users\Suhrob\ollama_chat\.venv\Lib\site-packages\telegram\ext\_utils\networkloop.py", line 154, in do_action
    action_cb_task.result()
    ~~~~~~~~~~~~~~~~~~~~~^^
  File "c:\Users\Suhrob\ollama_chat\.venv\Lib\site-packages\telegram\ext\_updater.py", line 340, in polling_action_cb
    updates = await self.bot.get_updates(
              ^^^^^^^^^^^^^^^^^^^^^^^^^^^
    ...<3 lines>...
    )
    ^
  File "c:\Users\Suhrob\ollama_chat\.venv\Lib\site-packages\telegram\ext\_extbot.py", line 672, in get_updates
    updates = await super().get_updates(
              ^^^^^^^^^^^^^^^^^^^^^^^^^^
    ...<9 lines>...
    )
    ^
  File "c:\Users\Suhrob\ollama_chat\.venv\Lib\site-packages\telegram\_bot.py", line 4865, in get_updates
    await self._post(
    ^^^^^^^^^^^^^^^^^
    ...<7 lines>...
    ),
    ^
  File "c:\Users\Suhrob\ollama_chat\.venv\Lib\site-packages\telegram\_bot.py", line 704, in _post
    return await self._do_post(
           ^^^^^^^^^^^^^^^^^^^^
    ...<6 lines>...
    )
    ^
  File "c:\Users\Suhrob\ollama_chat\.venv\Lib\site-packages\telegram\ext\_extbot.py", line 370, in _do_post
    return await super()._do_post(
           ^^^^^^^^^^^^^^^^^^^^^^^
    ...<6 lines>...
    )
    ^
  File "c:\Users\Suhrob\ollama_chat\.venv\Lib\site-packages\telegram\_bot.py", line 733, in _do_post
    result = await request.post(
             ^^^^^^^^^^^^^^^^^^^
    ...<6 lines>...
    )
    ^
  File "c:\Users\Suhrob\ollama_chat\.venv\Lib\site-packages\telegram\request\_baserequest.py", line 198, in post
    result = await self._request_wrapper(
             ^^^^^^^^^^^^^^^^^^^^^^^^^^^^
    ...<7 lines>...
    )
    ^
  File "c:\Users\Suhrob\ollama_chat\.venv\Lib\site-packages\telegram\request\_baserequest.py", line 375, in _request_wrapper
    raise exception
telegram.error.Conflict: Conflict: terminated by other getUpdates request; make sure that only one bot instance is running
2026-05-12 05:16:20 | INFO     | HTTP Request: POST https://api.telegram.org/bot8257984718:AAGMaRpeBDzAYTp_sbQ2MifX8HJ0QNYq_bk/getUpdates "HTTP/1.1 200 OK"
2026-05-12 05:16:30 | INFO     | HTTP Request: POST https://api.telegram.org/bot8257984718:AAGMaRpeBDzAYTp_sbQ2MifX8HJ0QNYq_bk/getUpdates "HTTP/1.1 200 OK"
2026-05-12 05:16:40 | INFO     | HTTP Request: POST https://api.telegram.org/bot8257984718:AAGMaRpeBDzAYTp_sbQ2MifX8HJ0QNYq_bk/getUpdates "HTTP/1.1 200 OK"
2026-05-12 05:16:43 | INFO     | HTTP Request: POST https://api.telegram.org/bot8257984718:AAGMaRpeBDzAYTp_sbQ2MifX8HJ0QNYq_bk/getUpdates "HTTP/1.1 409 Conflict"
2026-05-12 05:16:43 | ERROR    | No error handlers are registered, logging exception.
Traceback (most recent call last):
  File "C:\Users\Suhrob\ollama_chat\venv\Lib\site-packages\telegram\ext\_updater.py", line 753, in _network_loop_retry
    if not await do_action():
           ^^^^^^^^^^^^^^^^^
  File "C:\Users\Suhrob\ollama_chat\venv\Lib\site-packages\telegram\ext\_updater.py", line 747, in do_action
    return action_cb_task.result()
           ~~~~~~~~~~~~~~~~~~~~~^^
  File "C:\Users\Suhrob\ollama_chat\venv\Lib\site-packages\telegram\ext\_updater.py", line 377, in polling_action_cb
    updates = await self.bot.get_updates(
              ^^^^^^^^^^^^^^^^^^^^^^^^^^^
    ...<7 lines>...
    )
    ^
  File "C:\Users\Suhrob\ollama_chat\venv\Lib\site-packages\telegram\ext\_extbot.py", line 649, in get_updates
    updates = await super().get_updates(
              ^^^^^^^^^^^^^^^^^^^^^^^^^^
    ...<9 lines>...
    )
    ^
  File "C:\Users\Suhrob\ollama_chat\venv\Lib\site-packages\telegram\_bot.py", line 4366, in get_updates
    await self._post(
    ^^^^^^^^^^^^^^^^^
    ...<7 lines>...
    ),
    ^
  File "C:\Users\Suhrob\ollama_chat\venv\Lib\site-packages\telegram\_bot.py", line 623, in _post
    return await self._do_post(
           ^^^^^^^^^^^^^^^^^^^^
    ...<6 lines>...
    )
    ^
  File "C:\Users\Suhrob\ollama_chat\venv\Lib\site-packages\telegram\ext\_extbot.py", line 355, in _do_post
    return await super()._do_post(
           ^^^^^^^^^^^^^^^^^^^^^^^
    ...<6 lines>...
    )
    ^
  File "C:\Users\Suhrob\ollama_chat\venv\Lib\site-packages\telegram\_bot.py", line 652, in _do_post
    result = await request.post(
             ^^^^^^^^^^^^^^^^^^^
    ...<6 lines>...
    )
    ^
  File "C:\Users\Suhrob\ollama_chat\venv\Lib\site-packages\telegram\request\_baserequest.py", line 201, in post
    result = await self._request_wrapper(
             ^^^^^^^^^^^^^^^^^^^^^^^^^^^^
    ...<7 lines>...
    )
    ^
  File "C:\Users\Suhrob\ollama_chat\venv\Lib\site-packages\telegram\request\_baserequest.py", line 384, in _request_wrapper
    raise Conflict(message)
telegram.error.Conflict: Conflict: terminated by other getUpdates request; make sure that only one bot instance is running
2026-05-12 05:16:47 | INFO     | HTTP Request: POST https://api.telegram.org/bot8257984718:AAGMaRpeBDzAYTp_sbQ2MifX8HJ0QNYq_bk/getUpdates "HTTP/1.1 409 Conflict"
2026-05-12 05:16:47 | ERROR    | No error handlers are registered, logging exception.
Traceback (most recent call last):
  File "c:\Users\Suhrob\ollama_chat\.venv\Lib\site-packages\telegram\ext\_utils\networkloop.py", line 161, in network_retry_loop
    await do_action()
  File "c:\Users\Suhrob\ollama_chat\.venv\Lib\site-packages\telegram\ext\_utils\networkloop.py", line 154, in do_action
    action_cb_task.result()
    ~~~~~~~~~~~~~~~~~~~~~^^
  File "c:\Users\Suhrob\ollama_chat\.venv\Lib\site-packages\telegram\ext\_updater.py", line 340, in polling_action_cb
    updates = await self.bot.get_updates(
              ^^^^^^^^^^^^^^^^^^^^^^^^^^^
    ...<3 lines>...
    )
    ^
  File "c:\Users\Suhrob\ollama_chat\.venv\Lib\site-packages\telegram\ext\_extbot.py", line 672, in get_updates
    updates = await super().get_updates(
              ^^^^^^^^^^^^^^^^^^^^^^^^^^
    ...<9 lines>...
    )
    ^
  File "c:\Users\Suhrob\ollama_chat\.venv\Lib\site-packages\telegram\_bot.py", line 4865, in get_updates
    await self._post(
    ^^^^^^^^^^^^^^^^^
    ...<7 lines>...
    ),
    ^
  File "c:\Users\Suhrob\ollama_chat\.venv\Lib\site-packages\telegram\_bot.py", line 704, in _post
    return await self._do_post(
           ^^^^^^^^^^^^^^^^^^^^
    ...<6 lines>...
    )
    ^
  File "c:\Users\Suhrob\ollama_chat\.venv\Lib\site-packages\telegram\ext\_extbot.py", line 370, in _do_post
    return await super()._do_post(
           ^^^^^^^^^^^^^^^^^^^^^^^
    ...<6 lines>...
    )
    ^
  File "c:\Users\Suhrob\ollama_chat\.venv\Lib\site-packages\telegram\_bot.py", line 733, in _do_post
    result = await request.post(
             ^^^^^^^^^^^^^^^^^^^
    ...<6 lines>...
    )
    ^
  File "c:\Users\Suhrob\ollama_chat\.venv\Lib\site-packages\telegram\request\_baserequest.py", line 198, in post
    result = await self._request_wrapper(
             ^^^^^^^^^^^^^^^^^^^^^^^^^^^^
    ...<7 lines>...
    )
    ^
  File "c:\Users\Suhrob\ollama_chat\.venv\Lib\site-packages\telegram\request\_baserequest.py", line 375, in _request_wrapper
    raise exception
telegram.error.Conflict: Conflict: terminated by other getUpdates request; make sure that only one bot instance is running
2026-05-12 05:16:55 | INFO     | HTTP Request: POST https://api.telegram.org/bot8257984718:AAGMaRpeBDzAYTp_sbQ2MifX8HJ0QNYq_bk/getUpdates "HTTP/1.1 200 OK"
2026-05-12 05:17:05 | INFO     | HTTP Request: POST https://api.telegram.org/bot8257984718:AAGMaRpeBDzAYTp_sbQ2MifX8HJ0QNYq_bk/getUpdates "HTTP/1.1 200 OK"
2026-05-12 05:17:15 | INFO     | HTTP Request: POST https://api.telegram.org/bot8257984718:AAGMaRpeBDzAYTp_sbQ2MifX8HJ0QNYq_bk/getUpdates "HTTP/1.1 200 OK"
2026-05-12 05:17:18 | INFO     | HTTP Request: POST https://api.telegram.org/bot8257984718:AAGMaRpeBDzAYTp_sbQ2MifX8HJ0QNYq_bk/getUpdates "HTTP/1.1 409 Conflict"
2026-05-12 05:17:18 | ERROR    | No error handlers are registered, logging exception.
Traceback (most recent call last):
  File "C:\Users\Suhrob\ollama_chat\venv\Lib\site-packages\telegram\ext\_updater.py", line 753, in _network_loop_retry
    if not await do_action():
           ^^^^^^^^^^^^^^^^^
  File "C:\Users\Suhrob\ollama_chat\venv\Lib\site-packages\telegram\ext\_updater.py", line 747, in do_action
    return action_cb_task.result()
           ~~~~~~~~~~~~~~~~~~~~~^^
  File "C:\Users\Suhrob\ollama_chat\venv\Lib\site-packages\telegram\ext\_updater.py", line 377, in polling_action_cb
    updates = await self.bot.get_updates(
              ^^^^^^^^^^^^^^^^^^^^^^^^^^^
    ...<7 lines>...
    )
    ^
  File "C:\Users\Suhrob\ollama_chat\venv\Lib\site-packages\telegram\ext\_extbot.py", line 649, in get_updates
    updates = await super().get_updates(
              ^^^^^^^^^^^^^^^^^^^^^^^^^^
    ...<9 lines>...
    )
    ^
  File "C:\Users\Suhrob\ollama_chat\venv\Lib\site-packages\telegram\_bot.py", line 4366, in get_updates
    await self._post(
    ^^^^^^^^^^^^^^^^^
    ...<7 lines>...
    ),
    ^
  File "C:\Users\Suhrob\ollama_chat\venv\Lib\site-packages\telegram\_bot.py", line 623, in _post
    return await self._do_post(
           ^^^^^^^^^^^^^^^^^^^^
    ...<6 lines>...
    )
    ^
  File "C:\Users\Suhrob\ollama_chat\venv\Lib\site-packages\telegram\ext\_extbot.py", line 355, in _do_post
    return await super()._do_post(
           ^^^^^^^^^^^^^^^^^^^^^^^
    ...<6 lines>...
    )
    ^
  File "C:\Users\Suhrob\ollama_chat\venv\Lib\site-packages\telegram\_bot.py", line 652, in _do_post
    result = await request.post(
             ^^^^^^^^^^^^^^^^^^^
    ...<6 lines>...
    )
    ^
  File "C:\Users\Suhrob\ollama_chat\venv\Lib\site-packages\telegram\request\_baserequest.py", line 201, in post
    result = await self._request_wrapper(
             ^^^^^^^^^^^^^^^^^^^^^^^^^^^^
    ...<7 lines>...
    )
    ^
  File "C:\Users\Suhrob\ollama_chat\venv\Lib\site-packages\telegram\request\_baserequest.py", line 384, in _request_wrapper
    raise Conflict(message)
telegram.error.Conflict: Conflict: terminated by other getUpdates request; make sure that only one bot instance is running
2026-05-12 05:17:23 | INFO     | HTTP Request: POST https://api.telegram.org/bot8257984718:AAGMaRpeBDzAYTp_sbQ2MifX8HJ0QNYq_bk/getUpdates "HTTP/1.1 409 Conflict"
2026-05-12 05:17:23 | ERROR    | No error handlers are registered, logging exception.
Traceback (most recent call last):
  File "c:\Users\Suhrob\ollama_chat\.venv\Lib\site-packages\telegram\ext\_utils\networkloop.py", line 161, in network_retry_loop
    await do_action()
  File "c:\Users\Suhrob\ollama_chat\.venv\Lib\site-packages\telegram\ext\_utils\networkloop.py", line 154, in do_action
    action_cb_task.result()
    ~~~~~~~~~~~~~~~~~~~~~^^
  File "c:\Users\Suhrob\ollama_chat\.venv\Lib\site-packages\telegram\ext\_updater.py", line 340, in polling_action_cb
    updates = await self.bot.get_updates(
              ^^^^^^^^^^^^^^^^^^^^^^^^^^^
    ...<3 lines>...
    )
    ^
  File "c:\Users\Suhrob\ollama_chat\.venv\Lib\site-packages\telegram\ext\_extbot.py", line 672, in get_updates
    updates = await super().get_updates(
              ^^^^^^^^^^^^^^^^^^^^^^^^^^
    ...<9 lines>...
    )
    ^
  File "c:\Users\Suhrob\ollama_chat\.venv\Lib\site-packages\telegram\_bot.py", line 4865, in get_updates
    await self._post(
    ^^^^^^^^^^^^^^^^^
    ...<7 lines>...
    ),
    ^
  File "c:\Users\Suhrob\ollama_chat\.venv\Lib\site-packages\telegram\_bot.py", line 704, in _post
    return await self._do_post(
           ^^^^^^^^^^^^^^^^^^^^
    ...<6 lines>...
    )
    ^
  File "c:\Users\Suhrob\ollama_chat\.venv\Lib\site-packages\telegram\ext\_extbot.py", line 370, in _do_post
    return await super()._do_post(
           ^^^^^^^^^^^^^^^^^^^^^^^
    ...<6 lines>...
    )
    ^
  File "c:\Users\Suhrob\ollama_chat\.venv\Lib\site-packages\telegram\_bot.py", line 733, in _do_post
    result = await request.post(
             ^^^^^^^^^^^^^^^^^^^
    ...<6 lines>...
    )
    ^
  File "c:\Users\Suhrob\ollama_chat\.venv\Lib\site-packages\telegram\request\_baserequest.py", line 198, in post
    result = await self._request_wrapper(
             ^^^^^^^^^^^^^^^^^^^^^^^^^^^^
    ...<7 lines>...
    )
    ^
  File "c:\Users\Suhrob\ollama_chat\.venv\Lib\site-packages\telegram\request\_baserequest.py", line 375, in _request_wrapper
    raise exception
telegram.error.Conflict: Conflict: terminated by other getUpdates request; make sure that only one bot instance is running
2026-05-12 05:17:29 | INFO     | HTTP Request: POST https://api.telegram.org/bot8257984718:AAGMaRpeBDzAYTp_sbQ2MifX8HJ0QNYq_bk/getUpdates "HTTP/1.1 200 OK"
2026-05-12 05:17:40 | INFO     | HTTP Request: POST https://api.telegram.org/bot8257984718:AAGMaRpeBDzAYTp_sbQ2MifX8HJ0QNYq_bk/getUpdates "HTTP/1.1 200 OK"
2026-05-12 05:17:50 | INFO     | HTTP Request: POST https://api.telegram.org/bot8257984718:AAGMaRpeBDzAYTp_sbQ2MifX8HJ0QNYq_bk/getUpdates "HTTP/1.1 200 OK"
2026-05-12 05:17:53 | INFO     | HTTP Request: POST https://api.telegram.org/bot8257984718:AAGMaRpeBDzAYTp_sbQ2MifX8HJ0QNYq_bk/getUpdates "HTTP/1.1 409 Conflict"
2026-05-12 05:17:53 | ERROR    | No error handlers are registered, logging exception.
Traceback (most recent call last):
  File "C:\Users\Suhrob\ollama_chat\venv\Lib\site-packages\telegram\ext\_updater.py", line 753, in _network_loop_retry
    if not await do_action():
           ^^^^^^^^^^^^^^^^^
  File "C:\Users\Suhrob\ollama_chat\venv\Lib\site-packages\telegram\ext\_updater.py", line 747, in do_action
    return action_cb_task.result()
           ~~~~~~~~~~~~~~~~~~~~~^^
  File "C:\Users\Suhrob\ollama_chat\venv\Lib\site-packages\telegram\ext\_updater.py", line 377, in polling_action_cb
    updates = await self.bot.get_updates(
              ^^^^^^^^^^^^^^^^^^^^^^^^^^^
    ...<7 lines>...
    )
    ^
  File "C:\Users\Suhrob\ollama_chat\venv\Lib\site-packages\telegram\ext\_extbot.py", line 649, in get_updates
    updates = await super().get_updates(
              ^^^^^^^^^^^^^^^^^^^^^^^^^^
    ...<9 lines>...
    )
    ^
  File "C:\Users\Suhrob\ollama_chat\venv\Lib\site-packages\telegram\_bot.py", line 4366, in get_updates
    await self._post(
    ^^^^^^^^^^^^^^^^^
    ...<7 lines>...
    ),
    ^
  File "C:\Users\Suhrob\ollama_chat\venv\Lib\site-packages\telegram\_bot.py", line 623, in _post
    return await self._do_post(
           ^^^^^^^^^^^^^^^^^^^^
    ...<6 lines>...
    )
    ^
  File "C:\Users\Suhrob\ollama_chat\venv\Lib\site-packages\telegram\ext\_extbot.py", line 355, in _do_post
    return await super()._do_post(
           ^^^^^^^^^^^^^^^^^^^^^^^
    ...<6 lines>...
    )
    ^
  File "C:\Users\Suhrob\ollama_chat\venv\Lib\site-packages\telegram\_bot.py", line 652, in _do_post
    result = await request.post(
             ^^^^^^^^^^^^^^^^^^^
    ...<6 lines>...
    )
    ^
  File "C:\Users\Suhrob\ollama_chat\venv\Lib\site-packages\telegram\request\_baserequest.py", line 201, in post
    result = await self._request_wrapper(
             ^^^^^^^^^^^^^^^^^^^^^^^^^^^^
    ...<7 lines>...
    )
    ^
  File "C:\Users\Suhrob\ollama_chat\venv\Lib\site-packages\telegram\request\_baserequest.py", line 384, in _request_wrapper
    raise Conflict(message)
telegram.error.Conflict: Conflict: terminated by other getUpdates request; make sure that only one bot instance is running
2026-05-12 05:17:57 | INFO     | HTTP Request: POST https://api.telegram.org/bot8257984718:AAGMaRpeBDzAYTp_sbQ2MifX8HJ0QNYq_bk/getUpdates "HTTP/1.1 409 Conflict"
2026-05-12 05:17:57 | ERROR    | No error handlers are registered, logging exception.
Traceback (most recent call last):
  File "c:\Users\Suhrob\ollama_chat\.venv\Lib\site-packages\telegram\ext\_utils\networkloop.py", line 161, in network_retry_loop
    await do_action()
  File "c:\Users\Suhrob\ollama_chat\.venv\Lib\site-packages\telegram\ext\_utils\networkloop.py", line 154, in do_action
    action_cb_task.result()
    ~~~~~~~~~~~~~~~~~~~~~^^
  File "c:\Users\Suhrob\ollama_chat\.venv\Lib\site-packages\telegram\ext\_updater.py", line 340, in polling_action_cb
    updates = await self.bot.get_updates(
              ^^^^^^^^^^^^^^^^^^^^^^^^^^^
    ...<3 lines>...
    )
    ^
  File "c:\Users\Suhrob\ollama_chat\.venv\Lib\site-packages\telegram\ext\_extbot.py", line 672, in get_updates
    updates = await super().get_updates(
              ^^^^^^^^^^^^^^^^^^^^^^^^^^
    ...<9 lines>...
    )
    ^
  File "c:\Users\Suhrob\ollama_chat\.venv\Lib\site-packages\telegram\_bot.py", line 4865, in get_updates
    await self._post(
    ^^^^^^^^^^^^^^^^^
    ...<7 lines>...
    ),
    ^
  File "c:\Users\Suhrob\ollama_chat\.venv\Lib\site-packages\telegram\_bot.py", line 704, in _post
    return await self._do_post(
           ^^^^^^^^^^^^^^^^^^^^
    ...<6 lines>...
    )
    ^
  File "c:\Users\Suhrob\ollama_chat\.venv\Lib\site-packages\telegram\ext\_extbot.py", line 370, in _do_post
    return await super()._do_post(
           ^^^^^^^^^^^^^^^^^^^^^^^
    ...<6 lines>...
    )
    ^
  File "c:\Users\Suhrob\ollama_chat\.venv\Lib\site-packages\telegram\_bot.py", line 733, in _do_post
    result = await request.post(
             ^^^^^^^^^^^^^^^^^^^
    ...<6 lines>...
    )
    ^
  File "c:\Users\Suhrob\ollama_chat\.venv\Lib\site-packages\telegram\request\_baserequest.py", line 198, in post
    result = await self._request_wrapper(
             ^^^^^^^^^^^^^^^^^^^^^^^^^^^^
    ...<7 lines>...
    )
    ^
  File "c:\Users\Suhrob\ollama_chat\.venv\Lib\site-packages\telegram\request\_baserequest.py", line 375, in _request_wrapper
    raise exception
telegram.error.Conflict: Conflict: terminated by other getUpdates request; make sure that only one bot instance is running
2026-05-12 05:18:04 | INFO     | HTTP Request: POST https://api.telegram.org/bot8257984718:AAGMaRpeBDzAYTp_sbQ2MifX8HJ0QNYq_bk/getUpdates "HTTP/1.1 200 OK"
2026-05-12 05:18:14 | INFO     | HTTP Request: POST https://api.telegram.org/bot8257984718:AAGMaRpeBDzAYTp_sbQ2MifX8HJ0QNYq_bk/getUpdates "HTTP/1.1 200 OK"
2026-05-12 05:18:25 | INFO     | HTTP Request: POST https://api.telegram.org/bot8257984718:AAGMaRpeBDzAYTp_sbQ2MifX8HJ0QNYq_bk/getUpdates "HTTP/1.1 200 OK"
2026-05-12 05:18:28 | INFO     | HTTP Request: POST https://api.telegram.org/bot8257984718:AAGMaRpeBDzAYTp_sbQ2MifX8HJ0QNYq_bk/getUpdates "HTTP/1.1 409 Conflict"
2026-05-12 05:18:28 | ERROR    | No error handlers are registered, logging exception.
Traceback (most recent call last):
  File "C:\Users\Suhrob\ollama_chat\venv\Lib\site-packages\telegram\ext\_updater.py", line 753, in _network_loop_retry
    if not await do_action():
           ^^^^^^^^^^^^^^^^^
  File "C:\Users\Suhrob\ollama_chat\venv\Lib\site-packages\telegram\ext\_updater.py", line 747, in do_action
    return action_cb_task.result()
           ~~~~~~~~~~~~~~~~~~~~~^^
  File "C:\Users\Suhrob\ollama_chat\venv\Lib\site-packages\telegram\ext\_updater.py", line 377, in polling_action_cb
    updates = await self.bot.get_updates(
              ^^^^^^^^^^^^^^^^^^^^^^^^^^^
    ...<7 lines>...
    )
    ^
  File "C:\Users\Suhrob\ollama_chat\venv\Lib\site-packages\telegram\ext\_extbot.py", line 649, in get_updates
    updates = await super().get_updates(
              ^^^^^^^^^^^^^^^^^^^^^^^^^^
    ...<9 lines>...
    )
    ^
  File "C:\Users\Suhrob\ollama_chat\venv\Lib\site-packages\telegram\_bot.py", line 4366, in get_updates
    await self._post(
    ^^^^^^^^^^^^^^^^^
    ...<7 lines>...
    ),
    ^
  File "C:\Users\Suhrob\ollama_chat\venv\Lib\site-packages\telegram\_bot.py", line 623, in _post
    return await self._do_post(
           ^^^^^^^^^^^^^^^^^^^^
    ...<6 lines>...
    )
    ^
  File "C:\Users\Suhrob\ollama_chat\venv\Lib\site-packages\telegram\ext\_extbot.py", line 355, in _do_post
    return await super()._do_post(
           ^^^^^^^^^^^^^^^^^^^^^^^
    ...<6 lines>...
    )
    ^
  File "C:\Users\Suhrob\ollama_chat\venv\Lib\site-packages\telegram\_bot.py", line 652, in _do_post
    result = await request.post(
             ^^^^^^^^^^^^^^^^^^^
    ...<6 lines>...
    )
    ^
  File "C:\Users\Suhrob\ollama_chat\venv\Lib\site-packages\telegram\request\_baserequest.py", line 201, in post
    result = await self._request_wrapper(
             ^^^^^^^^^^^^^^^^^^^^^^^^^^^^
    ...<7 lines>...
    )
    ^
  File "C:\Users\Suhrob\ollama_chat\venv\Lib\site-packages\telegram\request\_baserequest.py", line 384, in _request_wrapper
    raise Conflict(message)
telegram.error.Conflict: Conflict: terminated by other getUpdates request; make sure that only one bot instance is running
2026-05-12 05:18:32 | INFO     | HTTP Request: POST https://api.telegram.org/bot8257984718:AAGMaRpeBDzAYTp_sbQ2MifX8HJ0QNYq_bk/getUpdates "HTTP/1.1 409 Conflict"
2026-05-12 05:18:32 | ERROR    | No error handlers are registered, logging exception.
Traceback (most recent call last):
  File "c:\Users\Suhrob\ollama_chat\.venv\Lib\site-packages\telegram\ext\_utils\networkloop.py", line 161, in network_retry_loop
    await do_action()
  File "c:\Users\Suhrob\ollama_chat\.venv\Lib\site-packages\telegram\ext\_utils\networkloop.py", line 154, in do_action
    action_cb_task.result()
    ~~~~~~~~~~~~~~~~~~~~~^^
  File "c:\Users\Suhrob\ollama_chat\.venv\Lib\site-packages\telegram\ext\_updater.py", line 340, in polling_action_cb
    updates = await self.bot.get_updates(
              ^^^^^^^^^^^^^^^^^^^^^^^^^^^
    ...<3 lines>...
    )
    ^
  File "c:\Users\Suhrob\ollama_chat\.venv\Lib\site-packages\telegram\ext\_extbot.py", line 672, in get_updates
    updates = await super().get_updates(
              ^^^^^^^^^^^^^^^^^^^^^^^^^^
    ...<9 lines>...
    )
    ^
  File "c:\Users\Suhrob\ollama_chat\.venv\Lib\site-packages\telegram\_bot.py", line 4865, in get_updates
    await self._post(
    ^^^^^^^^^^^^^^^^^
    ...<7 lines>...
    ),
    ^
  File "c:\Users\Suhrob\ollama_chat\.venv\Lib\site-packages\telegram\_bot.py", line 704, in _post
    return await self._do_post(
           ^^^^^^^^^^^^^^^^^^^^
    ...<6 lines>...
    )
    ^
  File "c:\Users\Suhrob\ollama_chat\.venv\Lib\site-packages\telegram\ext\_extbot.py", line 370, in _do_post
    return await super()._do_post(
           ^^^^^^^^^^^^^^^^^^^^^^^
    ...<6 lines>...
    )
    ^
  File "c:\Users\Suhrob\ollama_chat\.venv\Lib\site-packages\telegram\_bot.py", line 733, in _do_post
    result = await request.post(
             ^^^^^^^^^^^^^^^^^^^
    ...<6 lines>...
    )
    ^
  File "c:\Users\Suhrob\ollama_chat\.venv\Lib\site-packages\telegram\request\_baserequest.py", line 198, in post
    result = await self._request_wrapper(
             ^^^^^^^^^^^^^^^^^^^^^^^^^^^^
    ...<7 lines>...
    )
    ^
  File "c:\Users\Suhrob\ollama_chat\.venv\Lib\site-packages\telegram\request\_baserequest.py", line 375, in _request_wrapper
    raise exception
telegram.error.Conflict: Conflict: terminated by other getUpdates request; make sure that only one bot instance is running
2026-05-12 05:18:39 | INFO     | HTTP Request: POST https://api.telegram.org/bot8257984718:AAGMaRpeBDzAYTp_sbQ2MifX8HJ0QNYq_bk/getUpdates "HTTP/1.1 200 OK"
2026-05-12 05:18:49 | INFO     | HTTP Request: POST https://api.telegram.org/bot8257984718:AAGMaRpeBDzAYTp_sbQ2MifX8HJ0QNYq_bk/getUpdates "HTTP/1.1 200 OK"
2026-05-12 05:18:59 | INFO     | HTTP Request: POST https://api.telegram.org/bot8257984718:AAGMaRpeBDzAYTp_sbQ2MifX8HJ0QNYq_bk/getUpdates "HTTP/1.1 200 OK"
2026-05-12 05:19:03 | INFO     | HTTP Request: POST https://api.telegram.org/bot8257984718:AAGMaRpeBDzAYTp_sbQ2MifX8HJ0QNYq_bk/getUpdates "HTTP/1.1 409 Conflict"
2026-05-12 05:19:03 | ERROR    | No error handlers are registered, logging exception.
Traceback (most recent call last):
  File "C:\Users\Suhrob\ollama_chat\venv\Lib\site-packages\telegram\ext\_updater.py", line 753, in _network_loop_retry
    if not await do_action():
           ^^^^^^^^^^^^^^^^^
  File "C:\Users\Suhrob\ollama_chat\venv\Lib\site-packages\telegram\ext\_updater.py", line 747, in do_action
    return action_cb_task.result()
           ~~~~~~~~~~~~~~~~~~~~~^^
  File "C:\Users\Suhrob\ollama_chat\venv\Lib\site-packages\telegram\ext\_updater.py", line 377, in polling_action_cb
    updates = await self.bot.get_updates(
              ^^^^^^^^^^^^^^^^^^^^^^^^^^^
    ...<7 lines>...
    )
    ^
  File "C:\Users\Suhrob\ollama_chat\venv\Lib\site-packages\telegram\ext\_extbot.py", line 649, in get_updates
    updates = await super().get_updates(
              ^^^^^^^^^^^^^^^^^^^^^^^^^^
    ...<9 lines>...
    )
    ^
  File "C:\Users\Suhrob\ollama_chat\venv\Lib\site-packages\telegram\_bot.py", line 4366, in get_updates
    await self._post(
    ^^^^^^^^^^^^^^^^^
    ...<7 lines>...
    ),
    ^
  File "C:\Users\Suhrob\ollama_chat\venv\Lib\site-packages\telegram\_bot.py", line 623, in _post
    return await self._do_post(
           ^^^^^^^^^^^^^^^^^^^^
    ...<6 lines>...
    )
    ^
  File "C:\Users\Suhrob\ollama_chat\venv\Lib\site-packages\telegram\ext\_extbot.py", line 355, in _do_post
    return await super()._do_post(
           ^^^^^^^^^^^^^^^^^^^^^^^
    ...<6 lines>...
    )
    ^
  File "C:\Users\Suhrob\ollama_chat\venv\Lib\site-packages\telegram\_bot.py", line 652, in _do_post
    result = await request.post(
             ^^^^^^^^^^^^^^^^^^^
    ...<6 lines>...
    )
    ^
  File "C:\Users\Suhrob\ollama_chat\venv\Lib\site-packages\telegram\request\_baserequest.py", line 201, in post
    result = await self._request_wrapper(
             ^^^^^^^^^^^^^^^^^^^^^^^^^^^^
    ...<7 lines>...
    )
    ^
  File "C:\Users\Suhrob\ollama_chat\venv\Lib\site-packages\telegram\request\_baserequest.py", line 384, in _request_wrapper
    raise Conflict(message)
telegram.error.Conflict: Conflict: terminated by other getUpdates request; make sure that only one bot instance is running
2026-05-12 05:19:07 | INFO     | HTTP Request: POST https://api.telegram.org/bot8257984718:AAGMaRpeBDzAYTp_sbQ2MifX8HJ0QNYq_bk/getUpdates "HTTP/1.1 409 Conflict"
2026-05-12 05:19:07 | ERROR    | No error handlers are registered, logging exception.
Traceback (most recent call last):
  File "c:\Users\Suhrob\ollama_chat\.venv\Lib\site-packages\telegram\ext\_utils\networkloop.py", line 161, in network_retry_loop
    await do_action()
  File "c:\Users\Suhrob\ollama_chat\.venv\Lib\site-packages\telegram\ext\_utils\networkloop.py", line 154, in do_action
    action_cb_task.result()
    ~~~~~~~~~~~~~~~~~~~~~^^
  File "c:\Users\Suhrob\ollama_chat\.venv\Lib\site-packages\telegram\ext\_updater.py", line 340, in polling_action_cb
    updates = await self.bot.get_updates(
              ^^^^^^^^^^^^^^^^^^^^^^^^^^^
    ...<3 lines>...
    )
    ^
  File "c:\Users\Suhrob\ollama_chat\.venv\Lib\site-packages\telegram\ext\_extbot.py", line 672, in get_updates
    updates = await super().get_updates(
              ^^^^^^^^^^^^^^^^^^^^^^^^^^
    ...<9 lines>...
    )
    ^
  File "c:\Users\Suhrob\ollama_chat\.venv\Lib\site-packages\telegram\_bot.py", line 4865, in get_updates
    await self._post(
    ^^^^^^^^^^^^^^^^^
    ...<7 lines>...
    ),
    ^
  File "c:\Users\Suhrob\ollama_chat\.venv\Lib\site-packages\telegram\_bot.py", line 704, in _post
    return await self._do_post(
           ^^^^^^^^^^^^^^^^^^^^
    ...<6 lines>...
    )
    ^
  File "c:\Users\Suhrob\ollama_chat\.venv\Lib\site-packages\telegram\ext\_extbot.py", line 370, in _do_post
    return await super()._do_post(
           ^^^^^^^^^^^^^^^^^^^^^^^
    ...<6 lines>...
    )
    ^
  File "c:\Users\Suhrob\ollama_chat\.venv\Lib\site-packages\telegram\_bot.py", line 733, in _do_post
    result = await request.post(
             ^^^^^^^^^^^^^^^^^^^
    ...<6 lines>...
    )
    ^
  File "c:\Users\Suhrob\ollama_chat\.venv\Lib\site-packages\telegram\request\_baserequest.py", line 198, in post
    result = await self._request_wrapper(
             ^^^^^^^^^^^^^^^^^^^^^^^^^^^^
    ...<7 lines>...
    )
    ^
  File "c:\Users\Suhrob\ollama_chat\.venv\Lib\site-packages\telegram\request\_baserequest.py", line 375, in _request_wrapper
    raise exception
telegram.error.Conflict: Conflict: terminated by other getUpdates request; make sure that only one bot instance is running
2026-05-12 05:19:14 | INFO     | HTTP Request: POST https://api.telegram.org/bot8257984718:AAGMaRpeBDzAYTp_sbQ2MifX8HJ0QNYq_bk/getUpdates "HTTP/1.1 200 OK"
2026-05-12 05:19:24 | INFO     | HTTP Request: POST https://api.telegram.org/bot8257984718:AAGMaRpeBDzAYTp_sbQ2MifX8HJ0QNYq_bk/getUpdates "HTTP/1.1 200 OK"
2026-05-12 05:19:34 | INFO     | HTTP Request: POST https://api.telegram.org/bot8257984718:AAGMaRpeBDzAYTp_sbQ2MifX8HJ0QNYq_bk/getUpdates "HTTP/1.1 200 OK"
2026-05-12 05:19:38 | INFO     | HTTP Request: POST https://api.telegram.org/bot8257984718:AAGMaRpeBDzAYTp_sbQ2MifX8HJ0QNYq_bk/getUpdates "HTTP/1.1 409 Conflict"
2026-05-12 05:19:38 | ERROR    | No error handlers are registered, logging exception.
Traceback (most recent call last):
  File "C:\Users\Suhrob\ollama_chat\venv\Lib\site-packages\telegram\ext\_updater.py", line 753, in _network_loop_retry
    if not await do_action():
           ^^^^^^^^^^^^^^^^^
  File "C:\Users\Suhrob\ollama_chat\venv\Lib\site-packages\telegram\ext\_updater.py", line 747, in do_action
    return action_cb_task.result()
           ~~~~~~~~~~~~~~~~~~~~~^^
  File "C:\Users\Suhrob\ollama_chat\venv\Lib\site-packages\telegram\ext\_updater.py", line 377, in polling_action_cb
    updates = await self.bot.get_updates(
              ^^^^^^^^^^^^^^^^^^^^^^^^^^^
    ...<7 lines>...
    )
    ^
  File "C:\Users\Suhrob\ollama_chat\venv\Lib\site-packages\telegram\ext\_extbot.py", line 649, in get_updates
    updates = await super().get_updates(
              ^^^^^^^^^^^^^^^^^^^^^^^^^^
    ...<9 lines>...
    )
    ^
  File "C:\Users\Suhrob\ollama_chat\venv\Lib\site-packages\telegram\_bot.py", line 4366, in get_updates
    await self._post(
    ^^^^^^^^^^^^^^^^^
    ...<7 lines>...
    ),
    ^
  File "C:\Users\Suhrob\ollama_chat\venv\Lib\site-packages\telegram\_bot.py", line 623, in _post
    return await self._do_post(
           ^^^^^^^^^^^^^^^^^^^^
    ...<6 lines>...
    )
    ^
  File "C:\Users\Suhrob\ollama_chat\venv\Lib\site-packages\telegram\ext\_extbot.py", line 355, in _do_post
    return await super()._do_post(
           ^^^^^^^^^^^^^^^^^^^^^^^
    ...<6 lines>...
    )
    ^
  File "C:\Users\Suhrob\ollama_chat\venv\Lib\site-packages\telegram\_bot.py", line 652, in _do_post
    result = await request.post(
             ^^^^^^^^^^^^^^^^^^^
    ...<6 lines>...
    )
    ^
  File "C:\Users\Suhrob\ollama_chat\venv\Lib\site-packages\telegram\request\_baserequest.py", line 201, in post
    result = await self._request_wrapper(
             ^^^^^^^^^^^^^^^^^^^^^^^^^^^^
    ...<7 lines>...
    )
    ^
  File "C:\Users\Suhrob\ollama_chat\venv\Lib\site-packages\telegram\request\_baserequest.py", line 384, in _request_wrapper
    raise Conflict(message)
telegram.error.Conflict: Conflict: terminated by other getUpdates request; make sure that only one bot instance is running
2026-05-12 05:19:42 | INFO     | HTTP Request: POST https://api.telegram.org/bot8257984718:AAGMaRpeBDzAYTp_sbQ2MifX8HJ0QNYq_bk/getUpdates "HTTP/1.1 409 Conflict"
2026-05-12 05:19:42 | ERROR    | No error handlers are registered, logging exception.
Traceback (most recent call last):
  File "c:\Users\Suhrob\ollama_chat\.venv\Lib\site-packages\telegram\ext\_utils\networkloop.py", line 161, in network_retry_loop
    await do_action()
  File "c:\Users\Suhrob\ollama_chat\.venv\Lib\site-packages\telegram\ext\_utils\networkloop.py", line 154, in do_action
    action_cb_task.result()
    ~~~~~~~~~~~~~~~~~~~~~^^
  File "c:\Users\Suhrob\ollama_chat\.venv\Lib\site-packages\telegram\ext\_updater.py", line 340, in polling_action_cb
    updates = await self.bot.get_updates(
              ^^^^^^^^^^^^^^^^^^^^^^^^^^^
    ...<3 lines>...
    )
    ^
  File "c:\Users\Suhrob\ollama_chat\.venv\Lib\site-packages\telegram\ext\_extbot.py", line 672, in get_updates
    updates = await super().get_updates(
              ^^^^^^^^^^^^^^^^^^^^^^^^^^
    ...<9 lines>...
    )
    ^
  File "c:\Users\Suhrob\ollama_chat\.venv\Lib\site-packages\telegram\_bot.py", line 4865, in get_updates
    await self._post(
    ^^^^^^^^^^^^^^^^^
    ...<7 lines>...
    ),
    ^
  File "c:\Users\Suhrob\ollama_chat\.venv\Lib\site-packages\telegram\_bot.py", line 704, in _post
    return await self._do_post(
           ^^^^^^^^^^^^^^^^^^^^
    ...<6 lines>...
    )
    ^
  File "c:\Users\Suhrob\ollama_chat\.venv\Lib\site-packages\telegram\ext\_extbot.py", line 370, in _do_post
    return await super()._do_post(
           ^^^^^^^^^^^^^^^^^^^^^^^
    ...<6 lines>...
    )
    ^
  File "c:\Users\Suhrob\ollama_chat\.venv\Lib\site-packages\telegram\_bot.py", line 733, in _do_post
    result = await request.post(
             ^^^^^^^^^^^^^^^^^^^
    ...<6 lines>...
    )
    ^
  File "c:\Users\Suhrob\ollama_chat\.venv\Lib\site-packages\telegram\request\_baserequest.py", line 198, in post
    result = await self._request_wrapper(
             ^^^^^^^^^^^^^^^^^^^^^^^^^^^^
    ...<7 lines>...
    )
    ^
  File "c:\Users\Suhrob\ollama_chat\.venv\Lib\site-packages\telegram\request\_baserequest.py", line 375, in _request_wrapper
    raise exception
telegram.error.Conflict: Conflict: terminated by other getUpdates request; make sure that only one bot instance is running
2026-05-12 05:19:49 | INFO     | HTTP Request: POST https://api.telegram.org/bot8257984718:AAGMaRpeBDzAYTp_sbQ2MifX8HJ0QNYq_bk/getUpdates "HTTP/1.1 200 OK"
2026-05-12 05:19:59 | INFO     | HTTP Request: POST https://api.telegram.org/bot8257984718:AAGMaRpeBDzAYTp_sbQ2MifX8HJ0QNYq_bk/getUpdates "HTTP/1.1 200 OK"
2026-05-12 05:20:09 | INFO     | HTTP Request: POST https://api.telegram.org/bot8257984718:AAGMaRpeBDzAYTp_sbQ2MifX8HJ0QNYq_bk/getUpdates "HTTP/1.1 200 OK"
2026-05-12 05:20:12 | INFO     | HTTP Request: POST https://api.telegram.org/bot8257984718:AAGMaRpeBDzAYTp_sbQ2MifX8HJ0QNYq_bk/getUpdates "HTTP/1.1 409 Conflict"
2026-05-12 05:20:12 | ERROR    | No error handlers are registered, logging exception.
Traceback (most recent call last):
  File "C:\Users\Suhrob\ollama_chat\venv\Lib\site-packages\telegram\ext\_updater.py", line 753, in _network_loop_retry
    if not await do_action():
           ^^^^^^^^^^^^^^^^^
  File "C:\Users\Suhrob\ollama_chat\venv\Lib\site-packages\telegram\ext\_updater.py", line 747, in do_action
    return action_cb_task.result()
           ~~~~~~~~~~~~~~~~~~~~~^^
  File "C:\Users\Suhrob\ollama_chat\venv\Lib\site-packages\telegram\ext\_updater.py", line 377, in polling_action_cb
    updates = await self.bot.get_updates(
              ^^^^^^^^^^^^^^^^^^^^^^^^^^^
    ...<7 lines>...
    )
    ^
  File "C:\Users\Suhrob\ollama_chat\venv\Lib\site-packages\telegram\ext\_extbot.py", line 649, in get_updates
    updates = await super().get_updates(
              ^^^^^^^^^^^^^^^^^^^^^^^^^^
    ...<9 lines>...
    )
    ^
  File "C:\Users\Suhrob\ollama_chat\venv\Lib\site-packages\telegram\_bot.py", line 4366, in get_updates
    await self._post(
    ^^^^^^^^^^^^^^^^^
    ...<7 lines>...
    ),
    ^
  File "C:\Users\Suhrob\ollama_chat\venv\Lib\site-packages\telegram\_bot.py", line 623, in _post
    return await self._do_post(
           ^^^^^^^^^^^^^^^^^^^^
    ...<6 lines>...
    )
    ^
  File "C:\Users\Suhrob\ollama_chat\venv\Lib\site-packages\telegram\ext\_extbot.py", line 355, in _do_post
    return await super()._do_post(
           ^^^^^^^^^^^^^^^^^^^^^^^
    ...<6 lines>...
    )
    ^
  File "C:\Users\Suhrob\ollama_chat\venv\Lib\site-packages\telegram\_bot.py", line 652, in _do_post
    result = await request.post(
             ^^^^^^^^^^^^^^^^^^^
    ...<6 lines>...
    )
    ^
  File "C:\Users\Suhrob\ollama_chat\venv\Lib\site-packages\telegram\request\_baserequest.py", line 201, in post
    result = await self._request_wrapper(
             ^^^^^^^^^^^^^^^^^^^^^^^^^^^^
    ...<7 lines>...
    )
    ^
  File "C:\Users\Suhrob\ollama_chat\venv\Lib\site-packages\telegram\request\_baserequest.py", line 384, in _request_wrapper
    raise Conflict(message)
telegram.error.Conflict: Conflict: terminated by other getUpdates request; make sure that only one bot instance is running
2026-05-12 05:20:17 | INFO     | HTTP Request: POST https://api.telegram.org/bot8257984718:AAGMaRpeBDzAYTp_sbQ2MifX8HJ0QNYq_bk/getUpdates "HTTP/1.1 409 Conflict"
2026-05-12 05:20:17 | ERROR    | No error handlers are registered, logging exception.
Traceback (most recent call last):
  File "c:\Users\Suhrob\ollama_chat\.venv\Lib\site-packages\telegram\ext\_utils\networkloop.py", line 161, in network_retry_loop
    await do_action()
  File "c:\Users\Suhrob\ollama_chat\.venv\Lib\site-packages\telegram\ext\_utils\networkloop.py", line 154, in do_action
    action_cb_task.result()
    ~~~~~~~~~~~~~~~~~~~~~^^
  File "c:\Users\Suhrob\ollama_chat\.venv\Lib\site-packages\telegram\ext\_updater.py", line 340, in polling_action_cb
    updates = await self.bot.get_updates(
              ^^^^^^^^^^^^^^^^^^^^^^^^^^^
    ...<3 lines>...
    )
    ^
  File "c:\Users\Suhrob\ollama_chat\.venv\Lib\site-packages\telegram\ext\_extbot.py", line 672, in get_updates
    updates = await super().get_updates(
              ^^^^^^^^^^^^^^^^^^^^^^^^^^
    ...<9 lines>...
    )
    ^
  File "c:\Users\Suhrob\ollama_chat\.venv\Lib\site-packages\telegram\_bot.py", line 4865, in get_updates
    await self._post(
    ^^^^^^^^^^^^^^^^^
    ...<7 lines>...
    ),
    ^
  File "c:\Users\Suhrob\ollama_chat\.venv\Lib\site-packages\telegram\_bot.py", line 704, in _post
    return await self._do_post(
           ^^^^^^^^^^^^^^^^^^^^
    ...<6 lines>...
    )
    ^
  File "c:\Users\Suhrob\ollama_chat\.venv\Lib\site-packages\telegram\ext\_extbot.py", line 370, in _do_post
    return await super()._do_post(
           ^^^^^^^^^^^^^^^^^^^^^^^
    ...<6 lines>...
    )
    ^
  File "c:\Users\Suhrob\ollama_chat\.venv\Lib\site-packages\telegram\_bot.py", line 733, in _do_post
    result = await request.post(
             ^^^^^^^^^^^^^^^^^^^
    ...<6 lines>...
    )
    ^
  File "c:\Users\Suhrob\ollama_chat\.venv\Lib\site-packages\telegram\request\_baserequest.py", line 198, in post
    result = await self._request_wrapper(
             ^^^^^^^^^^^^^^^^^^^^^^^^^^^^
    ...<7 lines>...
    )
    ^
  File "c:\Users\Suhrob\ollama_chat\.venv\Lib\site-packages\telegram\request\_baserequest.py", line 375, in _request_wrapper
    raise exception
telegram.error.Conflict: Conflict: terminated by other getUpdates request; make sure that only one bot instance is running
2026-05-12 05:20:24 | INFO     | HTTP Request: POST https://api.telegram.org/bot8257984718:AAGMaRpeBDzAYTp_sbQ2MifX8HJ0QNYq_bk/getUpdates "HTTP/1.1 200 OK"
2026-05-12 05:20:34 | INFO     | HTTP Request: POST https://api.telegram.org/bot8257984718:AAGMaRpeBDzAYTp_sbQ2MifX8HJ0QNYq_bk/getUpdates "HTTP/1.1 200 OK"
2026-05-12 05:20:44 | INFO     | HTTP Request: POST https://api.telegram.org/bot8257984718:AAGMaRpeBDzAYTp_sbQ2MifX8HJ0QNYq_bk/getUpdates "HTTP/1.1 200 OK"
2026-05-12 05:20:47 | INFO     | HTTP Request: POST https://api.telegram.org/bot8257984718:AAGMaRpeBDzAYTp_sbQ2MifX8HJ0QNYq_bk/getUpdates "HTTP/1.1 409 Conflict"
2026-05-12 05:20:47 | ERROR    | No error handlers are registered, logging exception.
Traceback (most recent call last):
  File "C:\Users\Suhrob\ollama_chat\venv\Lib\site-packages\telegram\ext\_updater.py", line 753, in _network_loop_retry
    if not await do_action():
           ^^^^^^^^^^^^^^^^^
  File "C:\Users\Suhrob\ollama_chat\venv\Lib\site-packages\telegram\ext\_updater.py", line 747, in do_action
    return action_cb_task.result()
           ~~~~~~~~~~~~~~~~~~~~~^^
  File "C:\Users\Suhrob\ollama_chat\venv\Lib\site-packages\telegram\ext\_updater.py", line 377, in polling_action_cb
    updates = await self.bot.get_updates(
              ^^^^^^^^^^^^^^^^^^^^^^^^^^^
    ...<7 lines>...
    )
    ^
  File "C:\Users\Suhrob\ollama_chat\venv\Lib\site-packages\telegram\ext\_extbot.py", line 649, in get_updates
    updates = await super().get_updates(
              ^^^^^^^^^^^^^^^^^^^^^^^^^^
    ...<9 lines>...
    )
    ^
  File "C:\Users\Suhrob\ollama_chat\venv\Lib\site-packages\telegram\_bot.py", line 4366, in get_updates
    await self._post(
    ^^^^^^^^^^^^^^^^^
    ...<7 lines>...
    ),
    ^
  File "C:\Users\Suhrob\ollama_chat\venv\Lib\site-packages\telegram\_bot.py", line 623, in _post
    return await self._do_post(
           ^^^^^^^^^^^^^^^^^^^^
    ...<6 lines>...
    )
    ^
  File "C:\Users\Suhrob\ollama_chat\venv\Lib\site-packages\telegram\ext\_extbot.py", line 355, in _do_post
    return await super()._do_post(
           ^^^^^^^^^^^^^^^^^^^^^^^
    ...<6 lines>...
    )
    ^
  File "C:\Users\Suhrob\ollama_chat\venv\Lib\site-packages\telegram\_bot.py", line 652, in _do_post
    result = await request.post(
             ^^^^^^^^^^^^^^^^^^^
    ...<6 lines>...
    )
    ^
  File "C:\Users\Suhrob\ollama_chat\venv\Lib\site-packages\telegram\request\_baserequest.py", line 201, in post
    result = await self._request_wrapper(
             ^^^^^^^^^^^^^^^^^^^^^^^^^^^^
    ...<7 lines>...
    )
    ^
  File "C:\Users\Suhrob\ollama_chat\venv\Lib\site-packages\telegram\request\_baserequest.py", line 384, in _request_wrapper
    raise Conflict(message)
telegram.error.Conflict: Conflict: terminated by other getUpdates request; make sure that only one bot instance is running
2026-05-12 05:20:51 | INFO     | HTTP Request: POST https://api.telegram.org/bot8257984718:AAGMaRpeBDzAYTp_sbQ2MifX8HJ0QNYq_bk/getUpdates "HTTP/1.1 409 Conflict"
2026-05-12 05:20:51 | ERROR    | No error handlers are registered, logging exception.
Traceback (most recent call last):
  File "c:\Users\Suhrob\ollama_chat\.venv\Lib\site-packages\telegram\ext\_utils\networkloop.py", line 161, in network_retry_loop
    await do_action()
  File "c:\Users\Suhrob\ollama_chat\.venv\Lib\site-packages\telegram\ext\_utils\networkloop.py", line 154, in do_action
    action_cb_task.result()
    ~~~~~~~~~~~~~~~~~~~~~^^
  File "c:\Users\Suhrob\ollama_chat\.venv\Lib\site-packages\telegram\ext\_updater.py", line 340, in polling_action_cb
    updates = await self.bot.get_updates(
              ^^^^^^^^^^^^^^^^^^^^^^^^^^^
    ...<3 lines>...
    )
    ^
  File "c:\Users\Suhrob\ollama_chat\.venv\Lib\site-packages\telegram\ext\_extbot.py", line 672, in get_updates
    updates = await super().get_updates(
              ^^^^^^^^^^^^^^^^^^^^^^^^^^
    ...<9 lines>...
    )
    ^
  File "c:\Users\Suhrob\ollama_chat\.venv\Lib\site-packages\telegram\_bot.py", line 4865, in get_updates
    await self._post(
    ^^^^^^^^^^^^^^^^^
    ...<7 lines>...
    ),
    ^
  File "c:\Users\Suhrob\ollama_chat\.venv\Lib\site-packages\telegram\_bot.py", line 704, in _post
    return await self._do_post(
           ^^^^^^^^^^^^^^^^^^^^
    ...<6 lines>...
    )
    ^
  File "c:\Users\Suhrob\ollama_chat\.venv\Lib\site-packages\telegram\ext\_extbot.py", line 370, in _do_post
    return await super()._do_post(
           ^^^^^^^^^^^^^^^^^^^^^^^
    ...<6 lines>...
    )
    ^
  File "c:\Users\Suhrob\ollama_chat\.venv\Lib\site-packages\telegram\_bot.py", line 733, in _do_post
    result = await request.post(
             ^^^^^^^^^^^^^^^^^^^
    ...<6 lines>...
    )
    ^
  File "c:\Users\Suhrob\ollama_chat\.venv\Lib\site-packages\telegram\request\_baserequest.py", line 198, in post
    result = await self._request_wrapper(
             ^^^^^^^^^^^^^^^^^^^^^^^^^^^^
    ...<7 lines>...
    )
    ^
  File "c:\Users\Suhrob\ollama_chat\.venv\Lib\site-packages\telegram\request\_baserequest.py", line 375, in _request_wrapper
    raise exception
telegram.error.Conflict: Conflict: terminated by other getUpdates request; make sure that only one bot instance is running
2026-05-12 05:20:58 | INFO     | HTTP Request: POST https://api.telegram.org/bot8257984718:AAGMaRpeBDzAYTp_sbQ2MifX8HJ0QNYq_bk/getUpdates "HTTP/1.1 200 OK"
2026-05-12 05:21:08 | INFO     | HTTP Request: POST https://api.telegram.org/bot8257984718:AAGMaRpeBDzAYTp_sbQ2MifX8HJ0QNYq_bk/getUpdates "HTTP/1.1 200 OK"
2026-05-12 05:21:19 | INFO     | HTTP Request: POST https://api.telegram.org/bot8257984718:AAGMaRpeBDzAYTp_sbQ2MifX8HJ0QNYq_bk/getUpdates "HTTP/1.1 200 OK"
2026-05-12 05:21:22 | INFO     | HTTP Request: POST https://api.telegram.org/bot8257984718:AAGMaRpeBDzAYTp_sbQ2MifX8HJ0QNYq_bk/getUpdates "HTTP/1.1 409 Conflict"
2026-05-12 05:21:22 | ERROR    | No error handlers are registered, logging exception.
Traceback (most recent call last):
  File "C:\Users\Suhrob\ollama_chat\venv\Lib\site-packages\telegram\ext\_updater.py", line 753, in _network_loop_retry
    if not await do_action():
           ^^^^^^^^^^^^^^^^^
  File "C:\Users\Suhrob\ollama_chat\venv\Lib\site-packages\telegram\ext\_updater.py", line 747, in do_action
    return action_cb_task.result()
           ~~~~~~~~~~~~~~~~~~~~~^^
  File "C:\Users\Suhrob\ollama_chat\venv\Lib\site-packages\telegram\ext\_updater.py", line 377, in polling_action_cb
    updates = await self.bot.get_updates(
              ^^^^^^^^^^^^^^^^^^^^^^^^^^^
    ...<7 lines>...
    )
    ^
  File "C:\Users\Suhrob\ollama_chat\venv\Lib\site-packages\telegram\ext\_extbot.py", line 649, in get_updates
    updates = await super().get_updates(
              ^^^^^^^^^^^^^^^^^^^^^^^^^^
    ...<9 lines>...
    )
    ^
  File "C:\Users\Suhrob\ollama_chat\venv\Lib\site-packages\telegram\_bot.py", line 4366, in get_updates
    await self._post(
    ^^^^^^^^^^^^^^^^^
    ...<7 lines>...
    ),
    ^
  File "C:\Users\Suhrob\ollama_chat\venv\Lib\site-packages\telegram\_bot.py", line 623, in _post
    return await self._do_post(
           ^^^^^^^^^^^^^^^^^^^^
    ...<6 lines>...
    )
    ^
  File "C:\Users\Suhrob\ollama_chat\venv\Lib\site-packages\telegram\ext\_extbot.py", line 355, in _do_post
    return await super()._do_post(
           ^^^^^^^^^^^^^^^^^^^^^^^
    ...<6 lines>...
    )
    ^
  File "C:\Users\Suhrob\ollama_chat\venv\Lib\site-packages\telegram\_bot.py", line 652, in _do_post
    result = await request.post(
             ^^^^^^^^^^^^^^^^^^^
    ...<6 lines>...
    )
    ^
  File "C:\Users\Suhrob\ollama_chat\venv\Lib\site-packages\telegram\request\_baserequest.py", line 201, in post
    result = await self._request_wrapper(
             ^^^^^^^^^^^^^^^^^^^^^^^^^^^^
    ...<7 lines>...
    )
    ^
  File "C:\Users\Suhrob\ollama_chat\venv\Lib\site-packages\telegram\request\_baserequest.py", line 384, in _request_wrapper
    raise Conflict(message)
telegram.error.Conflict: Conflict: terminated by other getUpdates request; make sure that only one bot instance is running
2026-05-12 05:21:26 | INFO     | HTTP Request: POST https://api.telegram.org/bot8257984718:AAGMaRpeBDzAYTp_sbQ2MifX8HJ0QNYq_bk/getUpdates "HTTP/1.1 409 Conflict"
2026-05-12 05:21:26 | ERROR    | No error handlers are registered, logging exception.
Traceback (most recent call last):
  File "c:\Users\Suhrob\ollama_chat\.venv\Lib\site-packages\telegram\ext\_utils\networkloop.py", line 161, in network_retry_loop
    await do_action()
  File "c:\Users\Suhrob\ollama_chat\.venv\Lib\site-packages\telegram\ext\_utils\networkloop.py", line 154, in do_action
    action_cb_task.result()
    ~~~~~~~~~~~~~~~~~~~~~^^
  File "c:\Users\Suhrob\ollama_chat\.venv\Lib\site-packages\telegram\ext\_updater.py", line 340, in polling_action_cb
    updates = await self.bot.get_updates(
              ^^^^^^^^^^^^^^^^^^^^^^^^^^^
    ...<3 lines>...
    )
    ^
  File "c:\Users\Suhrob\ollama_chat\.venv\Lib\site-packages\telegram\ext\_extbot.py", line 672, in get_updates
    updates = await super().get_updates(
              ^^^^^^^^^^^^^^^^^^^^^^^^^^
    ...<9 lines>...
    )
    ^
  File "c:\Users\Suhrob\ollama_chat\.venv\Lib\site-packages\telegram\_bot.py", line 4865, in get_updates
    await self._post(
    ^^^^^^^^^^^^^^^^^
    ...<7 lines>...
    ),
    ^
  File "c:\Users\Suhrob\ollama_chat\.venv\Lib\site-packages\telegram\_bot.py", line 704, in _post
    return await self._do_post(
           ^^^^^^^^^^^^^^^^^^^^
    ...<6 lines>...
    )
    ^
  File "c:\Users\Suhrob\ollama_chat\.venv\Lib\site-packages\telegram\ext\_extbot.py", line 370, in _do_post
    return await super()._do_post(
           ^^^^^^^^^^^^^^^^^^^^^^^
    ...<6 lines>...
    )
    ^
  File "c:\Users\Suhrob\ollama_chat\.venv\Lib\site-packages\telegram\_bot.py", line 733, in _do_post
    result = await request.post(
             ^^^^^^^^^^^^^^^^^^^
    ...<6 lines>...
    )
    ^
  File "c:\Users\Suhrob\ollama_chat\.venv\Lib\site-packages\telegram\request\_baserequest.py", line 198, in post
    result = await self._request_wrapper(
             ^^^^^^^^^^^^^^^^^^^^^^^^^^^^
    ...<7 lines>...
    )
    ^
  File "c:\Users\Suhrob\ollama_chat\.venv\Lib\site-packages\telegram\request\_baserequest.py", line 375, in _request_wrapper
    raise exception
telegram.error.Conflict: Conflict: terminated by other getUpdates request; make sure that only one bot instance is running
2026-05-12 05:21:33 | INFO     | HTTP Request: POST https://api.telegram.org/bot8257984718:AAGMaRpeBDzAYTp_sbQ2MifX8HJ0QNYq_bk/getUpdates "HTTP/1.1 200 OK"
2026-05-12 05:21:43 | INFO     | HTTP Request: POST https://api.telegram.org/bot8257984718:AAGMaRpeBDzAYTp_sbQ2MifX8HJ0QNYq_bk/getUpdates "HTTP/1.1 200 OK"
2026-05-12 05:21:53 | INFO     | HTTP Request: POST https://api.telegram.org/bot8257984718:AAGMaRpeBDzAYTp_sbQ2MifX8HJ0QNYq_bk/getUpdates "HTTP/1.1 200 OK"
2026-05-12 05:21:57 | INFO     | HTTP Request: POST https://api.telegram.org/bot8257984718:AAGMaRpeBDzAYTp_sbQ2MifX8HJ0QNYq_bk/getUpdates "HTTP/1.1 409 Conflict"
2026-05-12 05:21:57 | ERROR    | No error handlers are registered, logging exception.
Traceback (most recent call last):
  File "C:\Users\Suhrob\ollama_chat\venv\Lib\site-packages\telegram\ext\_updater.py", line 753, in _network_loop_retry
    if not await do_action():
           ^^^^^^^^^^^^^^^^^
  File "C:\Users\Suhrob\ollama_chat\venv\Lib\site-packages\telegram\ext\_updater.py", line 747, in do_action
    return action_cb_task.result()
           ~~~~~~~~~~~~~~~~~~~~~^^
  File "C:\Users\Suhrob\ollama_chat\venv\Lib\site-packages\telegram\ext\_updater.py", line 377, in polling_action_cb
    updates = await self.bot.get_updates(
              ^^^^^^^^^^^^^^^^^^^^^^^^^^^
    ...<7 lines>...
    )
    ^
  File "C:\Users\Suhrob\ollama_chat\venv\Lib\site-packages\telegram\ext\_extbot.py", line 649, in get_updates
    updates = await super().get_updates(
              ^^^^^^^^^^^^^^^^^^^^^^^^^^
    ...<9 lines>...
    )
    ^
  File "C:\Users\Suhrob\ollama_chat\venv\Lib\site-packages\telegram\_bot.py", line 4366, in get_updates
    await self._post(
    ^^^^^^^^^^^^^^^^^
    ...<7 lines>...
    ),
    ^
  File "C:\Users\Suhrob\ollama_chat\venv\Lib\site-packages\telegram\_bot.py", line 623, in _post
    return await self._do_post(
           ^^^^^^^^^^^^^^^^^^^^
    ...<6 lines>...
    )
    ^
  File "C:\Users\Suhrob\ollama_chat\venv\Lib\site-packages\telegram\ext\_extbot.py", line 355, in _do_post
    return await super()._do_post(
           ^^^^^^^^^^^^^^^^^^^^^^^
    ...<6 lines>...
    )
    ^
  File "C:\Users\Suhrob\ollama_chat\venv\Lib\site-packages\telegram\_bot.py", line 652, in _do_post
    result = await request.post(
             ^^^^^^^^^^^^^^^^^^^
    ...<6 lines>...
    )
    ^
  File "C:\Users\Suhrob\ollama_chat\venv\Lib\site-packages\telegram\request\_baserequest.py", line 201, in post
    result = await self._request_wrapper(
             ^^^^^^^^^^^^^^^^^^^^^^^^^^^^
    ...<7 lines>...
    )
    ^
  File "C:\Users\Suhrob\ollama_chat\venv\Lib\site-packages\telegram\request\_baserequest.py", line 384, in _request_wrapper
    raise Conflict(message)
telegram.error.Conflict: Conflict: terminated by other getUpdates request; make sure that only one bot instance is running
2026-05-12 05:22:01 | INFO     | HTTP Request: POST https://api.telegram.org/bot8257984718:AAGMaRpeBDzAYTp_sbQ2MifX8HJ0QNYq_bk/getUpdates "HTTP/1.1 409 Conflict"
2026-05-12 05:22:01 | ERROR    | No error handlers are registered, logging exception.
Traceback (most recent call last):
  File "c:\Users\Suhrob\ollama_chat\.venv\Lib\site-packages\telegram\ext\_utils\networkloop.py", line 161, in network_retry_loop
    await do_action()
  File "c:\Users\Suhrob\ollama_chat\.venv\Lib\site-packages\telegram\ext\_utils\networkloop.py", line 154, in do_action
    action_cb_task.result()
    ~~~~~~~~~~~~~~~~~~~~~^^
  File "c:\Users\Suhrob\ollama_chat\.venv\Lib\site-packages\telegram\ext\_updater.py", line 340, in polling_action_cb
    updates = await self.bot.get_updates(
              ^^^^^^^^^^^^^^^^^^^^^^^^^^^
    ...<3 lines>...
    )
    ^
  File "c:\Users\Suhrob\ollama_chat\.venv\Lib\site-packages\telegram\ext\_extbot.py", line 672, in get_updates
    updates = await super().get_updates(
              ^^^^^^^^^^^^^^^^^^^^^^^^^^
    ...<9 lines>...
    )
    ^
  File "c:\Users\Suhrob\ollama_chat\.venv\Lib\site-packages\telegram\_bot.py", line 4865, in get_updates
    await self._post(
    ^^^^^^^^^^^^^^^^^
    ...<7 lines>...
    ),
    ^
  File "c:\Users\Suhrob\ollama_chat\.venv\Lib\site-packages\telegram\_bot.py", line 704, in _post
    return await self._do_post(
           ^^^^^^^^^^^^^^^^^^^^
    ...<6 lines>...
    )
    ^
  File "c:\Users\Suhrob\ollama_chat\.venv\Lib\site-packages\telegram\ext\_extbot.py", line 370, in _do_post
    return await super()._do_post(
           ^^^^^^^^^^^^^^^^^^^^^^^
    ...<6 lines>...
    )
    ^
  File "c:\Users\Suhrob\ollama_chat\.venv\Lib\site-packages\telegram\_bot.py", line 733, in _do_post
    result = await request.post(
             ^^^^^^^^^^^^^^^^^^^
    ...<6 lines>...
    )
    ^
  File "c:\Users\Suhrob\ollama_chat\.venv\Lib\site-packages\telegram\request\_baserequest.py", line 198, in post
    result = await self._request_wrapper(
             ^^^^^^^^^^^^^^^^^^^^^^^^^^^^
    ...<7 lines>...
    )
    ^
  File "c:\Users\Suhrob\ollama_chat\.venv\Lib\site-packages\telegram\request\_baserequest.py", line 375, in _request_wrapper
    raise exception
telegram.error.Conflict: Conflict: terminated by other getUpdates request; make sure that only one bot instance is running
2026-05-12 05:22:08 | INFO     | HTTP Request: POST https://api.telegram.org/bot8257984718:AAGMaRpeBDzAYTp_sbQ2MifX8HJ0QNYq_bk/getUpdates "HTTP/1.1 200 OK"
2026-05-12 05:22:18 | INFO     | HTTP Request: POST https://api.telegram.org/bot8257984718:AAGMaRpeBDzAYTp_sbQ2MifX8HJ0QNYq_bk/getUpdates "HTTP/1.1 200 OK"
2026-05-12 05:22:28 | INFO     | HTTP Request: POST https://api.telegram.org/bot8257984718:AAGMaRpeBDzAYTp_sbQ2MifX8HJ0QNYq_bk/getUpdates "HTTP/1.1 200 OK"
2026-05-12 05:22:31 | INFO     | HTTP Request: POST https://api.telegram.org/bot8257984718:AAGMaRpeBDzAYTp_sbQ2MifX8HJ0QNYq_bk/getUpdates "HTTP/1.1 409 Conflict"
2026-05-12 05:22:31 | ERROR    | No error handlers are registered, logging exception.
Traceback (most recent call last):
  File "C:\Users\Suhrob\ollama_chat\venv\Lib\site-packages\telegram\ext\_updater.py", line 753, in _network_loop_retry
    if not await do_action():
           ^^^^^^^^^^^^^^^^^
  File "C:\Users\Suhrob\ollama_chat\venv\Lib\site-packages\telegram\ext\_updater.py", line 747, in do_action
    return action_cb_task.result()
           ~~~~~~~~~~~~~~~~~~~~~^^
  File "C:\Users\Suhrob\ollama_chat\venv\Lib\site-packages\telegram\ext\_updater.py", line 377, in polling_action_cb
    updates = await self.bot.get_updates(
              ^^^^^^^^^^^^^^^^^^^^^^^^^^^
    ...<7 lines>...
    )
    ^
  File "C:\Users\Suhrob\ollama_chat\venv\Lib\site-packages\telegram\ext\_extbot.py", line 649, in get_updates
    updates = await super().get_updates(
              ^^^^^^^^^^^^^^^^^^^^^^^^^^
    ...<9 lines>...
    )
    ^
  File "C:\Users\Suhrob\ollama_chat\venv\Lib\site-packages\telegram\_bot.py", line 4366, in get_updates
    await self._post(
    ^^^^^^^^^^^^^^^^^
    ...<7 lines>...
    ),
    ^
  File "C:\Users\Suhrob\ollama_chat\venv\Lib\site-packages\telegram\_bot.py", line 623, in _post
    return await self._do_post(
           ^^^^^^^^^^^^^^^^^^^^
    ...<6 lines>...
    )
    ^
  File "C:\Users\Suhrob\ollama_chat\venv\Lib\site-packages\telegram\ext\_extbot.py", line 355, in _do_post
    return await super()._do_post(
           ^^^^^^^^^^^^^^^^^^^^^^^
    ...<6 lines>...
    )
    ^
  File "C:\Users\Suhrob\ollama_chat\venv\Lib\site-packages\telegram\_bot.py", line 652, in _do_post
    result = await request.post(
             ^^^^^^^^^^^^^^^^^^^
    ...<6 lines>...
    )
    ^
  File "C:\Users\Suhrob\ollama_chat\venv\Lib\site-packages\telegram\request\_baserequest.py", line 201, in post
    result = await self._request_wrapper(
             ^^^^^^^^^^^^^^^^^^^^^^^^^^^^
    ...<7 lines>...
    )
    ^
  File "C:\Users\Suhrob\ollama_chat\venv\Lib\site-packages\telegram\request\_baserequest.py", line 384, in _request_wrapper
    raise Conflict(message)
telegram.error.Conflict: Conflict: terminated by other getUpdates request; make sure that only one bot instance is running
2026-05-12 05:22:36 | INFO     | HTTP Request: POST https://api.telegram.org/bot8257984718:AAGMaRpeBDzAYTp_sbQ2MifX8HJ0QNYq_bk/getUpdates "HTTP/1.1 409 Conflict"
2026-05-12 05:22:36 | ERROR    | No error handlers are registered, logging exception.
Traceback (most recent call last):
  File "c:\Users\Suhrob\ollama_chat\.venv\Lib\site-packages\telegram\ext\_utils\networkloop.py", line 161, in network_retry_loop
    await do_action()
  File "c:\Users\Suhrob\ollama_chat\.venv\Lib\site-packages\telegram\ext\_utils\networkloop.py", line 154, in do_action
    action_cb_task.result()
    ~~~~~~~~~~~~~~~~~~~~~^^
  File "c:\Users\Suhrob\ollama_chat\.venv\Lib\site-packages\telegram\ext\_updater.py", line 340, in polling_action_cb
    updates = await self.bot.get_updates(
              ^^^^^^^^^^^^^^^^^^^^^^^^^^^
    ...<3 lines>...
    )
    ^
  File "c:\Users\Suhrob\ollama_chat\.venv\Lib\site-packages\telegram\ext\_extbot.py", line 672, in get_updates
    updates = await super().get_updates(
              ^^^^^^^^^^^^^^^^^^^^^^^^^^
    ...<9 lines>...
    )
    ^
  File "c:\Users\Suhrob\ollama_chat\.venv\Lib\site-packages\telegram\_bot.py", line 4865, in get_updates
    await self._post(
    ^^^^^^^^^^^^^^^^^
    ...<7 lines>...
    ),
    ^
  File "c:\Users\Suhrob\ollama_chat\.venv\Lib\site-packages\telegram\_bot.py", line 704, in _post
    return await self._do_post(
           ^^^^^^^^^^^^^^^^^^^^
    ...<6 lines>...
    )
    ^
  File "c:\Users\Suhrob\ollama_chat\.venv\Lib\site-packages\telegram\ext\_extbot.py", line 370, in _do_post
    return await super()._do_post(
           ^^^^^^^^^^^^^^^^^^^^^^^
    ...<6 lines>...
    )
    ^
  File "c:\Users\Suhrob\ollama_chat\.venv\Lib\site-packages\telegram\_bot.py", line 733, in _do_post
    result = await request.post(
             ^^^^^^^^^^^^^^^^^^^
    ...<6 lines>...
    )
    ^
  File "c:\Users\Suhrob\ollama_chat\.venv\Lib\site-packages\telegram\request\_baserequest.py", line 198, in post
    result = await self._request_wrapper(
             ^^^^^^^^^^^^^^^^^^^^^^^^^^^^
    ...<7 lines>...
    )
    ^
  File "c:\Users\Suhrob\ollama_chat\.venv\Lib\site-packages\telegram\request\_baserequest.py", line 375, in _request_wrapper
    raise exception
telegram.error.Conflict: Conflict: terminated by other getUpdates request; make sure that only one bot instance is running
2026-05-12 05:22:43 | INFO     | HTTP Request: POST https://api.telegram.org/bot8257984718:AAGMaRpeBDzAYTp_sbQ2MifX8HJ0QNYq_bk/getUpdates "HTTP/1.1 200 OK"
2026-05-12 05:22:53 | INFO     | HTTP Request: POST https://api.telegram.org/bot8257984718:AAGMaRpeBDzAYTp_sbQ2MifX8HJ0QNYq_bk/getUpdates "HTTP/1.1 200 OK"
2026-05-12 05:23:03 | INFO     | HTTP Request: POST https://api.telegram.org/bot8257984718:AAGMaRpeBDzAYTp_sbQ2MifX8HJ0QNYq_bk/getUpdates "HTTP/1.1 200 OK"
2026-05-12 05:23:06 | INFO     | HTTP Request: POST https://api.telegram.org/bot8257984718:AAGMaRpeBDzAYTp_sbQ2MifX8HJ0QNYq_bk/getUpdates "HTTP/1.1 409 Conflict"
2026-05-12 05:23:06 | ERROR    | No error handlers are registered, logging exception.
Traceback (most recent call last):
  File "C:\Users\Suhrob\ollama_chat\venv\Lib\site-packages\telegram\ext\_updater.py", line 753, in _network_loop_retry
    if not await do_action():
           ^^^^^^^^^^^^^^^^^
  File "C:\Users\Suhrob\ollama_chat\venv\Lib\site-packages\telegram\ext\_updater.py", line 747, in do_action
    return action_cb_task.result()
           ~~~~~~~~~~~~~~~~~~~~~^^
  File "C:\Users\Suhrob\ollama_chat\venv\Lib\site-packages\telegram\ext\_updater.py", line 377, in polling_action_cb
    updates = await self.bot.get_updates(
              ^^^^^^^^^^^^^^^^^^^^^^^^^^^
    ...<7 lines>...
    )
    ^
  File "C:\Users\Suhrob\ollama_chat\venv\Lib\site-packages\telegram\ext\_extbot.py", line 649, in get_updates
    updates = await super().get_updates(
              ^^^^^^^^^^^^^^^^^^^^^^^^^^
    ...<9 lines>...
    )
    ^
  File "C:\Users\Suhrob\ollama_chat\venv\Lib\site-packages\telegram\_bot.py", line 4366, in get_updates
    await self._post(
    ^^^^^^^^^^^^^^^^^
    ...<7 lines>...
    ),
    ^
  File "C:\Users\Suhrob\ollama_chat\venv\Lib\site-packages\telegram\_bot.py", line 623, in _post
    return await self._do_post(
           ^^^^^^^^^^^^^^^^^^^^
    ...<6 lines>...
    )
    ^
  File "C:\Users\Suhrob\ollama_chat\venv\Lib\site-packages\telegram\ext\_extbot.py", line 355, in _do_post
    return await super()._do_post(
           ^^^^^^^^^^^^^^^^^^^^^^^
    ...<6 lines>...
    )
    ^
  File "C:\Users\Suhrob\ollama_chat\venv\Lib\site-packages\telegram\_bot.py", line 652, in _do_post
    result = await request.post(
             ^^^^^^^^^^^^^^^^^^^
    ...<6 lines>...
    )
    ^
  File "C:\Users\Suhrob\ollama_chat\venv\Lib\site-packages\telegram\request\_baserequest.py", line 201, in post
    result = await self._request_wrapper(
             ^^^^^^^^^^^^^^^^^^^^^^^^^^^^
    ...<7 lines>...
    )
    ^
  File "C:\Users\Suhrob\ollama_chat\venv\Lib\site-packages\telegram\request\_baserequest.py", line 384, in _request_wrapper
    raise Conflict(message)
telegram.error.Conflict: Conflict: terminated by other getUpdates request; make sure that only one bot instance is running
2026-05-12 05:23:10 | INFO     | HTTP Request: POST https://api.telegram.org/bot8257984718:AAGMaRpeBDzAYTp_sbQ2MifX8HJ0QNYq_bk/getUpdates "HTTP/1.1 409 Conflict"
2026-05-12 05:23:10 | ERROR    | No error handlers are registered, logging exception.
Traceback (most recent call last):
  File "c:\Users\Suhrob\ollama_chat\.venv\Lib\site-packages\telegram\ext\_utils\networkloop.py", line 161, in network_retry_loop
    await do_action()
  File "c:\Users\Suhrob\ollama_chat\.venv\Lib\site-packages\telegram\ext\_utils\networkloop.py", line 154, in do_action
    action_cb_task.result()
    ~~~~~~~~~~~~~~~~~~~~~^^
  File "c:\Users\Suhrob\ollama_chat\.venv\Lib\site-packages\telegram\ext\_updater.py", line 340, in polling_action_cb
    updates = await self.bot.get_updates(
              ^^^^^^^^^^^^^^^^^^^^^^^^^^^
    ...<3 lines>...
    )
    ^
  File "c:\Users\Suhrob\ollama_chat\.venv\Lib\site-packages\telegram\ext\_extbot.py", line 672, in get_updates
    updates = await super().get_updates(
              ^^^^^^^^^^^^^^^^^^^^^^^^^^
    ...<9 lines>...
    )
    ^
  File "c:\Users\Suhrob\ollama_chat\.venv\Lib\site-packages\telegram\_bot.py", line 4865, in get_updates
    await self._post(
    ^^^^^^^^^^^^^^^^^
    ...<7 lines>...
    ),
    ^
  File "c:\Users\Suhrob\ollama_chat\.venv\Lib\site-packages\telegram\_bot.py", line 704, in _post
    return await self._do_post(
           ^^^^^^^^^^^^^^^^^^^^
    ...<6 lines>...
    )
    ^
  File "c:\Users\Suhrob\ollama_chat\.venv\Lib\site-packages\telegram\ext\_extbot.py", line 370, in _do_post
    return await super()._do_post(
           ^^^^^^^^^^^^^^^^^^^^^^^
    ...<6 lines>...
    )
    ^
  File "c:\Users\Suhrob\ollama_chat\.venv\Lib\site-packages\telegram\_bot.py", line 733, in _do_post
    result = await request.post(
             ^^^^^^^^^^^^^^^^^^^
    ...<6 lines>...
    )
    ^
  File "c:\Users\Suhrob\ollama_chat\.venv\Lib\site-packages\telegram\request\_baserequest.py", line 198, in post
    result = await self._request_wrapper(
             ^^^^^^^^^^^^^^^^^^^^^^^^^^^^
    ...<7 lines>...
    )
    ^
  File "c:\Users\Suhrob\ollama_chat\.venv\Lib\site-packages\telegram\request\_baserequest.py", line 375, in _request_wrapper
    raise exception
telegram.error.Conflict: Conflict: terminated by other getUpdates request; make sure that only one bot instance is running
2026-05-12 05:23:17 | INFO     | HTTP Request: POST https://api.telegram.org/bot8257984718:AAGMaRpeBDzAYTp_sbQ2MifX8HJ0QNYq_bk/getUpdates "HTTP/1.1 200 OK"
2026-05-12 05:23:28 | INFO     | HTTP Request: POST https://api.telegram.org/bot8257984718:AAGMaRpeBDzAYTp_sbQ2MifX8HJ0QNYq_bk/getUpdates "HTTP/1.1 200 OK"
2026-05-12 05:23:38 | INFO     | HTTP Request: POST https://api.telegram.org/bot8257984718:AAGMaRpeBDzAYTp_sbQ2MifX8HJ0QNYq_bk/getUpdates "HTTP/1.1 200 OK"
2026-05-12 05:23:41 | INFO     | HTTP Request: POST https://api.telegram.org/bot8257984718:AAGMaRpeBDzAYTp_sbQ2MifX8HJ0QNYq_bk/getUpdates "HTTP/1.1 409 Conflict"
2026-05-12 05:23:41 | ERROR    | No error handlers are registered, logging exception.
Traceback (most recent call last):
  File "C:\Users\Suhrob\ollama_chat\venv\Lib\site-packages\telegram\ext\_updater.py", line 753, in _network_loop_retry
    if not await do_action():
           ^^^^^^^^^^^^^^^^^
  File "C:\Users\Suhrob\ollama_chat\venv\Lib\site-packages\telegram\ext\_updater.py", line 747, in do_action
    return action_cb_task.result()
           ~~~~~~~~~~~~~~~~~~~~~^^
  File "C:\Users\Suhrob\ollama_chat\venv\Lib\site-packages\telegram\ext\_updater.py", line 377, in polling_action_cb
    updates = await self.bot.get_updates(
              ^^^^^^^^^^^^^^^^^^^^^^^^^^^
    ...<7 lines>...
    )
    ^
  File "C:\Users\Suhrob\ollama_chat\venv\Lib\site-packages\telegram\ext\_extbot.py", line 649, in get_updates
    updates = await super().get_updates(
              ^^^^^^^^^^^^^^^^^^^^^^^^^^
    ...<9 lines>...
    )
    ^
  File "C:\Users\Suhrob\ollama_chat\venv\Lib\site-packages\telegram\_bot.py", line 4366, in get_updates
    await self._post(
    ^^^^^^^^^^^^^^^^^
    ...<7 lines>...
    ),
    ^
  File "C:\Users\Suhrob\ollama_chat\venv\Lib\site-packages\telegram\_bot.py", line 623, in _post
    return await self._do_post(
           ^^^^^^^^^^^^^^^^^^^^
    ...<6 lines>...
    )
    ^
  File "C:\Users\Suhrob\ollama_chat\venv\Lib\site-packages\telegram\ext\_extbot.py", line 355, in _do_post
    return await super()._do_post(
           ^^^^^^^^^^^^^^^^^^^^^^^
    ...<6 lines>...
    )
    ^
  File "C:\Users\Suhrob\ollama_chat\venv\Lib\site-packages\telegram\_bot.py", line 652, in _do_post
    result = await request.post(
             ^^^^^^^^^^^^^^^^^^^
    ...<6 lines>...
    )
    ^
  File "C:\Users\Suhrob\ollama_chat\venv\Lib\site-packages\telegram\request\_baserequest.py", line 201, in post
    result = await self._request_wrapper(
             ^^^^^^^^^^^^^^^^^^^^^^^^^^^^
    ...<7 lines>...
    )
    ^
  File "C:\Users\Suhrob\ollama_chat\venv\Lib\site-packages\telegram\request\_baserequest.py", line 384, in _request_wrapper
    raise Conflict(message)
telegram.error.Conflict: Conflict: terminated by other getUpdates request; make sure that only one bot instance is running
2026-05-12 05:23:45 | INFO     | HTTP Request: POST https://api.telegram.org/bot8257984718:AAGMaRpeBDzAYTp_sbQ2MifX8HJ0QNYq_bk/getUpdates "HTTP/1.1 409 Conflict"
2026-05-12 05:23:45 | ERROR    | No error handlers are registered, logging exception.
Traceback (most recent call last):
  File "c:\Users\Suhrob\ollama_chat\.venv\Lib\site-packages\telegram\ext\_utils\networkloop.py", line 161, in network_retry_loop
    await do_action()
  File "c:\Users\Suhrob\ollama_chat\.venv\Lib\site-packages\telegram\ext\_utils\networkloop.py", line 154, in do_action
    action_cb_task.result()
    ~~~~~~~~~~~~~~~~~~~~~^^
  File "c:\Users\Suhrob\ollama_chat\.venv\Lib\site-packages\telegram\ext\_updater.py", line 340, in polling_action_cb
    updates = await self.bot.get_updates(
              ^^^^^^^^^^^^^^^^^^^^^^^^^^^
    ...<3 lines>...
    )
    ^
  File "c:\Users\Suhrob\ollama_chat\.venv\Lib\site-packages\telegram\ext\_extbot.py", line 672, in get_updates
    updates = await super().get_updates(
              ^^^^^^^^^^^^^^^^^^^^^^^^^^
    ...<9 lines>...
    )
    ^
  File "c:\Users\Suhrob\ollama_chat\.venv\Lib\site-packages\telegram\_bot.py", line 4865, in get_updates
    await self._post(
    ^^^^^^^^^^^^^^^^^
    ...<7 lines>...
    ),
    ^
  File "c:\Users\Suhrob\ollama_chat\.venv\Lib\site-packages\telegram\_bot.py", line 704, in _post
    return await self._do_post(
           ^^^^^^^^^^^^^^^^^^^^
    ...<6 lines>...
    )
    ^
  File "c:\Users\Suhrob\ollama_chat\.venv\Lib\site-packages\telegram\ext\_extbot.py", line 370, in _do_post
    return await super()._do_post(
           ^^^^^^^^^^^^^^^^^^^^^^^
    ...<6 lines>...
    )
    ^
  File "c:\Users\Suhrob\ollama_chat\.venv\Lib\site-packages\telegram\_bot.py", line 733, in _do_post
    result = await request.post(
             ^^^^^^^^^^^^^^^^^^^
    ...<6 lines>...
    )
    ^
  File "c:\Users\Suhrob\ollama_chat\.venv\Lib\site-packages\telegram\request\_baserequest.py", line 198, in post
    result = await self._request_wrapper(
             ^^^^^^^^^^^^^^^^^^^^^^^^^^^^
    ...<7 lines>...
    )
    ^
  File "c:\Users\Suhrob\ollama_chat\.venv\Lib\site-packages\telegram\request\_baserequest.py", line 375, in _request_wrapper
    raise exception
telegram.error.Conflict: Conflict: terminated by other getUpdates request; make sure that only one bot instance is running
2026-05-12 05:23:52 | INFO     | HTTP Request: POST https://api.telegram.org/bot8257984718:AAGMaRpeBDzAYTp_sbQ2MifX8HJ0QNYq_bk/getUpdates "HTTP/1.1 200 OK"
2026-05-12 05:24:03 | INFO     | HTTP Request: POST https://api.telegram.org/bot8257984718:AAGMaRpeBDzAYTp_sbQ2MifX8HJ0QNYq_bk/getUpdates "HTTP/1.1 200 OK"
2026-05-12 05:24:13 | INFO     | HTTP Request: POST https://api.telegram.org/bot8257984718:AAGMaRpeBDzAYTp_sbQ2MifX8HJ0QNYq_bk/getUpdates "HTTP/1.1 200 OK"
2026-05-12 05:24:16 | INFO     | HTTP Request: POST https://api.telegram.org/bot8257984718:AAGMaRpeBDzAYTp_sbQ2MifX8HJ0QNYq_bk/getUpdates "HTTP/1.1 409 Conflict"
2026-05-12 05:24:16 | ERROR    | No error handlers are registered, logging exception.
Traceback (most recent call last):
  File "C:\Users\Suhrob\ollama_chat\venv\Lib\site-packages\telegram\ext\_updater.py", line 753, in _network_loop_retry
    if not await do_action():
           ^^^^^^^^^^^^^^^^^
  File "C:\Users\Suhrob\ollama_chat\venv\Lib\site-packages\telegram\ext\_updater.py", line 747, in do_action
    return action_cb_task.result()
           ~~~~~~~~~~~~~~~~~~~~~^^
  File "C:\Users\Suhrob\ollama_chat\venv\Lib\site-packages\telegram\ext\_updater.py", line 377, in polling_action_cb
    updates = await self.bot.get_updates(
              ^^^^^^^^^^^^^^^^^^^^^^^^^^^
    ...<7 lines>...
    )
    ^
  File "C:\Users\Suhrob\ollama_chat\venv\Lib\site-packages\telegram\ext\_extbot.py", line 649, in get_updates
    updates = await super().get_updates(
              ^^^^^^^^^^^^^^^^^^^^^^^^^^
    ...<9 lines>...
    )
    ^
  File "C:\Users\Suhrob\ollama_chat\venv\Lib\site-packages\telegram\_bot.py", line 4366, in get_updates
    await self._post(
    ^^^^^^^^^^^^^^^^^
    ...<7 lines>...
    ),
    ^
  File "C:\Users\Suhrob\ollama_chat\venv\Lib\site-packages\telegram\_bot.py", line 623, in _post
    return await self._do_post(
           ^^^^^^^^^^^^^^^^^^^^
    ...<6 lines>...
    )
    ^
  File "C:\Users\Suhrob\ollama_chat\venv\Lib\site-packages\telegram\ext\_extbot.py", line 355, in _do_post
    return await super()._do_post(
           ^^^^^^^^^^^^^^^^^^^^^^^
    ...<6 lines>...
    )
    ^
  File "C:\Users\Suhrob\ollama_chat\venv\Lib\site-packages\telegram\_bot.py", line 652, in _do_post
    result = await request.post(
             ^^^^^^^^^^^^^^^^^^^
    ...<6 lines>...
    )
    ^
  File "C:\Users\Suhrob\ollama_chat\venv\Lib\site-packages\telegram\request\_baserequest.py", line 201, in post
    result = await self._request_wrapper(
             ^^^^^^^^^^^^^^^^^^^^^^^^^^^^
    ...<7 lines>...
    )
    ^
  File "C:\Users\Suhrob\ollama_chat\venv\Lib\site-packages\telegram\request\_baserequest.py", line 384, in _request_wrapper
    raise Conflict(message)
telegram.error.Conflict: Conflict: terminated by other getUpdates request; make sure that only one bot instance is running
2026-05-12 05:24:20 | INFO     | HTTP Request: POST https://api.telegram.org/bot8257984718:AAGMaRpeBDzAYTp_sbQ2MifX8HJ0QNYq_bk/getUpdates "HTTP/1.1 409 Conflict"
2026-05-12 05:24:20 | ERROR    | No error handlers are registered, logging exception.
Traceback (most recent call last):
  File "c:\Users\Suhrob\ollama_chat\.venv\Lib\site-packages\telegram\ext\_utils\networkloop.py", line 161, in network_retry_loop
    await do_action()
  File "c:\Users\Suhrob\ollama_chat\.venv\Lib\site-packages\telegram\ext\_utils\networkloop.py", line 154, in do_action
    action_cb_task.result()
    ~~~~~~~~~~~~~~~~~~~~~^^
  File "c:\Users\Suhrob\ollama_chat\.venv\Lib\site-packages\telegram\ext\_updater.py", line 340, in polling_action_cb
    updates = await self.bot.get_updates(
              ^^^^^^^^^^^^^^^^^^^^^^^^^^^
    ...<3 lines>...
    )
    ^
  File "c:\Users\Suhrob\ollama_chat\.venv\Lib\site-packages\telegram\ext\_extbot.py", line 672, in get_updates
    updates = await super().get_updates(
              ^^^^^^^^^^^^^^^^^^^^^^^^^^
    ...<9 lines>...
    )
    ^
  File "c:\Users\Suhrob\ollama_chat\.venv\Lib\site-packages\telegram\_bot.py", line 4865, in get_updates
    await self._post(
    ^^^^^^^^^^^^^^^^^
    ...<7 lines>...
    ),
    ^
  File "c:\Users\Suhrob\ollama_chat\.venv\Lib\site-packages\telegram\_bot.py", line 704, in _post
    return await self._do_post(
           ^^^^^^^^^^^^^^^^^^^^
    ...<6 lines>...
    )
    ^
  File "c:\Users\Suhrob\ollama_chat\.venv\Lib\site-packages\telegram\ext\_extbot.py", line 370, in _do_post
    return await super()._do_post(
           ^^^^^^^^^^^^^^^^^^^^^^^
    ...<6 lines>...
    )
    ^
  File "c:\Users\Suhrob\ollama_chat\.venv\Lib\site-packages\telegram\_bot.py", line 733, in _do_post
    result = await request.post(
             ^^^^^^^^^^^^^^^^^^^
    ...<6 lines>...
    )
    ^
  File "c:\Users\Suhrob\ollama_chat\.venv\Lib\site-packages\telegram\request\_baserequest.py", line 198, in post
    result = await self._request_wrapper(
             ^^^^^^^^^^^^^^^^^^^^^^^^^^^^
    ...<7 lines>...
    )
    ^
  File "c:\Users\Suhrob\ollama_chat\.venv\Lib\site-packages\telegram\request\_baserequest.py", line 375, in _request_wrapper
    raise exception
telegram.error.Conflict: Conflict: terminated by other getUpdates request; make sure that only one bot instance is running
2026-05-12 05:24:27 | INFO     | HTTP Request: POST https://api.telegram.org/bot8257984718:AAGMaRpeBDzAYTp_sbQ2MifX8HJ0QNYq_bk/getUpdates "HTTP/1.1 200 OK"
2026-05-12 05:24:37 | INFO     | HTTP Request: POST https://api.telegram.org/bot8257984718:AAGMaRpeBDzAYTp_sbQ2MifX8HJ0QNYq_bk/getUpdates "HTTP/1.1 200 OK"
2026-05-12 05:24:47 | INFO     | HTTP Request: POST https://api.telegram.org/bot8257984718:AAGMaRpeBDzAYTp_sbQ2MifX8HJ0QNYq_bk/getUpdates "HTTP/1.1 200 OK"
2026-05-12 05:24:51 | INFO     | HTTP Request: POST https://api.telegram.org/bot8257984718:AAGMaRpeBDzAYTp_sbQ2MifX8HJ0QNYq_bk/getUpdates "HTTP/1.1 409 Conflict"
2026-05-12 05:24:51 | ERROR    | No error handlers are registered, logging exception.
Traceback (most recent call last):
  File "C:\Users\Suhrob\ollama_chat\venv\Lib\site-packages\telegram\ext\_updater.py", line 753, in _network_loop_retry
    if not await do_action():
           ^^^^^^^^^^^^^^^^^
  File "C:\Users\Suhrob\ollama_chat\venv\Lib\site-packages\telegram\ext\_updater.py", line 747, in do_action
    return action_cb_task.result()
           ~~~~~~~~~~~~~~~~~~~~~^^
  File "C:\Users\Suhrob\ollama_chat\venv\Lib\site-packages\telegram\ext\_updater.py", line 377, in polling_action_cb
    updates = await self.bot.get_updates(
              ^^^^^^^^^^^^^^^^^^^^^^^^^^^
    ...<7 lines>...
    )
    ^
  File "C:\Users\Suhrob\ollama_chat\venv\Lib\site-packages\telegram\ext\_extbot.py", line 649, in get_updates
    updates = await super().get_updates(
              ^^^^^^^^^^^^^^^^^^^^^^^^^^
    ...<9 lines>...
    )
    ^
  File "C:\Users\Suhrob\ollama_chat\venv\Lib\site-packages\telegram\_bot.py", line 4366, in get_updates
    await self._post(
    ^^^^^^^^^^^^^^^^^
    ...<7 lines>...
    ),
    ^
  File "C:\Users\Suhrob\ollama_chat\venv\Lib\site-packages\telegram\_bot.py", line 623, in _post
    return await self._do_post(
           ^^^^^^^^^^^^^^^^^^^^
    ...<6 lines>...
    )
    ^
  File "C:\Users\Suhrob\ollama_chat\venv\Lib\site-packages\telegram\ext\_extbot.py", line 355, in _do_post
    return await super()._do_post(
           ^^^^^^^^^^^^^^^^^^^^^^^
    ...<6 lines>...
    )
    ^
  File "C:\Users\Suhrob\ollama_chat\venv\Lib\site-packages\telegram\_bot.py", line 652, in _do_post
    result = await request.post(
             ^^^^^^^^^^^^^^^^^^^
    ...<6 lines>...
    )
    ^
  File "C:\Users\Suhrob\ollama_chat\venv\Lib\site-packages\telegram\request\_baserequest.py", line 201, in post
    result = await self._request_wrapper(
             ^^^^^^^^^^^^^^^^^^^^^^^^^^^^
    ...<7 lines>...
    )
    ^
  File "C:\Users\Suhrob\ollama_chat\venv\Lib\site-packages\telegram\request\_baserequest.py", line 384, in _request_wrapper
    raise Conflict(message)
telegram.error.Conflict: Conflict: terminated by other getUpdates request; make sure that only one bot instance is running
2026-05-12 05:24:55 | INFO     | HTTP Request: POST https://api.telegram.org/bot8257984718:AAGMaRpeBDzAYTp_sbQ2MifX8HJ0QNYq_bk/getUpdates "HTTP/1.1 409 Conflict"
2026-05-12 05:24:55 | ERROR    | No error handlers are registered, logging exception.
Traceback (most recent call last):
  File "c:\Users\Suhrob\ollama_chat\.venv\Lib\site-packages\telegram\ext\_utils\networkloop.py", line 161, in network_retry_loop
    await do_action()
  File "c:\Users\Suhrob\ollama_chat\.venv\Lib\site-packages\telegram\ext\_utils\networkloop.py", line 154, in do_action
    action_cb_task.result()
    ~~~~~~~~~~~~~~~~~~~~~^^
  File "c:\Users\Suhrob\ollama_chat\.venv\Lib\site-packages\telegram\ext\_updater.py", line 340, in polling_action_cb
    updates = await self.bot.get_updates(
              ^^^^^^^^^^^^^^^^^^^^^^^^^^^
    ...<3 lines>...
    )
    ^
  File "c:\Users\Suhrob\ollama_chat\.venv\Lib\site-packages\telegram\ext\_extbot.py", line 672, in get_updates
    updates = await super().get_updates(
              ^^^^^^^^^^^^^^^^^^^^^^^^^^
    ...<9 lines>...
    )
    ^
  File "c:\Users\Suhrob\ollama_chat\.venv\Lib\site-packages\telegram\_bot.py", line 4865, in get_updates
    await self._post(
    ^^^^^^^^^^^^^^^^^
    ...<7 lines>...
    ),
    ^
  File "c:\Users\Suhrob\ollama_chat\.venv\Lib\site-packages\telegram\_bot.py", line 704, in _post
    return await self._do_post(
           ^^^^^^^^^^^^^^^^^^^^
    ...<6 lines>...
    )
    ^
  File "c:\Users\Suhrob\ollama_chat\.venv\Lib\site-packages\telegram\ext\_extbot.py", line 370, in _do_post
    return await super()._do_post(
           ^^^^^^^^^^^^^^^^^^^^^^^
    ...<6 lines>...
    )
    ^
  File "c:\Users\Suhrob\ollama_chat\.venv\Lib\site-packages\telegram\_bot.py", line 733, in _do_post
    result = await request.post(
             ^^^^^^^^^^^^^^^^^^^
    ...<6 lines>...
    )
    ^
  File "c:\Users\Suhrob\ollama_chat\.venv\Lib\site-packages\telegram\request\_baserequest.py", line 198, in post
    result = await self._request_wrapper(
             ^^^^^^^^^^^^^^^^^^^^^^^^^^^^
    ...<7 lines>...
    )
    ^
  File "c:\Users\Suhrob\ollama_chat\.venv\Lib\site-packages\telegram\request\_baserequest.py", line 375, in _request_wrapper
    raise exception
telegram.error.Conflict: Conflict: terminated by other getUpdates request; make sure that only one bot instance is running
2026-05-12 05:25:02 | INFO     | HTTP Request: POST https://api.telegram.org/bot8257984718:AAGMaRpeBDzAYTp_sbQ2MifX8HJ0QNYq_bk/getUpdates "HTTP/1.1 200 OK"
2026-05-12 05:25:12 | INFO     | HTTP Request: POST https://api.telegram.org/bot8257984718:AAGMaRpeBDzAYTp_sbQ2MifX8HJ0QNYq_bk/getUpdates "HTTP/1.1 200 OK"
2026-05-12 05:25:23 | INFO     | HTTP Request: POST https://api.telegram.org/bot8257984718:AAGMaRpeBDzAYTp_sbQ2MifX8HJ0QNYq_bk/getUpdates "HTTP/1.1 200 OK"
2026-05-12 05:25:26 | INFO     | HTTP Request: POST https://api.telegram.org/bot8257984718:AAGMaRpeBDzAYTp_sbQ2MifX8HJ0QNYq_bk/getUpdates "HTTP/1.1 409 Conflict"
2026-05-12 05:25:26 | ERROR    | No error handlers are registered, logging exception.
Traceback (most recent call last):
  File "C:\Users\Suhrob\ollama_chat\venv\Lib\site-packages\telegram\ext\_updater.py", line 753, in _network_loop_retry
    if not await do_action():
           ^^^^^^^^^^^^^^^^^
  File "C:\Users\Suhrob\ollama_chat\venv\Lib\site-packages\telegram\ext\_updater.py", line 747, in do_action
    return action_cb_task.result()
           ~~~~~~~~~~~~~~~~~~~~~^^
  File "C:\Users\Suhrob\ollama_chat\venv\Lib\site-packages\telegram\ext\_updater.py", line 377, in polling_action_cb
    updates = await self.bot.get_updates(
              ^^^^^^^^^^^^^^^^^^^^^^^^^^^
    ...<7 lines>...
    )
    ^
  File "C:\Users\Suhrob\ollama_chat\venv\Lib\site-packages\telegram\ext\_extbot.py", line 649, in get_updates
    updates = await super().get_updates(
              ^^^^^^^^^^^^^^^^^^^^^^^^^^
    ...<9 lines>...
    )
    ^
  File "C:\Users\Suhrob\ollama_chat\venv\Lib\site-packages\telegram\_bot.py", line 4366, in get_updates
    await self._post(
    ^^^^^^^^^^^^^^^^^
    ...<7 lines>...
    ),
    ^
  File "C:\Users\Suhrob\ollama_chat\venv\Lib\site-packages\telegram\_bot.py", line 623, in _post
    return await self._do_post(
           ^^^^^^^^^^^^^^^^^^^^
    ...<6 lines>...
    )
    ^
  File "C:\Users\Suhrob\ollama_chat\venv\Lib\site-packages\telegram\ext\_extbot.py", line 355, in _do_post
    return await super()._do_post(
           ^^^^^^^^^^^^^^^^^^^^^^^
    ...<6 lines>...
    )
    ^
  File "C:\Users\Suhrob\ollama_chat\venv\Lib\site-packages\telegram\_bot.py", line 652, in _do_post
    result = await request.post(
             ^^^^^^^^^^^^^^^^^^^
    ...<6 lines>...
    )
    ^
  File "C:\Users\Suhrob\ollama_chat\venv\Lib\site-packages\telegram\request\_baserequest.py", line 201, in post
    result = await self._request_wrapper(
             ^^^^^^^^^^^^^^^^^^^^^^^^^^^^
    ...<7 lines>...
    )
    ^
  File "C:\Users\Suhrob\ollama_chat\venv\Lib\site-packages\telegram\request\_baserequest.py", line 384, in _request_wrapper
    raise Conflict(message)
telegram.error.Conflict: Conflict: terminated by other getUpdates request; make sure that only one bot instance is running
2026-05-12 05:25:30 | INFO     | HTTP Request: POST https://api.telegram.org/bot8257984718:AAGMaRpeBDzAYTp_sbQ2MifX8HJ0QNYq_bk/getUpdates "HTTP/1.1 409 Conflict"
2026-05-12 05:25:30 | ERROR    | No error handlers are registered, logging exception.
Traceback (most recent call last):
  File "c:\Users\Suhrob\ollama_chat\.venv\Lib\site-packages\telegram\ext\_utils\networkloop.py", line 161, in network_retry_loop
    await do_action()
  File "c:\Users\Suhrob\ollama_chat\.venv\Lib\site-packages\telegram\ext\_utils\networkloop.py", line 154, in do_action
    action_cb_task.result()
    ~~~~~~~~~~~~~~~~~~~~~^^
  File "c:\Users\Suhrob\ollama_chat\.venv\Lib\site-packages\telegram\ext\_updater.py", line 340, in polling_action_cb
    updates = await self.bot.get_updates(
              ^^^^^^^^^^^^^^^^^^^^^^^^^^^
    ...<3 lines>...
    )
    ^
  File "c:\Users\Suhrob\ollama_chat\.venv\Lib\site-packages\telegram\ext\_extbot.py", line 672, in get_updates
    updates = await super().get_updates(
              ^^^^^^^^^^^^^^^^^^^^^^^^^^
    ...<9 lines>...
    )
    ^
  File "c:\Users\Suhrob\ollama_chat\.venv\Lib\site-packages\telegram\_bot.py", line 4865, in get_updates
    await self._post(
    ^^^^^^^^^^^^^^^^^
    ...<7 lines>...
    ),
    ^
  File "c:\Users\Suhrob\ollama_chat\.venv\Lib\site-packages\telegram\_bot.py", line 704, in _post
    return await self._do_post(
           ^^^^^^^^^^^^^^^^^^^^
    ...<6 lines>...
    )
    ^
  File "c:\Users\Suhrob\ollama_chat\.venv\Lib\site-packages\telegram\ext\_extbot.py", line 370, in _do_post
    return await super()._do_post(
           ^^^^^^^^^^^^^^^^^^^^^^^
    ...<6 lines>...
    )
    ^
  File "c:\Users\Suhrob\ollama_chat\.venv\Lib\site-packages\telegram\_bot.py", line 733, in _do_post
    result = await request.post(
             ^^^^^^^^^^^^^^^^^^^
    ...<6 lines>...
    )
    ^
  File "c:\Users\Suhrob\ollama_chat\.venv\Lib\site-packages\telegram\request\_baserequest.py", line 198, in post
    result = await self._request_wrapper(
             ^^^^^^^^^^^^^^^^^^^^^^^^^^^^
    ...<7 lines>...
    )
    ^
  File "c:\Users\Suhrob\ollama_chat\.venv\Lib\site-packages\telegram\request\_baserequest.py", line 375, in _request_wrapper
    raise exception
telegram.error.Conflict: Conflict: terminated by other getUpdates request; make sure that only one bot instance is running
2026-05-12 05:25:37 | INFO     | HTTP Request: POST https://api.telegram.org/bot8257984718:AAGMaRpeBDzAYTp_sbQ2MifX8HJ0QNYq_bk/getUpdates "HTTP/1.1 200 OK"
2026-05-12 05:25:47 | INFO     | HTTP Request: POST https://api.telegram.org/bot8257984718:AAGMaRpeBDzAYTp_sbQ2MifX8HJ0QNYq_bk/getUpdates "HTTP/1.1 200 OK"
2026-05-12 05:25:57 | INFO     | HTTP Request: POST https://api.telegram.org/bot8257984718:AAGMaRpeBDzAYTp_sbQ2MifX8HJ0QNYq_bk/getUpdates "HTTP/1.1 200 OK"
2026-05-12 05:26:01 | INFO     | HTTP Request: POST https://api.telegram.org/bot8257984718:AAGMaRpeBDzAYTp_sbQ2MifX8HJ0QNYq_bk/getUpdates "HTTP/1.1 409 Conflict"
2026-05-12 05:26:01 | ERROR    | No error handlers are registered, logging exception.
Traceback (most recent call last):
  File "C:\Users\Suhrob\ollama_chat\venv\Lib\site-packages\telegram\ext\_updater.py", line 753, in _network_loop_retry
    if not await do_action():
           ^^^^^^^^^^^^^^^^^
  File "C:\Users\Suhrob\ollama_chat\venv\Lib\site-packages\telegram\ext\_updater.py", line 747, in do_action
    return action_cb_task.result()
           ~~~~~~~~~~~~~~~~~~~~~^^
  File "C:\Users\Suhrob\ollama_chat\venv\Lib\site-packages\telegram\ext\_updater.py", line 377, in polling_action_cb
    updates = await self.bot.get_updates(
              ^^^^^^^^^^^^^^^^^^^^^^^^^^^
    ...<7 lines>...
    )
    ^
  File "C:\Users\Suhrob\ollama_chat\venv\Lib\site-packages\telegram\ext\_extbot.py", line 649, in get_updates
    updates = await super().get_updates(
              ^^^^^^^^^^^^^^^^^^^^^^^^^^
    ...<9 lines>...
    )
    ^
  File "C:\Users\Suhrob\ollama_chat\venv\Lib\site-packages\telegram\_bot.py", line 4366, in get_updates
    await self._post(
    ^^^^^^^^^^^^^^^^^
    ...<7 lines>...
    ),
    ^
  File "C:\Users\Suhrob\ollama_chat\venv\Lib\site-packages\telegram\_bot.py", line 623, in _post
    return await self._do_post(
           ^^^^^^^^^^^^^^^^^^^^
    ...<6 lines>...
    )
    ^
  File "C:\Users\Suhrob\ollama_chat\venv\Lib\site-packages\telegram\ext\_extbot.py", line 355, in _do_post
    return await super()._do_post(
           ^^^^^^^^^^^^^^^^^^^^^^^
    ...<6 lines>...
    )
    ^
  File "C:\Users\Suhrob\ollama_chat\venv\Lib\site-packages\telegram\_bot.py", line 652, in _do_post
    result = await request.post(
             ^^^^^^^^^^^^^^^^^^^
    ...<6 lines>...
    )
    ^
  File "C:\Users\Suhrob\ollama_chat\venv\Lib\site-packages\telegram\request\_baserequest.py", line 201, in post
    result = await self._request_wrapper(
             ^^^^^^^^^^^^^^^^^^^^^^^^^^^^
    ...<7 lines>...
    )
    ^
  File "C:\Users\Suhrob\ollama_chat\venv\Lib\site-packages\telegram\request\_baserequest.py", line 384, in _request_wrapper
    raise Conflict(message)
telegram.error.Conflict: Conflict: terminated by other getUpdates request; make sure that only one bot instance is running
2026-05-12 05:26:05 | INFO     | HTTP Request: POST https://api.telegram.org/bot8257984718:AAGMaRpeBDzAYTp_sbQ2MifX8HJ0QNYq_bk/getUpdates "HTTP/1.1 409 Conflict"
2026-05-12 05:26:05 | ERROR    | No error handlers are registered, logging exception.
Traceback (most recent call last):
  File "c:\Users\Suhrob\ollama_chat\.venv\Lib\site-packages\telegram\ext\_utils\networkloop.py", line 161, in network_retry_loop
    await do_action()
  File "c:\Users\Suhrob\ollama_chat\.venv\Lib\site-packages\telegram\ext\_utils\networkloop.py", line 154, in do_action
    action_cb_task.result()
    ~~~~~~~~~~~~~~~~~~~~~^^
  File "c:\Users\Suhrob\ollama_chat\.venv\Lib\site-packages\telegram\ext\_updater.py", line 340, in polling_action_cb
    updates = await self.bot.get_updates(
              ^^^^^^^^^^^^^^^^^^^^^^^^^^^
    ...<3 lines>...
    )
    ^
  File "c:\Users\Suhrob\ollama_chat\.venv\Lib\site-packages\telegram\ext\_extbot.py", line 672, in get_updates
    updates = await super().get_updates(
              ^^^^^^^^^^^^^^^^^^^^^^^^^^
    ...<9 lines>...
    )
    ^
  File "c:\Users\Suhrob\ollama_chat\.venv\Lib\site-packages\telegram\_bot.py", line 4865, in get_updates
    await self._post(
    ^^^^^^^^^^^^^^^^^
    ...<7 lines>...
    ),
    ^
  File "c:\Users\Suhrob\ollama_chat\.venv\Lib\site-packages\telegram\_bot.py", line 704, in _post
    return await self._do_post(
           ^^^^^^^^^^^^^^^^^^^^
    ...<6 lines>...
    )
    ^
  File "c:\Users\Suhrob\ollama_chat\.venv\Lib\site-packages\telegram\ext\_extbot.py", line 370, in _do_post
    return await super()._do_post(
           ^^^^^^^^^^^^^^^^^^^^^^^
    ...<6 lines>...
    )
    ^
  File "c:\Users\Suhrob\ollama_chat\.venv\Lib\site-packages\telegram\_bot.py", line 733, in _do_post
    result = await request.post(
             ^^^^^^^^^^^^^^^^^^^
    ...<6 lines>...
    )
    ^
  File "c:\Users\Suhrob\ollama_chat\.venv\Lib\site-packages\telegram\request\_baserequest.py", line 198, in post
    result = await self._request_wrapper(
             ^^^^^^^^^^^^^^^^^^^^^^^^^^^^
    ...<7 lines>...
    )
    ^
  File "c:\Users\Suhrob\ollama_chat\.venv\Lib\site-packages\telegram\request\_baserequest.py", line 375, in _request_wrapper
    raise exception
telegram.error.Conflict: Conflict: terminated by other getUpdates request; make sure that only one bot instance is running
2026-05-12 05:26:12 | INFO     | HTTP Request: POST https://api.telegram.org/bot8257984718:AAGMaRpeBDzAYTp_sbQ2MifX8HJ0QNYq_bk/getUpdates "HTTP/1.1 200 OK"
2026-05-12 05:26:22 | INFO     | HTTP Request: POST https://api.telegram.org/bot8257984718:AAGMaRpeBDzAYTp_sbQ2MifX8HJ0QNYq_bk/getUpdates "HTTP/1.1 200 OK"
2026-05-12 05:26:32 | INFO     | HTTP Request: POST https://api.telegram.org/bot8257984718:AAGMaRpeBDzAYTp_sbQ2MifX8HJ0QNYq_bk/getUpdates "HTTP/1.1 200 OK"
2026-05-12 05:26:36 | INFO     | HTTP Request: POST https://api.telegram.org/bot8257984718:AAGMaRpeBDzAYTp_sbQ2MifX8HJ0QNYq_bk/getUpdates "HTTP/1.1 409 Conflict"
2026-05-12 05:26:36 | ERROR    | No error handlers are registered, logging exception.
Traceback (most recent call last):
  File "C:\Users\Suhrob\ollama_chat\venv\Lib\site-packages\telegram\ext\_updater.py", line 753, in _network_loop_retry
    if not await do_action():
           ^^^^^^^^^^^^^^^^^
  File "C:\Users\Suhrob\ollama_chat\venv\Lib\site-packages\telegram\ext\_updater.py", line 747, in do_action
    return action_cb_task.result()
           ~~~~~~~~~~~~~~~~~~~~~^^
  File "C:\Users\Suhrob\ollama_chat\venv\Lib\site-packages\telegram\ext\_updater.py", line 377, in polling_action_cb
    updates = await self.bot.get_updates(
              ^^^^^^^^^^^^^^^^^^^^^^^^^^^
    ...<7 lines>...
    )
    ^
  File "C:\Users\Suhrob\ollama_chat\venv\Lib\site-packages\telegram\ext\_extbot.py", line 649, in get_updates
    updates = await super().get_updates(
              ^^^^^^^^^^^^^^^^^^^^^^^^^^
    ...<9 lines>...
    )
    ^
  File "C:\Users\Suhrob\ollama_chat\venv\Lib\site-packages\telegram\_bot.py", line 4366, in get_updates
    await self._post(
    ^^^^^^^^^^^^^^^^^
    ...<7 lines>...
    ),
    ^
  File "C:\Users\Suhrob\ollama_chat\venv\Lib\site-packages\telegram\_bot.py", line 623, in _post
    return await self._do_post(
           ^^^^^^^^^^^^^^^^^^^^
    ...<6 lines>...
    )
    ^
  File "C:\Users\Suhrob\ollama_chat\venv\Lib\site-packages\telegram\ext\_extbot.py", line 355, in _do_post
    return await super()._do_post(
           ^^^^^^^^^^^^^^^^^^^^^^^
    ...<6 lines>...
    )
    ^
  File "C:\Users\Suhrob\ollama_chat\venv\Lib\site-packages\telegram\_bot.py", line 652, in _do_post
    result = await request.post(
             ^^^^^^^^^^^^^^^^^^^
    ...<6 lines>...
    )
    ^
  File "C:\Users\Suhrob\ollama_chat\venv\Lib\site-packages\telegram\request\_baserequest.py", line 201, in post
    result = await self._request_wrapper(
             ^^^^^^^^^^^^^^^^^^^^^^^^^^^^
    ...<7 lines>...
    )
    ^
  File "C:\Users\Suhrob\ollama_chat\venv\Lib\site-packages\telegram\request\_baserequest.py", line 384, in _request_wrapper
    raise Conflict(message)
telegram.error.Conflict: Conflict: terminated by other getUpdates request; make sure that only one bot instance is running
2026-05-12 05:26:40 | INFO     | HTTP Request: POST https://api.telegram.org/bot8257984718:AAGMaRpeBDzAYTp_sbQ2MifX8HJ0QNYq_bk/getUpdates "HTTP/1.1 409 Conflict"
2026-05-12 05:26:40 | ERROR    | No error handlers are registered, logging exception.
Traceback (most recent call last):
  File "c:\Users\Suhrob\ollama_chat\.venv\Lib\site-packages\telegram\ext\_utils\networkloop.py", line 161, in network_retry_loop
    await do_action()
  File "c:\Users\Suhrob\ollama_chat\.venv\Lib\site-packages\telegram\ext\_utils\networkloop.py", line 154, in do_action
    action_cb_task.result()
    ~~~~~~~~~~~~~~~~~~~~~^^
  File "c:\Users\Suhrob\ollama_chat\.venv\Lib\site-packages\telegram\ext\_updater.py", line 340, in polling_action_cb
    updates = await self.bot.get_updates(
              ^^^^^^^^^^^^^^^^^^^^^^^^^^^
    ...<3 lines>...
    )
    ^
  File "c:\Users\Suhrob\ollama_chat\.venv\Lib\site-packages\telegram\ext\_extbot.py", line 672, in get_updates
    updates = await super().get_updates(
              ^^^^^^^^^^^^^^^^^^^^^^^^^^
    ...<9 lines>...
    )
    ^
  File "c:\Users\Suhrob\ollama_chat\.venv\Lib\site-packages\telegram\_bot.py", line 4865, in get_updates
    await self._post(
    ^^^^^^^^^^^^^^^^^
    ...<7 lines>...
    ),
    ^
  File "c:\Users\Suhrob\ollama_chat\.venv\Lib\site-packages\telegram\_bot.py", line 704, in _post
    return await self._do_post(
           ^^^^^^^^^^^^^^^^^^^^
    ...<6 lines>...
    )
    ^
  File "c:\Users\Suhrob\ollama_chat\.venv\Lib\site-packages\telegram\ext\_extbot.py", line 370, in _do_post
    return await super()._do_post(
           ^^^^^^^^^^^^^^^^^^^^^^^
    ...<6 lines>...
    )
    ^
  File "c:\Users\Suhrob\ollama_chat\.venv\Lib\site-packages\telegram\_bot.py", line 733, in _do_post
    result = await request.post(
             ^^^^^^^^^^^^^^^^^^^
    ...<6 lines>...
    )
    ^
  File "c:\Users\Suhrob\ollama_chat\.venv\Lib\site-packages\telegram\request\_baserequest.py", line 198, in post
    result = await self._request_wrapper(
             ^^^^^^^^^^^^^^^^^^^^^^^^^^^^
    ...<7 lines>...
    )
    ^
  File "c:\Users\Suhrob\ollama_chat\.venv\Lib\site-packages\telegram\request\_baserequest.py", line 375, in _request_wrapper
    raise exception
telegram.error.Conflict: Conflict: terminated by other getUpdates request; make sure that only one bot instance is running
2026-05-12 05:26:47 | INFO     | HTTP Request: POST https://api.telegram.org/bot8257984718:AAGMaRpeBDzAYTp_sbQ2MifX8HJ0QNYq_bk/getUpdates "HTTP/1.1 200 OK"
2026-05-12 05:26:57 | INFO     | HTTP Request: POST https://api.telegram.org/bot8257984718:AAGMaRpeBDzAYTp_sbQ2MifX8HJ0QNYq_bk/getUpdates "HTTP/1.1 200 OK"
2026-05-12 05:27:07 | INFO     | HTTP Request: POST https://api.telegram.org/bot8257984718:AAGMaRpeBDzAYTp_sbQ2MifX8HJ0QNYq_bk/getUpdates "HTTP/1.1 200 OK"
2026-05-12 05:27:10 | INFO     | HTTP Request: POST https://api.telegram.org/bot8257984718:AAGMaRpeBDzAYTp_sbQ2MifX8HJ0QNYq_bk/getUpdates "HTTP/1.1 409 Conflict"
2026-05-12 05:27:10 | ERROR    | No error handlers are registered, logging exception.
Traceback (most recent call last):
  File "C:\Users\Suhrob\ollama_chat\venv\Lib\site-packages\telegram\ext\_updater.py", line 753, in _network_loop_retry
    if not await do_action():
           ^^^^^^^^^^^^^^^^^
  File "C:\Users\Suhrob\ollama_chat\venv\Lib\site-packages\telegram\ext\_updater.py", line 747, in do_action
    return action_cb_task.result()
           ~~~~~~~~~~~~~~~~~~~~~^^
  File "C:\Users\Suhrob\ollama_chat\venv\Lib\site-packages\telegram\ext\_updater.py", line 377, in polling_action_cb
    updates = await self.bot.get_updates(
              ^^^^^^^^^^^^^^^^^^^^^^^^^^^
    ...<7 lines>...
    )
    ^
  File "C:\Users\Suhrob\ollama_chat\venv\Lib\site-packages\telegram\ext\_extbot.py", line 649, in get_updates
    updates = await super().get_updates(
              ^^^^^^^^^^^^^^^^^^^^^^^^^^
    ...<9 lines>...
    )
    ^
  File "C:\Users\Suhrob\ollama_chat\venv\Lib\site-packages\telegram\_bot.py", line 4366, in get_updates
    await self._post(
    ^^^^^^^^^^^^^^^^^
    ...<7 lines>...
    ),
    ^
  File "C:\Users\Suhrob\ollama_chat\venv\Lib\site-packages\telegram\_bot.py", line 623, in _post
    return await self._do_post(
           ^^^^^^^^^^^^^^^^^^^^
    ...<6 lines>...
    )
    ^
  File "C:\Users\Suhrob\ollama_chat\venv\Lib\site-packages\telegram\ext\_extbot.py", line 355, in _do_post
    return await super()._do_post(
           ^^^^^^^^^^^^^^^^^^^^^^^
    ...<6 lines>...
    )
    ^
  File "C:\Users\Suhrob\ollama_chat\venv\Lib\site-packages\telegram\_bot.py", line 652, in _do_post
    result = await request.post(
             ^^^^^^^^^^^^^^^^^^^
    ...<6 lines>...
    )
    ^
  File "C:\Users\Suhrob\ollama_chat\venv\Lib\site-packages\telegram\request\_baserequest.py", line 201, in post
    result = await self._request_wrapper(
             ^^^^^^^^^^^^^^^^^^^^^^^^^^^^
    ...<7 lines>...
    )
    ^
  File "C:\Users\Suhrob\ollama_chat\venv\Lib\site-packages\telegram\request\_baserequest.py", line 384, in _request_wrapper
    raise Conflict(message)
telegram.error.Conflict: Conflict: terminated by other getUpdates request; make sure that only one bot instance is running
2026-05-12 05:27:15 | INFO     | HTTP Request: POST https://api.telegram.org/bot8257984718:AAGMaRpeBDzAYTp_sbQ2MifX8HJ0QNYq_bk/getUpdates "HTTP/1.1 409 Conflict"
2026-05-12 05:27:15 | ERROR    | No error handlers are registered, logging exception.
Traceback (most recent call last):
  File "c:\Users\Suhrob\ollama_chat\.venv\Lib\site-packages\telegram\ext\_utils\networkloop.py", line 161, in network_retry_loop
    await do_action()
  File "c:\Users\Suhrob\ollama_chat\.venv\Lib\site-packages\telegram\ext\_utils\networkloop.py", line 154, in do_action
    action_cb_task.result()
    ~~~~~~~~~~~~~~~~~~~~~^^
  File "c:\Users\Suhrob\ollama_chat\.venv\Lib\site-packages\telegram\ext\_updater.py", line 340, in polling_action_cb
    updates = await self.bot.get_updates(
              ^^^^^^^^^^^^^^^^^^^^^^^^^^^
    ...<3 lines>...
    )
    ^
  File "c:\Users\Suhrob\ollama_chat\.venv\Lib\site-packages\telegram\ext\_extbot.py", line 672, in get_updates
    updates = await super().get_updates(
              ^^^^^^^^^^^^^^^^^^^^^^^^^^
    ...<9 lines>...
    )
    ^
  File "c:\Users\Suhrob\ollama_chat\.venv\Lib\site-packages\telegram\_bot.py", line 4865, in get_updates
    await self._post(
    ^^^^^^^^^^^^^^^^^
    ...<7 lines>...
    ),
    ^
  File "c:\Users\Suhrob\ollama_chat\.venv\Lib\site-packages\telegram\_bot.py", line 704, in _post
    return await self._do_post(
           ^^^^^^^^^^^^^^^^^^^^
    ...<6 lines>...
    )
    ^
  File "c:\Users\Suhrob\ollama_chat\.venv\Lib\site-packages\telegram\ext\_extbot.py", line 370, in _do_post
    return await super()._do_post(
           ^^^^^^^^^^^^^^^^^^^^^^^
    ...<6 lines>...
    )
    ^
  File "c:\Users\Suhrob\ollama_chat\.venv\Lib\site-packages\telegram\_bot.py", line 733, in _do_post
    result = await request.post(
             ^^^^^^^^^^^^^^^^^^^
    ...<6 lines>...
    )
    ^
  File "c:\Users\Suhrob\ollama_chat\.venv\Lib\site-packages\telegram\request\_baserequest.py", line 198, in post
    result = await self._request_wrapper(
             ^^^^^^^^^^^^^^^^^^^^^^^^^^^^
    ...<7 lines>...
    )
    ^
  File "c:\Users\Suhrob\ollama_chat\.venv\Lib\site-packages\telegram\request\_baserequest.py", line 375, in _request_wrapper
    raise exception
telegram.error.Conflict: Conflict: terminated by other getUpdates request; make sure that only one bot instance is running
2026-05-12 05:27:22 | INFO     | HTTP Request: POST https://api.telegram.org/bot8257984718:AAGMaRpeBDzAYTp_sbQ2MifX8HJ0QNYq_bk/getUpdates "HTTP/1.1 200 OK"
2026-05-12 05:27:32 | INFO     | HTTP Request: POST https://api.telegram.org/bot8257984718:AAGMaRpeBDzAYTp_sbQ2MifX8HJ0QNYq_bk/getUpdates "HTTP/1.1 200 OK"
2026-05-12 05:27:42 | INFO     | HTTP Request: POST https://api.telegram.org/bot8257984718:AAGMaRpeBDzAYTp_sbQ2MifX8HJ0QNYq_bk/getUpdates "HTTP/1.1 200 OK"
2026-05-12 05:27:45 | INFO     | HTTP Request: POST https://api.telegram.org/bot8257984718:AAGMaRpeBDzAYTp_sbQ2MifX8HJ0QNYq_bk/getUpdates "HTTP/1.1 409 Conflict"
2026-05-12 05:27:45 | ERROR    | No error handlers are registered, logging exception.
Traceback (most recent call last):
  File "C:\Users\Suhrob\ollama_chat\venv\Lib\site-packages\telegram\ext\_updater.py", line 753, in _network_loop_retry
    if not await do_action():
           ^^^^^^^^^^^^^^^^^
  File "C:\Users\Suhrob\ollama_chat\venv\Lib\site-packages\telegram\ext\_updater.py", line 747, in do_action
    return action_cb_task.result()
           ~~~~~~~~~~~~~~~~~~~~~^^
  File "C:\Users\Suhrob\ollama_chat\venv\Lib\site-packages\telegram\ext\_updater.py", line 377, in polling_action_cb
    updates = await self.bot.get_updates(
              ^^^^^^^^^^^^^^^^^^^^^^^^^^^
    ...<7 lines>...
    )
    ^
  File "C:\Users\Suhrob\ollama_chat\venv\Lib\site-packages\telegram\ext\_extbot.py", line 649, in get_updates
    updates = await super().get_updates(
              ^^^^^^^^^^^^^^^^^^^^^^^^^^
    ...<9 lines>...
    )
    ^
  File "C:\Users\Suhrob\ollama_chat\venv\Lib\site-packages\telegram\_bot.py", line 4366, in get_updates
    await self._post(
    ^^^^^^^^^^^^^^^^^
    ...<7 lines>...
    ),
    ^
  File "C:\Users\Suhrob\ollama_chat\venv\Lib\site-packages\telegram\_bot.py", line 623, in _post
    return await self._do_post(
           ^^^^^^^^^^^^^^^^^^^^
    ...<6 lines>...
    )
    ^
  File "C:\Users\Suhrob\ollama_chat\venv\Lib\site-packages\telegram\ext\_extbot.py", line 355, in _do_post
    return await super()._do_post(
           ^^^^^^^^^^^^^^^^^^^^^^^
    ...<6 lines>...
    )
    ^
  File "C:\Users\Suhrob\ollama_chat\venv\Lib\site-packages\telegram\_bot.py", line 652, in _do_post
    result = await request.post(
             ^^^^^^^^^^^^^^^^^^^
    ...<6 lines>...
    )
    ^
  File "C:\Users\Suhrob\ollama_chat\venv\Lib\site-packages\telegram\request\_baserequest.py", line 201, in post
    result = await self._request_wrapper(
             ^^^^^^^^^^^^^^^^^^^^^^^^^^^^
    ...<7 lines>...
    )
    ^
  File "C:\Users\Suhrob\ollama_chat\venv\Lib\site-packages\telegram\request\_baserequest.py", line 384, in _request_wrapper
    raise Conflict(message)
telegram.error.Conflict: Conflict: terminated by other getUpdates request; make sure that only one bot instance is running
2026-05-12 05:27:50 | INFO     | HTTP Request: POST https://api.telegram.org/bot8257984718:AAGMaRpeBDzAYTp_sbQ2MifX8HJ0QNYq_bk/getUpdates "HTTP/1.1 409 Conflict"
2026-05-12 05:27:50 | ERROR    | No error handlers are registered, logging exception.
Traceback (most recent call last):
  File "c:\Users\Suhrob\ollama_chat\.venv\Lib\site-packages\telegram\ext\_utils\networkloop.py", line 161, in network_retry_loop
    await do_action()
  File "c:\Users\Suhrob\ollama_chat\.venv\Lib\site-packages\telegram\ext\_utils\networkloop.py", line 154, in do_action
    action_cb_task.result()
    ~~~~~~~~~~~~~~~~~~~~~^^
  File "c:\Users\Suhrob\ollama_chat\.venv\Lib\site-packages\telegram\ext\_updater.py", line 340, in polling_action_cb
    updates = await self.bot.get_updates(
              ^^^^^^^^^^^^^^^^^^^^^^^^^^^
    ...<3 lines>...
    )
    ^
  File "c:\Users\Suhrob\ollama_chat\.venv\Lib\site-packages\telegram\ext\_extbot.py", line 672, in get_updates
    updates = await super().get_updates(
              ^^^^^^^^^^^^^^^^^^^^^^^^^^
    ...<9 lines>...
    )
    ^
  File "c:\Users\Suhrob\ollama_chat\.venv\Lib\site-packages\telegram\_bot.py", line 4865, in get_updates
    await self._post(
    ^^^^^^^^^^^^^^^^^
    ...<7 lines>...
    ),
    ^
  File "c:\Users\Suhrob\ollama_chat\.venv\Lib\site-packages\telegram\_bot.py", line 704, in _post
    return await self._do_post(
           ^^^^^^^^^^^^^^^^^^^^
    ...<6 lines>...
    )
    ^
  File "c:\Users\Suhrob\ollama_chat\.venv\Lib\site-packages\telegram\ext\_extbot.py", line 370, in _do_post
    return await super()._do_post(
           ^^^^^^^^^^^^^^^^^^^^^^^
    ...<6 lines>...
    )
    ^
  File "c:\Users\Suhrob\ollama_chat\.venv\Lib\site-packages\telegram\_bot.py", line 733, in _do_post
    result = await request.post(
             ^^^^^^^^^^^^^^^^^^^
    ...<6 lines>...
    )
    ^
  File "c:\Users\Suhrob\ollama_chat\.venv\Lib\site-packages\telegram\request\_baserequest.py", line 198, in post
    result = await self._request_wrapper(
             ^^^^^^^^^^^^^^^^^^^^^^^^^^^^
    ...<7 lines>...
    )
    ^
  File "c:\Users\Suhrob\ollama_chat\.venv\Lib\site-packages\telegram\request\_baserequest.py", line 375, in _request_wrapper
    raise exception
telegram.error.Conflict: Conflict: terminated by other getUpdates request; make sure that only one bot instance is running
2026-05-12 05:27:57 | INFO     | HTTP Request: POST https://api.telegram.org/bot8257984718:AAGMaRpeBDzAYTp_sbQ2MifX8HJ0QNYq_bk/getUpdates "HTTP/1.1 200 OK"
2026-05-12 05:28:07 | INFO     | HTTP Request: POST https://api.telegram.org/bot8257984718:AAGMaRpeBDzAYTp_sbQ2MifX8HJ0QNYq_bk/getUpdates "HTTP/1.1 200 OK"
2026-05-12 05:28:17 | INFO     | HTTP Request: POST https://api.telegram.org/bot8257984718:AAGMaRpeBDzAYTp_sbQ2MifX8HJ0QNYq_bk/getUpdates "HTTP/1.1 200 OK"
2026-05-12 05:28:20 | INFO     | HTTP Request: POST https://api.telegram.org/bot8257984718:AAGMaRpeBDzAYTp_sbQ2MifX8HJ0QNYq_bk/getUpdates "HTTP/1.1 409 Conflict"
2026-05-12 05:28:20 | ERROR    | No error handlers are registered, logging exception.
Traceback (most recent call last):
  File "C:\Users\Suhrob\ollama_chat\venv\Lib\site-packages\telegram\ext\_updater.py", line 753, in _network_loop_retry
    if not await do_action():
           ^^^^^^^^^^^^^^^^^
  File "C:\Users\Suhrob\ollama_chat\venv\Lib\site-packages\telegram\ext\_updater.py", line 747, in do_action
    return action_cb_task.result()
           ~~~~~~~~~~~~~~~~~~~~~^^
  File "C:\Users\Suhrob\ollama_chat\venv\Lib\site-packages\telegram\ext\_updater.py", line 377, in polling_action_cb
    updates = await self.bot.get_updates(
              ^^^^^^^^^^^^^^^^^^^^^^^^^^^
    ...<7 lines>...
    )
    ^
  File "C:\Users\Suhrob\ollama_chat\venv\Lib\site-packages\telegram\ext\_extbot.py", line 649, in get_updates
    updates = await super().get_updates(
              ^^^^^^^^^^^^^^^^^^^^^^^^^^
    ...<9 lines>...
    )
    ^
  File "C:\Users\Suhrob\ollama_chat\venv\Lib\site-packages\telegram\_bot.py", line 4366, in get_updates
    await self._post(
    ^^^^^^^^^^^^^^^^^
    ...<7 lines>...
    ),
    ^
  File "C:\Users\Suhrob\ollama_chat\venv\Lib\site-packages\telegram\_bot.py", line 623, in _post
    return await self._do_post(
           ^^^^^^^^^^^^^^^^^^^^
    ...<6 lines>...
    )
    ^
  File "C:\Users\Suhrob\ollama_chat\venv\Lib\site-packages\telegram\ext\_extbot.py", line 355, in _do_post
    return await super()._do_post(
           ^^^^^^^^^^^^^^^^^^^^^^^
    ...<6 lines>...
    )
    ^
  File "C:\Users\Suhrob\ollama_chat\venv\Lib\site-packages\telegram\_bot.py", line 652, in _do_post
    result = await request.post(
             ^^^^^^^^^^^^^^^^^^^
    ...<6 lines>...
    )
    ^
  File "C:\Users\Suhrob\ollama_chat\venv\Lib\site-packages\telegram\request\_baserequest.py", line 201, in post
    result = await self._request_wrapper(
             ^^^^^^^^^^^^^^^^^^^^^^^^^^^^
    ...<7 lines>...
    )
    ^
  File "C:\Users\Suhrob\ollama_chat\venv\Lib\site-packages\telegram\request\_baserequest.py", line 384, in _request_wrapper
    raise Conflict(message)
telegram.error.Conflict: Conflict: terminated by other getUpdates request; make sure that only one bot instance is running
2026-05-12 05:28:25 | INFO     | HTTP Request: POST https://api.telegram.org/bot8257984718:AAGMaRpeBDzAYTp_sbQ2MifX8HJ0QNYq_bk/getUpdates "HTTP/1.1 409 Conflict"
2026-05-12 05:28:25 | ERROR    | No error handlers are registered, logging exception.
Traceback (most recent call last):
  File "c:\Users\Suhrob\ollama_chat\.venv\Lib\site-packages\telegram\ext\_utils\networkloop.py", line 161, in network_retry_loop
    await do_action()
  File "c:\Users\Suhrob\ollama_chat\.venv\Lib\site-packages\telegram\ext\_utils\networkloop.py", line 154, in do_action
    action_cb_task.result()
    ~~~~~~~~~~~~~~~~~~~~~^^
  File "c:\Users\Suhrob\ollama_chat\.venv\Lib\site-packages\telegram\ext\_updater.py", line 340, in polling_action_cb
    updates = await self.bot.get_updates(
              ^^^^^^^^^^^^^^^^^^^^^^^^^^^
    ...<3 lines>...
    )
    ^
  File "c:\Users\Suhrob\ollama_chat\.venv\Lib\site-packages\telegram\ext\_extbot.py", line 672, in get_updates
    updates = await super().get_updates(
              ^^^^^^^^^^^^^^^^^^^^^^^^^^
    ...<9 lines>...
    )
    ^
  File "c:\Users\Suhrob\ollama_chat\.venv\Lib\site-packages\telegram\_bot.py", line 4865, in get_updates
    await self._post(
    ^^^^^^^^^^^^^^^^^
    ...<7 lines>...
    ),
    ^
  File "c:\Users\Suhrob\ollama_chat\.venv\Lib\site-packages\telegram\_bot.py", line 704, in _post
    return await self._do_post(
           ^^^^^^^^^^^^^^^^^^^^
    ...<6 lines>...
    )
    ^
  File "c:\Users\Suhrob\ollama_chat\.venv\Lib\site-packages\telegram\ext\_extbot.py", line 370, in _do_post
    return await super()._do_post(
           ^^^^^^^^^^^^^^^^^^^^^^^
    ...<6 lines>...
    )
    ^
  File "c:\Users\Suhrob\ollama_chat\.venv\Lib\site-packages\telegram\_bot.py", line 733, in _do_post
    result = await request.post(
             ^^^^^^^^^^^^^^^^^^^
    ...<6 lines>...
    )
    ^
  File "c:\Users\Suhrob\ollama_chat\.venv\Lib\site-packages\telegram\request\_baserequest.py", line 198, in post
    result = await self._request_wrapper(
             ^^^^^^^^^^^^^^^^^^^^^^^^^^^^
    ...<7 lines>...
    )
    ^
  File "c:\Users\Suhrob\ollama_chat\.venv\Lib\site-packages\telegram\request\_baserequest.py", line 375, in _request_wrapper
    raise exception
telegram.error.Conflict: Conflict: terminated by other getUpdates request; make sure that only one bot instance is running
2026-05-12 05:28:31 | INFO     | HTTP Request: POST https://api.telegram.org/bot8257984718:AAGMaRpeBDzAYTp_sbQ2MifX8HJ0QNYq_bk/getUpdates "HTTP/1.1 200 OK"
2026-05-12 05:28:42 | INFO     | HTTP Request: POST https://api.telegram.org/bot8257984718:AAGMaRpeBDzAYTp_sbQ2MifX8HJ0QNYq_bk/getUpdates "HTTP/1.1 200 OK"
2026-05-12 05:28:52 | INFO     | HTTP Request: POST https://api.telegram.org/bot8257984718:AAGMaRpeBDzAYTp_sbQ2MifX8HJ0QNYq_bk/getUpdates "HTTP/1.1 200 OK"
2026-05-12 05:28:55 | INFO     | HTTP Request: POST https://api.telegram.org/bot8257984718:AAGMaRpeBDzAYTp_sbQ2MifX8HJ0QNYq_bk/getUpdates "HTTP/1.1 409 Conflict"
2026-05-12 05:28:55 | ERROR    | No error handlers are registered, logging exception.
Traceback (most recent call last):
  File "C:\Users\Suhrob\ollama_chat\venv\Lib\site-packages\telegram\ext\_updater.py", line 753, in _network_loop_retry
    if not await do_action():
           ^^^^^^^^^^^^^^^^^
  File "C:\Users\Suhrob\ollama_chat\venv\Lib\site-packages\telegram\ext\_updater.py", line 747, in do_action
    return action_cb_task.result()
           ~~~~~~~~~~~~~~~~~~~~~^^
  File "C:\Users\Suhrob\ollama_chat\venv\Lib\site-packages\telegram\ext\_updater.py", line 377, in polling_action_cb
    updates = await self.bot.get_updates(
              ^^^^^^^^^^^^^^^^^^^^^^^^^^^
    ...<7 lines>...
    )
    ^
  File "C:\Users\Suhrob\ollama_chat\venv\Lib\site-packages\telegram\ext\_extbot.py", line 649, in get_updates
    updates = await super().get_updates(
              ^^^^^^^^^^^^^^^^^^^^^^^^^^
    ...<9 lines>...
    )
    ^
  File "C:\Users\Suhrob\ollama_chat\venv\Lib\site-packages\telegram\_bot.py", line 4366, in get_updates
    await self._post(
    ^^^^^^^^^^^^^^^^^
    ...<7 lines>...
    ),
    ^
  File "C:\Users\Suhrob\ollama_chat\venv\Lib\site-packages\telegram\_bot.py", line 623, in _post
    return await self._do_post(
           ^^^^^^^^^^^^^^^^^^^^
    ...<6 lines>...
    )
    ^
  File "C:\Users\Suhrob\ollama_chat\venv\Lib\site-packages\telegram\ext\_extbot.py", line 355, in _do_post
    return await super()._do_post(
           ^^^^^^^^^^^^^^^^^^^^^^^
    ...<6 lines>...
    )
    ^
  File "C:\Users\Suhrob\ollama_chat\venv\Lib\site-packages\telegram\_bot.py", line 652, in _do_post
    result = await request.post(
             ^^^^^^^^^^^^^^^^^^^
    ...<6 lines>...
    )
    ^
  File "C:\Users\Suhrob\ollama_chat\venv\Lib\site-packages\telegram\request\_baserequest.py", line 201, in post
    result = await self._request_wrapper(
             ^^^^^^^^^^^^^^^^^^^^^^^^^^^^
    ...<7 lines>...
    )
    ^
  File "C:\Users\Suhrob\ollama_chat\venv\Lib\site-packages\telegram\request\_baserequest.py", line 384, in _request_wrapper
    raise Conflict(message)
telegram.error.Conflict: Conflict: terminated by other getUpdates request; make sure that only one bot instance is running
2026-05-12 05:29:00 | INFO     | HTTP Request: POST https://api.telegram.org/bot8257984718:AAGMaRpeBDzAYTp_sbQ2MifX8HJ0QNYq_bk/getUpdates "HTTP/1.1 409 Conflict"
2026-05-12 05:29:00 | ERROR    | No error handlers are registered, logging exception.
Traceback (most recent call last):
  File "c:\Users\Suhrob\ollama_chat\.venv\Lib\site-packages\telegram\ext\_utils\networkloop.py", line 161, in network_retry_loop
    await do_action()
  File "c:\Users\Suhrob\ollama_chat\.venv\Lib\site-packages\telegram\ext\_utils\networkloop.py", line 154, in do_action
    action_cb_task.result()
    ~~~~~~~~~~~~~~~~~~~~~^^
  File "c:\Users\Suhrob\ollama_chat\.venv\Lib\site-packages\telegram\ext\_updater.py", line 340, in polling_action_cb
    updates = await self.bot.get_updates(
              ^^^^^^^^^^^^^^^^^^^^^^^^^^^
    ...<3 lines>...
    )
    ^
  File "c:\Users\Suhrob\ollama_chat\.venv\Lib\site-packages\telegram\ext\_extbot.py", line 672, in get_updates
    updates = await super().get_updates(
              ^^^^^^^^^^^^^^^^^^^^^^^^^^
    ...<9 lines>...
    )
    ^
  File "c:\Users\Suhrob\ollama_chat\.venv\Lib\site-packages\telegram\_bot.py", line 4865, in get_updates
    await self._post(
    ^^^^^^^^^^^^^^^^^
    ...<7 lines>...
    ),
    ^
  File "c:\Users\Suhrob\ollama_chat\.venv\Lib\site-packages\telegram\_bot.py", line 704, in _post
    return await self._do_post(
           ^^^^^^^^^^^^^^^^^^^^
    ...<6 lines>...
    )
    ^
  File "c:\Users\Suhrob\ollama_chat\.venv\Lib\site-packages\telegram\ext\_extbot.py", line 370, in _do_post
    return await super()._do_post(
           ^^^^^^^^^^^^^^^^^^^^^^^
    ...<6 lines>...
    )
    ^
  File "c:\Users\Suhrob\ollama_chat\.venv\Lib\site-packages\telegram\_bot.py", line 733, in _do_post
    result = await request.post(
             ^^^^^^^^^^^^^^^^^^^
    ...<6 lines>...
    )
    ^
  File "c:\Users\Suhrob\ollama_chat\.venv\Lib\site-packages\telegram\request\_baserequest.py", line 198, in post
    result = await self._request_wrapper(
             ^^^^^^^^^^^^^^^^^^^^^^^^^^^^
    ...<7 lines>...
    )
    ^
  File "c:\Users\Suhrob\ollama_chat\.venv\Lib\site-packages\telegram\request\_baserequest.py", line 375, in _request_wrapper
    raise exception
telegram.error.Conflict: Conflict: terminated by other getUpdates request; make sure that only one bot instance is running
2026-05-12 05:29:06 | INFO     | HTTP Request: POST https://api.telegram.org/bot8257984718:AAGMaRpeBDzAYTp_sbQ2MifX8HJ0QNYq_bk/getUpdates "HTTP/1.1 200 OK"
2026-05-12 05:29:17 | INFO     | HTTP Request: POST https://api.telegram.org/bot8257984718:AAGMaRpeBDzAYTp_sbQ2MifX8HJ0QNYq_bk/getUpdates "HTTP/1.1 200 OK"
2026-05-12 05:29:27 | INFO     | HTTP Request: POST https://api.telegram.org/bot8257984718:AAGMaRpeBDzAYTp_sbQ2MifX8HJ0QNYq_bk/getUpdates "HTTP/1.1 200 OK"
2026-05-12 05:29:30 | INFO     | HTTP Request: POST https://api.telegram.org/bot8257984718:AAGMaRpeBDzAYTp_sbQ2MifX8HJ0QNYq_bk/getUpdates "HTTP/1.1 409 Conflict"
2026-05-12 05:29:30 | ERROR    | No error handlers are registered, logging exception.
Traceback (most recent call last):
  File "C:\Users\Suhrob\ollama_chat\venv\Lib\site-packages\telegram\ext\_updater.py", line 753, in _network_loop_retry
    if not await do_action():
           ^^^^^^^^^^^^^^^^^
  File "C:\Users\Suhrob\ollama_chat\venv\Lib\site-packages\telegram\ext\_updater.py", line 747, in do_action
    return action_cb_task.result()
           ~~~~~~~~~~~~~~~~~~~~~^^
  File "C:\Users\Suhrob\ollama_chat\venv\Lib\site-packages\telegram\ext\_updater.py", line 377, in polling_action_cb
    updates = await self.bot.get_updates(
              ^^^^^^^^^^^^^^^^^^^^^^^^^^^
    ...<7 lines>...
    )
    ^
  File "C:\Users\Suhrob\ollama_chat\venv\Lib\site-packages\telegram\ext\_extbot.py", line 649, in get_updates
    updates = await super().get_updates(
              ^^^^^^^^^^^^^^^^^^^^^^^^^^
    ...<9 lines>...
    )
    ^
  File "C:\Users\Suhrob\ollama_chat\venv\Lib\site-packages\telegram\_bot.py", line 4366, in get_updates
    await self._post(
    ^^^^^^^^^^^^^^^^^
    ...<7 lines>...
    ),
    ^
  File "C:\Users\Suhrob\ollama_chat\venv\Lib\site-packages\telegram\_bot.py", line 623, in _post
    return await self._do_post(
           ^^^^^^^^^^^^^^^^^^^^
    ...<6 lines>...
    )
    ^
  File "C:\Users\Suhrob\ollama_chat\venv\Lib\site-packages\telegram\ext\_extbot.py", line 355, in _do_post
    return await super()._do_post(
           ^^^^^^^^^^^^^^^^^^^^^^^
    ...<6 lines>...
    )
    ^
  File "C:\Users\Suhrob\ollama_chat\venv\Lib\site-packages\telegram\_bot.py", line 652, in _do_post
    result = await request.post(
             ^^^^^^^^^^^^^^^^^^^
    ...<6 lines>...
    )
    ^
  File "C:\Users\Suhrob\ollama_chat\venv\Lib\site-packages\telegram\request\_baserequest.py", line 201, in post
    result = await self._request_wrapper(
             ^^^^^^^^^^^^^^^^^^^^^^^^^^^^
    ...<7 lines>...
    )
    ^
  File "C:\Users\Suhrob\ollama_chat\venv\Lib\site-packages\telegram\request\_baserequest.py", line 384, in _request_wrapper
    raise Conflict(message)
telegram.error.Conflict: Conflict: terminated by other getUpdates request; make sure that only one bot instance is running
2026-05-12 05:29:35 | INFO     | HTTP Request: POST https://api.telegram.org/bot8257984718:AAGMaRpeBDzAYTp_sbQ2MifX8HJ0QNYq_bk/getUpdates "HTTP/1.1 409 Conflict"
2026-05-12 05:29:35 | ERROR    | No error handlers are registered, logging exception.
Traceback (most recent call last):
  File "c:\Users\Suhrob\ollama_chat\.venv\Lib\site-packages\telegram\ext\_utils\networkloop.py", line 161, in network_retry_loop
    await do_action()
  File "c:\Users\Suhrob\ollama_chat\.venv\Lib\site-packages\telegram\ext\_utils\networkloop.py", line 154, in do_action
    action_cb_task.result()
    ~~~~~~~~~~~~~~~~~~~~~^^
  File "c:\Users\Suhrob\ollama_chat\.venv\Lib\site-packages\telegram\ext\_updater.py", line 340, in polling_action_cb
    updates = await self.bot.get_updates(
              ^^^^^^^^^^^^^^^^^^^^^^^^^^^
    ...<3 lines>...
    )
    ^
  File "c:\Users\Suhrob\ollama_chat\.venv\Lib\site-packages\telegram\ext\_extbot.py", line 672, in get_updates
    updates = await super().get_updates(
              ^^^^^^^^^^^^^^^^^^^^^^^^^^
    ...<9 lines>...
    )
    ^
  File "c:\Users\Suhrob\ollama_chat\.venv\Lib\site-packages\telegram\_bot.py", line 4865, in get_updates
    await self._post(
    ^^^^^^^^^^^^^^^^^
    ...<7 lines>...
    ),
    ^
  File "c:\Users\Suhrob\ollama_chat\.venv\Lib\site-packages\telegram\_bot.py", line 704, in _post
    return await self._do_post(
           ^^^^^^^^^^^^^^^^^^^^
    ...<6 lines>...
    )
    ^
  File "c:\Users\Suhrob\ollama_chat\.venv\Lib\site-packages\telegram\ext\_extbot.py", line 370, in _do_post
    return await super()._do_post(
           ^^^^^^^^^^^^^^^^^^^^^^^
    ...<6 lines>...
    )
    ^
  File "c:\Users\Suhrob\ollama_chat\.venv\Lib\site-packages\telegram\_bot.py", line 733, in _do_post
    result = await request.post(
             ^^^^^^^^^^^^^^^^^^^
    ...<6 lines>...
    )
    ^
  File "c:\Users\Suhrob\ollama_chat\.venv\Lib\site-packages\telegram\request\_baserequest.py", line 198, in post
    result = await self._request_wrapper(
             ^^^^^^^^^^^^^^^^^^^^^^^^^^^^
    ...<7 lines>...
    )
    ^
  File "c:\Users\Suhrob\ollama_chat\.venv\Lib\site-packages\telegram\request\_baserequest.py", line 375, in _request_wrapper
    raise exception
telegram.error.Conflict: Conflict: terminated by other getUpdates request; make sure that only one bot instance is running
2026-05-12 05:29:42 | INFO     | HTTP Request: POST https://api.telegram.org/bot8257984718:AAGMaRpeBDzAYTp_sbQ2MifX8HJ0QNYq_bk/getUpdates "HTTP/1.1 200 OK"
2026-05-12 05:29:52 | INFO     | HTTP Request: POST https://api.telegram.org/bot8257984718:AAGMaRpeBDzAYTp_sbQ2MifX8HJ0QNYq_bk/getUpdates "HTTP/1.1 200 OK"
2026-05-12 05:30:02 | INFO     | HTTP Request: POST https://api.telegram.org/bot8257984718:AAGMaRpeBDzAYTp_sbQ2MifX8HJ0QNYq_bk/getUpdates "HTTP/1.1 200 OK"
2026-05-12 05:30:05 | INFO     | HTTP Request: POST https://api.telegram.org/bot8257984718:AAGMaRpeBDzAYTp_sbQ2MifX8HJ0QNYq_bk/getUpdates "HTTP/1.1 409 Conflict"
2026-05-12 05:30:05 | ERROR    | No error handlers are registered, logging exception.
Traceback (most recent call last):
  File "C:\Users\Suhrob\ollama_chat\venv\Lib\site-packages\telegram\ext\_updater.py", line 753, in _network_loop_retry
    if not await do_action():
           ^^^^^^^^^^^^^^^^^
  File "C:\Users\Suhrob\ollama_chat\venv\Lib\site-packages\telegram\ext\_updater.py", line 747, in do_action
    return action_cb_task.result()
           ~~~~~~~~~~~~~~~~~~~~~^^
  File "C:\Users\Suhrob\ollama_chat\venv\Lib\site-packages\telegram\ext\_updater.py", line 377, in polling_action_cb
    updates = await self.bot.get_updates(
              ^^^^^^^^^^^^^^^^^^^^^^^^^^^
    ...<7 lines>...
    )
    ^
  File "C:\Users\Suhrob\ollama_chat\venv\Lib\site-packages\telegram\ext\_extbot.py", line 649, in get_updates
    updates = await super().get_updates(
              ^^^^^^^^^^^^^^^^^^^^^^^^^^
    ...<9 lines>...
    )
    ^
  File "C:\Users\Suhrob\ollama_chat\venv\Lib\site-packages\telegram\_bot.py", line 4366, in get_updates
    await self._post(
    ^^^^^^^^^^^^^^^^^
    ...<7 lines>...
    ),
    ^
  File "C:\Users\Suhrob\ollama_chat\venv\Lib\site-packages\telegram\_bot.py", line 623, in _post
    return await self._do_post(
           ^^^^^^^^^^^^^^^^^^^^
    ...<6 lines>...
    )
    ^
  File "C:\Users\Suhrob\ollama_chat\venv\Lib\site-packages\telegram\ext\_extbot.py", line 355, in _do_post
    return await super()._do_post(
           ^^^^^^^^^^^^^^^^^^^^^^^
    ...<6 lines>...
    )
    ^
  File "C:\Users\Suhrob\ollama_chat\venv\Lib\site-packages\telegram\_bot.py", line 652, in _do_post
    result = await request.post(
             ^^^^^^^^^^^^^^^^^^^
    ...<6 lines>...
    )
    ^
  File "C:\Users\Suhrob\ollama_chat\venv\Lib\site-packages\telegram\request\_baserequest.py", line 201, in post
    result = await self._request_wrapper(
             ^^^^^^^^^^^^^^^^^^^^^^^^^^^^
    ...<7 lines>...
    )
    ^
  File "C:\Users\Suhrob\ollama_chat\venv\Lib\site-packages\telegram\request\_baserequest.py", line 384, in _request_wrapper
    raise Conflict(message)
telegram.error.Conflict: Conflict: terminated by other getUpdates request; make sure that only one bot instance is running
2026-05-12 05:30:10 | INFO     | HTTP Request: POST https://api.telegram.org/bot8257984718:AAGMaRpeBDzAYTp_sbQ2MifX8HJ0QNYq_bk/getUpdates "HTTP/1.1 409 Conflict"
2026-05-12 05:30:10 | ERROR    | No error handlers are registered, logging exception.
Traceback (most recent call last):
  File "c:\Users\Suhrob\ollama_chat\.venv\Lib\site-packages\telegram\ext\_utils\networkloop.py", line 161, in network_retry_loop
    await do_action()
  File "c:\Users\Suhrob\ollama_chat\.venv\Lib\site-packages\telegram\ext\_utils\networkloop.py", line 154, in do_action
    action_cb_task.result()
    ~~~~~~~~~~~~~~~~~~~~~^^
  File "c:\Users\Suhrob\ollama_chat\.venv\Lib\site-packages\telegram\ext\_updater.py", line 340, in polling_action_cb
    updates = await self.bot.get_updates(
              ^^^^^^^^^^^^^^^^^^^^^^^^^^^
    ...<3 lines>...
    )
    ^
  File "c:\Users\Suhrob\ollama_chat\.venv\Lib\site-packages\telegram\ext\_extbot.py", line 672, in get_updates
    updates = await super().get_updates(
              ^^^^^^^^^^^^^^^^^^^^^^^^^^
    ...<9 lines>...
    )
    ^
  File "c:\Users\Suhrob\ollama_chat\.venv\Lib\site-packages\telegram\_bot.py", line 4865, in get_updates
    await self._post(
    ^^^^^^^^^^^^^^^^^
    ...<7 lines>...
    ),
    ^
  File "c:\Users\Suhrob\ollama_chat\.venv\Lib\site-packages\telegram\_bot.py", line 704, in _post
    return await self._do_post(
           ^^^^^^^^^^^^^^^^^^^^
    ...<6 lines>...
    )
    ^
  File "c:\Users\Suhrob\ollama_chat\.venv\Lib\site-packages\telegram\ext\_extbot.py", line 370, in _do_post
    return await super()._do_post(
           ^^^^^^^^^^^^^^^^^^^^^^^
    ...<6 lines>...
    )
    ^
  File "c:\Users\Suhrob\ollama_chat\.venv\Lib\site-packages\telegram\_bot.py", line 733, in _do_post
    result = await request.post(
             ^^^^^^^^^^^^^^^^^^^
    ...<6 lines>...
    )
    ^
  File "c:\Users\Suhrob\ollama_chat\.venv\Lib\site-packages\telegram\request\_baserequest.py", line 198, in post
    result = await self._request_wrapper(
             ^^^^^^^^^^^^^^^^^^^^^^^^^^^^
    ...<7 lines>...
    )
    ^
  File "c:\Users\Suhrob\ollama_chat\.venv\Lib\site-packages\telegram\request\_baserequest.py", line 375, in _request_wrapper
    raise exception
telegram.error.Conflict: Conflict: terminated by other getUpdates request; make sure that only one bot instance is running
2026-05-12 05:30:17 | INFO     | HTTP Request: POST https://api.telegram.org/bot8257984718:AAGMaRpeBDzAYTp_sbQ2MifX8HJ0QNYq_bk/getUpdates "HTTP/1.1 200 OK"
2026-05-12 05:30:27 | INFO     | HTTP Request: POST https://api.telegram.org/bot8257984718:AAGMaRpeBDzAYTp_sbQ2MifX8HJ0QNYq_bk/getUpdates "HTTP/1.1 200 OK"
2026-05-12 05:30:37 | INFO     | HTTP Request: POST https://api.telegram.org/bot8257984718:AAGMaRpeBDzAYTp_sbQ2MifX8HJ0QNYq_bk/getUpdates "HTTP/1.1 200 OK"
2026-05-12 05:30:40 | INFO     | HTTP Request: POST https://api.telegram.org/bot8257984718:AAGMaRpeBDzAYTp_sbQ2MifX8HJ0QNYq_bk/getUpdates "HTTP/1.1 409 Conflict"
2026-05-12 05:30:40 | ERROR    | No error handlers are registered, logging exception.
Traceback (most recent call last):
  File "C:\Users\Suhrob\ollama_chat\venv\Lib\site-packages\telegram\ext\_updater.py", line 753, in _network_loop_retry
    if not await do_action():
           ^^^^^^^^^^^^^^^^^
  File "C:\Users\Suhrob\ollama_chat\venv\Lib\site-packages\telegram\ext\_updater.py", line 747, in do_action
    return action_cb_task.result()
           ~~~~~~~~~~~~~~~~~~~~~^^
  File "C:\Users\Suhrob\ollama_chat\venv\Lib\site-packages\telegram\ext\_updater.py", line 377, in polling_action_cb
    updates = await self.bot.get_updates(
              ^^^^^^^^^^^^^^^^^^^^^^^^^^^
    ...<7 lines>...
    )
    ^
  File "C:\Users\Suhrob\ollama_chat\venv\Lib\site-packages\telegram\ext\_extbot.py", line 649, in get_updates
    updates = await super().get_updates(
              ^^^^^^^^^^^^^^^^^^^^^^^^^^
    ...<9 lines>...
    )
    ^
  File "C:\Users\Suhrob\ollama_chat\venv\Lib\site-packages\telegram\_bot.py", line 4366, in get_updates
    await self._post(
    ^^^^^^^^^^^^^^^^^
    ...<7 lines>...
    ),
    ^
  File "C:\Users\Suhrob\ollama_chat\venv\Lib\site-packages\telegram\_bot.py", line 623, in _post
    return await self._do_post(
           ^^^^^^^^^^^^^^^^^^^^
    ...<6 lines>...
    )
    ^
  File "C:\Users\Suhrob\ollama_chat\venv\Lib\site-packages\telegram\ext\_extbot.py", line 355, in _do_post
    return await super()._do_post(
           ^^^^^^^^^^^^^^^^^^^^^^^
    ...<6 lines>...
    )
    ^
  File "C:\Users\Suhrob\ollama_chat\venv\Lib\site-packages\telegram\_bot.py", line 652, in _do_post
    result = await request.post(
             ^^^^^^^^^^^^^^^^^^^
    ...<6 lines>...
    )
    ^
  File "C:\Users\Suhrob\ollama_chat\venv\Lib\site-packages\telegram\request\_baserequest.py", line 201, in post
    result = await self._request_wrapper(
             ^^^^^^^^^^^^^^^^^^^^^^^^^^^^
    ...<7 lines>...
    )
    ^
  File "C:\Users\Suhrob\ollama_chat\venv\Lib\site-packages\telegram\request\_baserequest.py", line 384, in _request_wrapper
    raise Conflict(message)
telegram.error.Conflict: Conflict: terminated by other getUpdates request; make sure that only one bot instance is running
2026-05-12 05:30:44 | INFO     | HTTP Request: POST https://api.telegram.org/bot8257984718:AAGMaRpeBDzAYTp_sbQ2MifX8HJ0QNYq_bk/getUpdates "HTTP/1.1 409 Conflict"
2026-05-12 05:30:44 | ERROR    | No error handlers are registered, logging exception.
Traceback (most recent call last):
  File "c:\Users\Suhrob\ollama_chat\.venv\Lib\site-packages\telegram\ext\_utils\networkloop.py", line 161, in network_retry_loop
    await do_action()
  File "c:\Users\Suhrob\ollama_chat\.venv\Lib\site-packages\telegram\ext\_utils\networkloop.py", line 154, in do_action
    action_cb_task.result()
    ~~~~~~~~~~~~~~~~~~~~~^^
  File "c:\Users\Suhrob\ollama_chat\.venv\Lib\site-packages\telegram\ext\_updater.py", line 340, in polling_action_cb
    updates = await self.bot.get_updates(
              ^^^^^^^^^^^^^^^^^^^^^^^^^^^
    ...<3 lines>...
    )
    ^
  File "c:\Users\Suhrob\ollama_chat\.venv\Lib\site-packages\telegram\ext\_extbot.py", line 672, in get_updates
    updates = await super().get_updates(
              ^^^^^^^^^^^^^^^^^^^^^^^^^^
    ...<9 lines>...
    )
    ^
  File "c:\Users\Suhrob\ollama_chat\.venv\Lib\site-packages\telegram\_bot.py", line 4865, in get_updates
    await self._post(
    ^^^^^^^^^^^^^^^^^
    ...<7 lines>...
    ),
    ^
  File "c:\Users\Suhrob\ollama_chat\.venv\Lib\site-packages\telegram\_bot.py", line 704, in _post
    return await self._do_post(
           ^^^^^^^^^^^^^^^^^^^^
    ...<6 lines>...
    )
    ^
  File "c:\Users\Suhrob\ollama_chat\.venv\Lib\site-packages\telegram\ext\_extbot.py", line 370, in _do_post
    return await super()._do_post(
           ^^^^^^^^^^^^^^^^^^^^^^^
    ...<6 lines>...
    )
    ^
  File "c:\Users\Suhrob\ollama_chat\.venv\Lib\site-packages\telegram\_bot.py", line 733, in _do_post
    result = await request.post(
             ^^^^^^^^^^^^^^^^^^^
    ...<6 lines>...
    )
    ^
  File "c:\Users\Suhrob\ollama_chat\.venv\Lib\site-packages\telegram\request\_baserequest.py", line 198, in post
    result = await self._request_wrapper(
             ^^^^^^^^^^^^^^^^^^^^^^^^^^^^
    ...<7 lines>...
    )
    ^
  File "c:\Users\Suhrob\ollama_chat\.venv\Lib\site-packages\telegram\request\_baserequest.py", line 375, in _request_wrapper
    raise exception
telegram.error.Conflict: Conflict: terminated by other getUpdates request; make sure that only one bot instance is running
2026-05-12 05:30:51 | INFO     | HTTP Request: POST https://api.telegram.org/bot8257984718:AAGMaRpeBDzAYTp_sbQ2MifX8HJ0QNYq_bk/getUpdates "HTTP/1.1 200 OK"
2026-05-12 05:31:02 | INFO     | HTTP Request: POST https://api.telegram.org/bot8257984718:AAGMaRpeBDzAYTp_sbQ2MifX8HJ0QNYq_bk/getUpdates "HTTP/1.1 200 OK"
2026-05-12 05:31:12 | INFO     | HTTP Request: POST https://api.telegram.org/bot8257984718:AAGMaRpeBDzAYTp_sbQ2MifX8HJ0QNYq_bk/getUpdates "HTTP/1.1 200 OK"
2026-05-12 05:31:15 | INFO     | HTTP Request: POST https://api.telegram.org/bot8257984718:AAGMaRpeBDzAYTp_sbQ2MifX8HJ0QNYq_bk/getUpdates "HTTP/1.1 409 Conflict"
2026-05-12 05:31:15 | ERROR    | No error handlers are registered, logging exception.
Traceback (most recent call last):
  File "C:\Users\Suhrob\ollama_chat\venv\Lib\site-packages\telegram\ext\_updater.py", line 753, in _network_loop_retry
    if not await do_action():
           ^^^^^^^^^^^^^^^^^
  File "C:\Users\Suhrob\ollama_chat\venv\Lib\site-packages\telegram\ext\_updater.py", line 747, in do_action
    return action_cb_task.result()
           ~~~~~~~~~~~~~~~~~~~~~^^
  File "C:\Users\Suhrob\ollama_chat\venv\Lib\site-packages\telegram\ext\_updater.py", line 377, in polling_action_cb
    updates = await self.bot.get_updates(
              ^^^^^^^^^^^^^^^^^^^^^^^^^^^
    ...<7 lines>...
    )
    ^
  File "C:\Users\Suhrob\ollama_chat\venv\Lib\site-packages\telegram\ext\_extbot.py", line 649, in get_updates
    updates = await super().get_updates(
              ^^^^^^^^^^^^^^^^^^^^^^^^^^
    ...<9 lines>...
    )
    ^
  File "C:\Users\Suhrob\ollama_chat\venv\Lib\site-packages\telegram\_bot.py", line 4366, in get_updates
    await self._post(
    ^^^^^^^^^^^^^^^^^
    ...<7 lines>...
    ),
    ^
  File "C:\Users\Suhrob\ollama_chat\venv\Lib\site-packages\telegram\_bot.py", line 623, in _post
    return await self._do_post(
           ^^^^^^^^^^^^^^^^^^^^
    ...<6 lines>...
    )
    ^
  File "C:\Users\Suhrob\ollama_chat\venv\Lib\site-packages\telegram\ext\_extbot.py", line 355, in _do_post
    return await super()._do_post(
           ^^^^^^^^^^^^^^^^^^^^^^^
    ...<6 lines>...
    )
    ^
  File "C:\Users\Suhrob\ollama_chat\venv\Lib\site-packages\telegram\_bot.py", line 652, in _do_post
    result = await request.post(
             ^^^^^^^^^^^^^^^^^^^
    ...<6 lines>...
    )
    ^
  File "C:\Users\Suhrob\ollama_chat\venv\Lib\site-packages\telegram\request\_baserequest.py", line 201, in post
    result = await self._request_wrapper(
             ^^^^^^^^^^^^^^^^^^^^^^^^^^^^
    ...<7 lines>...
    )
    ^
  File "C:\Users\Suhrob\ollama_chat\venv\Lib\site-packages\telegram\request\_baserequest.py", line 384, in _request_wrapper
    raise Conflict(message)
telegram.error.Conflict: Conflict: terminated by other getUpdates request; make sure that only one bot instance is running
2026-05-12 05:31:19 | INFO     | HTTP Request: POST https://api.telegram.org/bot8257984718:AAGMaRpeBDzAYTp_sbQ2MifX8HJ0QNYq_bk/getUpdates "HTTP/1.1 409 Conflict"
2026-05-12 05:31:19 | ERROR    | No error handlers are registered, logging exception.
Traceback (most recent call last):
  File "c:\Users\Suhrob\ollama_chat\.venv\Lib\site-packages\telegram\ext\_utils\networkloop.py", line 161, in network_retry_loop
    await do_action()
  File "c:\Users\Suhrob\ollama_chat\.venv\Lib\site-packages\telegram\ext\_utils\networkloop.py", line 154, in do_action
    action_cb_task.result()
    ~~~~~~~~~~~~~~~~~~~~~^^
  File "c:\Users\Suhrob\ollama_chat\.venv\Lib\site-packages\telegram\ext\_updater.py", line 340, in polling_action_cb
    updates = await self.bot.get_updates(
              ^^^^^^^^^^^^^^^^^^^^^^^^^^^
    ...<3 lines>...
    )
    ^
  File "c:\Users\Suhrob\ollama_chat\.venv\Lib\site-packages\telegram\ext\_extbot.py", line 672, in get_updates
    updates = await super().get_updates(
              ^^^^^^^^^^^^^^^^^^^^^^^^^^
    ...<9 lines>...
    )
    ^
  File "c:\Users\Suhrob\ollama_chat\.venv\Lib\site-packages\telegram\_bot.py", line 4865, in get_updates
    await self._post(
    ^^^^^^^^^^^^^^^^^
    ...<7 lines>...
    ),
    ^
  File "c:\Users\Suhrob\ollama_chat\.venv\Lib\site-packages\telegram\_bot.py", line 704, in _post
    return await self._do_post(
           ^^^^^^^^^^^^^^^^^^^^
    ...<6 lines>...
    )
    ^
  File "c:\Users\Suhrob\ollama_chat\.venv\Lib\site-packages\telegram\ext\_extbot.py", line 370, in _do_post
    return await super()._do_post(
           ^^^^^^^^^^^^^^^^^^^^^^^
    ...<6 lines>...
    )
    ^
  File "c:\Users\Suhrob\ollama_chat\.venv\Lib\site-packages\telegram\_bot.py", line 733, in _do_post
    result = await request.post(
             ^^^^^^^^^^^^^^^^^^^
    ...<6 lines>...
    )
    ^
  File "c:\Users\Suhrob\ollama_chat\.venv\Lib\site-packages\telegram\request\_baserequest.py", line 198, in post
    result = await self._request_wrapper(
             ^^^^^^^^^^^^^^^^^^^^^^^^^^^^
    ...<7 lines>...
    )
    ^
  File "c:\Users\Suhrob\ollama_chat\.venv\Lib\site-packages\telegram\request\_baserequest.py", line 375, in _request_wrapper
    raise exception
telegram.error.Conflict: Conflict: terminated by other getUpdates request; make sure that only one bot instance is running
2026-05-12 05:31:26 | INFO     | HTTP Request: POST https://api.telegram.org/bot8257984718:AAGMaRpeBDzAYTp_sbQ2MifX8HJ0QNYq_bk/getUpdates "HTTP/1.1 200 OK"
2026-05-12 05:31:36 | INFO     | HTTP Request: POST https://api.telegram.org/bot8257984718:AAGMaRpeBDzAYTp_sbQ2MifX8HJ0QNYq_bk/getUpdates "HTTP/1.1 200 OK"
2026-05-12 05:31:46 | INFO     | HTTP Request: POST https://api.telegram.org/bot8257984718:AAGMaRpeBDzAYTp_sbQ2MifX8HJ0QNYq_bk/getUpdates "HTTP/1.1 200 OK"
2026-05-12 05:31:50 | INFO     | HTTP Request: POST https://api.telegram.org/bot8257984718:AAGMaRpeBDzAYTp_sbQ2MifX8HJ0QNYq_bk/getUpdates "HTTP/1.1 409 Conflict"
2026-05-12 05:31:50 | ERROR    | No error handlers are registered, logging exception.
Traceback (most recent call last):
  File "C:\Users\Suhrob\ollama_chat\venv\Lib\site-packages\telegram\ext\_updater.py", line 753, in _network_loop_retry
    if not await do_action():
           ^^^^^^^^^^^^^^^^^
  File "C:\Users\Suhrob\ollama_chat\venv\Lib\site-packages\telegram\ext\_updater.py", line 747, in do_action
    return action_cb_task.result()
           ~~~~~~~~~~~~~~~~~~~~~^^
  File "C:\Users\Suhrob\ollama_chat\venv\Lib\site-packages\telegram\ext\_updater.py", line 377, in polling_action_cb
    updates = await self.bot.get_updates(
              ^^^^^^^^^^^^^^^^^^^^^^^^^^^
    ...<7 lines>...
    )
    ^
  File "C:\Users\Suhrob\ollama_chat\venv\Lib\site-packages\telegram\ext\_extbot.py", line 649, in get_updates
    updates = await super().get_updates(
              ^^^^^^^^^^^^^^^^^^^^^^^^^^
    ...<9 lines>...
    )
    ^
  File "C:\Users\Suhrob\ollama_chat\venv\Lib\site-packages\telegram\_bot.py", line 4366, in get_updates
    await self._post(
    ^^^^^^^^^^^^^^^^^
    ...<7 lines>...
    ),
    ^
  File "C:\Users\Suhrob\ollama_chat\venv\Lib\site-packages\telegram\_bot.py", line 623, in _post
    return await self._do_post(
           ^^^^^^^^^^^^^^^^^^^^
    ...<6 lines>...
    )
    ^
  File "C:\Users\Suhrob\ollama_chat\venv\Lib\site-packages\telegram\ext\_extbot.py", line 355, in _do_post
    return await super()._do_post(
           ^^^^^^^^^^^^^^^^^^^^^^^
    ...<6 lines>...
    )
    ^
  File "C:\Users\Suhrob\ollama_chat\venv\Lib\site-packages\telegram\_bot.py", line 652, in _do_post
    result = await request.post(
             ^^^^^^^^^^^^^^^^^^^
    ...<6 lines>...
    )
    ^
  File "C:\Users\Suhrob\ollama_chat\venv\Lib\site-packages\telegram\request\_baserequest.py", line 201, in post
    result = await self._request_wrapper(
             ^^^^^^^^^^^^^^^^^^^^^^^^^^^^
    ...<7 lines>...
    )
    ^
  File "C:\Users\Suhrob\ollama_chat\venv\Lib\site-packages\telegram\request\_baserequest.py", line 384, in _request_wrapper
    raise Conflict(message)
telegram.error.Conflict: Conflict: terminated by other getUpdates request; make sure that only one bot instance is running
2026-05-12 05:31:54 | INFO     | HTTP Request: POST https://api.telegram.org/bot8257984718:AAGMaRpeBDzAYTp_sbQ2MifX8HJ0QNYq_bk/getUpdates "HTTP/1.1 409 Conflict"
2026-05-12 05:31:54 | ERROR    | No error handlers are registered, logging exception.
Traceback (most recent call last):
  File "c:\Users\Suhrob\ollama_chat\.venv\Lib\site-packages\telegram\ext\_utils\networkloop.py", line 161, in network_retry_loop
    await do_action()
  File "c:\Users\Suhrob\ollama_chat\.venv\Lib\site-packages\telegram\ext\_utils\networkloop.py", line 154, in do_action
    action_cb_task.result()
    ~~~~~~~~~~~~~~~~~~~~~^^
  File "c:\Users\Suhrob\ollama_chat\.venv\Lib\site-packages\telegram\ext\_updater.py", line 340, in polling_action_cb
    updates = await self.bot.get_updates(
              ^^^^^^^^^^^^^^^^^^^^^^^^^^^
    ...<3 lines>...
    )
    ^
  File "c:\Users\Suhrob\ollama_chat\.venv\Lib\site-packages\telegram\ext\_extbot.py", line 672, in get_updates
    updates = await super().get_updates(
              ^^^^^^^^^^^^^^^^^^^^^^^^^^
    ...<9 lines>...
    )
    ^
  File "c:\Users\Suhrob\ollama_chat\.venv\Lib\site-packages\telegram\_bot.py", line 4865, in get_updates
    await self._post(
    ^^^^^^^^^^^^^^^^^
    ...<7 lines>...
    ),
    ^
  File "c:\Users\Suhrob\ollama_chat\.venv\Lib\site-packages\telegram\_bot.py", line 704, in _post
    return await self._do_post(
           ^^^^^^^^^^^^^^^^^^^^
    ...<6 lines>...
    )
    ^
  File "c:\Users\Suhrob\ollama_chat\.venv\Lib\site-packages\telegram\ext\_extbot.py", line 370, in _do_post
    return await super()._do_post(
           ^^^^^^^^^^^^^^^^^^^^^^^
    ...<6 lines>...
    )
    ^
  File "c:\Users\Suhrob\ollama_chat\.venv\Lib\site-packages\telegram\_bot.py", line 733, in _do_post
    result = await request.post(
             ^^^^^^^^^^^^^^^^^^^
    ...<6 lines>...
    )
    ^
  File "c:\Users\Suhrob\ollama_chat\.venv\Lib\site-packages\telegram\request\_baserequest.py", line 198, in post
    result = await self._request_wrapper(
             ^^^^^^^^^^^^^^^^^^^^^^^^^^^^
    ...<7 lines>...
    )
    ^
  File "c:\Users\Suhrob\ollama_chat\.venv\Lib\site-packages\telegram\request\_baserequest.py", line 375, in _request_wrapper
    raise exception
telegram.error.Conflict: Conflict: terminated by other getUpdates request; make sure that only one bot instance is running
2026-05-12 05:32:01 | INFO     | HTTP Request: POST https://api.telegram.org/bot8257984718:AAGMaRpeBDzAYTp_sbQ2MifX8HJ0QNYq_bk/getUpdates "HTTP/1.1 200 OK"
2026-05-12 05:32:11 | INFO     | HTTP Request: POST https://api.telegram.org/bot8257984718:AAGMaRpeBDzAYTp_sbQ2MifX8HJ0QNYq_bk/getUpdates "HTTP/1.1 200 OK"
2026-05-12 05:32:21 | INFO     | HTTP Request: POST https://api.telegram.org/bot8257984718:AAGMaRpeBDzAYTp_sbQ2MifX8HJ0QNYq_bk/getUpdates "HTTP/1.1 200 OK"
2026-05-12 05:32:25 | INFO     | HTTP Request: POST https://api.telegram.org/bot8257984718:AAGMaRpeBDzAYTp_sbQ2MifX8HJ0QNYq_bk/getUpdates "HTTP/1.1 409 Conflict"
2026-05-12 05:32:25 | ERROR    | No error handlers are registered, logging exception.
Traceback (most recent call last):
  File "C:\Users\Suhrob\ollama_chat\venv\Lib\site-packages\telegram\ext\_updater.py", line 753, in _network_loop_retry
    if not await do_action():
           ^^^^^^^^^^^^^^^^^
  File "C:\Users\Suhrob\ollama_chat\venv\Lib\site-packages\telegram\ext\_updater.py", line 747, in do_action
    return action_cb_task.result()
           ~~~~~~~~~~~~~~~~~~~~~^^
  File "C:\Users\Suhrob\ollama_chat\venv\Lib\site-packages\telegram\ext\_updater.py", line 377, in polling_action_cb
    updates = await self.bot.get_updates(
              ^^^^^^^^^^^^^^^^^^^^^^^^^^^
    ...<7 lines>...
    )
    ^
  File "C:\Users\Suhrob\ollama_chat\venv\Lib\site-packages\telegram\ext\_extbot.py", line 649, in get_updates
    updates = await super().get_updates(
              ^^^^^^^^^^^^^^^^^^^^^^^^^^
    ...<9 lines>...
    )
    ^
  File "C:\Users\Suhrob\ollama_chat\venv\Lib\site-packages\telegram\_bot.py", line 4366, in get_updates
    await self._post(
    ^^^^^^^^^^^^^^^^^
    ...<7 lines>...
    ),
    ^
  File "C:\Users\Suhrob\ollama_chat\venv\Lib\site-packages\telegram\_bot.py", line 623, in _post
    return await self._do_post(
           ^^^^^^^^^^^^^^^^^^^^
    ...<6 lines>...
    )
    ^
  File "C:\Users\Suhrob\ollama_chat\venv\Lib\site-packages\telegram\ext\_extbot.py", line 355, in _do_post
    return await super()._do_post(
           ^^^^^^^^^^^^^^^^^^^^^^^
    ...<6 lines>...
    )
    ^
  File "C:\Users\Suhrob\ollama_chat\venv\Lib\site-packages\telegram\_bot.py", line 652, in _do_post
    result = await request.post(
             ^^^^^^^^^^^^^^^^^^^
    ...<6 lines>...
    )
    ^
  File "C:\Users\Suhrob\ollama_chat\venv\Lib\site-packages\telegram\request\_baserequest.py", line 201, in post
    result = await self._request_wrapper(
             ^^^^^^^^^^^^^^^^^^^^^^^^^^^^
    ...<7 lines>...
    )
    ^
  File "C:\Users\Suhrob\ollama_chat\venv\Lib\site-packages\telegram\request\_baserequest.py", line 384, in _request_wrapper
    raise Conflict(message)
telegram.error.Conflict: Conflict: terminated by other getUpdates request; make sure that only one bot instance is running
2026-05-12 05:32:29 | INFO     | HTTP Request: POST https://api.telegram.org/bot8257984718:AAGMaRpeBDzAYTp_sbQ2MifX8HJ0QNYq_bk/getUpdates "HTTP/1.1 409 Conflict"
2026-05-12 05:32:29 | ERROR    | No error handlers are registered, logging exception.
Traceback (most recent call last):
  File "c:\Users\Suhrob\ollama_chat\.venv\Lib\site-packages\telegram\ext\_utils\networkloop.py", line 161, in network_retry_loop
    await do_action()
  File "c:\Users\Suhrob\ollama_chat\.venv\Lib\site-packages\telegram\ext\_utils\networkloop.py", line 154, in do_action
    action_cb_task.result()
    ~~~~~~~~~~~~~~~~~~~~~^^
  File "c:\Users\Suhrob\ollama_chat\.venv\Lib\site-packages\telegram\ext\_updater.py", line 340, in polling_action_cb
    updates = await self.bot.get_updates(
              ^^^^^^^^^^^^^^^^^^^^^^^^^^^
    ...<3 lines>...
    )
    ^
  File "c:\Users\Suhrob\ollama_chat\.venv\Lib\site-packages\telegram\ext\_extbot.py", line 672, in get_updates
    updates = await super().get_updates(
              ^^^^^^^^^^^^^^^^^^^^^^^^^^
    ...<9 lines>...
    )
    ^
  File "c:\Users\Suhrob\ollama_chat\.venv\Lib\site-packages\telegram\_bot.py", line 4865, in get_updates
    await self._post(
    ^^^^^^^^^^^^^^^^^
    ...<7 lines>...
    ),
    ^
  File "c:\Users\Suhrob\ollama_chat\.venv\Lib\site-packages\telegram\_bot.py", line 704, in _post
    return await self._do_post(
           ^^^^^^^^^^^^^^^^^^^^
    ...<6 lines>...
    )
    ^
  File "c:\Users\Suhrob\ollama_chat\.venv\Lib\site-packages\telegram\ext\_extbot.py", line 370, in _do_post
    return await super()._do_post(
           ^^^^^^^^^^^^^^^^^^^^^^^
    ...<6 lines>...
    )
    ^
  File "c:\Users\Suhrob\ollama_chat\.venv\Lib\site-packages\telegram\_bot.py", line 733, in _do_post
    result = await request.post(
             ^^^^^^^^^^^^^^^^^^^
    ...<6 lines>...
    )
    ^
  File "c:\Users\Suhrob\ollama_chat\.venv\Lib\site-packages\telegram\request\_baserequest.py", line 198, in post
    result = await self._request_wrapper(
             ^^^^^^^^^^^^^^^^^^^^^^^^^^^^
    ...<7 lines>...
    )
    ^
  File "c:\Users\Suhrob\ollama_chat\.venv\Lib\site-packages\telegram\request\_baserequest.py", line 375, in _request_wrapper
    raise exception
telegram.error.Conflict: Conflict: terminated by other getUpdates request; make sure that only one bot instance is running
2026-05-12 05:32:36 | INFO     | HTTP Request: POST https://api.telegram.org/bot8257984718:AAGMaRpeBDzAYTp_sbQ2MifX8HJ0QNYq_bk/getUpdates "HTTP/1.1 200 OK"
2026-05-12 05:32:46 | INFO     | HTTP Request: POST https://api.telegram.org/bot8257984718:AAGMaRpeBDzAYTp_sbQ2MifX8HJ0QNYq_bk/getUpdates "HTTP/1.1 200 OK"
2026-05-12 05:32:56 | INFO     | HTTP Request: POST https://api.telegram.org/bot8257984718:AAGMaRpeBDzAYTp_sbQ2MifX8HJ0QNYq_bk/getUpdates "HTTP/1.1 200 OK"
2026-05-12 05:33:06 | INFO     | HTTP Request: POST https://api.telegram.org/bot8257984718:AAGMaRpeBDzAYTp_sbQ2MifX8HJ0QNYq_bk/getUpdates "HTTP/1.1 200 OK"
2026-05-12 05:33:16 | INFO     | HTTP Request: POST https://api.telegram.org/bot8257984718:AAGMaRpeBDzAYTp_sbQ2MifX8HJ0QNYq_bk/getUpdates "HTTP/1.1 200 OK"
2026-05-12 05:33:27 | INFO     | HTTP Request: POST https://api.telegram.org/bot8257984718:AAGMaRpeBDzAYTp_sbQ2MifX8HJ0QNYq_bk/getUpdates "HTTP/1.1 200 OK"
2026-05-12 05:33:37 | INFO     | HTTP Request: POST https://api.telegram.org/bot8257984718:AAGMaRpeBDzAYTp_sbQ2MifX8HJ0QNYq_bk/getUpdates "HTTP/1.1 200 OK"
2026-05-12 05:33:40 | INFO     | HTTP Request: POST https://api.telegram.org/bot8257984718:AAGMaRpeBDzAYTp_sbQ2MifX8HJ0QNYq_bk/getUpdates "HTTP/1.1 200 OK"
2026-05-12 05:33:40 | INFO     | Application is stopping. This might take a moment.
2026-05-12 05:33:40 | INFO     | Application.stop() complete
2026-05-12 05:33:48 | INFO     | StudyBot v5.3 started | model=qwen2.5:1.5b | fallback=tinyllama
2026-05-12 05:33:49 | INFO     | HTTP Request: POST https://api.telegram.org/bot8257984718:AAGMaRpeBDzAYTp_sbQ2MifX8HJ0QNYq_bk/getMe "HTTP/1.1 200 OK"
2026-05-12 05:33:49 | INFO     | HTTP Request: POST https://api.telegram.org/bot8257984718:AAGMaRpeBDzAYTp_sbQ2MifX8HJ0QNYq_bk/deleteWebhook "HTTP/1.1 200 OK"
2026-05-12 05:33:49 | INFO     | Application started
2026-05-12 05:34:00 | INFO     | HTTP Request: POST https://api.telegram.org/bot8257984718:AAGMaRpeBDzAYTp_sbQ2MifX8HJ0QNYq_bk/getUpdates "HTTP/1.1 200 OK"
2026-05-12 05:34:10 | INFO     | HTTP Request: POST https://api.telegram.org/bot8257984718:AAGMaRpeBDzAYTp_sbQ2MifX8HJ0QNYq_bk/getUpdates "HTTP/1.1 200 OK"
2026-05-12 05:34:18 | INFO     | HTTP Request: POST https://api.telegram.org/bot8257984718:AAGMaRpeBDzAYTp_sbQ2MifX8HJ0QNYq_bk/getUpdates "HTTP/1.1 200 OK"
2026-05-12 05:34:19 | INFO     | HTTP Request: POST https://api.telegram.org/bot8257984718:AAGMaRpeBDzAYTp_sbQ2MifX8HJ0QNYq_bk/answerCallbackQuery "HTTP/1.1 200 OK"
2026-05-12 05:34:19 | INFO     | HTTP Request: POST https://api.telegram.org/bot8257984718:AAGMaRpeBDzAYTp_sbQ2MifX8HJ0QNYq_bk/editMessageText "HTTP/1.1 200 OK"
2026-05-12 05:34:24 | INFO     | HTTP Request: POST https://api.telegram.org/bot8257984718:AAGMaRpeBDzAYTp_sbQ2MifX8HJ0QNYq_bk/getUpdates "HTTP/1.1 200 OK"
2026-05-12 05:34:24 | INFO     | HTTP Request: POST https://api.telegram.org/bot8257984718:AAGMaRpeBDzAYTp_sbQ2MifX8HJ0QNYq_bk/answerCallbackQuery "HTTP/1.1 200 OK"
2026-05-12 05:34:24 | INFO     | MODE | user=2057476178 | mode=chat
2026-05-12 05:34:24 | INFO     | HTTP Request: POST https://api.telegram.org/bot8257984718:AAGMaRpeBDzAYTp_sbQ2MifX8HJ0QNYq_bk/editMessageText "HTTP/1.1 200 OK"
2026-05-12 05:34:28 | INFO     | HTTP Request: POST https://api.telegram.org/bot8257984718:AAGMaRpeBDzAYTp_sbQ2MifX8HJ0QNYq_bk/getUpdates "HTTP/1.1 200 OK"
2026-05-12 05:34:28 | INFO     | HTTP Request: POST https://api.telegram.org/bot8257984718:AAGMaRpeBDzAYTp_sbQ2MifX8HJ0QNYq_bk/sendChatAction "HTTP/1.1 200 OK"
2026-05-12 05:34:38 | INFO     | HTTP Request: POST https://api.telegram.org/bot8257984718:AAGMaRpeBDzAYTp_sbQ2MifX8HJ0QNYq_bk/getUpdates "HTTP/1.1 200 OK"
2026-05-12 05:34:46 | INFO     | HTTP Request: POST http://localhost:11434/api/chat "HTTP/1.1 200 OK"
2026-05-12 05:34:46 | INFO     | OK | model=qwen2.5:1.5b | mode=chat | 18.1s | attempt=1
2026-05-12 05:34:46 | INFO     | MSG | user=2057476178 | mode=chat | model=qwen2.5:1.5b | len=30
2026-05-12 05:34:47 | INFO     | HTTP Request: POST https://api.telegram.org/bot8257984718:AAGMaRpeBDzAYTp_sbQ2MifX8HJ0QNYq_bk/sendMessage "HTTP/1.1 200 OK"
2026-05-12 05:34:48 | INFO     | HTTP Request: POST https://api.telegram.org/bot8257984718:AAGMaRpeBDzAYTp_sbQ2MifX8HJ0QNYq_bk/getUpdates "HTTP/1.1 200 OK"
2026-05-12 05:34:58 | INFO     | HTTP Request: POST https://api.telegram.org/bot8257984718:AAGMaRpeBDzAYTp_sbQ2MifX8HJ0QNYq_bk/getUpdates "HTTP/1.1 200 OK"
2026-05-12 05:35:09 | INFO     | HTTP Request: POST https://api.telegram.org/bot8257984718:AAGMaRpeBDzAYTp_sbQ2MifX8HJ0QNYq_bk/getUpdates "HTTP/1.1 200 OK"
2026-05-12 05:35:09 | INFO     | HTTP Request: POST https://api.telegram.org/bot8257984718:AAGMaRpeBDzAYTp_sbQ2MifX8HJ0QNYq_bk/getUpdates "HTTP/1.1 200 OK"
2026-05-12 05:35:09 | INFO     | HTTP Request: POST https://api.telegram.org/bot8257984718:AAGMaRpeBDzAYTp_sbQ2MifX8HJ0QNYq_bk/answerCallbackQuery "HTTP/1.1 200 OK"
2026-05-12 05:35:09 | INFO     | HTTP Request: POST https://api.telegram.org/bot8257984718:AAGMaRpeBDzAYTp_sbQ2MifX8HJ0QNYq_bk/editMessageText "HTTP/1.1 200 OK"
2026-05-12 05:35:11 | INFO     | HTTP Request: POST https://api.telegram.org/bot8257984718:AAGMaRpeBDzAYTp_sbQ2MifX8HJ0QNYq_bk/getUpdates "HTTP/1.1 200 OK"
2026-05-12 05:35:11 | INFO     | HTTP Request: POST https://api.telegram.org/bot8257984718:AAGMaRpeBDzAYTp_sbQ2MifX8HJ0QNYq_bk/answerCallbackQuery "HTTP/1.1 200 OK"
2026-05-12 05:35:11 | INFO     | MODE | user=2057476178 | mode=chat
2026-05-12 05:35:11 | INFO     | HTTP Request: POST https://api.telegram.org/bot8257984718:AAGMaRpeBDzAYTp_sbQ2MifX8HJ0QNYq_bk/editMessageText "HTTP/1.1 200 OK"
2026-05-12 05:35:21 | INFO     | HTTP Request: POST https://api.telegram.org/bot8257984718:AAGMaRpeBDzAYTp_sbQ2MifX8HJ0QNYq_bk/getUpdates "HTTP/1.1 200 OK"
2026-05-12 05:35:23 | INFO     | HTTP Request: POST https://api.telegram.org/bot8257984718:AAGMaRpeBDzAYTp_sbQ2MifX8HJ0QNYq_bk/getUpdates "HTTP/1.1 200 OK"
2026-05-12 05:35:24 | INFO     | HTTP Request: POST https://api.telegram.org/bot8257984718:AAGMaRpeBDzAYTp_sbQ2MifX8HJ0QNYq_bk/sendChatAction "HTTP/1.1 200 OK"
2026-05-12 05:35:31 | INFO     | HTTP Request: POST http://localhost:11434/api/chat "HTTP/1.1 200 OK"
2026-05-12 05:35:31 | INFO     | OK | model=qwen2.5:1.5b | mode=chat | 7.5s | attempt=1
2026-05-12 05:35:31 | INFO     | MSG | user=2057476178 | mode=chat | model=qwen2.5:1.5b | len=6
2026-05-12 05:35:32 | INFO     | HTTP Request: POST https://api.telegram.org/bot8257984718:AAGMaRpeBDzAYTp_sbQ2MifX8HJ0QNYq_bk/sendMessage "HTTP/1.1 200 OK"
2026-05-12 05:35:33 | INFO     | HTTP Request: POST https://api.telegram.org/bot8257984718:AAGMaRpeBDzAYTp_sbQ2MifX8HJ0QNYq_bk/getUpdates "HTTP/1.1 200 OK"
2026-05-12 05:35:43 | INFO     | HTTP Request: POST https://api.telegram.org/bot8257984718:AAGMaRpeBDzAYTp_sbQ2MifX8HJ0QNYq_bk/getUpdates "HTTP/1.1 200 OK"
2026-05-12 05:35:53 | INFO     | HTTP Request: POST https://api.telegram.org/bot8257984718:AAGMaRpeBDzAYTp_sbQ2MifX8HJ0QNYq_bk/getUpdates "HTTP/1.1 200 OK"
2026-05-12 05:36:04 | INFO     | HTTP Request: POST https://api.telegram.org/bot8257984718:AAGMaRpeBDzAYTp_sbQ2MifX8HJ0QNYq_bk/getUpdates "HTTP/1.1 200 OK"
2026-05-12 05:36:14 | INFO     | HTTP Request: POST https://api.telegram.org/bot8257984718:AAGMaRpeBDzAYTp_sbQ2MifX8HJ0QNYq_bk/getUpdates "HTTP/1.1 200 OK"
2026-05-12 05:36:24 | INFO     | HTTP Request: POST https://api.telegram.org/bot8257984718:AAGMaRpeBDzAYTp_sbQ2MifX8HJ0QNYq_bk/getUpdates "HTTP/1.1 200 OK"
2026-05-12 05:36:34 | INFO     | HTTP Request: POST https://api.telegram.org/bot8257984718:AAGMaRpeBDzAYTp_sbQ2MifX8HJ0QNYq_bk/getUpdates "HTTP/1.1 200 OK"
2026-05-12 05:36:45 | INFO     | HTTP Request: POST https://api.telegram.org/bot8257984718:AAGMaRpeBDzAYTp_sbQ2MifX8HJ0QNYq_bk/getUpdates "HTTP/1.1 200 OK"
2026-05-12 05:36:55 | INFO     | HTTP Request: POST https://api.telegram.org/bot8257984718:AAGMaRpeBDzAYTp_sbQ2MifX8HJ0QNYq_bk/getUpdates "HTTP/1.1 200 OK"
2026-05-12 05:37:05 | INFO     | HTTP Request: POST https://api.telegram.org/bot8257984718:AAGMaRpeBDzAYTp_sbQ2MifX8HJ0QNYq_bk/getUpdates "HTTP/1.1 200 OK"
2026-05-12 05:37:15 | INFO     | HTTP Request: POST https://api.telegram.org/bot8257984718:AAGMaRpeBDzAYTp_sbQ2MifX8HJ0QNYq_bk/getUpdates "HTTP/1.1 200 OK"
2026-05-12 05:37:25 | INFO     | HTTP Request: POST https://api.telegram.org/bot8257984718:AAGMaRpeBDzAYTp_sbQ2MifX8HJ0QNYq_bk/getUpdates "HTTP/1.1 200 OK"
2026-05-12 05:37:35 | INFO     | HTTP Request: POST https://api.telegram.org/bot8257984718:AAGMaRpeBDzAYTp_sbQ2MifX8HJ0QNYq_bk/getUpdates "HTTP/1.1 200 OK"
2026-05-12 05:37:45 | INFO     | HTTP Request: POST https://api.telegram.org/bot8257984718:AAGMaRpeBDzAYTp_sbQ2MifX8HJ0QNYq_bk/getUpdates "HTTP/1.1 200 OK"
2026-05-12 05:37:50 | INFO     | HTTP Request: POST https://api.telegram.org/bot8257984718:AAGMaRpeBDzAYTp_sbQ2MifX8HJ0QNYq_bk/getUpdates "HTTP/1.1 200 OK"
2026-05-12 05:37:50 | INFO     | HTTP Request: POST https://api.telegram.org/bot8257984718:AAGMaRpeBDzAYTp_sbQ2MifX8HJ0QNYq_bk/sendChatAction "HTTP/1.1 200 OK"
2026-05-12 05:38:00 | INFO     | HTTP Request: POST https://api.telegram.org/bot8257984718:AAGMaRpeBDzAYTp_sbQ2MifX8HJ0QNYq_bk/getUpdates "HTTP/1.1 200 OK"
2026-05-12 05:38:00 | INFO     | HTTP Request: POST http://localhost:11434/api/chat "HTTP/1.1 200 OK"
2026-05-12 05:38:00 | INFO     | OK | model=qwen2.5:1.5b | mode=chat | 9.6s | attempt=1
2026-05-12 05:38:00 | INFO     | MSG | user=2057476178 | mode=chat | model=qwen2.5:1.5b | len=14
2026-05-12 05:38:00 | INFO     | HTTP Request: POST https://api.telegram.org/bot8257984718:AAGMaRpeBDzAYTp_sbQ2MifX8HJ0QNYq_bk/sendMessage "HTTP/1.1 200 OK"
2026-05-12 05:38:09 | INFO     | HTTP Request: POST https://api.telegram.org/bot8257984718:AAGMaRpeBDzAYTp_sbQ2MifX8HJ0QNYq_bk/getUpdates "HTTP/1.1 200 OK"
2026-05-12 05:38:09 | INFO     | HTTP Request: POST https://api.telegram.org/bot8257984718:AAGMaRpeBDzAYTp_sbQ2MifX8HJ0QNYq_bk/sendChatAction "HTTP/1.1 200 OK"
2026-05-12 05:38:16 | INFO     | HTTP Request: POST http://localhost:11434/api/chat "HTTP/1.1 200 OK"
2026-05-12 05:38:16 | INFO     | OK | model=qwen2.5:1.5b | mode=chat | 6.2s | attempt=1
2026-05-12 05:38:16 | INFO     | MSG | user=2057476178 | mode=chat | model=qwen2.5:1.5b | len=18
2026-05-12 05:38:16 | INFO     | HTTP Request: POST https://api.telegram.org/bot8257984718:AAGMaRpeBDzAYTp_sbQ2MifX8HJ0QNYq_bk/sendMessage "HTTP/1.1 200 OK"
2026-05-12 05:38:19 | INFO     | HTTP Request: POST https://api.telegram.org/bot8257984718:AAGMaRpeBDzAYTp_sbQ2MifX8HJ0QNYq_bk/getUpdates "HTTP/1.1 200 OK"
2026-05-12 05:38:29 | INFO     | HTTP Request: POST https://api.telegram.org/bot8257984718:AAGMaRpeBDzAYTp_sbQ2MifX8HJ0QNYq_bk/getUpdates "HTTP/1.1 200 OK"
2026-05-12 05:38:39 | INFO     | HTTP Request: POST https://api.telegram.org/bot8257984718:AAGMaRpeBDzAYTp_sbQ2MifX8HJ0QNYq_bk/getUpdates "HTTP/1.1 200 OK"
2026-05-12 05:38:47 | INFO     | HTTP Request: POST https://api.telegram.org/bot8257984718:AAGMaRpeBDzAYTp_sbQ2MifX8HJ0QNYq_bk/getUpdates "HTTP/1.1 200 OK"
2026-05-12 05:38:48 | INFO     | HTTP Request: POST https://api.telegram.org/bot8257984718:AAGMaRpeBDzAYTp_sbQ2MifX8HJ0QNYq_bk/sendChatAction "HTTP/1.1 200 OK"
2026-05-12 05:38:58 | INFO     | HTTP Request: POST https://api.telegram.org/bot8257984718:AAGMaRpeBDzAYTp_sbQ2MifX8HJ0QNYq_bk/getUpdates "HTTP/1.1 200 OK"
2026-05-12 05:38:59 | INFO     | HTTP Request: POST http://localhost:11434/api/chat "HTTP/1.1 200 OK"
2026-05-12 05:38:59 | INFO     | OK | model=qwen2.5:1.5b | mode=chat | 11.3s | attempt=1
2026-05-12 05:38:59 | INFO     | MSG | user=2057476178 | mode=chat | model=qwen2.5:1.5b | len=41
2026-05-12 05:39:00 | INFO     | HTTP Request: POST https://api.telegram.org/bot8257984718:AAGMaRpeBDzAYTp_sbQ2MifX8HJ0QNYq_bk/sendMessage "HTTP/1.1 200 OK"
2026-05-12 05:39:08 | INFO     | HTTP Request: POST https://api.telegram.org/bot8257984718:AAGMaRpeBDzAYTp_sbQ2MifX8HJ0QNYq_bk/getUpdates "HTTP/1.1 200 OK"
2026-05-12 05:39:18 | INFO     | HTTP Request: POST https://api.telegram.org/bot8257984718:AAGMaRpeBDzAYTp_sbQ2MifX8HJ0QNYq_bk/getUpdates "HTTP/1.1 200 OK"
2026-05-12 05:39:28 | INFO     | HTTP Request: POST https://api.telegram.org/bot8257984718:AAGMaRpeBDzAYTp_sbQ2MifX8HJ0QNYq_bk/getUpdates "HTTP/1.1 200 OK"
2026-05-12 05:39:38 | INFO     | HTTP Request: POST https://api.telegram.org/bot8257984718:AAGMaRpeBDzAYTp_sbQ2MifX8HJ0QNYq_bk/getUpdates "HTTP/1.1 200 OK"
2026-05-12 05:39:49 | INFO     | HTTP Request: POST https://api.telegram.org/bot8257984718:AAGMaRpeBDzAYTp_sbQ2MifX8HJ0QNYq_bk/getUpdates "HTTP/1.1 200 OK"
2026-05-12 05:39:59 | INFO     | HTTP Request: POST https://api.telegram.org/bot8257984718:AAGMaRpeBDzAYTp_sbQ2MifX8HJ0QNYq_bk/getUpdates "HTTP/1.1 200 OK"
2026-05-12 05:40:09 | INFO     | HTTP Request: POST https://api.telegram.org/bot8257984718:AAGMaRpeBDzAYTp_sbQ2MifX8HJ0QNYq_bk/getUpdates "HTTP/1.1 200 OK"
2026-05-12 05:40:19 | INFO     | HTTP Request: POST https://api.telegram.org/bot8257984718:AAGMaRpeBDzAYTp_sbQ2MifX8HJ0QNYq_bk/getUpdates "HTTP/1.1 200 OK"
2026-05-12 05:40:29 | INFO     | HTTP Request: POST https://api.telegram.org/bot8257984718:AAGMaRpeBDzAYTp_sbQ2MifX8HJ0QNYq_bk/getUpdates "HTTP/1.1 200 OK"
2026-05-12 05:40:40 | INFO     | HTTP Request: POST https://api.telegram.org/bot8257984718:AAGMaRpeBDzAYTp_sbQ2MifX8HJ0QNYq_bk/getUpdates "HTTP/1.1 200 OK"
2026-05-12 05:40:50 | INFO     | HTTP Request: POST https://api.telegram.org/bot8257984718:AAGMaRpeBDzAYTp_sbQ2MifX8HJ0QNYq_bk/getUpdates "HTTP/1.1 200 OK"
2026-05-12 05:41:00 | INFO     | HTTP Request: POST https://api.telegram.org/bot8257984718:AAGMaRpeBDzAYTp_sbQ2MifX8HJ0QNYq_bk/getUpdates "HTTP/1.1 200 OK"
2026-05-12 05:41:10 | INFO     | HTTP Request: POST https://api.telegram.org/bot8257984718:AAGMaRpeBDzAYTp_sbQ2MifX8HJ0QNYq_bk/getUpdates "HTTP/1.1 200 OK"
2026-05-12 05:41:20 | INFO     | HTTP Request: POST https://api.telegram.org/bot8257984718:AAGMaRpeBDzAYTp_sbQ2MifX8HJ0QNYq_bk/getUpdates "HTTP/1.1 200 OK"
2026-05-12 05:41:30 | INFO     | HTTP Request: POST https://api.telegram.org/bot8257984718:AAGMaRpeBDzAYTp_sbQ2MifX8HJ0QNYq_bk/getUpdates "HTTP/1.1 200 OK"
2026-05-12 05:41:40 | INFO     | HTTP Request: POST https://api.telegram.org/bot8257984718:AAGMaRpeBDzAYTp_sbQ2MifX8HJ0QNYq_bk/getUpdates "HTTP/1.1 200 OK"
2026-05-12 05:41:51 | INFO     | HTTP Request: POST https://api.telegram.org/bot8257984718:AAGMaRpeBDzAYTp_sbQ2MifX8HJ0QNYq_bk/getUpdates "HTTP/1.1 200 OK"
2026-05-12 05:42:01 | INFO     | HTTP Request: POST https://api.telegram.org/bot8257984718:AAGMaRpeBDzAYTp_sbQ2MifX8HJ0QNYq_bk/getUpdates "HTTP/1.1 200 OK"
2026-05-12 05:42:11 | INFO     | HTTP Request: POST https://api.telegram.org/bot8257984718:AAGMaRpeBDzAYTp_sbQ2MifX8HJ0QNYq_bk/getUpdates "HTTP/1.1 200 OK"
2026-05-12 05:42:21 | INFO     | HTTP Request: POST https://api.telegram.org/bot8257984718:AAGMaRpeBDzAYTp_sbQ2MifX8HJ0QNYq_bk/getUpdates "HTTP/1.1 200 OK"
2026-05-12 05:42:31 | INFO     | HTTP Request: POST https://api.telegram.org/bot8257984718:AAGMaRpeBDzAYTp_sbQ2MifX8HJ0QNYq_bk/getUpdates "HTTP/1.1 200 OK"
2026-05-12 05:42:31 | INFO     | Application is stopping. This might take a moment.
2026-05-12 05:42:31 | INFO     | Application.stop() complete
2026-05-12 05:42:38 | INFO     | StudyBot v5.4 started | model=qwen2.5:1.5b | fallback=tinyllama
2026-05-12 05:42:38 | INFO     | HTTP Request: POST https://api.telegram.org/bot8257984718:AAGMaRpeBDzAYTp_sbQ2MifX8HJ0QNYq_bk/getMe "HTTP/1.1 200 OK"
2026-05-12 05:42:38 | INFO     | HTTP Request: POST https://api.telegram.org/bot8257984718:AAGMaRpeBDzAYTp_sbQ2MifX8HJ0QNYq_bk/deleteWebhook "HTTP/1.1 200 OK"
2026-05-12 05:42:38 | INFO     | Application started
2026-05-12 05:42:49 | INFO     | HTTP Request: POST https://api.telegram.org/bot8257984718:AAGMaRpeBDzAYTp_sbQ2MifX8HJ0QNYq_bk/getUpdates "HTTP/1.1 200 OK"
2026-05-12 05:42:51 | INFO     | HTTP Request: POST https://api.telegram.org/bot8257984718:AAGMaRpeBDzAYTp_sbQ2MifX8HJ0QNYq_bk/getUpdates "HTTP/1.1 200 OK"
2026-05-12 05:42:52 | INFO     | HTTP Request: POST https://api.telegram.org/bot8257984718:AAGMaRpeBDzAYTp_sbQ2MifX8HJ0QNYq_bk/sendChatAction "HTTP/1.1 200 OK"
2026-05-12 05:43:00 | INFO     | HTTP Request: POST http://localhost:11434/api/chat "HTTP/1.1 200 OK"
2026-05-12 05:43:00 | INFO     | OK | model=qwen2.5:1.5b | mode=chat | 7.7s | attempt=1
2026-05-12 05:43:00 | INFO     | MSG | user=2057476178 | mode=chat | model=qwen2.5:1.5b | len=22
2026-05-12 05:43:00 | INFO     | HTTP Request: POST https://api.telegram.org/bot8257984718:AAGMaRpeBDzAYTp_sbQ2MifX8HJ0QNYq_bk/sendMessage "HTTP/1.1 200 OK"
2026-05-12 05:43:01 | INFO     | HTTP Request: POST https://api.telegram.org/bot8257984718:AAGMaRpeBDzAYTp_sbQ2MifX8HJ0QNYq_bk/getUpdates "HTTP/1.1 200 OK"
2026-05-12 05:43:12 | INFO     | HTTP Request: POST https://api.telegram.org/bot8257984718:AAGMaRpeBDzAYTp_sbQ2MifX8HJ0QNYq_bk/getUpdates "HTTP/1.1 200 OK"
2026-05-12 05:43:18 | INFO     | HTTP Request: POST https://api.telegram.org/bot8257984718:AAGMaRpeBDzAYTp_sbQ2MifX8HJ0QNYq_bk/getUpdates "HTTP/1.1 200 OK"
2026-05-12 05:43:18 | INFO     | START | user=2057476178
2026-05-12 05:43:19 | INFO     | HTTP Request: POST https://api.telegram.org/bot8257984718:AAGMaRpeBDzAYTp_sbQ2MifX8HJ0QNYq_bk/sendMessage "HTTP/1.1 200 OK"
2026-05-12 05:43:24 | INFO     | HTTP Request: POST https://api.telegram.org/bot8257984718:AAGMaRpeBDzAYTp_sbQ2MifX8HJ0QNYq_bk/getUpdates "HTTP/1.1 200 OK"
2026-05-12 05:43:24 | INFO     | START | user=2057476178
2026-05-12 05:43:24 | INFO     | HTTP Request: POST https://api.telegram.org/bot8257984718:AAGMaRpeBDzAYTp_sbQ2MifX8HJ0QNYq_bk/sendMessage "HTTP/1.1 200 OK"
2026-05-12 05:43:27 | INFO     | HTTP Request: POST https://api.telegram.org/bot8257984718:AAGMaRpeBDzAYTp_sbQ2MifX8HJ0QNYq_bk/getUpdates "HTTP/1.1 200 OK"
2026-05-12 05:43:28 | INFO     | HTTP Request: POST https://api.telegram.org/bot8257984718:AAGMaRpeBDzAYTp_sbQ2MifX8HJ0QNYq_bk/answerCallbackQuery "HTTP/1.1 200 OK"
2026-05-12 05:43:28 | INFO     | MODE | user=2057476178 | mode=chat
2026-05-12 05:43:28 | INFO     | HTTP Request: POST https://api.telegram.org/bot8257984718:AAGMaRpeBDzAYTp_sbQ2MifX8HJ0QNYq_bk/editMessageText "HTTP/1.1 200 OK"
2026-05-12 05:43:33 | INFO     | HTTP Request: POST https://api.telegram.org/bot8257984718:AAGMaRpeBDzAYTp_sbQ2MifX8HJ0QNYq_bk/getUpdates "HTTP/1.1 200 OK"
2026-05-12 05:43:33 | INFO     | HTTP Request: POST https://api.telegram.org/bot8257984718:AAGMaRpeBDzAYTp_sbQ2MifX8HJ0QNYq_bk/answerCallbackQuery "HTTP/1.1 200 OK"
2026-05-12 05:43:33 | INFO     | HTTP Request: POST https://api.telegram.org/bot8257984718:AAGMaRpeBDzAYTp_sbQ2MifX8HJ0QNYq_bk/editMessageText "HTTP/1.1 200 OK"
2026-05-12 05:43:35 | INFO     | HTTP Request: POST https://api.telegram.org/bot8257984718:AAGMaRpeBDzAYTp_sbQ2MifX8HJ0QNYq_bk/getUpdates "HTTP/1.1 200 OK"
2026-05-12 05:43:35 | INFO     | HTTP Request: POST https://api.telegram.org/bot8257984718:AAGMaRpeBDzAYTp_sbQ2MifX8HJ0QNYq_bk/answerCallbackQuery "HTTP/1.1 200 OK"
2026-05-12 05:43:35 | INFO     | MODE | user=2057476178 | mode=solve
2026-05-12 05:43:35 | INFO     | HTTP Request: POST https://api.telegram.org/bot8257984718:AAGMaRpeBDzAYTp_sbQ2MifX8HJ0QNYq_bk/editMessageText "HTTP/1.1 200 OK"
2026-05-12 05:43:36 | INFO     | HTTP Request: POST https://api.telegram.org/bot8257984718:AAGMaRpeBDzAYTp_sbQ2MifX8HJ0QNYq_bk/getUpdates "HTTP/1.1 200 OK"
2026-05-12 05:43:36 | INFO     | HTTP Request: POST https://api.telegram.org/bot8257984718:AAGMaRpeBDzAYTp_sbQ2MifX8HJ0QNYq_bk/sendChatAction "HTTP/1.1 200 OK"
2026-05-12 05:43:43 | INFO     | HTTP Request: POST http://localhost:11434/api/chat "HTTP/1.1 200 OK"
2026-05-12 05:43:43 | INFO     | OK | model=qwen2.5:1.5b | mode=solve | 7.3s | attempt=1
2026-05-12 05:43:43 | INFO     | MSG | user=2057476178 | mode=solve | model=qwen2.5:1.5b | len=22
2026-05-12 05:43:44 | INFO     | HTTP Request: POST https://api.telegram.org/bot8257984718:AAGMaRpeBDzAYTp_sbQ2MifX8HJ0QNYq_bk/sendMessage "HTTP/1.1 200 OK"
2026-05-12 05:43:46 | INFO     | HTTP Request: POST https://api.telegram.org/bot8257984718:AAGMaRpeBDzAYTp_sbQ2MifX8HJ0QNYq_bk/getUpdates "HTTP/1.1 200 OK"
2026-05-12 05:43:53 | INFO     | HTTP Request: POST https://api.telegram.org/bot8257984718:AAGMaRpeBDzAYTp_sbQ2MifX8HJ0QNYq_bk/getUpdates "HTTP/1.1 200 OK"
2026-05-12 05:43:54 | INFO     | HTTP Request: POST https://api.telegram.org/bot8257984718:AAGMaRpeBDzAYTp_sbQ2MifX8HJ0QNYq_bk/answerCallbackQuery "HTTP/1.1 200 OK"
2026-05-12 05:43:54 | INFO     | HTTP Request: POST https://api.telegram.org/bot8257984718:AAGMaRpeBDzAYTp_sbQ2MifX8HJ0QNYq_bk/editMessageReplyMarkup "HTTP/1.1 200 OK"
2026-05-12 05:43:54 | INFO     | HTTP Request: POST https://api.telegram.org/bot8257984718:AAGMaRpeBDzAYTp_sbQ2MifX8HJ0QNYq_bk/sendMessage "HTTP/1.1 200 OK"
2026-05-12 05:44:00 | INFO     | HTTP Request: POST https://api.telegram.org/bot8257984718:AAGMaRpeBDzAYTp_sbQ2MifX8HJ0QNYq_bk/getUpdates "HTTP/1.1 200 OK"
2026-05-12 05:44:01 | INFO     | HTTP Request: POST https://api.telegram.org/bot8257984718:AAGMaRpeBDzAYTp_sbQ2MifX8HJ0QNYq_bk/answerCallbackQuery "HTTP/1.1 200 OK"
2026-05-12 05:44:01 | INFO     | MODE | user=2057476178 | mode=explain
2026-05-12 05:44:01 | INFO     | HTTP Request: POST https://api.telegram.org/bot8257984718:AAGMaRpeBDzAYTp_sbQ2MifX8HJ0QNYq_bk/editMessageText "HTTP/1.1 200 OK"
2026-05-12 05:44:10 | INFO     | HTTP Request: POST https://api.telegram.org/bot8257984718:AAGMaRpeBDzAYTp_sbQ2MifX8HJ0QNYq_bk/getUpdates "HTTP/1.1 200 OK"
2026-05-12 05:44:10 | INFO     | HTTP Request: POST https://api.telegram.org/bot8257984718:AAGMaRpeBDzAYTp_sbQ2MifX8HJ0QNYq_bk/sendChatAction "HTTP/1.1 200 OK"
2026-05-12 05:44:16 | INFO     | HTTP Request: POST http://localhost:11434/api/chat "HTTP/1.1 200 OK"
2026-05-12 05:44:16 | INFO     | OK | model=qwen2.5:1.5b | mode=explain | 6.1s | attempt=1
2026-05-12 05:44:16 | INFO     | MSG | user=2057476178 | mode=explain | model=qwen2.5:1.5b | len=26
2026-05-12 05:44:17 | INFO     | HTTP Request: POST https://api.telegram.org/bot8257984718:AAGMaRpeBDzAYTp_sbQ2MifX8HJ0QNYq_bk/sendMessage "HTTP/1.1 200 OK"
2026-05-12 05:44:20 | INFO     | HTTP Request: POST https://api.telegram.org/bot8257984718:AAGMaRpeBDzAYTp_sbQ2MifX8HJ0QNYq_bk/getUpdates "HTTP/1.1 200 OK"
2026-05-12 05:44:30 | INFO     | HTTP Request: POST https://api.telegram.org/bot8257984718:AAGMaRpeBDzAYTp_sbQ2MifX8HJ0QNYq_bk/getUpdates "HTTP/1.1 200 OK"
2026-05-12 05:44:40 | INFO     | HTTP Request: POST https://api.telegram.org/bot8257984718:AAGMaRpeBDzAYTp_sbQ2MifX8HJ0QNYq_bk/getUpdates "HTTP/1.1 200 OK"
2026-05-12 05:44:50 | INFO     | HTTP Request: POST https://api.telegram.org/bot8257984718:AAGMaRpeBDzAYTp_sbQ2MifX8HJ0QNYq_bk/getUpdates "HTTP/1.1 200 OK"
2026-05-12 05:44:56 | INFO     | HTTP Request: POST https://api.telegram.org/bot8257984718:AAGMaRpeBDzAYTp_sbQ2MifX8HJ0QNYq_bk/getUpdates "HTTP/1.1 200 OK"
2026-05-12 05:44:56 | INFO     | HTTP Request: POST https://api.telegram.org/bot8257984718:AAGMaRpeBDzAYTp_sbQ2MifX8HJ0QNYq_bk/answerCallbackQuery "HTTP/1.1 200 OK"
2026-05-12 05:44:56 | INFO     | CLEAR | user=2057476178 | mode=explain
2026-05-12 05:44:57 | INFO     | HTTP Request: POST https://api.telegram.org/bot8257984718:AAGMaRpeBDzAYTp_sbQ2MifX8HJ0QNYq_bk/editMessageReplyMarkup "HTTP/1.1 200 OK"
2026-05-12 05:44:57 | INFO     | HTTP Request: POST https://api.telegram.org/bot8257984718:AAGMaRpeBDzAYTp_sbQ2MifX8HJ0QNYq_bk/sendMessage "HTTP/1.1 200 OK"
2026-05-12 05:44:58 | INFO     | HTTP Request: POST https://api.telegram.org/bot8257984718:AAGMaRpeBDzAYTp_sbQ2MifX8HJ0QNYq_bk/getUpdates "HTTP/1.1 200 OK"
2026-05-12 05:44:59 | INFO     | HTTP Request: POST https://api.telegram.org/bot8257984718:AAGMaRpeBDzAYTp_sbQ2MifX8HJ0QNYq_bk/answerCallbackQuery "HTTP/1.1 200 OK"
2026-05-12 05:44:59 | INFO     | HTTP Request: POST https://api.telegram.org/bot8257984718:AAGMaRpeBDzAYTp_sbQ2MifX8HJ0QNYq_bk/editMessageText "HTTP/1.1 200 OK"
2026-05-12 05:45:01 | INFO     | HTTP Request: POST https://api.telegram.org/bot8257984718:AAGMaRpeBDzAYTp_sbQ2MifX8HJ0QNYq_bk/getUpdates "HTTP/1.1 200 OK"
2026-05-12 05:45:01 | INFO     | HTTP Request: POST https://api.telegram.org/bot8257984718:AAGMaRpeBDzAYTp_sbQ2MifX8HJ0QNYq_bk/answerCallbackQuery "HTTP/1.1 200 OK"
2026-05-12 05:45:01 | INFO     | MODE | user=2057476178 | mode=code
2026-05-12 05:45:01 | INFO     | HTTP Request: POST https://api.telegram.org/bot8257984718:AAGMaRpeBDzAYTp_sbQ2MifX8HJ0QNYq_bk/editMessageText "HTTP/1.1 200 OK"
2026-05-12 05:45:11 | INFO     | HTTP Request: POST https://api.telegram.org/bot8257984718:AAGMaRpeBDzAYTp_sbQ2MifX8HJ0QNYq_bk/getUpdates "HTTP/1.1 200 OK"
2026-05-12 05:45:21 | INFO     | HTTP Request: POST https://api.telegram.org/bot8257984718:AAGMaRpeBDzAYTp_sbQ2MifX8HJ0QNYq_bk/getUpdates "HTTP/1.1 200 OK"
2026-05-12 05:45:31 | INFO     | HTTP Request: POST https://api.telegram.org/bot8257984718:AAGMaRpeBDzAYTp_sbQ2MifX8HJ0QNYq_bk/getUpdates "HTTP/1.1 200 OK"
2026-05-12 05:45:41 | INFO     | HTTP Request: POST https://api.telegram.org/bot8257984718:AAGMaRpeBDzAYTp_sbQ2MifX8HJ0QNYq_bk/getUpdates "HTTP/1.1 200 OK"
2026-05-12 05:45:51 | INFO     | HTTP Request: POST https://api.telegram.org/bot8257984718:AAGMaRpeBDzAYTp_sbQ2MifX8HJ0QNYq_bk/getUpdates "HTTP/1.1 200 OK"
2026-05-12 05:46:02 | INFO     | HTTP Request: POST https://api.telegram.org/bot8257984718:AAGMaRpeBDzAYTp_sbQ2MifX8HJ0QNYq_bk/getUpdates "HTTP/1.1 200 OK"
2026-05-12 05:46:12 | INFO     | HTTP Request: POST https://api.telegram.org/bot8257984718:AAGMaRpeBDzAYTp_sbQ2MifX8HJ0QNYq_bk/getUpdates "HTTP/1.1 200 OK"
2026-05-12 05:46:22 | INFO     | HTTP Request: POST https://api.telegram.org/bot8257984718:AAGMaRpeBDzAYTp_sbQ2MifX8HJ0QNYq_bk/getUpdates "HTTP/1.1 200 OK"
2026-05-12 05:46:32 | INFO     | HTTP Request: POST https://api.telegram.org/bot8257984718:AAGMaRpeBDzAYTp_sbQ2MifX8HJ0QNYq_bk/getUpdates "HTTP/1.1 200 OK"
2026-05-12 05:46:42 | INFO     | HTTP Request: POST https://api.telegram.org/bot8257984718:AAGMaRpeBDzAYTp_sbQ2MifX8HJ0QNYq_bk/getUpdates "HTTP/1.1 200 OK"
2026-05-12 05:46:52 | INFO     | HTTP Request: POST https://api.telegram.org/bot8257984718:AAGMaRpeBDzAYTp_sbQ2MifX8HJ0QNYq_bk/getUpdates "HTTP/1.1 200 OK"
2026-05-12 05:47:02 | INFO     | HTTP Request: POST https://api.telegram.org/bot8257984718:AAGMaRpeBDzAYTp_sbQ2MifX8HJ0QNYq_bk/getUpdates "HTTP/1.1 200 OK"
2026-05-12 05:47:12 | INFO     | HTTP Request: POST https://api.telegram.org/bot8257984718:AAGMaRpeBDzAYTp_sbQ2MifX8HJ0QNYq_bk/getUpdates "HTTP/1.1 200 OK"
2026-05-12 05:47:22 | INFO     | HTTP Request: POST https://api.telegram.org/bot8257984718:AAGMaRpeBDzAYTp_sbQ2MifX8HJ0QNYq_bk/getUpdates "HTTP/1.1 200 OK"
2026-05-12 05:47:33 | INFO     | HTTP Request: POST https://api.telegram.org/bot8257984718:AAGMaRpeBDzAYTp_sbQ2MifX8HJ0QNYq_bk/getUpdates "HTTP/1.1 200 OK"
2026-05-12 05:47:43 | INFO     | HTTP Request: POST https://api.telegram.org/bot8257984718:AAGMaRpeBDzAYTp_sbQ2MifX8HJ0QNYq_bk/getUpdates "HTTP/1.1 200 OK"
2026-05-12 05:47:53 | INFO     | HTTP Request: POST https://api.telegram.org/bot8257984718:AAGMaRpeBDzAYTp_sbQ2MifX8HJ0QNYq_bk/getUpdates "HTTP/1.1 200 OK"
2026-05-12 05:48:03 | INFO     | HTTP Request: POST https://api.telegram.org/bot8257984718:AAGMaRpeBDzAYTp_sbQ2MifX8HJ0QNYq_bk/getUpdates "HTTP/1.1 200 OK"
2026-05-12 05:48:13 | INFO     | HTTP Request: POST https://api.telegram.org/bot8257984718:AAGMaRpeBDzAYTp_sbQ2MifX8HJ0QNYq_bk/getUpdates "HTTP/1.1 200 OK"
2026-05-12 05:48:23 | INFO     | HTTP Request: POST https://api.telegram.org/bot8257984718:AAGMaRpeBDzAYTp_sbQ2MifX8HJ0QNYq_bk/getUpdates "HTTP/1.1 200 OK"
2026-05-12 05:48:33 | INFO     | HTTP Request: POST https://api.telegram.org/bot8257984718:AAGMaRpeBDzAYTp_sbQ2MifX8HJ0QNYq_bk/getUpdates "HTTP/1.1 200 OK"
2026-05-12 05:48:43 | INFO     | HTTP Request: POST https://api.telegram.org/bot8257984718:AAGMaRpeBDzAYTp_sbQ2MifX8HJ0QNYq_bk/getUpdates "HTTP/1.1 200 OK"
2026-05-12 05:48:53 | INFO     | HTTP Request: POST https://api.telegram.org/bot8257984718:AAGMaRpeBDzAYTp_sbQ2MifX8HJ0QNYq_bk/getUpdates "HTTP/1.1 200 OK"
2026-05-12 05:49:04 | INFO     | HTTP Request: POST https://api.telegram.org/bot8257984718:AAGMaRpeBDzAYTp_sbQ2MifX8HJ0QNYq_bk/getUpdates "HTTP/1.1 200 OK"
2026-05-12 05:49:14 | INFO     | HTTP Request: POST https://api.telegram.org/bot8257984718:AAGMaRpeBDzAYTp_sbQ2MifX8HJ0QNYq_bk/getUpdates "HTTP/1.1 200 OK"
2026-05-12 05:49:24 | INFO     | HTTP Request: POST https://api.telegram.org/bot8257984718:AAGMaRpeBDzAYTp_sbQ2MifX8HJ0QNYq_bk/getUpdates "HTTP/1.1 200 OK"
2026-05-12 05:49:34 | INFO     | HTTP Request: POST https://api.telegram.org/bot8257984718:AAGMaRpeBDzAYTp_sbQ2MifX8HJ0QNYq_bk/getUpdates "HTTP/1.1 200 OK"
2026-05-12 05:49:44 | INFO     | HTTP Request: POST https://api.telegram.org/bot8257984718:AAGMaRpeBDzAYTp_sbQ2MifX8HJ0QNYq_bk/getUpdates "HTTP/1.1 200 OK"
2026-05-12 05:49:54 | INFO     | HTTP Request: POST https://api.telegram.org/bot8257984718:AAGMaRpeBDzAYTp_sbQ2MifX8HJ0QNYq_bk/getUpdates "HTTP/1.1 200 OK"
2026-05-12 05:50:04 | INFO     | HTTP Request: POST https://api.telegram.org/bot8257984718:AAGMaRpeBDzAYTp_sbQ2MifX8HJ0QNYq_bk/getUpdates "HTTP/1.1 200 OK"
2026-05-12 05:50:14 | INFO     | HTTP Request: POST https://api.telegram.org/bot8257984718:AAGMaRpeBDzAYTp_sbQ2MifX8HJ0QNYq_bk/getUpdates "HTTP/1.1 200 OK"
2026-05-12 05:50:25 | INFO     | HTTP Request: POST https://api.telegram.org/bot8257984718:AAGMaRpeBDzAYTp_sbQ2MifX8HJ0QNYq_bk/getUpdates "HTTP/1.1 200 OK"
2026-05-12 05:50:35 | INFO     | HTTP Request: POST https://api.telegram.org/bot8257984718:AAGMaRpeBDzAYTp_sbQ2MifX8HJ0QNYq_bk/getUpdates "HTTP/1.1 200 OK"
2026-05-12 05:50:45 | INFO     | HTTP Request: POST https://api.telegram.org/bot8257984718:AAGMaRpeBDzAYTp_sbQ2MifX8HJ0QNYq_bk/getUpdates "HTTP/1.1 200 OK"
2026-05-12 05:50:55 | INFO     | HTTP Request: POST https://api.telegram.org/bot8257984718:AAGMaRpeBDzAYTp_sbQ2MifX8HJ0QNYq_bk/getUpdates "HTTP/1.1 200 OK"
2026-05-12 05:51:05 | INFO     | HTTP Request: POST https://api.telegram.org/bot8257984718:AAGMaRpeBDzAYTp_sbQ2MifX8HJ0QNYq_bk/getUpdates "HTTP/1.1 200 OK"
2026-05-12 05:51:15 | INFO     | HTTP Request: POST https://api.telegram.org/bot8257984718:AAGMaRpeBDzAYTp_sbQ2MifX8HJ0QNYq_bk/getUpdates "HTTP/1.1 200 OK"
2026-05-12 05:51:25 | INFO     | HTTP Request: POST https://api.telegram.org/bot8257984718:AAGMaRpeBDzAYTp_sbQ2MifX8HJ0QNYq_bk/getUpdates "HTTP/1.1 200 OK"
2026-05-12 05:51:35 | INFO     | HTTP Request: POST https://api.telegram.org/bot8257984718:AAGMaRpeBDzAYTp_sbQ2MifX8HJ0QNYq_bk/getUpdates "HTTP/1.1 200 OK"
2026-05-12 05:51:45 | INFO     | HTTP Request: POST https://api.telegram.org/bot8257984718:AAGMaRpeBDzAYTp_sbQ2MifX8HJ0QNYq_bk/getUpdates "HTTP/1.1 200 OK"
2026-05-12 05:51:56 | INFO     | HTTP Request: POST https://api.telegram.org/bot8257984718:AAGMaRpeBDzAYTp_sbQ2MifX8HJ0QNYq_bk/getUpdates "HTTP/1.1 200 OK"
2026-05-12 05:52:06 | INFO     | HTTP Request: POST https://api.telegram.org/bot8257984718:AAGMaRpeBDzAYTp_sbQ2MifX8HJ0QNYq_bk/getUpdates "HTTP/1.1 200 OK"
2026-05-12 05:52:16 | INFO     | HTTP Request: POST https://api.telegram.org/bot8257984718:AAGMaRpeBDzAYTp_sbQ2MifX8HJ0QNYq_bk/getUpdates "HTTP/1.1 200 OK"
2026-05-12 05:52:26 | INFO     | HTTP Request: POST https://api.telegram.org/bot8257984718:AAGMaRpeBDzAYTp_sbQ2MifX8HJ0QNYq_bk/getUpdates "HTTP/1.1 200 OK"
2026-05-12 05:52:36 | INFO     | HTTP Request: POST https://api.telegram.org/bot8257984718:AAGMaRpeBDzAYTp_sbQ2MifX8HJ0QNYq_bk/getUpdates "HTTP/1.1 200 OK"
2026-05-12 05:52:46 | INFO     | HTTP Request: POST https://api.telegram.org/bot8257984718:AAGMaRpeBDzAYTp_sbQ2MifX8HJ0QNYq_bk/getUpdates "HTTP/1.1 200 OK"
2026-05-12 05:52:56 | INFO     | HTTP Request: POST https://api.telegram.org/bot8257984718:AAGMaRpeBDzAYTp_sbQ2MifX8HJ0QNYq_bk/getUpdates "HTTP/1.1 200 OK"
2026-05-12 05:53:07 | INFO     | HTTP Request: POST https://api.telegram.org/bot8257984718:AAGMaRpeBDzAYTp_sbQ2MifX8HJ0QNYq_bk/getUpdates "HTTP/1.1 200 OK"
2026-05-12 05:53:17 | INFO     | HTTP Request: POST https://api.telegram.org/bot8257984718:AAGMaRpeBDzAYTp_sbQ2MifX8HJ0QNYq_bk/getUpdates "HTTP/1.1 200 OK"
2026-05-12 05:53:27 | INFO     | HTTP Request: POST https://api.telegram.org/bot8257984718:AAGMaRpeBDzAYTp_sbQ2MifX8HJ0QNYq_bk/getUpdates "HTTP/1.1 200 OK"
2026-05-12 05:53:37 | INFO     | HTTP Request: POST https://api.telegram.org/bot8257984718:AAGMaRpeBDzAYTp_sbQ2MifX8HJ0QNYq_bk/getUpdates "HTTP/1.1 200 OK"
2026-05-12 05:53:47 | INFO     | HTTP Request: POST https://api.telegram.org/bot8257984718:AAGMaRpeBDzAYTp_sbQ2MifX8HJ0QNYq_bk/getUpdates "HTTP/1.1 200 OK"
2026-05-12 05:53:57 | INFO     | HTTP Request: POST https://api.telegram.org/bot8257984718:AAGMaRpeBDzAYTp_sbQ2MifX8HJ0QNYq_bk/getUpdates "HTTP/1.1 200 OK"
2026-05-12 05:54:07 | INFO     | HTTP Request: POST https://api.telegram.org/bot8257984718:AAGMaRpeBDzAYTp_sbQ2MifX8HJ0QNYq_bk/getUpdates "HTTP/1.1 200 OK"
2026-05-12 05:54:17 | INFO     | HTTP Request: POST https://api.telegram.org/bot8257984718:AAGMaRpeBDzAYTp_sbQ2MifX8HJ0QNYq_bk/getUpdates "HTTP/1.1 200 OK"
2026-05-12 05:54:27 | INFO     | HTTP Request: POST https://api.telegram.org/bot8257984718:AAGMaRpeBDzAYTp_sbQ2MifX8HJ0QNYq_bk/getUpdates "HTTP/1.1 200 OK"
2026-05-12 05:54:38 | INFO     | HTTP Request: POST https://api.telegram.org/bot8257984718:AAGMaRpeBDzAYTp_sbQ2MifX8HJ0QNYq_bk/getUpdates "HTTP/1.1 200 OK"
2026-05-12 05:54:48 | INFO     | HTTP Request: POST https://api.telegram.org/bot8257984718:AAGMaRpeBDzAYTp_sbQ2MifX8HJ0QNYq_bk/getUpdates "HTTP/1.1 200 OK"
2026-05-12 05:54:58 | INFO     | HTTP Request: POST https://api.telegram.org/bot8257984718:AAGMaRpeBDzAYTp_sbQ2MifX8HJ0QNYq_bk/getUpdates "HTTP/1.1 200 OK"
2026-05-12 05:55:08 | INFO     | HTTP Request: POST https://api.telegram.org/bot8257984718:AAGMaRpeBDzAYTp_sbQ2MifX8HJ0QNYq_bk/getUpdates "HTTP/1.1 200 OK"
2026-05-12 05:55:18 | INFO     | HTTP Request: POST https://api.telegram.org/bot8257984718:AAGMaRpeBDzAYTp_sbQ2MifX8HJ0QNYq_bk/getUpdates "HTTP/1.1 200 OK"
2026-05-12 05:55:28 | INFO     | HTTP Request: POST https://api.telegram.org/bot8257984718:AAGMaRpeBDzAYTp_sbQ2MifX8HJ0QNYq_bk/getUpdates "HTTP/1.1 200 OK"
2026-05-12 05:55:38 | INFO     | HTTP Request: POST https://api.telegram.org/bot8257984718:AAGMaRpeBDzAYTp_sbQ2MifX8HJ0QNYq_bk/getUpdates "HTTP/1.1 200 OK"
2026-05-12 05:55:48 | INFO     | HTTP Request: POST https://api.telegram.org/bot8257984718:AAGMaRpeBDzAYTp_sbQ2MifX8HJ0QNYq_bk/getUpdates "HTTP/1.1 200 OK"
2026-05-12 05:55:58 | INFO     | HTTP Request: POST https://api.telegram.org/bot8257984718:AAGMaRpeBDzAYTp_sbQ2MifX8HJ0QNYq_bk/getUpdates "HTTP/1.1 200 OK"
2026-05-12 05:56:09 | INFO     | HTTP Request: POST https://api.telegram.org/bot8257984718:AAGMaRpeBDzAYTp_sbQ2MifX8HJ0QNYq_bk/getUpdates "HTTP/1.1 200 OK"
2026-05-12 05:56:19 | INFO     | HTTP Request: POST https://api.telegram.org/bot8257984718:AAGMaRpeBDzAYTp_sbQ2MifX8HJ0QNYq_bk/getUpdates "HTTP/1.1 200 OK"
2026-05-12 05:56:29 | INFO     | HTTP Request: POST https://api.telegram.org/bot8257984718:AAGMaRpeBDzAYTp_sbQ2MifX8HJ0QNYq_bk/getUpdates "HTTP/1.1 200 OK"
2026-05-12 05:56:39 | INFO     | HTTP Request: POST https://api.telegram.org/bot8257984718:AAGMaRpeBDzAYTp_sbQ2MifX8HJ0QNYq_bk/getUpdates "HTTP/1.1 200 OK"
2026-05-12 05:56:49 | INFO     | HTTP Request: POST https://api.telegram.org/bot8257984718:AAGMaRpeBDzAYTp_sbQ2MifX8HJ0QNYq_bk/getUpdates "HTTP/1.1 200 OK"
2026-05-12 05:56:59 | INFO     | HTTP Request: POST https://api.telegram.org/bot8257984718:AAGMaRpeBDzAYTp_sbQ2MifX8HJ0QNYq_bk/getUpdates "HTTP/1.1 200 OK"
2026-05-12 05:57:10 | INFO     | HTTP Request: POST https://api.telegram.org/bot8257984718:AAGMaRpeBDzAYTp_sbQ2MifX8HJ0QNYq_bk/getUpdates "HTTP/1.1 200 OK"
2026-05-12 05:57:20 | INFO     | HTTP Request: POST https://api.telegram.org/bot8257984718:AAGMaRpeBDzAYTp_sbQ2MifX8HJ0QNYq_bk/getUpdates "HTTP/1.1 200 OK"
2026-05-12 05:57:30 | INFO     | HTTP Request: POST https://api.telegram.org/bot8257984718:AAGMaRpeBDzAYTp_sbQ2MifX8HJ0QNYq_bk/getUpdates "HTTP/1.1 200 OK"
2026-05-12 05:57:40 | INFO     | HTTP Request: POST https://api.telegram.org/bot8257984718:AAGMaRpeBDzAYTp_sbQ2MifX8HJ0QNYq_bk/getUpdates "HTTP/1.1 200 OK"
2026-05-12 05:57:50 | INFO     | HTTP Request: POST https://api.telegram.org/bot8257984718:AAGMaRpeBDzAYTp_sbQ2MifX8HJ0QNYq_bk/getUpdates "HTTP/1.1 200 OK"
2026-05-12 05:58:00 | INFO     | HTTP Request: POST https://api.telegram.org/bot8257984718:AAGMaRpeBDzAYTp_sbQ2MifX8HJ0QNYq_bk/getUpdates "HTTP/1.1 200 OK"
2026-05-12 05:58:10 | INFO     | HTTP Request: POST https://api.telegram.org/bot8257984718:AAGMaRpeBDzAYTp_sbQ2MifX8HJ0QNYq_bk/getUpdates "HTTP/1.1 200 OK"
2026-05-12 05:58:20 | INFO     | HTTP Request: POST https://api.telegram.org/bot8257984718:AAGMaRpeBDzAYTp_sbQ2MifX8HJ0QNYq_bk/getUpdates "HTTP/1.1 200 OK"
2026-05-12 05:58:31 | INFO     | HTTP Request: POST https://api.telegram.org/bot8257984718:AAGMaRpeBDzAYTp_sbQ2MifX8HJ0QNYq_bk/getUpdates "HTTP/1.1 200 OK"
2026-05-12 05:58:41 | INFO     | HTTP Request: POST https://api.telegram.org/bot8257984718:AAGMaRpeBDzAYTp_sbQ2MifX8HJ0QNYq_bk/getUpdates "HTTP/1.1 200 OK"
2026-05-12 05:58:51 | INFO     | HTTP Request: POST https://api.telegram.org/bot8257984718:AAGMaRpeBDzAYTp_sbQ2MifX8HJ0QNYq_bk/getUpdates "HTTP/1.1 200 OK"
2026-05-12 05:59:01 | INFO     | HTTP Request: POST https://api.telegram.org/bot8257984718:AAGMaRpeBDzAYTp_sbQ2MifX8HJ0QNYq_bk/getUpdates "HTTP/1.1 200 OK"
2026-05-12 05:59:11 | INFO     | HTTP Request: POST https://api.telegram.org/bot8257984718:AAGMaRpeBDzAYTp_sbQ2MifX8HJ0QNYq_bk/getUpdates "HTTP/1.1 200 OK"
2026-05-12 05:59:21 | INFO     | HTTP Request: POST https://api.telegram.org/bot8257984718:AAGMaRpeBDzAYTp_sbQ2MifX8HJ0QNYq_bk/getUpdates "HTTP/1.1 200 OK"
2026-05-12 05:59:31 | INFO     | HTTP Request: POST https://api.telegram.org/bot8257984718:AAGMaRpeBDzAYTp_sbQ2MifX8HJ0QNYq_bk/getUpdates "HTTP/1.1 200 OK"
2026-05-12 05:59:42 | INFO     | HTTP Request: POST https://api.telegram.org/bot8257984718:AAGMaRpeBDzAYTp_sbQ2MifX8HJ0QNYq_bk/getUpdates "HTTP/1.1 200 OK"
2026-05-12 05:59:52 | INFO     | HTTP Request: POST https://api.telegram.org/bot8257984718:AAGMaRpeBDzAYTp_sbQ2MifX8HJ0QNYq_bk/getUpdates "HTTP/1.1 200 OK"
2026-05-12 06:00:02 | INFO     | HTTP Request: POST https://api.telegram.org/bot8257984718:AAGMaRpeBDzAYTp_sbQ2MifX8HJ0QNYq_bk/getUpdates "HTTP/1.1 200 OK"
2026-05-12 06:00:12 | INFO     | HTTP Request: POST https://api.telegram.org/bot8257984718:AAGMaRpeBDzAYTp_sbQ2MifX8HJ0QNYq_bk/getUpdates "HTTP/1.1 200 OK"
2026-05-12 06:00:22 | INFO     | HTTP Request: POST https://api.telegram.org/bot8257984718:AAGMaRpeBDzAYTp_sbQ2MifX8HJ0QNYq_bk/getUpdates "HTTP/1.1 200 OK"
2026-05-12 06:00:32 | INFO     | HTTP Request: POST https://api.telegram.org/bot8257984718:AAGMaRpeBDzAYTp_sbQ2MifX8HJ0QNYq_bk/getUpdates "HTTP/1.1 200 OK"
2026-05-12 06:00:42 | INFO     | HTTP Request: POST https://api.telegram.org/bot8257984718:AAGMaRpeBDzAYTp_sbQ2MifX8HJ0QNYq_bk/getUpdates "HTTP/1.1 200 OK"
2026-05-12 06:00:52 | INFO     | HTTP Request: POST https://api.telegram.org/bot8257984718:AAGMaRpeBDzAYTp_sbQ2MifX8HJ0QNYq_bk/getUpdates "HTTP/1.1 200 OK"
2026-05-12 06:01:02 | INFO     | HTTP Request: POST https://api.telegram.org/bot8257984718:AAGMaRpeBDzAYTp_sbQ2MifX8HJ0QNYq_bk/getUpdates "HTTP/1.1 200 OK"
2026-05-12 06:01:13 | INFO     | HTTP Request: POST https://api.telegram.org/bot8257984718:AAGMaRpeBDzAYTp_sbQ2MifX8HJ0QNYq_bk/getUpdates "HTTP/1.1 200 OK"
2026-05-12 06:01:23 | INFO     | HTTP Request: POST https://api.telegram.org/bot8257984718:AAGMaRpeBDzAYTp_sbQ2MifX8HJ0QNYq_bk/getUpdates "HTTP/1.1 200 OK"
2026-05-12 06:01:33 | INFO     | HTTP Request: POST https://api.telegram.org/bot8257984718:AAGMaRpeBDzAYTp_sbQ2MifX8HJ0QNYq_bk/getUpdates "HTTP/1.1 200 OK"
2026-05-12 06:01:43 | INFO     | HTTP Request: POST https://api.telegram.org/bot8257984718:AAGMaRpeBDzAYTp_sbQ2MifX8HJ0QNYq_bk/getUpdates "HTTP/1.1 200 OK"
2026-05-12 06:01:47 | INFO     | HTTP Request: POST https://api.telegram.org/bot8257984718:AAGMaRpeBDzAYTp_sbQ2MifX8HJ0QNYq_bk/getUpdates "HTTP/1.1 200 OK"
2026-05-12 06:01:47 | INFO     | Application is stopping. This might take a moment.
2026-05-12 06:01:47 | INFO     | Application.stop() complete
2026-05-12 06:12:29 | INFO     | DonishAI v7.0 started | model=qwen2.5:3b
2026-05-12 06:12:30 | INFO     | HTTP Request: POST https://api.telegram.org/bot8257984718:AAGMaRpeBDzAYTp_sbQ2MifX8HJ0QNYq_bk/getMe "HTTP/1.1 200 OK"
2026-05-12 06:12:30 | INFO     | HTTP Request: POST https://api.telegram.org/bot8257984718:AAGMaRpeBDzAYTp_sbQ2MifX8HJ0QNYq_bk/deleteWebhook "HTTP/1.1 200 OK"
2026-05-12 06:12:30 | INFO     | Application started
2026-05-12 06:12:40 | INFO     | HTTP Request: POST https://api.telegram.org/bot8257984718:AAGMaRpeBDzAYTp_sbQ2MifX8HJ0QNYq_bk/getUpdates "HTTP/1.1 200 OK"
2026-05-12 06:12:50 | INFO     | HTTP Request: POST https://api.telegram.org/bot8257984718:AAGMaRpeBDzAYTp_sbQ2MifX8HJ0QNYq_bk/getUpdates "HTTP/1.1 200 OK"
2026-05-12 06:13:00 | INFO     | HTTP Request: POST https://api.telegram.org/bot8257984718:AAGMaRpeBDzAYTp_sbQ2MifX8HJ0QNYq_bk/getUpdates "HTTP/1.1 200 OK"
2026-05-12 06:13:10 | INFO     | HTTP Request: POST https://api.telegram.org/bot8257984718:AAGMaRpeBDzAYTp_sbQ2MifX8HJ0QNYq_bk/getUpdates "HTTP/1.1 200 OK"
2026-05-12 06:13:21 | INFO     | HTTP Request: POST https://api.telegram.org/bot8257984718:AAGMaRpeBDzAYTp_sbQ2MifX8HJ0QNYq_bk/getUpdates "HTTP/1.1 200 OK"
2026-05-12 06:13:31 | INFO     | HTTP Request: POST https://api.telegram.org/bot8257984718:AAGMaRpeBDzAYTp_sbQ2MifX8HJ0QNYq_bk/getUpdates "HTTP/1.1 200 OK"
2026-05-12 06:13:41 | INFO     | HTTP Request: POST https://api.telegram.org/bot8257984718:AAGMaRpeBDzAYTp_sbQ2MifX8HJ0QNYq_bk/getUpdates "HTTP/1.1 200 OK"
2026-05-12 06:13:51 | INFO     | HTTP Request: POST https://api.telegram.org/bot8257984718:AAGMaRpeBDzAYTp_sbQ2MifX8HJ0QNYq_bk/getUpdates "HTTP/1.1 200 OK"
2026-05-12 06:14:01 | INFO     | HTTP Request: POST https://api.telegram.org/bot8257984718:AAGMaRpeBDzAYTp_sbQ2MifX8HJ0QNYq_bk/getUpdates "HTTP/1.1 200 OK"
2026-05-12 06:14:11 | INFO     | HTTP Request: POST https://api.telegram.org/bot8257984718:AAGMaRpeBDzAYTp_sbQ2MifX8HJ0QNYq_bk/getUpdates "HTTP/1.1 200 OK"
2026-05-12 06:14:21 | INFO     | HTTP Request: POST https://api.telegram.org/bot8257984718:AAGMaRpeBDzAYTp_sbQ2MifX8HJ0QNYq_bk/getUpdates "HTTP/1.1 200 OK"
2026-05-12 06:14:31 | INFO     | HTTP Request: POST https://api.telegram.org/bot8257984718:AAGMaRpeBDzAYTp_sbQ2MifX8HJ0QNYq_bk/getUpdates "HTTP/1.1 200 OK"
2026-05-12 06:14:41 | INFO     | HTTP Request: POST https://api.telegram.org/bot8257984718:AAGMaRpeBDzAYTp_sbQ2MifX8HJ0QNYq_bk/getUpdates "HTTP/1.1 200 OK"
2026-05-12 06:14:52 | INFO     | HTTP Request: POST https://api.telegram.org/bot8257984718:AAGMaRpeBDzAYTp_sbQ2MifX8HJ0QNYq_bk/getUpdates "HTTP/1.1 200 OK"
2026-05-12 06:15:02 | INFO     | HTTP Request: POST https://api.telegram.org/bot8257984718:AAGMaRpeBDzAYTp_sbQ2MifX8HJ0QNYq_bk/getUpdates "HTTP/1.1 200 OK"
2026-05-12 06:15:12 | INFO     | HTTP Request: POST https://api.telegram.org/bot8257984718:AAGMaRpeBDzAYTp_sbQ2MifX8HJ0QNYq_bk/getUpdates "HTTP/1.1 200 OK"
2026-05-12 06:15:22 | INFO     | HTTP Request: POST https://api.telegram.org/bot8257984718:AAGMaRpeBDzAYTp_sbQ2MifX8HJ0QNYq_bk/getUpdates "HTTP/1.1 200 OK"
2026-05-12 06:15:32 | INFO     | HTTP Request: POST https://api.telegram.org/bot8257984718:AAGMaRpeBDzAYTp_sbQ2MifX8HJ0QNYq_bk/getUpdates "HTTP/1.1 200 OK"
2026-05-12 06:15:42 | INFO     | HTTP Request: POST https://api.telegram.org/bot8257984718:AAGMaRpeBDzAYTp_sbQ2MifX8HJ0QNYq_bk/getUpdates "HTTP/1.1 200 OK"
2026-05-12 06:15:52 | INFO     | HTTP Request: POST https://api.telegram.org/bot8257984718:AAGMaRpeBDzAYTp_sbQ2MifX8HJ0QNYq_bk/getUpdates "HTTP/1.1 200 OK"
2026-05-12 06:16:02 | INFO     | HTTP Request: POST https://api.telegram.org/bot8257984718:AAGMaRpeBDzAYTp_sbQ2MifX8HJ0QNYq_bk/getUpdates "HTTP/1.1 200 OK"
2026-05-12 06:16:13 | INFO     | HTTP Request: POST https://api.telegram.org/bot8257984718:AAGMaRpeBDzAYTp_sbQ2MifX8HJ0QNYq_bk/getUpdates "HTTP/1.1 200 OK"
2026-05-12 06:16:23 | INFO     | HTTP Request: POST https://api.telegram.org/bot8257984718:AAGMaRpeBDzAYTp_sbQ2MifX8HJ0QNYq_bk/getUpdates "HTTP/1.1 200 OK"
2026-05-12 06:16:34 | INFO     | HTTP Request: POST https://api.telegram.org/bot8257984718:AAGMaRpeBDzAYTp_sbQ2MifX8HJ0QNYq_bk/getUpdates "HTTP/1.1 200 OK"
2026-05-12 06:16:44 | INFO     | HTTP Request: POST https://api.telegram.org/bot8257984718:AAGMaRpeBDzAYTp_sbQ2MifX8HJ0QNYq_bk/getUpdates "HTTP/1.1 200 OK"
2026-05-12 06:16:54 | INFO     | HTTP Request: POST https://api.telegram.org/bot8257984718:AAGMaRpeBDzAYTp_sbQ2MifX8HJ0QNYq_bk/getUpdates "HTTP/1.1 200 OK"
2026-05-12 06:17:04 | INFO     | HTTP Request: POST https://api.telegram.org/bot8257984718:AAGMaRpeBDzAYTp_sbQ2MifX8HJ0QNYq_bk/getUpdates "HTTP/1.1 200 OK"
2026-05-12 06:17:14 | INFO     | HTTP Request: POST https://api.telegram.org/bot8257984718:AAGMaRpeBDzAYTp_sbQ2MifX8HJ0QNYq_bk/getUpdates "HTTP/1.1 200 OK"
2026-05-12 06:17:24 | INFO     | HTTP Request: POST https://api.telegram.org/bot8257984718:AAGMaRpeBDzAYTp_sbQ2MifX8HJ0QNYq_bk/getUpdates "HTTP/1.1 200 OK"
2026-05-12 06:17:34 | INFO     | HTTP Request: POST https://api.telegram.org/bot8257984718:AAGMaRpeBDzAYTp_sbQ2MifX8HJ0QNYq_bk/getUpdates "HTTP/1.1 200 OK"
2026-05-12 06:17:45 | INFO     | HTTP Request: POST https://api.telegram.org/bot8257984718:AAGMaRpeBDzAYTp_sbQ2MifX8HJ0QNYq_bk/getUpdates "HTTP/1.1 200 OK"
2026-05-12 06:17:55 | INFO     | HTTP Request: POST https://api.telegram.org/bot8257984718:AAGMaRpeBDzAYTp_sbQ2MifX8HJ0QNYq_bk/getUpdates "HTTP/1.1 200 OK"
2026-05-12 06:18:05 | INFO     | HTTP Request: POST https://api.telegram.org/bot8257984718:AAGMaRpeBDzAYTp_sbQ2MifX8HJ0QNYq_bk/getUpdates "HTTP/1.1 200 OK"
2026-05-12 06:18:15 | INFO     | HTTP Request: POST https://api.telegram.org/bot8257984718:AAGMaRpeBDzAYTp_sbQ2MifX8HJ0QNYq_bk/getUpdates "HTTP/1.1 200 OK"
2026-05-12 06:18:25 | INFO     | HTTP Request: POST https://api.telegram.org/bot8257984718:AAGMaRpeBDzAYTp_sbQ2MifX8HJ0QNYq_bk/getUpdates "HTTP/1.1 200 OK"
2026-05-12 06:18:35 | INFO     | HTTP Request: POST https://api.telegram.org/bot8257984718:AAGMaRpeBDzAYTp_sbQ2MifX8HJ0QNYq_bk/getUpdates "HTTP/1.1 200 OK"
2026-05-12 06:18:41 | INFO     | HTTP Request: POST https://api.telegram.org/bot8257984718:AAGMaRpeBDzAYTp_sbQ2MifX8HJ0QNYq_bk/getUpdates "HTTP/1.1 200 OK"
2026-05-12 06:18:41 | INFO     | Application is stopping. This might take a moment.
2026-05-12 06:18:41 | INFO     | Application.stop() complete
2026-05-12 06:18:49 | INFO     | StudyBot v5.4 started | model=qwen2.5:1.5b | fallback=tinyllama
2026-05-12 06:18:50 | INFO     | HTTP Request: POST https://api.telegram.org/bot8257984718:AAGMaRpeBDzAYTp_sbQ2MifX8HJ0QNYq_bk/getMe "HTTP/1.1 200 OK"
2026-05-12 06:18:50 | INFO     | HTTP Request: POST https://api.telegram.org/bot8257984718:AAGMaRpeBDzAYTp_sbQ2MifX8HJ0QNYq_bk/deleteWebhook "HTTP/1.1 200 OK"
2026-05-12 06:18:50 | INFO     | Application started
2026-05-12 06:18:58 | INFO     | HTTP Request: POST https://api.telegram.org/bot8257984718:AAGMaRpeBDzAYTp_sbQ2MifX8HJ0QNYq_bk/getUpdates "HTTP/1.1 200 OK"
2026-05-12 06:18:59 | INFO     | HTTP Request: POST https://api.telegram.org/bot8257984718:AAGMaRpeBDzAYTp_sbQ2MifX8HJ0QNYq_bk/sendChatAction "HTTP/1.1 200 OK"
2026-05-12 06:19:08 | INFO     | HTTP Request: POST https://api.telegram.org/bot8257984718:AAGMaRpeBDzAYTp_sbQ2MifX8HJ0QNYq_bk/getUpdates "HTTP/1.1 200 OK"
2026-05-12 06:19:09 | INFO     | HTTP Request: POST http://localhost:11434/api/chat "HTTP/1.1 200 OK"
2026-05-12 06:19:09 | INFO     | OK | model=qwen2.5:1.5b | mode=chat | 10.3s | attempt=1
2026-05-12 06:19:09 | INFO     | MSG | user=2057476178 | mode=chat | model=qwen2.5:1.5b | len=2
2026-05-12 06:19:09 | INFO     | HTTP Request: POST https://api.telegram.org/bot8257984718:AAGMaRpeBDzAYTp_sbQ2MifX8HJ0QNYq_bk/sendMessage "HTTP/1.1 200 OK"
2026-05-12 06:19:16 | INFO     | HTTP Request: POST https://api.telegram.org/bot8257984718:AAGMaRpeBDzAYTp_sbQ2MifX8HJ0QNYq_bk/getUpdates "HTTP/1.1 200 OK"
2026-05-12 06:19:16 | INFO     | START | user=2057476178
2026-05-12 06:19:16 | INFO     | HTTP Request: POST https://api.telegram.org/bot8257984718:AAGMaRpeBDzAYTp_sbQ2MifX8HJ0QNYq_bk/sendMessage "HTTP/1.1 200 OK"
2026-05-12 06:19:21 | INFO     | HTTP Request: POST https://api.telegram.org/bot8257984718:AAGMaRpeBDzAYTp_sbQ2MifX8HJ0QNYq_bk/getUpdates "HTTP/1.1 200 OK"
2026-05-12 06:19:21 | INFO     | Application is stopping. This might take a moment.
2026-05-12 06:19:21 | INFO     | Application.stop() complete
2026-05-12 06:19:27 | INFO     | DonishAI v7.0 started | model=qwen2.5:3b
2026-05-12 06:19:30 | INFO     | HTTP Request: POST https://api.telegram.org/bot8223900828:AAGNG00joY9NKJRy9RnQSFq0St6kq9cZnCs/getMe "HTTP/1.1 200 OK"
2026-05-12 06:19:31 | INFO     | HTTP Request: POST https://api.telegram.org/bot8223900828:AAGNG00joY9NKJRy9RnQSFq0St6kq9cZnCs/deleteWebhook "HTTP/1.1 200 OK"
2026-05-12 06:19:31 | INFO     | Application started
2026-05-12 06:19:41 | INFO     | HTTP Request: POST https://api.telegram.org/bot8223900828:AAGNG00joY9NKJRy9RnQSFq0St6kq9cZnCs/getUpdates "HTTP/1.1 200 OK"
2026-05-12 06:19:51 | INFO     | HTTP Request: POST https://api.telegram.org/bot8223900828:AAGNG00joY9NKJRy9RnQSFq0St6kq9cZnCs/getUpdates "HTTP/1.1 200 OK"
2026-05-12 06:20:01 | INFO     | HTTP Request: POST https://api.telegram.org/bot8223900828:AAGNG00joY9NKJRy9RnQSFq0St6kq9cZnCs/getUpdates "HTTP/1.1 200 OK"
2026-05-12 06:20:11 | INFO     | HTTP Request: POST https://api.telegram.org/bot8223900828:AAGNG00joY9NKJRy9RnQSFq0St6kq9cZnCs/getUpdates "HTTP/1.1 200 OK"
2026-05-12 06:20:21 | INFO     | HTTP Request: POST https://api.telegram.org/bot8223900828:AAGNG00joY9NKJRy9RnQSFq0St6kq9cZnCs/getUpdates "HTTP/1.1 200 OK"
2026-05-12 06:20:31 | INFO     | HTTP Request: POST https://api.telegram.org/bot8223900828:AAGNG00joY9NKJRy9RnQSFq0St6kq9cZnCs/getUpdates "HTTP/1.1 200 OK"
2026-05-12 06:20:31 | INFO     | START | user=2057476178
2026-05-12 06:20:31 | INFO     | HTTP Request: POST https://api.telegram.org/bot8223900828:AAGNG00joY9NKJRy9RnQSFq0St6kq9cZnCs/sendMessage "HTTP/1.1 200 OK"
2026-05-12 06:20:41 | INFO     | HTTP Request: POST https://api.telegram.org/bot8223900828:AAGNG00joY9NKJRy9RnQSFq0St6kq9cZnCs/getUpdates "HTTP/1.1 200 OK"
2026-05-12 06:20:51 | INFO     | HTTP Request: POST https://api.telegram.org/bot8223900828:AAGNG00joY9NKJRy9RnQSFq0St6kq9cZnCs/getUpdates "HTTP/1.1 200 OK"
2026-05-12 06:21:01 | INFO     | HTTP Request: POST https://api.telegram.org/bot8223900828:AAGNG00joY9NKJRy9RnQSFq0St6kq9cZnCs/getUpdates "HTTP/1.1 200 OK"
2026-05-12 06:21:10 | INFO     | HTTP Request: POST https://api.telegram.org/bot8223900828:AAGNG00joY9NKJRy9RnQSFq0St6kq9cZnCs/getUpdates "HTTP/1.1 200 OK"
2026-05-12 06:21:11 | INFO     | HTTP Request: POST https://api.telegram.org/bot8223900828:AAGNG00joY9NKJRy9RnQSFq0St6kq9cZnCs/sendChatAction "HTTP/1.1 200 OK"
2026-05-12 06:21:18 | INFO     | HTTP Request: POST http://localhost:11434/api/chat "HTTP/1.1 200 OK"
2026-05-12 06:21:18 | INFO     | OK | model=qwen2.5:3b | 7.6s | attempt=1
2026-05-12 06:21:18 | INFO     | QUIZ_START | user=2057476178 | topic=recursion | model=qwen2.5:3b
2026-05-12 06:21:19 | INFO     | HTTP Request: POST https://api.telegram.org/bot8223900828:AAGNG00joY9NKJRy9RnQSFq0St6kq9cZnCs/sendMessage "HTTP/1.1 200 OK"
2026-05-12 06:21:20 | INFO     | HTTP Request: POST https://api.telegram.org/bot8223900828:AAGNG00joY9NKJRy9RnQSFq0St6kq9cZnCs/getUpdates "HTTP/1.1 200 OK"
2026-05-12 06:21:31 | INFO     | HTTP Request: POST https://api.telegram.org/bot8223900828:AAGNG00joY9NKJRy9RnQSFq0St6kq9cZnCs/getUpdates "HTTP/1.1 200 OK"
2026-05-12 06:21:41 | INFO     | HTTP Request: POST https://api.telegram.org/bot8223900828:AAGNG00joY9NKJRy9RnQSFq0St6kq9cZnCs/getUpdates "HTTP/1.1 200 OK"
2026-05-12 06:21:51 | INFO     | HTTP Request: POST https://api.telegram.org/bot8223900828:AAGNG00joY9NKJRy9RnQSFq0St6kq9cZnCs/getUpdates "HTTP/1.1 200 OK"
2026-05-12 06:22:01 | INFO     | HTTP Request: POST https://api.telegram.org/bot8223900828:AAGNG00joY9NKJRy9RnQSFq0St6kq9cZnCs/getUpdates "HTTP/1.1 200 OK"
2026-05-12 06:22:01 | INFO     | HTTP Request: POST https://api.telegram.org/bot8223900828:AAGNG00joY9NKJRy9RnQSFq0St6kq9cZnCs/sendChatAction "HTTP/1.1 200 OK"
2026-05-12 06:22:05 | INFO     | HTTP Request: POST http://localhost:11434/api/chat "HTTP/1.1 200 OK"
2026-05-12 06:22:05 | INFO     | OK | model=qwen2.5:3b | 3.7s | attempt=1
2026-05-12 06:22:05 | INFO     | QUIZ_EVAL | user=2057476178 | q=2 | model=qwen2.5:3b | 3.7s
2026-05-12 06:22:05 | INFO     | HTTP Request: POST https://api.telegram.org/bot8223900828:AAGNG00joY9NKJRy9RnQSFq0St6kq9cZnCs/sendMessage "HTTP/1.1 200 OK"
2026-05-12 06:22:11 | INFO     | HTTP Request: POST https://api.telegram.org/bot8223900828:AAGNG00joY9NKJRy9RnQSFq0St6kq9cZnCs/getUpdates "HTTP/1.1 200 OK"
2026-05-12 06:22:21 | INFO     | HTTP Request: POST https://api.telegram.org/bot8223900828:AAGNG00joY9NKJRy9RnQSFq0St6kq9cZnCs/getUpdates "HTTP/1.1 200 OK"
2026-05-12 06:22:26 | INFO     | HTTP Request: POST https://api.telegram.org/bot8223900828:AAGNG00joY9NKJRy9RnQSFq0St6kq9cZnCs/getUpdates "HTTP/1.1 200 OK"
2026-05-12 06:22:26 | INFO     | HTTP Request: POST https://api.telegram.org/bot8223900828:AAGNG00joY9NKJRy9RnQSFq0St6kq9cZnCs/sendChatAction "HTTP/1.1 200 OK"
2026-05-12 06:22:30 | INFO     | HTTP Request: POST http://localhost:11434/api/chat "HTTP/1.1 200 OK"
2026-05-12 06:22:30 | INFO     | OK | model=qwen2.5:3b | 3.5s | attempt=1
2026-05-12 06:22:30 | INFO     | QUIZ_EVAL | user=2057476178 | q=3 | model=qwen2.5:3b | 3.5s
2026-05-12 06:22:30 | INFO     | HTTP Request: POST https://api.telegram.org/bot8223900828:AAGNG00joY9NKJRy9RnQSFq0St6kq9cZnCs/sendMessage "HTTP/1.1 200 OK"
2026-05-12 06:22:36 | INFO     | HTTP Request: POST https://api.telegram.org/bot8223900828:AAGNG00joY9NKJRy9RnQSFq0St6kq9cZnCs/getUpdates "HTTP/1.1 200 OK"
2026-05-12 06:22:46 | INFO     | HTTP Request: POST https://api.telegram.org/bot8223900828:AAGNG00joY9NKJRy9RnQSFq0St6kq9cZnCs/getUpdates "HTTP/1.1 200 OK"
2026-05-12 06:22:56 | INFO     | HTTP Request: POST https://api.telegram.org/bot8223900828:AAGNG00joY9NKJRy9RnQSFq0St6kq9cZnCs/getUpdates "HTTP/1.1 200 OK"
2026-05-12 06:22:56 | INFO     | HTTP Request: POST https://api.telegram.org/bot8223900828:AAGNG00joY9NKJRy9RnQSFq0St6kq9cZnCs/getUpdates "HTTP/1.1 200 OK"
2026-05-12 06:22:57 | INFO     | HTTP Request: POST https://api.telegram.org/bot8223900828:AAGNG00joY9NKJRy9RnQSFq0St6kq9cZnCs/sendChatAction "HTTP/1.1 200 OK"
2026-05-12 06:23:00 | INFO     | HTTP Request: POST http://localhost:11434/api/chat "HTTP/1.1 200 OK"
2026-05-12 06:23:00 | INFO     | OK | model=qwen2.5:3b | 3.3s | attempt=1
2026-05-12 06:23:00 | INFO     | QUIZ_EVAL | user=2057476178 | q=4 | model=qwen2.5:3b | 3.3s
2026-05-12 06:23:00 | INFO     | HTTP Request: POST https://api.telegram.org/bot8223900828:AAGNG00joY9NKJRy9RnQSFq0St6kq9cZnCs/sendMessage "HTTP/1.1 200 OK"
2026-05-12 06:23:07 | INFO     | HTTP Request: POST https://api.telegram.org/bot8223900828:AAGNG00joY9NKJRy9RnQSFq0St6kq9cZnCs/getUpdates "HTTP/1.1 200 OK"
2026-05-12 06:23:17 | INFO     | HTTP Request: POST https://api.telegram.org/bot8223900828:AAGNG00joY9NKJRy9RnQSFq0St6kq9cZnCs/getUpdates "HTTP/1.1 200 OK"
2026-05-12 06:23:27 | INFO     | HTTP Request: POST https://api.telegram.org/bot8223900828:AAGNG00joY9NKJRy9RnQSFq0St6kq9cZnCs/getUpdates "HTTP/1.1 200 OK"
2026-05-12 06:23:36 | INFO     | HTTP Request: POST https://api.telegram.org/bot8223900828:AAGNG00joY9NKJRy9RnQSFq0St6kq9cZnCs/getUpdates "HTTP/1.1 200 OK"
2026-05-12 06:23:36 | INFO     | HTTP Request: POST https://api.telegram.org/bot8223900828:AAGNG00joY9NKJRy9RnQSFq0St6kq9cZnCs/sendChatAction "HTTP/1.1 200 OK"
2026-05-12 06:23:40 | INFO     | HTTP Request: POST http://localhost:11434/api/chat "HTTP/1.1 200 OK"
2026-05-12 06:23:40 | INFO     | OK | model=qwen2.5:3b | 3.6s | attempt=1
2026-05-12 06:23:40 | INFO     | QUIZ_EVAL | user=2057476178 | q=5 | model=qwen2.5:3b | 3.6s
2026-05-12 06:23:40 | INFO     | HTTP Request: POST https://api.telegram.org/bot8223900828:AAGNG00joY9NKJRy9RnQSFq0St6kq9cZnCs/sendMessage "HTTP/1.1 200 OK"
2026-05-12 06:23:46 | INFO     | HTTP Request: POST https://api.telegram.org/bot8223900828:AAGNG00joY9NKJRy9RnQSFq0St6kq9cZnCs/getUpdates "HTTP/1.1 200 OK"
2026-05-12 06:23:56 | INFO     | HTTP Request: POST https://api.telegram.org/bot8223900828:AAGNG00joY9NKJRy9RnQSFq0St6kq9cZnCs/getUpdates "HTTP/1.1 200 OK"
2026-05-12 06:24:06 | INFO     | HTTP Request: POST https://api.telegram.org/bot8223900828:AAGNG00joY9NKJRy9RnQSFq0St6kq9cZnCs/getUpdates "HTTP/1.1 200 OK"
2026-05-12 06:24:16 | INFO     | HTTP Request: POST https://api.telegram.org/bot8223900828:AAGNG00joY9NKJRy9RnQSFq0St6kq9cZnCs/getUpdates "HTTP/1.1 200 OK"
2026-05-12 06:24:26 | INFO     | HTTP Request: POST https://api.telegram.org/bot8223900828:AAGNG00joY9NKJRy9RnQSFq0St6kq9cZnCs/getUpdates "HTTP/1.1 200 OK"
2026-05-12 06:24:27 | INFO     | HTTP Request: POST https://api.telegram.org/bot8223900828:AAGNG00joY9NKJRy9RnQSFq0St6kq9cZnCs/getUpdates "HTTP/1.1 200 OK"
2026-05-12 06:24:27 | INFO     | HTTP Request: POST https://api.telegram.org/bot8223900828:AAGNG00joY9NKJRy9RnQSFq0St6kq9cZnCs/sendChatAction "HTTP/1.1 200 OK"
2026-05-12 06:24:30 | INFO     | HTTP Request: POST http://localhost:11434/api/chat "HTTP/1.1 200 OK"
2026-05-12 06:24:30 | INFO     | OK | model=qwen2.5:3b | 2.9s | attempt=1
2026-05-12 06:24:30 | INFO     | QUIZ_EVAL | user=2057476178 | q=6 | model=qwen2.5:3b | 2.9s
2026-05-12 06:24:30 | INFO     | HTTP Request: POST https://api.telegram.org/bot8223900828:AAGNG00joY9NKJRy9RnQSFq0St6kq9cZnCs/sendMessage "HTTP/1.1 200 OK"
2026-05-12 06:24:37 | INFO     | HTTP Request: POST https://api.telegram.org/bot8223900828:AAGNG00joY9NKJRy9RnQSFq0St6kq9cZnCs/getUpdates "HTTP/1.1 200 OK"
2026-05-12 06:24:40 | INFO     | HTTP Request: POST https://api.telegram.org/bot8223900828:AAGNG00joY9NKJRy9RnQSFq0St6kq9cZnCs/getUpdates "HTTP/1.1 200 OK"
2026-05-12 06:24:40 | INFO     | HTTP Request: POST https://api.telegram.org/bot8223900828:AAGNG00joY9NKJRy9RnQSFq0St6kq9cZnCs/sendChatAction "HTTP/1.1 200 OK"
2026-05-12 06:24:43 | INFO     | HTTP Request: POST http://localhost:11434/api/chat "HTTP/1.1 200 OK"
2026-05-12 06:24:43 | INFO     | OK | model=qwen2.5:3b | 2.5s | attempt=1
2026-05-12 06:24:43 | INFO     | QUIZ_EVAL | user=2057476178 | q=7 | model=qwen2.5:3b | 2.5s
2026-05-12 06:24:43 | INFO     | HTTP Request: POST https://api.telegram.org/bot8223900828:AAGNG00joY9NKJRy9RnQSFq0St6kq9cZnCs/sendMessage "HTTP/1.1 200 OK"
2026-05-12 06:24:50 | INFO     | HTTP Request: POST https://api.telegram.org/bot8223900828:AAGNG00joY9NKJRy9RnQSFq0St6kq9cZnCs/getUpdates "HTTP/1.1 200 OK"
2026-05-12 06:25:00 | INFO     | HTTP Request: POST https://api.telegram.org/bot8223900828:AAGNG00joY9NKJRy9RnQSFq0St6kq9cZnCs/getUpdates "HTTP/1.1 200 OK"
2026-05-12 06:25:10 | INFO     | HTTP Request: POST https://api.telegram.org/bot8223900828:AAGNG00joY9NKJRy9RnQSFq0St6kq9cZnCs/getUpdates "HTTP/1.1 200 OK"
2026-05-12 06:25:10 | INFO     | HTTP Request: POST https://api.telegram.org/bot8223900828:AAGNG00joY9NKJRy9RnQSFq0St6kq9cZnCs/sendChatAction "HTTP/1.1 200 OK"
2026-05-12 06:25:13 | INFO     | HTTP Request: POST http://localhost:11434/api/chat "HTTP/1.1 200 OK"
2026-05-12 06:25:13 | INFO     | OK | model=qwen2.5:3b | 2.9s | attempt=1
2026-05-12 06:25:13 | INFO     | QUIZ_EVAL | user=2057476178 | q=8 | model=qwen2.5:3b | 2.9s
2026-05-12 06:25:13 | INFO     | HTTP Request: POST https://api.telegram.org/bot8223900828:AAGNG00joY9NKJRy9RnQSFq0St6kq9cZnCs/sendMessage "HTTP/1.1 200 OK"
2026-05-12 06:25:20 | INFO     | HTTP Request: POST https://api.telegram.org/bot8223900828:AAGNG00joY9NKJRy9RnQSFq0St6kq9cZnCs/getUpdates "HTTP/1.1 200 OK"
2026-05-12 06:25:30 | INFO     | HTTP Request: POST https://api.telegram.org/bot8223900828:AAGNG00joY9NKJRy9RnQSFq0St6kq9cZnCs/getUpdates "HTTP/1.1 200 OK"
2026-05-12 06:25:40 | INFO     | HTTP Request: POST https://api.telegram.org/bot8223900828:AAGNG00joY9NKJRy9RnQSFq0St6kq9cZnCs/getUpdates "HTTP/1.1 200 OK"
2026-05-12 06:25:50 | INFO     | HTTP Request: POST https://api.telegram.org/bot8223900828:AAGNG00joY9NKJRy9RnQSFq0St6kq9cZnCs/getUpdates "HTTP/1.1 200 OK"
2026-05-12 06:26:00 | INFO     | HTTP Request: POST https://api.telegram.org/bot8223900828:AAGNG00joY9NKJRy9RnQSFq0St6kq9cZnCs/getUpdates "HTTP/1.1 200 OK"
2026-05-12 06:26:10 | INFO     | HTTP Request: POST https://api.telegram.org/bot8223900828:AAGNG00joY9NKJRy9RnQSFq0St6kq9cZnCs/getUpdates "HTTP/1.1 200 OK"
2026-05-12 06:26:20 | INFO     | HTTP Request: POST https://api.telegram.org/bot8223900828:AAGNG00joY9NKJRy9RnQSFq0St6kq9cZnCs/getUpdates "HTTP/1.1 200 OK"
2026-05-12 06:26:30 | INFO     | HTTP Request: POST https://api.telegram.org/bot8223900828:AAGNG00joY9NKJRy9RnQSFq0St6kq9cZnCs/getUpdates "HTTP/1.1 200 OK"
2026-05-12 06:26:37 | INFO     | HTTP Request: POST https://api.telegram.org/bot8223900828:AAGNG00joY9NKJRy9RnQSFq0St6kq9cZnCs/getUpdates "HTTP/1.1 200 OK"
2026-05-12 06:26:38 | INFO     | HTTP Request: POST https://api.telegram.org/bot8223900828:AAGNG00joY9NKJRy9RnQSFq0St6kq9cZnCs/answerCallbackQuery "HTTP/1.1 200 OK"
2026-05-12 06:26:38 | INFO     | HTTP Request: POST https://api.telegram.org/bot8223900828:AAGNG00joY9NKJRy9RnQSFq0St6kq9cZnCs/editMessageReplyMarkup "HTTP/1.1 200 OK"
2026-05-12 06:26:38 | INFO     | HTTP Request: POST https://api.telegram.org/bot8223900828:AAGNG00joY9NKJRy9RnQSFq0St6kq9cZnCs/sendMessage "HTTP/1.1 200 OK"
2026-05-12 06:26:40 | INFO     | HTTP Request: POST https://api.telegram.org/bot8223900828:AAGNG00joY9NKJRy9RnQSFq0St6kq9cZnCs/getUpdates "HTTP/1.1 200 OK"
2026-05-12 06:26:40 | INFO     | HTTP Request: POST https://api.telegram.org/bot8223900828:AAGNG00joY9NKJRy9RnQSFq0St6kq9cZnCs/answerCallbackQuery "HTTP/1.1 200 OK"
2026-05-12 06:26:40 | INFO     | HTTP Request: POST https://api.telegram.org/bot8223900828:AAGNG00joY9NKJRy9RnQSFq0St6kq9cZnCs/editMessageText "HTTP/1.1 200 OK"
2026-05-12 06:26:45 | INFO     | HTTP Request: POST https://api.telegram.org/bot8223900828:AAGNG00joY9NKJRy9RnQSFq0St6kq9cZnCs/getUpdates "HTTP/1.1 200 OK"
2026-05-12 06:26:46 | INFO     | HTTP Request: POST https://api.telegram.org/bot8223900828:AAGNG00joY9NKJRy9RnQSFq0St6kq9cZnCs/answerCallbackQuery "HTTP/1.1 200 OK"
2026-05-12 06:26:46 | INFO     | HTTP Request: POST https://api.telegram.org/bot8223900828:AAGNG00joY9NKJRy9RnQSFq0St6kq9cZnCs/editMessageText "HTTP/1.1 200 OK"
2026-05-12 06:26:47 | INFO     | HTTP Request: POST https://api.telegram.org/bot8223900828:AAGNG00joY9NKJRy9RnQSFq0St6kq9cZnCs/getUpdates "HTTP/1.1 200 OK"
2026-05-12 06:26:47 | INFO     | HTTP Request: POST https://api.telegram.org/bot8223900828:AAGNG00joY9NKJRy9RnQSFq0St6kq9cZnCs/answerCallbackQuery "HTTP/1.1 200 OK"
2026-05-12 06:26:47 | INFO     | CLEAR | user=2057476178
2026-05-12 06:26:48 | INFO     | HTTP Request: POST https://api.telegram.org/bot8223900828:AAGNG00joY9NKJRy9RnQSFq0St6kq9cZnCs/editMessageText "HTTP/1.1 200 OK"
2026-05-12 06:26:57 | INFO     | HTTP Request: POST https://api.telegram.org/bot8223900828:AAGNG00joY9NKJRy9RnQSFq0St6kq9cZnCs/getUpdates "HTTP/1.1 200 OK"
2026-05-12 06:27:08 | INFO     | HTTP Request: POST https://api.telegram.org/bot8223900828:AAGNG00joY9NKJRy9RnQSFq0St6kq9cZnCs/getUpdates "HTTP/1.1 200 OK"
2026-05-12 06:27:18 | INFO     | HTTP Request: POST https://api.telegram.org/bot8223900828:AAGNG00joY9NKJRy9RnQSFq0St6kq9cZnCs/getUpdates "HTTP/1.1 200 OK"
2026-05-12 06:27:28 | INFO     | HTTP Request: POST https://api.telegram.org/bot8223900828:AAGNG00joY9NKJRy9RnQSFq0St6kq9cZnCs/getUpdates "HTTP/1.1 200 OK"
2026-05-12 06:27:38 | INFO     | HTTP Request: POST https://api.telegram.org/bot8223900828:AAGNG00joY9NKJRy9RnQSFq0St6kq9cZnCs/getUpdates "HTTP/1.1 200 OK"
2026-05-12 06:27:48 | INFO     | HTTP Request: POST https://api.telegram.org/bot8223900828:AAGNG00joY9NKJRy9RnQSFq0St6kq9cZnCs/getUpdates "HTTP/1.1 200 OK"
2026-05-12 06:27:58 | INFO     | HTTP Request: POST https://api.telegram.org/bot8223900828:AAGNG00joY9NKJRy9RnQSFq0St6kq9cZnCs/getUpdates "HTTP/1.1 200 OK"
2026-05-12 06:28:08 | INFO     | HTTP Request: POST https://api.telegram.org/bot8223900828:AAGNG00joY9NKJRy9RnQSFq0St6kq9cZnCs/getUpdates "HTTP/1.1 200 OK"
2026-05-12 06:28:11 | INFO     | HTTP Request: POST https://api.telegram.org/bot8223900828:AAGNG00joY9NKJRy9RnQSFq0St6kq9cZnCs/getUpdates "HTTP/1.1 200 OK"
2026-05-12 06:28:11 | INFO     | START | user=2057476178
2026-05-12 06:28:12 | INFO     | HTTP Request: POST https://api.telegram.org/bot8223900828:AAGNG00joY9NKJRy9RnQSFq0St6kq9cZnCs/sendMessage "HTTP/1.1 200 OK"
2026-05-12 06:28:21 | INFO     | HTTP Request: POST https://api.telegram.org/bot8223900828:AAGNG00joY9NKJRy9RnQSFq0St6kq9cZnCs/getUpdates "HTTP/1.1 200 OK"
2026-05-12 06:28:28 | INFO     | HTTP Request: POST https://api.telegram.org/bot8223900828:AAGNG00joY9NKJRy9RnQSFq0St6kq9cZnCs/getUpdates "HTTP/1.1 200 OK"
2026-05-12 06:28:29 | INFO     | HTTP Request: POST https://api.telegram.org/bot8223900828:AAGNG00joY9NKJRy9RnQSFq0St6kq9cZnCs/answerCallbackQuery "HTTP/1.1 200 OK"
2026-05-12 06:28:29 | INFO     | HTTP Request: POST https://api.telegram.org/bot8223900828:AAGNG00joY9NKJRy9RnQSFq0St6kq9cZnCs/editMessageText "HTTP/1.1 200 OK"
2026-05-12 06:28:38 | INFO     | HTTP Request: POST https://api.telegram.org/bot8223900828:AAGNG00joY9NKJRy9RnQSFq0St6kq9cZnCs/getUpdates "HTTP/1.1 200 OK"
2026-05-12 06:28:49 | INFO     | HTTP Request: POST https://api.telegram.org/bot8223900828:AAGNG00joY9NKJRy9RnQSFq0St6kq9cZnCs/getUpdates "HTTP/1.1 200 OK"
2026-05-12 06:28:52 | INFO     | HTTP Request: POST https://api.telegram.org/bot8223900828:AAGNG00joY9NKJRy9RnQSFq0St6kq9cZnCs/getUpdates "HTTP/1.1 200 OK"
2026-05-12 06:28:52 | INFO     | RESET | user=2057476178
2026-05-12 06:28:52 | INFO     | HTTP Request: POST https://api.telegram.org/bot8223900828:AAGNG00joY9NKJRy9RnQSFq0St6kq9cZnCs/sendMessage "HTTP/1.1 200 OK"
2026-05-12 06:28:55 | INFO     | HTTP Request: POST https://api.telegram.org/bot8223900828:AAGNG00joY9NKJRy9RnQSFq0St6kq9cZnCs/getUpdates "HTTP/1.1 200 OK"
2026-05-12 06:28:55 | INFO     | HTTP Request: POST https://api.telegram.org/bot8223900828:AAGNG00joY9NKJRy9RnQSFq0St6kq9cZnCs/answerCallbackQuery "HTTP/1.1 200 OK"
2026-05-12 06:28:56 | INFO     | HTTP Request: POST https://api.telegram.org/bot8223900828:AAGNG00joY9NKJRy9RnQSFq0St6kq9cZnCs/editMessageText "HTTP/1.1 200 OK"
2026-05-12 08:16:43 | INFO     | DonishAI v7.0 started | model=qwen2.5:3b
2026-05-12 08:16:47 | INFO     | HTTP Request: POST https://api.telegram.org/bot8223900828:AAGNG00joY9NKJRy9RnQSFq0St6kq9cZnCs/getMe "HTTP/1.1 200 OK"
2026-05-12 08:16:47 | INFO     | HTTP Request: POST https://api.telegram.org/bot8223900828:AAGNG00joY9NKJRy9RnQSFq0St6kq9cZnCs/deleteWebhook "HTTP/1.1 200 OK"
2026-05-12 08:16:47 | INFO     | Application started
2026-05-12 08:16:58 | INFO     | HTTP Request: POST https://api.telegram.org/bot8223900828:AAGNG00joY9NKJRy9RnQSFq0St6kq9cZnCs/getUpdates "HTTP/1.1 200 OK"
2026-05-12 08:17:09 | INFO     | HTTP Request: POST https://api.telegram.org/bot8223900828:AAGNG00joY9NKJRy9RnQSFq0St6kq9cZnCs/getUpdates "HTTP/1.1 200 OK"
2026-05-12 08:17:22 | INFO     | HTTP Request: POST https://api.telegram.org/bot8223900828:AAGNG00joY9NKJRy9RnQSFq0St6kq9cZnCs/getUpdates "HTTP/1.1 200 OK"
2026-05-12 08:17:48 | INFO     | HTTP Request: POST https://api.telegram.org/bot8223900828:AAGNG00joY9NKJRy9RnQSFq0St6kq9cZnCs/getUpdates "HTTP/1.1 200 OK"
2026-05-12 08:17:58 | INFO     | HTTP Request: POST https://api.telegram.org/bot8223900828:AAGNG00joY9NKJRy9RnQSFq0St6kq9cZnCs/getUpdates "HTTP/1.1 200 OK"
2026-05-12 08:18:08 | INFO     | HTTP Request: POST https://api.telegram.org/bot8223900828:AAGNG00joY9NKJRy9RnQSFq0St6kq9cZnCs/getUpdates "HTTP/1.1 200 OK"
2026-05-12 08:18:19 | INFO     | HTTP Request: POST https://api.telegram.org/bot8223900828:AAGNG00joY9NKJRy9RnQSFq0St6kq9cZnCs/getUpdates "HTTP/1.1 200 OK"
2026-05-12 08:18:28 | INFO     | HTTP Request: POST https://api.telegram.org/bot8223900828:AAGNG00joY9NKJRy9RnQSFq0St6kq9cZnCs/getUpdates "HTTP/1.1 200 OK"
2026-05-12 08:18:28 | INFO     | START | user=2057476178
2026-05-12 08:18:29 | INFO     | HTTP Request: POST https://api.telegram.org/bot8223900828:AAGNG00joY9NKJRy9RnQSFq0St6kq9cZnCs/sendMessage "HTTP/1.1 200 OK"
2026-05-12 08:18:38 | INFO     | HTTP Request: POST https://api.telegram.org/bot8223900828:AAGNG00joY9NKJRy9RnQSFq0St6kq9cZnCs/getUpdates "HTTP/1.1 200 OK"
2026-05-12 08:18:49 | INFO     | HTTP Request: POST https://api.telegram.org/bot8223900828:AAGNG00joY9NKJRy9RnQSFq0St6kq9cZnCs/getUpdates "HTTP/1.1 200 OK"
2026-05-12 08:18:59 | INFO     | HTTP Request: POST https://api.telegram.org/bot8223900828:AAGNG00joY9NKJRy9RnQSFq0St6kq9cZnCs/getUpdates "HTTP/1.1 200 OK"
2026-05-12 08:19:10 | INFO     | HTTP Request: POST https://api.telegram.org/bot8223900828:AAGNG00joY9NKJRy9RnQSFq0St6kq9cZnCs/getUpdates "HTTP/1.1 200 OK"
2026-05-12 08:19:21 | INFO     | HTTP Request: POST https://api.telegram.org/bot8223900828:AAGNG00joY9NKJRy9RnQSFq0St6kq9cZnCs/getUpdates "HTTP/1.1 200 OK"
2026-05-12 08:19:32 | INFO     | HTTP Request: POST https://api.telegram.org/bot8223900828:AAGNG00joY9NKJRy9RnQSFq0St6kq9cZnCs/getUpdates "HTTP/1.1 200 OK"
2026-05-12 08:19:37 | INFO     | HTTP Request: POST https://api.telegram.org/bot8223900828:AAGNG00joY9NKJRy9RnQSFq0St6kq9cZnCs/getUpdates "HTTP/1.1 200 OK"
2026-05-12 08:19:37 | INFO     | START | user=1843518070
2026-05-12 08:19:39 | INFO     | HTTP Request: POST https://api.telegram.org/bot8223900828:AAGNG00joY9NKJRy9RnQSFq0St6kq9cZnCs/sendMessage "HTTP/1.1 200 OK"
2026-05-12 08:19:47 | INFO     | HTTP Request: POST https://api.telegram.org/bot8223900828:AAGNG00joY9NKJRy9RnQSFq0St6kq9cZnCs/getUpdates "HTTP/1.1 200 OK"
2026-05-12 08:19:58 | INFO     | HTTP Request: POST https://api.telegram.org/bot8223900828:AAGNG00joY9NKJRy9RnQSFq0St6kq9cZnCs/getUpdates "HTTP/1.1 200 OK"
2026-05-12 08:20:08 | INFO     | HTTP Request: POST https://api.telegram.org/bot8223900828:AAGNG00joY9NKJRy9RnQSFq0St6kq9cZnCs/getUpdates "HTTP/1.1 200 OK"
2026-05-12 08:20:19 | INFO     | HTTP Request: POST https://api.telegram.org/bot8223900828:AAGNG00joY9NKJRy9RnQSFq0St6kq9cZnCs/getUpdates "HTTP/1.1 200 OK"
2026-05-12 08:20:28 | INFO     | HTTP Request: POST https://api.telegram.org/bot8223900828:AAGNG00joY9NKJRy9RnQSFq0St6kq9cZnCs/getUpdates "HTTP/1.1 200 OK"
2026-05-12 08:20:29 | INFO     | HTTP Request: POST https://api.telegram.org/bot8223900828:AAGNG00joY9NKJRy9RnQSFq0St6kq9cZnCs/sendChatAction "HTTP/1.1 200 OK"
2026-05-12 08:20:38 | INFO     | HTTP Request: POST https://api.telegram.org/bot8223900828:AAGNG00joY9NKJRy9RnQSFq0St6kq9cZnCs/getUpdates "HTTP/1.1 200 OK"
2026-05-12 08:20:39 | INFO     | HTTP Request: POST http://localhost:11434/api/chat "HTTP/1.1 200 OK"
2026-05-12 08:20:39 | INFO     | OK | model=qwen2.5:3b | 10.0s | attempt=1
2026-05-12 08:20:39 | INFO     | MSG | user=1843518070 | model=qwen2.5:3b | len=7 | 10.0s
2026-05-12 08:20:40 | INFO     | HTTP Request: POST https://api.telegram.org/bot8223900828:AAGNG00joY9NKJRy9RnQSFq0St6kq9cZnCs/sendMessage "HTTP/1.1 200 OK"
2026-05-12 08:20:49 | INFO     | HTTP Request: POST https://api.telegram.org/bot8223900828:AAGNG00joY9NKJRy9RnQSFq0St6kq9cZnCs/getUpdates "HTTP/1.1 200 OK"
2026-05-12 08:20:59 | INFO     | HTTP Request: POST https://api.telegram.org/bot8223900828:AAGNG00joY9NKJRy9RnQSFq0St6kq9cZnCs/getUpdates "HTTP/1.1 200 OK"
2026-05-12 08:21:10 | INFO     | HTTP Request: POST https://api.telegram.org/bot8223900828:AAGNG00joY9NKJRy9RnQSFq0St6kq9cZnCs/getUpdates "HTTP/1.1 200 OK"
2026-05-12 08:21:22 | INFO     | HTTP Request: POST https://api.telegram.org/bot8223900828:AAGNG00joY9NKJRy9RnQSFq0St6kq9cZnCs/getUpdates "HTTP/1.1 200 OK"
2026-05-12 08:21:22 | INFO     | START | user=1489649996
2026-05-12 08:21:27 | ERROR    | No error handlers are registered, logging exception.
Traceback (most recent call last):
  File "C:\Users\Suhrob\ollama_chat\.venv\Lib\site-packages\httpx\_transports\default.py", line 101, in map_httpcore_exceptions
    yield
  File "C:\Users\Suhrob\ollama_chat\.venv\Lib\site-packages\httpx\_transports\default.py", line 394, in handle_async_request
    resp = await self._pool.handle_async_request(req)
           ^^^^^^^^^^^^^^^^^^^^^^^^^^^^^^^^^^^^^^^^^^
  File "C:\Users\Suhrob\ollama_chat\.venv\Lib\site-packages\httpcore\_async\connection_pool.py", line 256, in handle_async_request
    raise exc from None
  File "C:\Users\Suhrob\ollama_chat\.venv\Lib\site-packages\httpcore\_async\connection_pool.py", line 236, in handle_async_request
    response = await connection.handle_async_request(
               ^^^^^^^^^^^^^^^^^^^^^^^^^^^^^^^^^^^^^^
        pool_request.request
        ^^^^^^^^^^^^^^^^^^^^
    )
    ^
  File "C:\Users\Suhrob\ollama_chat\.venv\Lib\site-packages\httpcore\_async\connection.py", line 101, in handle_async_request
    raise exc
  File "C:\Users\Suhrob\ollama_chat\.venv\Lib\site-packages\httpcore\_async\connection.py", line 78, in handle_async_request
    stream = await self._connect(request)
             ^^^^^^^^^^^^^^^^^^^^^^^^^^^^
  File "C:\Users\Suhrob\ollama_chat\.venv\Lib\site-packages\httpcore\_async\connection.py", line 124, in _connect
    stream = await self._network_backend.connect_tcp(**kwargs)
             ^^^^^^^^^^^^^^^^^^^^^^^^^^^^^^^^^^^^^^^^^^^^^^^^^
  File "C:\Users\Suhrob\ollama_chat\.venv\Lib\site-packages\httpcore\_backends\auto.py", line 31, in connect_tcp
    return await self._backend.connect_tcp(
           ^^^^^^^^^^^^^^^^^^^^^^^^^^^^^^^^
    ...<5 lines>...
    )
    ^
  File "C:\Users\Suhrob\ollama_chat\.venv\Lib\site-packages\httpcore\_backends\anyio.py", line 113, in connect_tcp
    with map_exceptions(exc_map):
         ~~~~~~~~~~~~~~^^^^^^^^^
  File "C:\Users\Suhrob\AppData\Local\Python\pythoncore-3.14-64\Lib\contextlib.py", line 162, in __exit__
    self.gen.throw(value)
    ~~~~~~~~~~~~~~^^^^^^^
  File "C:\Users\Suhrob\ollama_chat\.venv\Lib\site-packages\httpcore\_exceptions.py", line 14, in map_exceptions
    raise to_exc(exc) from exc
httpcore.ConnectTimeout

The above exception was the direct cause of the following exception:

Traceback (most recent call last):
  File "C:\Users\Suhrob\ollama_chat\.venv\Lib\site-packages\telegram\request\_httpxrequest.py", line 279, in do_request
    res = await self._client.request(
          ^^^^^^^^^^^^^^^^^^^^^^^^^^^
    ...<6 lines>...
    )
    ^
  File "C:\Users\Suhrob\ollama_chat\.venv\Lib\site-packages\httpx\_client.py", line 1540, in request
    return await self.send(request, auth=auth, follow_redirects=follow_redirects)
           ^^^^^^^^^^^^^^^^^^^^^^^^^^^^^^^^^^^^^^^^^^^^^^^^^^^^^^^^^^^^^^^^^^^^^^
  File "C:\Users\Suhrob\ollama_chat\.venv\Lib\site-packages\httpx\_client.py", line 1629, in send
    response = await self._send_handling_auth(
               ^^^^^^^^^^^^^^^^^^^^^^^^^^^^^^^
    ...<4 lines>...
    )
    ^
  File "C:\Users\Suhrob\ollama_chat\.venv\Lib\site-packages\httpx\_client.py", line 1657, in _send_handling_auth
    response = await self._send_handling_redirects(
               ^^^^^^^^^^^^^^^^^^^^^^^^^^^^^^^^^^^^
    ...<3 lines>...
    )
    ^
  File "C:\Users\Suhrob\ollama_chat\.venv\Lib\site-packages\httpx\_client.py", line 1694, in _send_handling_redirects
    response = await self._send_single_request(request)
               ^^^^^^^^^^^^^^^^^^^^^^^^^^^^^^^^^^^^^^^^
  File "C:\Users\Suhrob\ollama_chat\.venv\Lib\site-packages\httpx\_client.py", line 1730, in _send_single_request
    response = await transport.handle_async_request(request)
               ^^^^^^^^^^^^^^^^^^^^^^^^^^^^^^^^^^^^^^^^^^^^^
  File "C:\Users\Suhrob\ollama_chat\.venv\Lib\site-packages\httpx\_transports\default.py", line 393, in handle_async_request
    with map_httpcore_exceptions():
         ~~~~~~~~~~~~~~~~~~~~~~~^^
  File "C:\Users\Suhrob\AppData\Local\Python\pythoncore-3.14-64\Lib\contextlib.py", line 162, in __exit__
    self.gen.throw(value)
    ~~~~~~~~~~~~~~^^^^^^^
  File "C:\Users\Suhrob\ollama_chat\.venv\Lib\site-packages\httpx\_transports\default.py", line 118, in map_httpcore_exceptions
    raise mapped_exc(message) from exc
httpx.ConnectTimeout

The above exception was the direct cause of the following exception:

Traceback (most recent call last):
  File "C:\Users\Suhrob\ollama_chat\.venv\Lib\site-packages\telegram\ext\_application.py", line 1315, in process_update
    await coroutine
  File "C:\Users\Suhrob\ollama_chat\.venv\Lib\site-packages\telegram\ext\_handlers\basehandler.py", line 159, in handle_update
    return await self.callback(update, context)
           ^^^^^^^^^^^^^^^^^^^^^^^^^^^^^^^^^^^^
  File "C:\Users\Suhrob\ollama_chat\tbot.py", line 405, in cmd_start
    await update.message.reply_text(
    ...<7 lines>...
    )
  File "C:\Users\Suhrob\ollama_chat\.venv\Lib\site-packages\telegram\_message.py", line 2106, in reply_text
    return await self.get_bot().send_message(
           ^^^^^^^^^^^^^^^^^^^^^^^^^^^^^^^^^^
    ...<21 lines>...
    )
    ^
  File "C:\Users\Suhrob\ollama_chat\.venv\Lib\site-packages\telegram\ext\_extbot.py", line 3118, in send_message
    return await super().send_message(
           ^^^^^^^^^^^^^^^^^^^^^^^^^^^
    ...<23 lines>...
    )
    ^
  File "C:\Users\Suhrob\ollama_chat\.venv\Lib\site-packages\telegram\_bot.py", line 1123, in send_message
    return await self._send_message(
           ^^^^^^^^^^^^^^^^^^^^^^^^^
    ...<21 lines>...
    )
    ^
  File "C:\Users\Suhrob\ollama_chat\.venv\Lib\site-packages\telegram\ext\_extbot.py", line 630, in _send_message
    result = await super()._send_message(
             ^^^^^^^^^^^^^^^^^^^^^^^^^^^^
    ...<23 lines>...
    )
    ^
  File "C:\Users\Suhrob\ollama_chat\.venv\Lib\site-packages\telegram\_bot.py", line 820, in _send_message
    result = await self._post(
             ^^^^^^^^^^^^^^^^^
    ...<7 lines>...
    )
    ^
  File "C:\Users\Suhrob\ollama_chat\.venv\Lib\site-packages\telegram\_bot.py", line 704, in _post
    return await self._do_post(
           ^^^^^^^^^^^^^^^^^^^^
    ...<6 lines>...
    )
    ^
  File "C:\Users\Suhrob\ollama_chat\.venv\Lib\site-packages\telegram\ext\_extbot.py", line 370, in _do_post
    return await super()._do_post(
           ^^^^^^^^^^^^^^^^^^^^^^^
    ...<6 lines>...
    )
    ^
  File "C:\Users\Suhrob\ollama_chat\.venv\Lib\site-packages\telegram\_bot.py", line 733, in _do_post
    result = await request.post(
             ^^^^^^^^^^^^^^^^^^^
    ...<6 lines>...
    )
    ^
  File "C:\Users\Suhrob\ollama_chat\.venv\Lib\site-packages\telegram\request\_baserequest.py", line 198, in post
    result = await self._request_wrapper(
             ^^^^^^^^^^^^^^^^^^^^^^^^^^^^
    ...<7 lines>...
    )
    ^
  File "C:\Users\Suhrob\ollama_chat\.venv\Lib\site-packages\telegram\request\_baserequest.py", line 305, in _request_wrapper
    code, payload = await self.do_request(
                    ^^^^^^^^^^^^^^^^^^^^^^
    ...<7 lines>...
    )
    ^
  File "C:\Users\Suhrob\ollama_chat\.venv\Lib\site-packages\telegram\request\_httpxrequest.py", line 296, in do_request
    raise TimedOut from err
telegram.error.TimedOut: Timed out
2026-05-12 08:21:28 | INFO     | HTTP Request: POST https://api.telegram.org/bot8223900828:AAGNG00joY9NKJRy9RnQSFq0St6kq9cZnCs/getUpdates "HTTP/1.1 200 OK"
2026-05-12 08:21:30 | INFO     | HTTP Request: POST https://api.telegram.org/bot8223900828:AAGNG00joY9NKJRy9RnQSFq0St6kq9cZnCs/getUpdates "HTTP/1.1 200 OK"
2026-05-12 08:21:33 | INFO     | HTTP Request: POST https://api.telegram.org/bot8223900828:AAGNG00joY9NKJRy9RnQSFq0St6kq9cZnCs/sendChatAction "HTTP/1.1 200 OK"
2026-05-12 08:21:39 | INFO     | HTTP Request: POST http://localhost:11434/api/chat "HTTP/1.1 200 OK"
2026-05-12 08:21:39 | INFO     | OK | model=qwen2.5:3b | 6.4s | attempt=1
2026-05-12 08:21:39 | INFO     | MSG | user=1843518070 | model=qwen2.5:3b | len=15 | 6.4s
2026-05-12 08:21:39 | ERROR    | No error handlers are registered, logging exception.
Traceback (most recent call last):
  File "C:\Users\Suhrob\ollama_chat\.venv\Lib\site-packages\httpx\_transports\default.py", line 101, in map_httpcore_exceptions
    yield
  File "C:\Users\Suhrob\ollama_chat\.venv\Lib\site-packages\httpx\_transports\default.py", line 394, in handle_async_request
    resp = await self._pool.handle_async_request(req)
           ^^^^^^^^^^^^^^^^^^^^^^^^^^^^^^^^^^^^^^^^^^
  File "C:\Users\Suhrob\ollama_chat\.venv\Lib\site-packages\httpcore\_async\connection_pool.py", line 256, in handle_async_request
    raise exc from None
  File "C:\Users\Suhrob\ollama_chat\.venv\Lib\site-packages\httpcore\_async\connection_pool.py", line 236, in handle_async_request
    response = await connection.handle_async_request(
               ^^^^^^^^^^^^^^^^^^^^^^^^^^^^^^^^^^^^^^
        pool_request.request
        ^^^^^^^^^^^^^^^^^^^^
    )
    ^
  File "C:\Users\Suhrob\ollama_chat\.venv\Lib\site-packages\httpcore\_async\connection.py", line 101, in handle_async_request
    raise exc
  File "C:\Users\Suhrob\ollama_chat\.venv\Lib\site-packages\httpcore\_async\connection.py", line 78, in handle_async_request
    stream = await self._connect(request)
             ^^^^^^^^^^^^^^^^^^^^^^^^^^^^
  File "C:\Users\Suhrob\ollama_chat\.venv\Lib\site-packages\httpcore\_async\connection.py", line 124, in _connect
    stream = await self._network_backend.connect_tcp(**kwargs)
             ^^^^^^^^^^^^^^^^^^^^^^^^^^^^^^^^^^^^^^^^^^^^^^^^^
  File "C:\Users\Suhrob\ollama_chat\.venv\Lib\site-packages\httpcore\_backends\auto.py", line 31, in connect_tcp
    return await self._backend.connect_tcp(
           ^^^^^^^^^^^^^^^^^^^^^^^^^^^^^^^^
    ...<5 lines>...
    )
    ^
  File "C:\Users\Suhrob\ollama_chat\.venv\Lib\site-packages\httpcore\_backends\anyio.py", line 113, in connect_tcp
    with map_exceptions(exc_map):
         ~~~~~~~~~~~~~~^^^^^^^^^
  File "C:\Users\Suhrob\AppData\Local\Python\pythoncore-3.14-64\Lib\contextlib.py", line 162, in __exit__
    self.gen.throw(value)
    ~~~~~~~~~~~~~~^^^^^^^
  File "C:\Users\Suhrob\ollama_chat\.venv\Lib\site-packages\httpcore\_exceptions.py", line 14, in map_exceptions
    raise to_exc(exc) from exc
httpcore.ConnectError: [Errno 11001] getaddrinfo failed

The above exception was the direct cause of the following exception:

Traceback (most recent call last):
  File "C:\Users\Suhrob\ollama_chat\.venv\Lib\site-packages\telegram\request\_httpxrequest.py", line 279, in do_request
    res = await self._client.request(
          ^^^^^^^^^^^^^^^^^^^^^^^^^^^
    ...<6 lines>...
    )
    ^
  File "C:\Users\Suhrob\ollama_chat\.venv\Lib\site-packages\httpx\_client.py", line 1540, in request
    return await self.send(request, auth=auth, follow_redirects=follow_redirects)
           ^^^^^^^^^^^^^^^^^^^^^^^^^^^^^^^^^^^^^^^^^^^^^^^^^^^^^^^^^^^^^^^^^^^^^^
  File "C:\Users\Suhrob\ollama_chat\.venv\Lib\site-packages\httpx\_client.py", line 1629, in send
    response = await self._send_handling_auth(
               ^^^^^^^^^^^^^^^^^^^^^^^^^^^^^^^
    ...<4 lines>...
    )
    ^
  File "C:\Users\Suhrob\ollama_chat\.venv\Lib\site-packages\httpx\_client.py", line 1657, in _send_handling_auth
    response = await self._send_handling_redirects(
               ^^^^^^^^^^^^^^^^^^^^^^^^^^^^^^^^^^^^
    ...<3 lines>...
    )
    ^
  File "C:\Users\Suhrob\ollama_chat\.venv\Lib\site-packages\httpx\_client.py", line 1694, in _send_handling_redirects
    response = await self._send_single_request(request)
               ^^^^^^^^^^^^^^^^^^^^^^^^^^^^^^^^^^^^^^^^
  File "C:\Users\Suhrob\ollama_chat\.venv\Lib\site-packages\httpx\_client.py", line 1730, in _send_single_request
    response = await transport.handle_async_request(request)
               ^^^^^^^^^^^^^^^^^^^^^^^^^^^^^^^^^^^^^^^^^^^^^
  File "C:\Users\Suhrob\ollama_chat\.venv\Lib\site-packages\httpx\_transports\default.py", line 393, in handle_async_request
    with map_httpcore_exceptions():
         ~~~~~~~~~~~~~~~~~~~~~~~^^
  File "C:\Users\Suhrob\AppData\Local\Python\pythoncore-3.14-64\Lib\contextlib.py", line 162, in __exit__
    self.gen.throw(value)
    ~~~~~~~~~~~~~~^^^^^^^
  File "C:\Users\Suhrob\ollama_chat\.venv\Lib\site-packages\httpx\_transports\default.py", line 118, in map_httpcore_exceptions
    raise mapped_exc(message) from exc
httpx.ConnectError: [Errno 11001] getaddrinfo failed

The above exception was the direct cause of the following exception:

Traceback (most recent call last):
  File "C:\Users\Suhrob\ollama_chat\.venv\Lib\site-packages\telegram\ext\_application.py", line 1315, in process_update
    await coroutine
  File "C:\Users\Suhrob\ollama_chat\.venv\Lib\site-packages\telegram\ext\_handlers\basehandler.py", line 159, in handle_update
    return await self.callback(update, context)
           ^^^^^^^^^^^^^^^^^^^^^^^^^^^^^^^^^^^^
  File "C:\Users\Suhrob\ollama_chat\tbot.py", line 598, in handle_message
    await send_html(update, formatted, reply_markup=answer_kb())
  File "C:\Users\Suhrob\ollama_chat\tbot.py", line 285, in send_html
    await update.message.reply_text(text, parse_mode="HTML", reply_markup=reply_markup)
  File "C:\Users\Suhrob\ollama_chat\.venv\Lib\site-packages\telegram\_message.py", line 2106, in reply_text
    return await self.get_bot().send_message(
           ^^^^^^^^^^^^^^^^^^^^^^^^^^^^^^^^^^
    ...<21 lines>...
    )
    ^
  File "C:\Users\Suhrob\ollama_chat\.venv\Lib\site-packages\telegram\ext\_extbot.py", line 3118, in send_message
    return await super().send_message(
           ^^^^^^^^^^^^^^^^^^^^^^^^^^^
    ...<23 lines>...
    )
    ^
  File "C:\Users\Suhrob\ollama_chat\.venv\Lib\site-packages\telegram\_bot.py", line 1123, in send_message
    return await self._send_message(
           ^^^^^^^^^^^^^^^^^^^^^^^^^
    ...<21 lines>...
    )
    ^
  File "C:\Users\Suhrob\ollama_chat\.venv\Lib\site-packages\telegram\ext\_extbot.py", line 630, in _send_message
    result = await super()._send_message(
             ^^^^^^^^^^^^^^^^^^^^^^^^^^^^
    ...<23 lines>...
    )
    ^
  File "C:\Users\Suhrob\ollama_chat\.venv\Lib\site-packages\telegram\_bot.py", line 820, in _send_message
    result = await self._post(
             ^^^^^^^^^^^^^^^^^
    ...<7 lines>...
    )
    ^
  File "C:\Users\Suhrob\ollama_chat\.venv\Lib\site-packages\telegram\_bot.py", line 704, in _post
    return await self._do_post(
           ^^^^^^^^^^^^^^^^^^^^
    ...<6 lines>...
    )
    ^
  File "C:\Users\Suhrob\ollama_chat\.venv\Lib\site-packages\telegram\ext\_extbot.py", line 370, in _do_post
    return await super()._do_post(
           ^^^^^^^^^^^^^^^^^^^^^^^
    ...<6 lines>...
    )
    ^
  File "C:\Users\Suhrob\ollama_chat\.venv\Lib\site-packages\telegram\_bot.py", line 733, in _do_post
    result = await request.post(
             ^^^^^^^^^^^^^^^^^^^
    ...<6 lines>...
    )
    ^
  File "C:\Users\Suhrob\ollama_chat\.venv\Lib\site-packages\telegram\request\_baserequest.py", line 198, in post
    result = await self._request_wrapper(
             ^^^^^^^^^^^^^^^^^^^^^^^^^^^^
    ...<7 lines>...
    )
    ^
  File "C:\Users\Suhrob\ollama_chat\.venv\Lib\site-packages\telegram\request\_baserequest.py", line 305, in _request_wrapper
    code, payload = await self.do_request(
                    ^^^^^^^^^^^^^^^^^^^^^^
    ...<7 lines>...
    )
    ^
  File "C:\Users\Suhrob\ollama_chat\.venv\Lib\site-packages\telegram\request\_httpxrequest.py", line 303, in do_request
    raise NetworkError(f"httpx.{err.__class__.__name__}: {err}") from err
telegram.error.NetworkError: httpx.ConnectError: [Errno 11001] getaddrinfo failed
2026-05-12 08:21:39 | ERROR    | No error handlers are registered, logging exception.
Traceback (most recent call last):
  File "C:\Users\Suhrob\ollama_chat\.venv\Lib\site-packages\httpx\_transports\default.py", line 101, in map_httpcore_exceptions
    yield
  File "C:\Users\Suhrob\ollama_chat\.venv\Lib\site-packages\httpx\_transports\default.py", line 394, in handle_async_request
    resp = await self._pool.handle_async_request(req)
           ^^^^^^^^^^^^^^^^^^^^^^^^^^^^^^^^^^^^^^^^^^
  File "C:\Users\Suhrob\ollama_chat\.venv\Lib\site-packages\httpcore\_async\connection_pool.py", line 256, in handle_async_request
    raise exc from None
  File "C:\Users\Suhrob\ollama_chat\.venv\Lib\site-packages\httpcore\_async\connection_pool.py", line 236, in handle_async_request
    response = await connection.handle_async_request(
               ^^^^^^^^^^^^^^^^^^^^^^^^^^^^^^^^^^^^^^
        pool_request.request
        ^^^^^^^^^^^^^^^^^^^^
    )
    ^
  File "C:\Users\Suhrob\ollama_chat\.venv\Lib\site-packages\httpcore\_async\connection.py", line 101, in handle_async_request
    raise exc
  File "C:\Users\Suhrob\ollama_chat\.venv\Lib\site-packages\httpcore\_async\connection.py", line 78, in handle_async_request
    stream = await self._connect(request)
             ^^^^^^^^^^^^^^^^^^^^^^^^^^^^
  File "C:\Users\Suhrob\ollama_chat\.venv\Lib\site-packages\httpcore\_async\connection.py", line 124, in _connect
    stream = await self._network_backend.connect_tcp(**kwargs)
             ^^^^^^^^^^^^^^^^^^^^^^^^^^^^^^^^^^^^^^^^^^^^^^^^^
  File "C:\Users\Suhrob\ollama_chat\.venv\Lib\site-packages\httpcore\_backends\auto.py", line 31, in connect_tcp
    return await self._backend.connect_tcp(
           ^^^^^^^^^^^^^^^^^^^^^^^^^^^^^^^^
    ...<5 lines>...
    )
    ^
  File "C:\Users\Suhrob\ollama_chat\.venv\Lib\site-packages\httpcore\_backends\anyio.py", line 113, in connect_tcp
    with map_exceptions(exc_map):
         ~~~~~~~~~~~~~~^^^^^^^^^
  File "C:\Users\Suhrob\AppData\Local\Python\pythoncore-3.14-64\Lib\contextlib.py", line 162, in __exit__
    self.gen.throw(value)
    ~~~~~~~~~~~~~~^^^^^^^
  File "C:\Users\Suhrob\ollama_chat\.venv\Lib\site-packages\httpcore\_exceptions.py", line 14, in map_exceptions
    raise to_exc(exc) from exc
httpcore.ConnectError: [Errno 11001] getaddrinfo failed

The above exception was the direct cause of the following exception:

Traceback (most recent call last):
  File "C:\Users\Suhrob\ollama_chat\.venv\Lib\site-packages\telegram\request\_httpxrequest.py", line 279, in do_request
    res = await self._client.request(
          ^^^^^^^^^^^^^^^^^^^^^^^^^^^
    ...<6 lines>...
    )
    ^
  File "C:\Users\Suhrob\ollama_chat\.venv\Lib\site-packages\httpx\_client.py", line 1540, in request
    return await self.send(request, auth=auth, follow_redirects=follow_redirects)
           ^^^^^^^^^^^^^^^^^^^^^^^^^^^^^^^^^^^^^^^^^^^^^^^^^^^^^^^^^^^^^^^^^^^^^^
  File "C:\Users\Suhrob\ollama_chat\.venv\Lib\site-packages\httpx\_client.py", line 1629, in send
    response = await self._send_handling_auth(
               ^^^^^^^^^^^^^^^^^^^^^^^^^^^^^^^
    ...<4 lines>...
    )
    ^
  File "C:\Users\Suhrob\ollama_chat\.venv\Lib\site-packages\httpx\_client.py", line 1657, in _send_handling_auth
    response = await self._send_handling_redirects(
               ^^^^^^^^^^^^^^^^^^^^^^^^^^^^^^^^^^^^
    ...<3 lines>...
    )
    ^
  File "C:\Users\Suhrob\ollama_chat\.venv\Lib\site-packages\httpx\_client.py", line 1694, in _send_handling_redirects
    response = await self._send_single_request(request)
               ^^^^^^^^^^^^^^^^^^^^^^^^^^^^^^^^^^^^^^^^
  File "C:\Users\Suhrob\ollama_chat\.venv\Lib\site-packages\httpx\_client.py", line 1730, in _send_single_request
    response = await transport.handle_async_request(request)
               ^^^^^^^^^^^^^^^^^^^^^^^^^^^^^^^^^^^^^^^^^^^^^
  File "C:\Users\Suhrob\ollama_chat\.venv\Lib\site-packages\httpx\_transports\default.py", line 393, in handle_async_request
    with map_httpcore_exceptions():
         ~~~~~~~~~~~~~~~~~~~~~~~^^
  File "C:\Users\Suhrob\AppData\Local\Python\pythoncore-3.14-64\Lib\contextlib.py", line 162, in __exit__
    self.gen.throw(value)
    ~~~~~~~~~~~~~~^^^^^^^
  File "C:\Users\Suhrob\ollama_chat\.venv\Lib\site-packages\httpx\_transports\default.py", line 118, in map_httpcore_exceptions
    raise mapped_exc(message) from exc
httpx.ConnectError: [Errno 11001] getaddrinfo failed

The above exception was the direct cause of the following exception:

Traceback (most recent call last):
  File "C:\Users\Suhrob\ollama_chat\.venv\Lib\site-packages\telegram\ext\_application.py", line 1315, in process_update
    await coroutine
  File "C:\Users\Suhrob\ollama_chat\.venv\Lib\site-packages\telegram\ext\_handlers\basehandler.py", line 159, in handle_update
    return await self.callback(update, context)
           ^^^^^^^^^^^^^^^^^^^^^^^^^^^^^^^^^^^^
  File "C:\Users\Suhrob\ollama_chat\tbot.py", line 550, in handle_message
    await update.message.chat.send_action("typing")
  File "C:\Users\Suhrob\ollama_chat\.venv\Lib\site-packages\telegram\_chat.py", line 1270, in send_chat_action
    return await self.get_bot().send_chat_action(
           ^^^^^^^^^^^^^^^^^^^^^^^^^^^^^^^^^^^^^^
    ...<9 lines>...
    )
    ^
  File "C:\Users\Suhrob\ollama_chat\.venv\Lib\site-packages\telegram\ext\_extbot.py", line 2620, in send_chat_action
    return await super().send_chat_action(
           ^^^^^^^^^^^^^^^^^^^^^^^^^^^^^^^
    ...<9 lines>...
    )
    ^
  File "C:\Users\Suhrob\ollama_chat\.venv\Lib\site-packages\telegram\_bot.py", line 3819, in send_chat_action
    return await self._post(
           ^^^^^^^^^^^^^^^^^
    ...<7 lines>...
    )
    ^
  File "C:\Users\Suhrob\ollama_chat\.venv\Lib\site-packages\telegram\_bot.py", line 704, in _post
    return await self._do_post(
           ^^^^^^^^^^^^^^^^^^^^
    ...<6 lines>...
    )
    ^
  File "C:\Users\Suhrob\ollama_chat\.venv\Lib\site-packages\telegram\ext\_extbot.py", line 370, in _do_post
    return await super()._do_post(
           ^^^^^^^^^^^^^^^^^^^^^^^
    ...<6 lines>...
    )
    ^
  File "C:\Users\Suhrob\ollama_chat\.venv\Lib\site-packages\telegram\_bot.py", line 733, in _do_post
    result = await request.post(
             ^^^^^^^^^^^^^^^^^^^
    ...<6 lines>...
    )
    ^
  File "C:\Users\Suhrob\ollama_chat\.venv\Lib\site-packages\telegram\request\_baserequest.py", line 198, in post
    result = await self._request_wrapper(
             ^^^^^^^^^^^^^^^^^^^^^^^^^^^^
    ...<7 lines>...
    )
    ^
  File "C:\Users\Suhrob\ollama_chat\.venv\Lib\site-packages\telegram\request\_baserequest.py", line 305, in _request_wrapper
    code, payload = await self.do_request(
                    ^^^^^^^^^^^^^^^^^^^^^^
    ...<7 lines>...
    )
    ^
  File "C:\Users\Suhrob\ollama_chat\.venv\Lib\site-packages\telegram\request\_httpxrequest.py", line 303, in do_request
    raise NetworkError(f"httpx.{err.__class__.__name__}: {err}") from err
telegram.error.NetworkError: httpx.ConnectError: [Errno 11001] getaddrinfo failed
2026-05-12 08:21:39 | ERROR    | No error handlers are registered, logging exception.
Traceback (most recent call last):
  File "C:\Users\Suhrob\ollama_chat\.venv\Lib\site-packages\httpx\_transports\default.py", line 101, in map_httpcore_exceptions
    yield
  File "C:\Users\Suhrob\ollama_chat\.venv\Lib\site-packages\httpx\_transports\default.py", line 394, in handle_async_request
    resp = await self._pool.handle_async_request(req)
           ^^^^^^^^^^^^^^^^^^^^^^^^^^^^^^^^^^^^^^^^^^
  File "C:\Users\Suhrob\ollama_chat\.venv\Lib\site-packages\httpcore\_async\connection_pool.py", line 256, in handle_async_request
    raise exc from None
  File "C:\Users\Suhrob\ollama_chat\.venv\Lib\site-packages\httpcore\_async\connection_pool.py", line 236, in handle_async_request
    response = await connection.handle_async_request(
               ^^^^^^^^^^^^^^^^^^^^^^^^^^^^^^^^^^^^^^
        pool_request.request
        ^^^^^^^^^^^^^^^^^^^^
    )
    ^
  File "C:\Users\Suhrob\ollama_chat\.venv\Lib\site-packages\httpcore\_async\connection.py", line 101, in handle_async_request
    raise exc
  File "C:\Users\Suhrob\ollama_chat\.venv\Lib\site-packages\httpcore\_async\connection.py", line 78, in handle_async_request
    stream = await self._connect(request)
             ^^^^^^^^^^^^^^^^^^^^^^^^^^^^
  File "C:\Users\Suhrob\ollama_chat\.venv\Lib\site-packages\httpcore\_async\connection.py", line 124, in _connect
    stream = await self._network_backend.connect_tcp(**kwargs)
             ^^^^^^^^^^^^^^^^^^^^^^^^^^^^^^^^^^^^^^^^^^^^^^^^^
  File "C:\Users\Suhrob\ollama_chat\.venv\Lib\site-packages\httpcore\_backends\auto.py", line 31, in connect_tcp
    return await self._backend.connect_tcp(
           ^^^^^^^^^^^^^^^^^^^^^^^^^^^^^^^^
    ...<5 lines>...
    )
    ^
  File "C:\Users\Suhrob\ollama_chat\.venv\Lib\site-packages\httpcore\_backends\anyio.py", line 113, in connect_tcp
    with map_exceptions(exc_map):
         ~~~~~~~~~~~~~~^^^^^^^^^
  File "C:\Users\Suhrob\AppData\Local\Python\pythoncore-3.14-64\Lib\contextlib.py", line 162, in __exit__
    self.gen.throw(value)
    ~~~~~~~~~~~~~~^^^^^^^
  File "C:\Users\Suhrob\ollama_chat\.venv\Lib\site-packages\httpcore\_exceptions.py", line 14, in map_exceptions
    raise to_exc(exc) from exc
httpcore.ConnectError: [Errno 11001] getaddrinfo failed

The above exception was the direct cause of the following exception:

Traceback (most recent call last):
  File "C:\Users\Suhrob\ollama_chat\.venv\Lib\site-packages\telegram\request\_httpxrequest.py", line 279, in do_request
    res = await self._client.request(
          ^^^^^^^^^^^^^^^^^^^^^^^^^^^
    ...<6 lines>...
    )
    ^
  File "C:\Users\Suhrob\ollama_chat\.venv\Lib\site-packages\httpx\_client.py", line 1540, in request
    return await self.send(request, auth=auth, follow_redirects=follow_redirects)
           ^^^^^^^^^^^^^^^^^^^^^^^^^^^^^^^^^^^^^^^^^^^^^^^^^^^^^^^^^^^^^^^^^^^^^^
  File "C:\Users\Suhrob\ollama_chat\.venv\Lib\site-packages\httpx\_client.py", line 1629, in send
    response = await self._send_handling_auth(
               ^^^^^^^^^^^^^^^^^^^^^^^^^^^^^^^
    ...<4 lines>...
    )
    ^
  File "C:\Users\Suhrob\ollama_chat\.venv\Lib\site-packages\httpx\_client.py", line 1657, in _send_handling_auth
    response = await self._send_handling_redirects(
               ^^^^^^^^^^^^^^^^^^^^^^^^^^^^^^^^^^^^
    ...<3 lines>...
    )
    ^
  File "C:\Users\Suhrob\ollama_chat\.venv\Lib\site-packages\httpx\_client.py", line 1694, in _send_handling_redirects
    response = await self._send_single_request(request)
               ^^^^^^^^^^^^^^^^^^^^^^^^^^^^^^^^^^^^^^^^
  File "C:\Users\Suhrob\ollama_chat\.venv\Lib\site-packages\httpx\_client.py", line 1730, in _send_single_request
    response = await transport.handle_async_request(request)
               ^^^^^^^^^^^^^^^^^^^^^^^^^^^^^^^^^^^^^^^^^^^^^
  File "C:\Users\Suhrob\ollama_chat\.venv\Lib\site-packages\httpx\_transports\default.py", line 393, in handle_async_request
    with map_httpcore_exceptions():
         ~~~~~~~~~~~~~~~~~~~~~~~^^
  File "C:\Users\Suhrob\AppData\Local\Python\pythoncore-3.14-64\Lib\contextlib.py", line 162, in __exit__
    self.gen.throw(value)
    ~~~~~~~~~~~~~~^^^^^^^
  File "C:\Users\Suhrob\ollama_chat\.venv\Lib\site-packages\httpx\_transports\default.py", line 118, in map_httpcore_exceptions
    raise mapped_exc(message) from exc
httpx.ConnectError: [Errno 11001] getaddrinfo failed

The above exception was the direct cause of the following exception:

Traceback (most recent call last):
  File "C:\Users\Suhrob\ollama_chat\.venv\Lib\site-packages\telegram\ext\_application.py", line 1315, in process_update
    await coroutine
  File "C:\Users\Suhrob\ollama_chat\.venv\Lib\site-packages\telegram\ext\_handlers\basehandler.py", line 159, in handle_update
    return await self.callback(update, context)
           ^^^^^^^^^^^^^^^^^^^^^^^^^^^^^^^^^^^^
  File "C:\Users\Suhrob\ollama_chat\tbot.py", line 417, in cmd_help
    await update.message.reply_text(HELP_TEXT, parse_mode="HTML", reply_markup=main_kb())
  File "C:\Users\Suhrob\ollama_chat\.venv\Lib\site-packages\telegram\_message.py", line 2106, in reply_text
    return await self.get_bot().send_message(
           ^^^^^^^^^^^^^^^^^^^^^^^^^^^^^^^^^^
    ...<21 lines>...
    )
    ^
  File "C:\Users\Suhrob\ollama_chat\.venv\Lib\site-packages\telegram\ext\_extbot.py", line 3118, in send_message
    return await super().send_message(
           ^^^^^^^^^^^^^^^^^^^^^^^^^^^
    ...<23 lines>...
    )
    ^
  File "C:\Users\Suhrob\ollama_chat\.venv\Lib\site-packages\telegram\_bot.py", line 1123, in send_message
    return await self._send_message(
           ^^^^^^^^^^^^^^^^^^^^^^^^^
    ...<21 lines>...
    )
    ^
  File "C:\Users\Suhrob\ollama_chat\.venv\Lib\site-packages\telegram\ext\_extbot.py", line 630, in _send_message
    result = await super()._send_message(
             ^^^^^^^^^^^^^^^^^^^^^^^^^^^^
    ...<23 lines>...
    )
    ^
  File "C:\Users\Suhrob\ollama_chat\.venv\Lib\site-packages\telegram\_bot.py", line 820, in _send_message
    result = await self._post(
             ^^^^^^^^^^^^^^^^^
    ...<7 lines>...
    )
    ^
  File "C:\Users\Suhrob\ollama_chat\.venv\Lib\site-packages\telegram\_bot.py", line 704, in _post
    return await self._do_post(
           ^^^^^^^^^^^^^^^^^^^^
    ...<6 lines>...
    )
    ^
  File "C:\Users\Suhrob\ollama_chat\.venv\Lib\site-packages\telegram\ext\_extbot.py", line 370, in _do_post
    return await super()._do_post(
           ^^^^^^^^^^^^^^^^^^^^^^^
    ...<6 lines>...
    )
    ^
  File "C:\Users\Suhrob\ollama_chat\.venv\Lib\site-packages\telegram\_bot.py", line 733, in _do_post
    result = await request.post(
             ^^^^^^^^^^^^^^^^^^^
    ...<6 lines>...
    )
    ^
  File "C:\Users\Suhrob\ollama_chat\.venv\Lib\site-packages\telegram\request\_baserequest.py", line 198, in post
    result = await self._request_wrapper(
             ^^^^^^^^^^^^^^^^^^^^^^^^^^^^
    ...<7 lines>...
    )
    ^
  File "C:\Users\Suhrob\ollama_chat\.venv\Lib\site-packages\telegram\request\_baserequest.py", line 305, in _request_wrapper
    code, payload = await self.do_request(
                    ^^^^^^^^^^^^^^^^^^^^^^
    ...<7 lines>...
    )
    ^
  File "C:\Users\Suhrob\ollama_chat\.venv\Lib\site-packages\telegram\request\_httpxrequest.py", line 303, in do_request
    raise NetworkError(f"httpx.{err.__class__.__name__}: {err}") from err
telegram.error.NetworkError: httpx.ConnectError: [Errno 11001] getaddrinfo failed
2026-05-12 08:21:40 | ERROR    | No error handlers are registered, logging exception.
Traceback (most recent call last):
  File "C:\Users\Suhrob\ollama_chat\.venv\Lib\site-packages\httpx\_transports\default.py", line 101, in map_httpcore_exceptions
    yield
  File "C:\Users\Suhrob\ollama_chat\.venv\Lib\site-packages\httpx\_transports\default.py", line 394, in handle_async_request
    resp = await self._pool.handle_async_request(req)
           ^^^^^^^^^^^^^^^^^^^^^^^^^^^^^^^^^^^^^^^^^^
  File "C:\Users\Suhrob\ollama_chat\.venv\Lib\site-packages\httpcore\_async\connection_pool.py", line 256, in handle_async_request
    raise exc from None
  File "C:\Users\Suhrob\ollama_chat\.venv\Lib\site-packages\httpcore\_async\connection_pool.py", line 236, in handle_async_request
    response = await connection.handle_async_request(
               ^^^^^^^^^^^^^^^^^^^^^^^^^^^^^^^^^^^^^^
        pool_request.request
        ^^^^^^^^^^^^^^^^^^^^
    )
    ^
  File "C:\Users\Suhrob\ollama_chat\.venv\Lib\site-packages\httpcore\_async\connection.py", line 103, in handle_async_request
    return await self._connection.handle_async_request(request)
           ^^^^^^^^^^^^^^^^^^^^^^^^^^^^^^^^^^^^^^^^^^^^^^^^^^^^
  File "C:\Users\Suhrob\ollama_chat\.venv\Lib\site-packages\httpcore\_async\http11.py", line 136, in handle_async_request
    raise exc
  File "C:\Users\Suhrob\ollama_chat\.venv\Lib\site-packages\httpcore\_async\http11.py", line 106, in handle_async_request
    ) = await self._receive_response_headers(**kwargs)
        ^^^^^^^^^^^^^^^^^^^^^^^^^^^^^^^^^^^^^^^^^^^^^^
  File "C:\Users\Suhrob\ollama_chat\.venv\Lib\site-packages\httpcore\_async\http11.py", line 177, in _receive_response_headers
    event = await self._receive_event(timeout=timeout)
            ^^^^^^^^^^^^^^^^^^^^^^^^^^^^^^^^^^^^^^^^^^
  File "C:\Users\Suhrob\ollama_chat\.venv\Lib\site-packages\httpcore\_async\http11.py", line 217, in _receive_event
    data = await self._network_stream.read(
           ^^^^^^^^^^^^^^^^^^^^^^^^^^^^^^^^
        self.READ_NUM_BYTES, timeout=timeout
        ^^^^^^^^^^^^^^^^^^^^^^^^^^^^^^^^^^^^
    )
    ^
  File "C:\Users\Suhrob\ollama_chat\.venv\Lib\site-packages\httpcore\_backends\anyio.py", line 32, in read
    with map_exceptions(exc_map):
         ~~~~~~~~~~~~~~^^^^^^^^^
  File "C:\Users\Suhrob\AppData\Local\Python\pythoncore-3.14-64\Lib\contextlib.py", line 162, in __exit__
    self.gen.throw(value)
    ~~~~~~~~~~~~~~^^^^^^^
  File "C:\Users\Suhrob\ollama_chat\.venv\Lib\site-packages\httpcore\_exceptions.py", line 14, in map_exceptions
    raise to_exc(exc) from exc
httpcore.ReadError

The above exception was the direct cause of the following exception:

Traceback (most recent call last):
  File "C:\Users\Suhrob\ollama_chat\.venv\Lib\site-packages\telegram\request\_httpxrequest.py", line 279, in do_request
    res = await self._client.request(
          ^^^^^^^^^^^^^^^^^^^^^^^^^^^
    ...<6 lines>...
    )
    ^
  File "C:\Users\Suhrob\ollama_chat\.venv\Lib\site-packages\httpx\_client.py", line 1540, in request
    return await self.send(request, auth=auth, follow_redirects=follow_redirects)
           ^^^^^^^^^^^^^^^^^^^^^^^^^^^^^^^^^^^^^^^^^^^^^^^^^^^^^^^^^^^^^^^^^^^^^^
  File "C:\Users\Suhrob\ollama_chat\.venv\Lib\site-packages\httpx\_client.py", line 1629, in send
    response = await self._send_handling_auth(
               ^^^^^^^^^^^^^^^^^^^^^^^^^^^^^^^
    ...<4 lines>...
    )
    ^
  File "C:\Users\Suhrob\ollama_chat\.venv\Lib\site-packages\httpx\_client.py", line 1657, in _send_handling_auth
    response = await self._send_handling_redirects(
               ^^^^^^^^^^^^^^^^^^^^^^^^^^^^^^^^^^^^
    ...<3 lines>...
    )
    ^
  File "C:\Users\Suhrob\ollama_chat\.venv\Lib\site-packages\httpx\_client.py", line 1694, in _send_handling_redirects
    response = await self._send_single_request(request)
               ^^^^^^^^^^^^^^^^^^^^^^^^^^^^^^^^^^^^^^^^
  File "C:\Users\Suhrob\ollama_chat\.venv\Lib\site-packages\httpx\_client.py", line 1730, in _send_single_request
    response = await transport.handle_async_request(request)
               ^^^^^^^^^^^^^^^^^^^^^^^^^^^^^^^^^^^^^^^^^^^^^
  File "C:\Users\Suhrob\ollama_chat\.venv\Lib\site-packages\httpx\_transports\default.py", line 393, in handle_async_request
    with map_httpcore_exceptions():
         ~~~~~~~~~~~~~~~~~~~~~~~^^
  File "C:\Users\Suhrob\AppData\Local\Python\pythoncore-3.14-64\Lib\contextlib.py", line 162, in __exit__
    self.gen.throw(value)
    ~~~~~~~~~~~~~~^^^^^^^
  File "C:\Users\Suhrob\ollama_chat\.venv\Lib\site-packages\httpx\_transports\default.py", line 118, in map_httpcore_exceptions
    raise mapped_exc(message) from exc
httpx.ReadError

The above exception was the direct cause of the following exception:

Traceback (most recent call last):
  File "C:\Users\Suhrob\ollama_chat\.venv\Lib\site-packages\telegram\ext\_utils\networkloop.py", line 161, in network_retry_loop
    await do_action()
  File "C:\Users\Suhrob\ollama_chat\.venv\Lib\site-packages\telegram\ext\_utils\networkloop.py", line 154, in do_action
    action_cb_task.result()
    ~~~~~~~~~~~~~~~~~~~~~^^
  File "C:\Users\Suhrob\ollama_chat\.venv\Lib\site-packages\telegram\ext\_updater.py", line 340, in polling_action_cb
    updates = await self.bot.get_updates(
              ^^^^^^^^^^^^^^^^^^^^^^^^^^^
    ...<3 lines>...
    )
    ^
  File "C:\Users\Suhrob\ollama_chat\.venv\Lib\site-packages\telegram\ext\_extbot.py", line 672, in get_updates
    updates = await super().get_updates(
              ^^^^^^^^^^^^^^^^^^^^^^^^^^
    ...<9 lines>...
    )
    ^
  File "C:\Users\Suhrob\ollama_chat\.venv\Lib\site-packages\telegram\_bot.py", line 4865, in get_updates
    await self._post(
    ^^^^^^^^^^^^^^^^^
    ...<7 lines>...
    ),
    ^
  File "C:\Users\Suhrob\ollama_chat\.venv\Lib\site-packages\telegram\_bot.py", line 704, in _post
    return await self._do_post(
           ^^^^^^^^^^^^^^^^^^^^
    ...<6 lines>...
    )
    ^
  File "C:\Users\Suhrob\ollama_chat\.venv\Lib\site-packages\telegram\ext\_extbot.py", line 370, in _do_post
    return await super()._do_post(
           ^^^^^^^^^^^^^^^^^^^^^^^
    ...<6 lines>...
    )
    ^
  File "C:\Users\Suhrob\ollama_chat\.venv\Lib\site-packages\telegram\_bot.py", line 733, in _do_post
    result = await request.post(
             ^^^^^^^^^^^^^^^^^^^
    ...<6 lines>...
    )
    ^
  File "C:\Users\Suhrob\ollama_chat\.venv\Lib\site-packages\telegram\request\_baserequest.py", line 198, in post
    result = await self._request_wrapper(
             ^^^^^^^^^^^^^^^^^^^^^^^^^^^^
    ...<7 lines>...
    )
    ^
  File "C:\Users\Suhrob\ollama_chat\.venv\Lib\site-packages\telegram\request\_baserequest.py", line 305, in _request_wrapper
    code, payload = await self.do_request(
                    ^^^^^^^^^^^^^^^^^^^^^^
    ...<7 lines>...
    )
    ^
  File "C:\Users\Suhrob\ollama_chat\.venv\Lib\site-packages\telegram\request\_httpxrequest.py", line 303, in do_request
    raise NetworkError(f"httpx.{err.__class__.__name__}: {err}") from err
telegram.error.NetworkError: httpx.ReadError: 
2026-05-12 08:21:53 | INFO     | HTTP Request: POST https://api.telegram.org/bot8223900828:AAGNG00joY9NKJRy9RnQSFq0St6kq9cZnCs/getUpdates "HTTP/1.1 200 OK"
2026-05-12 08:22:03 | INFO     | HTTP Request: POST https://api.telegram.org/bot8223900828:AAGNG00joY9NKJRy9RnQSFq0St6kq9cZnCs/getUpdates "HTTP/1.1 200 OK"
2026-05-12 08:22:13 | INFO     | HTTP Request: POST https://api.telegram.org/bot8223900828:AAGNG00joY9NKJRy9RnQSFq0St6kq9cZnCs/getUpdates "HTTP/1.1 200 OK"
2026-05-12 08:22:23 | INFO     | HTTP Request: POST https://api.telegram.org/bot8223900828:AAGNG00joY9NKJRy9RnQSFq0St6kq9cZnCs/getUpdates "HTTP/1.1 200 OK"
2026-05-12 08:22:33 | INFO     | HTTP Request: POST https://api.telegram.org/bot8223900828:AAGNG00joY9NKJRy9RnQSFq0St6kq9cZnCs/getUpdates "HTTP/1.1 200 OK"
2026-05-12 08:22:44 | INFO     | HTTP Request: POST https://api.telegram.org/bot8223900828:AAGNG00joY9NKJRy9RnQSFq0St6kq9cZnCs/getUpdates "HTTP/1.1 200 OK"
2026-05-12 08:22:54 | INFO     | HTTP Request: POST https://api.telegram.org/bot8223900828:AAGNG00joY9NKJRy9RnQSFq0St6kq9cZnCs/getUpdates "HTTP/1.1 200 OK"
2026-05-12 08:23:04 | INFO     | HTTP Request: POST https://api.telegram.org/bot8223900828:AAGNG00joY9NKJRy9RnQSFq0St6kq9cZnCs/getUpdates "HTTP/1.1 200 OK"
2026-05-12 08:23:14 | INFO     | HTTP Request: POST https://api.telegram.org/bot8223900828:AAGNG00joY9NKJRy9RnQSFq0St6kq9cZnCs/getUpdates "HTTP/1.1 200 OK"
2026-05-12 08:23:17 | INFO     | HTTP Request: POST https://api.telegram.org/bot8223900828:AAGNG00joY9NKJRy9RnQSFq0St6kq9cZnCs/getUpdates "HTTP/1.1 200 OK"
2026-05-12 08:23:17 | INFO     | START | user=7154925371
2026-05-12 08:23:17 | INFO     | HTTP Request: POST https://api.telegram.org/bot8223900828:AAGNG00joY9NKJRy9RnQSFq0St6kq9cZnCs/sendMessage "HTTP/1.1 200 OK"
2026-05-12 08:23:27 | INFO     | HTTP Request: POST https://api.telegram.org/bot8223900828:AAGNG00joY9NKJRy9RnQSFq0St6kq9cZnCs/getUpdates "HTTP/1.1 200 OK"
2026-05-12 08:23:27 | INFO     | HTTP Request: POST https://api.telegram.org/bot8223900828:AAGNG00joY9NKJRy9RnQSFq0St6kq9cZnCs/getUpdates "HTTP/1.1 200 OK"
2026-05-12 08:23:27 | INFO     | START | user=5279566650
2026-05-12 08:23:28 | INFO     | HTTP Request: POST https://api.telegram.org/bot8223900828:AAGNG00joY9NKJRy9RnQSFq0St6kq9cZnCs/sendMessage "HTTP/1.1 200 OK"
2026-05-12 08:23:36 | INFO     | HTTP Request: POST https://api.telegram.org/bot8223900828:AAGNG00joY9NKJRy9RnQSFq0St6kq9cZnCs/getUpdates "HTTP/1.1 200 OK"
2026-05-12 08:23:37 | INFO     | HTTP Request: POST https://api.telegram.org/bot8223900828:AAGNG00joY9NKJRy9RnQSFq0St6kq9cZnCs/answerCallbackQuery "HTTP/1.1 200 OK"
2026-05-12 08:23:37 | INFO     | HTTP Request: POST https://api.telegram.org/bot8223900828:AAGNG00joY9NKJRy9RnQSFq0St6kq9cZnCs/editMessageText "HTTP/1.1 200 OK"
2026-05-12 08:23:42 | INFO     | HTTP Request: POST https://api.telegram.org/bot8223900828:AAGNG00joY9NKJRy9RnQSFq0St6kq9cZnCs/getUpdates "HTTP/1.1 200 OK"
2026-05-12 08:23:43 | INFO     | HTTP Request: POST https://api.telegram.org/bot8223900828:AAGNG00joY9NKJRy9RnQSFq0St6kq9cZnCs/answerCallbackQuery "HTTP/1.1 200 OK"
2026-05-12 08:23:43 | INFO     | HTTP Request: POST https://api.telegram.org/bot8223900828:AAGNG00joY9NKJRy9RnQSFq0St6kq9cZnCs/editMessageText "HTTP/1.1 200 OK"
2026-05-12 08:23:46 | INFO     | HTTP Request: POST https://api.telegram.org/bot8223900828:AAGNG00joY9NKJRy9RnQSFq0St6kq9cZnCs/getUpdates "HTTP/1.1 200 OK"
2026-05-12 08:23:46 | INFO     | HTTP Request: POST https://api.telegram.org/bot8223900828:AAGNG00joY9NKJRy9RnQSFq0St6kq9cZnCs/answerCallbackQuery "HTTP/1.1 200 OK"
2026-05-12 08:23:47 | INFO     | HTTP Request: POST https://api.telegram.org/bot8223900828:AAGNG00joY9NKJRy9RnQSFq0St6kq9cZnCs/editMessageText "HTTP/1.1 200 OK"
2026-05-12 08:23:51 | INFO     | HTTP Request: POST https://api.telegram.org/bot8223900828:AAGNG00joY9NKJRy9RnQSFq0St6kq9cZnCs/getUpdates "HTTP/1.1 200 OK"
2026-05-12 08:23:52 | INFO     | HTTP Request: POST https://api.telegram.org/bot8223900828:AAGNG00joY9NKJRy9RnQSFq0St6kq9cZnCs/answerCallbackQuery "HTTP/1.1 200 OK"
2026-05-12 08:23:52 | INFO     | HTTP Request: POST https://api.telegram.org/bot8223900828:AAGNG00joY9NKJRy9RnQSFq0St6kq9cZnCs/editMessageText "HTTP/1.1 400 Bad Request"
2026-05-12 08:23:52 | ERROR    | No error handlers are registered, logging exception.
Traceback (most recent call last):
  File "C:\Users\Suhrob\ollama_chat\.venv\Lib\site-packages\telegram\ext\_application.py", line 1315, in process_update
    await coroutine
  File "C:\Users\Suhrob\ollama_chat\.venv\Lib\site-packages\telegram\ext\_handlers\basehandler.py", line 159, in handle_update
    return await self.callback(update, context)
           ^^^^^^^^^^^^^^^^^^^^^^^^^^^^^^^^^^^^
  File "C:\Users\Suhrob\ollama_chat\tbot.py", line 511, in button_handler
    await query.edit_message_text(state.stats.format(), parse_mode="HTML", reply_markup=main_kb())
  File "C:\Users\Suhrob\ollama_chat\.venv\Lib\site-packages\telegram\_callbackquery.py", line 269, in edit_message_text
    return await self._get_message().edit_text(
           ^^^^^^^^^^^^^^^^^^^^^^^^^^^^^^^^^^^^
    ...<11 lines>...
    )
    ^
  File "C:\Users\Suhrob\ollama_chat\.venv\Lib\site-packages\telegram\_message.py", line 4243, in edit_text
    return await self.get_bot().edit_message_text(
           ^^^^^^^^^^^^^^^^^^^^^^^^^^^^^^^^^^^^^^^
    ...<15 lines>...
    )
    ^
  File "C:\Users\Suhrob\ollama_chat\.venv\Lib\site-packages\telegram\ext\_extbot.py", line 1733, in edit_message_text
    return await super().edit_message_text(
           ^^^^^^^^^^^^^^^^^^^^^^^^^^^^^^^^
    ...<15 lines>...
    )
    ^
  File "C:\Users\Suhrob\ollama_chat\.venv\Lib\site-packages\telegram\_bot.py", line 4548, in edit_message_text
    return await self._send_message(
           ^^^^^^^^^^^^^^^^^^^^^^^^^
    ...<11 lines>...
    )
    ^
  File "C:\Users\Suhrob\ollama_chat\.venv\Lib\site-packages\telegram\ext\_extbot.py", line 630, in _send_message
    result = await super()._send_message(
             ^^^^^^^^^^^^^^^^^^^^^^^^^^^^
    ...<23 lines>...
    )
    ^
  File "C:\Users\Suhrob\ollama_chat\.venv\Lib\site-packages\telegram\_bot.py", line 820, in _send_message
    result = await self._post(
             ^^^^^^^^^^^^^^^^^
    ...<7 lines>...
    )
    ^
  File "C:\Users\Suhrob\ollama_chat\.venv\Lib\site-packages\telegram\_bot.py", line 704, in _post
    return await self._do_post(
           ^^^^^^^^^^^^^^^^^^^^
    ...<6 lines>...
    )
    ^
  File "C:\Users\Suhrob\ollama_chat\.venv\Lib\site-packages\telegram\ext\_extbot.py", line 370, in _do_post
    return await super()._do_post(
           ^^^^^^^^^^^^^^^^^^^^^^^
    ...<6 lines>...
    )
    ^
  File "C:\Users\Suhrob\ollama_chat\.venv\Lib\site-packages\telegram\_bot.py", line 733, in _do_post
    result = await request.post(
             ^^^^^^^^^^^^^^^^^^^
    ...<6 lines>...
    )
    ^
  File "C:\Users\Suhrob\ollama_chat\.venv\Lib\site-packages\telegram\request\_baserequest.py", line 198, in post
    result = await self._request_wrapper(
             ^^^^^^^^^^^^^^^^^^^^^^^^^^^^
    ...<7 lines>...
    )
    ^
  File "C:\Users\Suhrob\ollama_chat\.venv\Lib\site-packages\telegram\request\_baserequest.py", line 375, in _request_wrapper
    raise exception
telegram.error.BadRequest: Message is not modified: specified new message content and reply markup are exactly the same as a current content and reply markup of the message
2026-05-12 08:23:53 | INFO     | HTTP Request: POST https://api.telegram.org/bot8223900828:AAGNG00joY9NKJRy9RnQSFq0St6kq9cZnCs/getUpdates "HTTP/1.1 200 OK"
2026-05-12 08:23:54 | INFO     | HTTP Request: POST https://api.telegram.org/bot8223900828:AAGNG00joY9NKJRy9RnQSFq0St6kq9cZnCs/answerCallbackQuery "HTTP/1.1 200 OK"
2026-05-12 08:23:54 | INFO     | HTTP Request: POST https://api.telegram.org/bot8223900828:AAGNG00joY9NKJRy9RnQSFq0St6kq9cZnCs/editMessageText "HTTP/1.1 200 OK"
2026-05-12 08:24:04 | INFO     | HTTP Request: POST https://api.telegram.org/bot8223900828:AAGNG00joY9NKJRy9RnQSFq0St6kq9cZnCs/getUpdates "HTTP/1.1 200 OK"
2026-05-12 08:24:14 | INFO     | HTTP Request: POST https://api.telegram.org/bot8223900828:AAGNG00joY9NKJRy9RnQSFq0St6kq9cZnCs/getUpdates "HTTP/1.1 200 OK"
2026-05-12 08:24:24 | INFO     | HTTP Request: POST https://api.telegram.org/bot8223900828:AAGNG00joY9NKJRy9RnQSFq0St6kq9cZnCs/getUpdates "HTTP/1.1 200 OK"
2026-05-12 08:24:28 | INFO     | HTTP Request: POST https://api.telegram.org/bot8223900828:AAGNG00joY9NKJRy9RnQSFq0St6kq9cZnCs/getUpdates "HTTP/1.1 200 OK"
2026-05-12 08:24:29 | INFO     | HTTP Request: POST https://api.telegram.org/bot8223900828:AAGNG00joY9NKJRy9RnQSFq0St6kq9cZnCs/answerCallbackQuery "HTTP/1.1 200 OK"
2026-05-12 08:24:29 | INFO     | HTTP Request: POST https://api.telegram.org/bot8223900828:AAGNG00joY9NKJRy9RnQSFq0St6kq9cZnCs/editMessageText "HTTP/1.1 200 OK"
2026-05-12 08:24:33 | INFO     | HTTP Request: POST https://api.telegram.org/bot8223900828:AAGNG00joY9NKJRy9RnQSFq0St6kq9cZnCs/getUpdates "HTTP/1.1 200 OK"
2026-05-12 08:24:33 | INFO     | HTTP Request: POST https://api.telegram.org/bot8223900828:AAGNG00joY9NKJRy9RnQSFq0St6kq9cZnCs/answerCallbackQuery "HTTP/1.1 200 OK"
2026-05-12 08:24:33 | INFO     | CLEAR | user=7154925371
2026-05-12 08:24:34 | INFO     | HTTP Request: POST https://api.telegram.org/bot8223900828:AAGNG00joY9NKJRy9RnQSFq0St6kq9cZnCs/editMessageText "HTTP/1.1 200 OK"
2026-05-12 08:24:41 | INFO     | HTTP Request: POST https://api.telegram.org/bot8223900828:AAGNG00joY9NKJRy9RnQSFq0St6kq9cZnCs/getUpdates "HTTP/1.1 200 OK"
2026-05-12 08:24:41 | INFO     | START | user=2057476178
2026-05-12 08:24:44 | INFO     | HTTP Request: POST https://api.telegram.org/bot8223900828:AAGNG00joY9NKJRy9RnQSFq0St6kq9cZnCs/sendMessage "HTTP/1.1 200 OK"
2026-05-12 08:24:50 | INFO     | HTTP Request: POST https://api.telegram.org/bot8223900828:AAGNG00joY9NKJRy9RnQSFq0St6kq9cZnCs/getUpdates "HTTP/1.1 200 OK"
2026-05-12 08:24:53 | INFO     | HTTP Request: POST https://api.telegram.org/bot8223900828:AAGNG00joY9NKJRy9RnQSFq0St6kq9cZnCs/sendChatAction "HTTP/1.1 200 OK"
2026-05-12 08:24:57 | INFO     | HTTP Request: POST http://localhost:11434/api/chat "HTTP/1.1 200 OK"
2026-05-12 08:24:57 | INFO     | OK | model=qwen2.5:3b | 4.5s | attempt=1
2026-05-12 08:24:57 | INFO     | MSG | user=2057476178 | model=qwen2.5:3b | len=13 | 4.5s
2026-05-12 08:24:57 | INFO     | HTTP Request: POST https://api.telegram.org/bot8223900828:AAGNG00joY9NKJRy9RnQSFq0St6kq9cZnCs/sendMessage "HTTP/1.1 200 OK"
2026-05-12 08:25:00 | INFO     | HTTP Request: POST https://api.telegram.org/bot8223900828:AAGNG00joY9NKJRy9RnQSFq0St6kq9cZnCs/getUpdates "HTTP/1.1 200 OK"
2026-05-12 08:25:07 | INFO     | HTTP Request: POST https://api.telegram.org/bot8223900828:AAGNG00joY9NKJRy9RnQSFq0St6kq9cZnCs/getUpdates "HTTP/1.1 200 OK"
2026-05-12 08:25:08 | INFO     | HTTP Request: POST https://api.telegram.org/bot8223900828:AAGNG00joY9NKJRy9RnQSFq0St6kq9cZnCs/answerCallbackQuery "HTTP/1.1 200 OK"
2026-05-12 08:25:09 | INFO     | HTTP Request: POST https://api.telegram.org/bot8223900828:AAGNG00joY9NKJRy9RnQSFq0St6kq9cZnCs/editMessageReplyMarkup "HTTP/1.1 200 OK"
2026-05-12 08:25:09 | INFO     | HTTP Request: POST https://api.telegram.org/bot8223900828:AAGNG00joY9NKJRy9RnQSFq0St6kq9cZnCs/sendMessage "HTTP/1.1 200 OK"
2026-05-12 08:25:15 | INFO     | HTTP Request: POST https://api.telegram.org/bot8223900828:AAGNG00joY9NKJRy9RnQSFq0St6kq9cZnCs/getUpdates "HTTP/1.1 200 OK"
2026-05-12 08:25:16 | INFO     | HTTP Request: POST https://api.telegram.org/bot8223900828:AAGNG00joY9NKJRy9RnQSFq0St6kq9cZnCs/answerCallbackQuery "HTTP/1.1 200 OK"
2026-05-12 08:25:16 | INFO     | CLEAR | user=2057476178
2026-05-12 08:25:16 | INFO     | HTTP Request: POST https://api.telegram.org/bot8223900828:AAGNG00joY9NKJRy9RnQSFq0St6kq9cZnCs/editMessageText "HTTP/1.1 200 OK"
2026-05-12 08:25:26 | INFO     | HTTP Request: POST https://api.telegram.org/bot8223900828:AAGNG00joY9NKJRy9RnQSFq0St6kq9cZnCs/getUpdates "HTTP/1.1 200 OK"
2026-05-12 08:25:34 | INFO     | HTTP Request: POST https://api.telegram.org/bot8223900828:AAGNG00joY9NKJRy9RnQSFq0St6kq9cZnCs/getUpdates "HTTP/1.1 200 OK"
2026-05-12 08:25:35 | INFO     | HTTP Request: POST https://api.telegram.org/bot8223900828:AAGNG00joY9NKJRy9RnQSFq0St6kq9cZnCs/sendChatAction "HTTP/1.1 200 OK"
2026-05-12 08:25:42 | INFO     | HTTP Request: POST http://localhost:11434/api/chat "HTTP/1.1 200 OK"
2026-05-12 08:25:42 | INFO     | OK | model=qwen2.5:3b | 7.5s | attempt=1
2026-05-12 08:25:42 | INFO     | MSG | user=2057476178 | model=qwen2.5:3b | len=34 | 7.5s
2026-05-12 08:25:43 | INFO     | HTTP Request: POST https://api.telegram.org/bot8223900828:AAGNG00joY9NKJRy9RnQSFq0St6kq9cZnCs/sendMessage "HTTP/1.1 200 OK"
2026-05-12 08:25:45 | INFO     | HTTP Request: POST https://api.telegram.org/bot8223900828:AAGNG00joY9NKJRy9RnQSFq0St6kq9cZnCs/getUpdates "HTTP/1.1 200 OK"
2026-05-12 08:25:55 | INFO     | HTTP Request: POST https://api.telegram.org/bot8223900828:AAGNG00joY9NKJRy9RnQSFq0St6kq9cZnCs/getUpdates "HTTP/1.1 200 OK"
2026-05-12 08:25:57 | INFO     | HTTP Request: POST https://api.telegram.org/bot8223900828:AAGNG00joY9NKJRy9RnQSFq0St6kq9cZnCs/getUpdates "HTTP/1.1 200 OK"
2026-05-12 08:25:57 | INFO     | START | user=1843518070
2026-05-12 08:25:58 | INFO     | HTTP Request: POST https://api.telegram.org/bot8223900828:AAGNG00joY9NKJRy9RnQSFq0St6kq9cZnCs/sendMessage "HTTP/1.1 200 OK"
2026-05-12 08:26:07 | INFO     | HTTP Request: POST https://api.telegram.org/bot8223900828:AAGNG00joY9NKJRy9RnQSFq0St6kq9cZnCs/getUpdates "HTTP/1.1 200 OK"
2026-05-12 08:26:10 | INFO     | HTTP Request: POST https://api.telegram.org/bot8223900828:AAGNG00joY9NKJRy9RnQSFq0St6kq9cZnCs/getUpdates "HTTP/1.1 200 OK"
2026-05-12 08:26:12 | INFO     | HTTP Request: POST https://api.telegram.org/bot8223900828:AAGNG00joY9NKJRy9RnQSFq0St6kq9cZnCs/sendChatAction "HTTP/1.1 200 OK"
2026-05-12 08:26:20 | INFO     | HTTP Request: POST http://localhost:11434/api/chat "HTTP/1.1 200 OK"
2026-05-12 08:26:20 | INFO     | OK | model=qwen2.5:3b | 8.1s | attempt=1
2026-05-12 08:26:20 | INFO     | MSG | user=1843518070 | model=qwen2.5:3b | len=14 | 8.1s
2026-05-12 08:26:21 | INFO     | HTTP Request: POST https://api.telegram.org/bot8223900828:AAGNG00joY9NKJRy9RnQSFq0St6kq9cZnCs/sendMessage "HTTP/1.1 200 OK"
2026-05-12 08:26:21 | INFO     | HTTP Request: POST https://api.telegram.org/bot8223900828:AAGNG00joY9NKJRy9RnQSFq0St6kq9cZnCs/getUpdates "HTTP/1.1 200 OK"
2026-05-12 08:26:32 | INFO     | HTTP Request: POST https://api.telegram.org/bot8223900828:AAGNG00joY9NKJRy9RnQSFq0St6kq9cZnCs/getUpdates "HTTP/1.1 200 OK"
2026-05-12 08:26:38 | INFO     | HTTP Request: POST https://api.telegram.org/bot8223900828:AAGNG00joY9NKJRy9RnQSFq0St6kq9cZnCs/getUpdates "HTTP/1.1 200 OK"
2026-05-12 08:26:39 | INFO     | HTTP Request: POST https://api.telegram.org/bot8223900828:AAGNG00joY9NKJRy9RnQSFq0St6kq9cZnCs/sendChatAction "HTTP/1.1 200 OK"
2026-05-12 08:26:44 | INFO     | HTTP Request: POST http://localhost:11434/api/chat "HTTP/1.1 200 OK"
2026-05-12 08:26:44 | INFO     | OK | model=qwen2.5:3b | 4.5s | attempt=1
2026-05-12 08:26:44 | INFO     | MSG | user=1843518070 | model=qwen2.5:3b | len=16 | 4.5s
2026-05-12 08:26:44 | INFO     | HTTP Request: POST https://api.telegram.org/bot8223900828:AAGNG00joY9NKJRy9RnQSFq0St6kq9cZnCs/sendMessage "HTTP/1.1 200 OK"
2026-05-12 08:26:48 | INFO     | HTTP Request: POST https://api.telegram.org/bot8223900828:AAGNG00joY9NKJRy9RnQSFq0St6kq9cZnCs/getUpdates "HTTP/1.1 200 OK"
2026-05-12 08:26:55 | INFO     | HTTP Request: POST https://api.telegram.org/bot8223900828:AAGNG00joY9NKJRy9RnQSFq0St6kq9cZnCs/getUpdates "HTTP/1.1 200 OK"
2026-05-12 08:26:56 | INFO     | HTTP Request: POST https://api.telegram.org/bot8223900828:AAGNG00joY9NKJRy9RnQSFq0St6kq9cZnCs/answerCallbackQuery "HTTP/1.1 200 OK"
2026-05-12 08:26:56 | INFO     | HTTP Request: POST https://api.telegram.org/bot8223900828:AAGNG00joY9NKJRy9RnQSFq0St6kq9cZnCs/editMessageText "HTTP/1.1 200 OK"
2026-05-12 08:27:02 | INFO     | HTTP Request: POST https://api.telegram.org/bot8223900828:AAGNG00joY9NKJRy9RnQSFq0St6kq9cZnCs/getUpdates "HTTP/1.1 200 OK"
2026-05-12 08:27:02 | INFO     | START | user=1808185033
2026-05-12 08:27:02 | INFO     | HTTP Request: POST https://api.telegram.org/bot8223900828:AAGNG00joY9NKJRy9RnQSFq0St6kq9cZnCs/getUpdates "HTTP/1.1 200 OK"
2026-05-12 08:27:03 | INFO     | HTTP Request: POST https://api.telegram.org/bot8223900828:AAGNG00joY9NKJRy9RnQSFq0St6kq9cZnCs/sendMessage "HTTP/1.1 200 OK"
2026-05-12 08:27:03 | INFO     | HTTP Request: POST https://api.telegram.org/bot8223900828:AAGNG00joY9NKJRy9RnQSFq0St6kq9cZnCs/answerCallbackQuery "HTTP/1.1 200 OK"
2026-05-12 08:27:04 | INFO     | HTTP Request: POST https://api.telegram.org/bot8223900828:AAGNG00joY9NKJRy9RnQSFq0St6kq9cZnCs/editMessageText "HTTP/1.1 200 OK"
2026-05-12 08:27:04 | INFO     | HTTP Request: POST https://api.telegram.org/bot8223900828:AAGNG00joY9NKJRy9RnQSFq0St6kq9cZnCs/getUpdates "HTTP/1.1 200 OK"
2026-05-12 08:27:04 | INFO     | HTTP Request: POST https://api.telegram.org/bot8223900828:AAGNG00joY9NKJRy9RnQSFq0St6kq9cZnCs/sendChatAction "HTTP/1.1 200 OK"
2026-05-12 08:27:10 | INFO     | HTTP Request: POST http://localhost:11434/api/chat "HTTP/1.1 200 OK"
2026-05-12 08:27:10 | INFO     | OK | model=qwen2.5:3b | 5.5s | attempt=1
2026-05-12 08:27:10 | INFO     | MSG | user=1843518070 | model=qwen2.5:3b | len=16 | 5.5s
2026-05-12 08:27:10 | INFO     | HTTP Request: POST https://api.telegram.org/bot8223900828:AAGNG00joY9NKJRy9RnQSFq0St6kq9cZnCs/sendMessage "HTTP/1.1 200 OK"
2026-05-12 08:27:15 | INFO     | HTTP Request: POST https://api.telegram.org/bot8223900828:AAGNG00joY9NKJRy9RnQSFq0St6kq9cZnCs/getUpdates "HTTP/1.1 200 OK"
2026-05-12 08:27:24 | INFO     | HTTP Request: POST https://api.telegram.org/bot8223900828:AAGNG00joY9NKJRy9RnQSFq0St6kq9cZnCs/getUpdates "HTTP/1.1 200 OK"
2026-05-12 08:27:25 | INFO     | HTTP Request: POST https://api.telegram.org/bot8223900828:AAGNG00joY9NKJRy9RnQSFq0St6kq9cZnCs/answerCallbackQuery "HTTP/1.1 200 OK"
2026-05-12 08:27:26 | INFO     | HTTP Request: POST https://api.telegram.org/bot8223900828:AAGNG00joY9NKJRy9RnQSFq0St6kq9cZnCs/editMessageText "HTTP/1.1 200 OK"
2026-05-12 08:27:32 | INFO     | HTTP Request: POST https://api.telegram.org/bot8223900828:AAGNG00joY9NKJRy9RnQSFq0St6kq9cZnCs/getUpdates "HTTP/1.1 200 OK"
2026-05-12 08:27:33 | INFO     | HTTP Request: POST https://api.telegram.org/bot8223900828:AAGNG00joY9NKJRy9RnQSFq0St6kq9cZnCs/sendChatAction "HTTP/1.1 200 OK"
2026-05-12 08:27:37 | INFO     | HTTP Request: POST http://localhost:11434/api/chat "HTTP/1.1 200 OK"
2026-05-12 08:27:37 | INFO     | OK | model=qwen2.5:3b | 4.1s | attempt=1
2026-05-12 08:27:37 | INFO     | MSG | user=1808185033 | model=qwen2.5:3b | len=7 | 4.1s
2026-05-12 08:27:37 | INFO     | HTTP Request: POST https://api.telegram.org/bot8223900828:AAGNG00joY9NKJRy9RnQSFq0St6kq9cZnCs/sendMessage "HTTP/1.1 200 OK"
2026-05-12 08:27:42 | INFO     | HTTP Request: POST https://api.telegram.org/bot8223900828:AAGNG00joY9NKJRy9RnQSFq0St6kq9cZnCs/getUpdates "HTTP/1.1 200 OK"
2026-05-12 08:27:53 | INFO     | HTTP Request: POST https://api.telegram.org/bot8223900828:AAGNG00joY9NKJRy9RnQSFq0St6kq9cZnCs/getUpdates "HTTP/1.1 200 OK"
2026-05-12 08:28:03 | INFO     | HTTP Request: POST https://api.telegram.org/bot8223900828:AAGNG00joY9NKJRy9RnQSFq0St6kq9cZnCs/getUpdates "HTTP/1.1 200 OK"
2026-05-12 08:28:06 | INFO     | HTTP Request: POST https://api.telegram.org/bot8223900828:AAGNG00joY9NKJRy9RnQSFq0St6kq9cZnCs/getUpdates "HTTP/1.1 200 OK"
2026-05-12 08:28:13 | INFO     | HTTP Request: POST https://api.telegram.org/bot8223900828:AAGNG00joY9NKJRy9RnQSFq0St6kq9cZnCs/getUpdates "HTTP/1.1 200 OK"
2026-05-12 08:28:14 | INFO     | HTTP Request: POST https://api.telegram.org/bot8223900828:AAGNG00joY9NKJRy9RnQSFq0St6kq9cZnCs/sendChatAction "HTTP/1.1 200 OK"
2026-05-12 08:28:20 | INFO     | HTTP Request: POST https://api.telegram.org/bot8223900828:AAGNG00joY9NKJRy9RnQSFq0St6kq9cZnCs/getUpdates "HTTP/1.1 200 OK"
2026-05-12 08:28:22 | INFO     | HTTP Request: POST http://localhost:11434/api/chat "HTTP/1.1 200 OK"
2026-05-12 08:28:22 | INFO     | OK | model=qwen2.5:3b | 7.4s | attempt=1
2026-05-12 08:28:22 | INFO     | MSG | user=2057476178 | model=qwen2.5:3b | len=16 | 7.4s
2026-05-12 08:28:23 | INFO     | HTTP Request: POST https://api.telegram.org/bot8223900828:AAGNG00joY9NKJRy9RnQSFq0St6kq9cZnCs/sendMessage "HTTP/1.1 200 OK"
2026-05-12 08:28:23 | INFO     | HTTP Request: POST https://api.telegram.org/bot8223900828:AAGNG00joY9NKJRy9RnQSFq0St6kq9cZnCs/sendChatAction "HTTP/1.1 200 OK"
2026-05-12 08:28:27 | INFO     | HTTP Request: POST http://localhost:11434/api/chat "HTTP/1.1 200 OK"
2026-05-12 08:28:27 | INFO     | OK | model=qwen2.5:3b | 4.0s | attempt=1
2026-05-12 08:28:27 | INFO     | MSG | user=1808185033 | model=qwen2.5:3b | len=21 | 4.0s
2026-05-12 08:28:27 | INFO     | HTTP Request: POST https://api.telegram.org/bot8223900828:AAGNG00joY9NKJRy9RnQSFq0St6kq9cZnCs/sendMessage "HTTP/1.1 200 OK"
2026-05-12 08:28:30 | INFO     | HTTP Request: POST https://api.telegram.org/bot8223900828:AAGNG00joY9NKJRy9RnQSFq0St6kq9cZnCs/getUpdates "HTTP/1.1 200 OK"
2026-05-12 08:28:40 | INFO     | HTTP Request: POST https://api.telegram.org/bot8223900828:AAGNG00joY9NKJRy9RnQSFq0St6kq9cZnCs/getUpdates "HTTP/1.1 200 OK"
2026-05-12 08:28:44 | INFO     | HTTP Request: POST https://api.telegram.org/bot8223900828:AAGNG00joY9NKJRy9RnQSFq0St6kq9cZnCs/getUpdates "HTTP/1.1 200 OK"
2026-05-12 08:28:45 | INFO     | HTTP Request: POST https://api.telegram.org/bot8223900828:AAGNG00joY9NKJRy9RnQSFq0St6kq9cZnCs/sendChatAction "HTTP/1.1 200 OK"
2026-05-12 08:28:51 | INFO     | HTTP Request: POST http://localhost:11434/api/chat "HTTP/1.1 200 OK"
2026-05-12 08:28:51 | INFO     | OK | model=qwen2.5:3b | 6.2s | attempt=1
2026-05-12 08:28:51 | INFO     | MSG | user=1808185033 | model=qwen2.5:3b | len=15 | 6.2s
2026-05-12 08:28:52 | INFO     | HTTP Request: POST https://api.telegram.org/bot8223900828:AAGNG00joY9NKJRy9RnQSFq0St6kq9cZnCs/sendMessage "HTTP/1.1 200 OK"
2026-05-12 08:28:54 | INFO     | HTTP Request: POST https://api.telegram.org/bot8223900828:AAGNG00joY9NKJRy9RnQSFq0St6kq9cZnCs/getUpdates "HTTP/1.1 200 OK"
2026-05-12 08:28:59 | INFO     | HTTP Request: POST https://api.telegram.org/bot8223900828:AAGNG00joY9NKJRy9RnQSFq0St6kq9cZnCs/getUpdates "HTTP/1.1 200 OK"
2026-05-12 08:29:00 | INFO     | HTTP Request: POST https://api.telegram.org/bot8223900828:AAGNG00joY9NKJRy9RnQSFq0St6kq9cZnCs/sendChatAction "HTTP/1.1 200 OK"
2026-05-12 08:29:08 | INFO     | HTTP Request: POST http://localhost:11434/api/chat "HTTP/1.1 200 OK"
2026-05-12 08:29:08 | INFO     | OK | model=qwen2.5:3b | 7.8s | attempt=1
2026-05-12 08:29:08 | INFO     | MSG | user=2057476178 | model=qwen2.5:3b | len=23 | 7.8s
2026-05-12 08:29:09 | INFO     | HTTP Request: POST https://api.telegram.org/bot8223900828:AAGNG00joY9NKJRy9RnQSFq0St6kq9cZnCs/sendMessage "HTTP/1.1 200 OK"
2026-05-12 08:29:09 | INFO     | HTTP Request: POST https://api.telegram.org/bot8223900828:AAGNG00joY9NKJRy9RnQSFq0St6kq9cZnCs/getUpdates "HTTP/1.1 200 OK"
2026-05-12 08:29:15 | INFO     | HTTP Request: POST https://api.telegram.org/bot8223900828:AAGNG00joY9NKJRy9RnQSFq0St6kq9cZnCs/getUpdates "HTTP/1.1 200 OK"
2026-05-12 08:29:15 | INFO     | START | user=5523527225
2026-05-12 08:29:16 | INFO     | HTTP Request: POST https://api.telegram.org/bot8223900828:AAGNG00joY9NKJRy9RnQSFq0St6kq9cZnCs/sendMessage "HTTP/1.1 200 OK"
2026-05-12 08:29:23 | INFO     | HTTP Request: POST https://api.telegram.org/bot8223900828:AAGNG00joY9NKJRy9RnQSFq0St6kq9cZnCs/getUpdates "HTTP/1.1 200 OK"
2026-05-12 08:29:24 | INFO     | HTTP Request: POST https://api.telegram.org/bot8223900828:AAGNG00joY9NKJRy9RnQSFq0St6kq9cZnCs/answerCallbackQuery "HTTP/1.1 200 OK"
2026-05-12 08:29:24 | INFO     | HTTP Request: POST https://api.telegram.org/bot8223900828:AAGNG00joY9NKJRy9RnQSFq0St6kq9cZnCs/editMessageReplyMarkup "HTTP/1.1 200 OK"
2026-05-12 08:29:24 | INFO     | HTTP Request: POST https://api.telegram.org/bot8223900828:AAGNG00joY9NKJRy9RnQSFq0St6kq9cZnCs/sendMessage "HTTP/1.1 200 OK"
2026-05-12 08:29:33 | INFO     | HTTP Request: POST https://api.telegram.org/bot8223900828:AAGNG00joY9NKJRy9RnQSFq0St6kq9cZnCs/getUpdates "HTTP/1.1 200 OK"
2026-05-12 08:29:35 | INFO     | HTTP Request: POST https://api.telegram.org/bot8223900828:AAGNG00joY9NKJRy9RnQSFq0St6kq9cZnCs/getUpdates "HTTP/1.1 200 OK"
2026-05-12 08:29:36 | INFO     | HTTP Request: POST https://api.telegram.org/bot8223900828:AAGNG00joY9NKJRy9RnQSFq0St6kq9cZnCs/answerCallbackQuery "HTTP/1.1 200 OK"
2026-05-12 08:29:36 | INFO     | HTTP Request: POST https://api.telegram.org/bot8223900828:AAGNG00joY9NKJRy9RnQSFq0St6kq9cZnCs/editMessageText "HTTP/1.1 200 OK"
2026-05-12 08:29:39 | INFO     | HTTP Request: POST https://api.telegram.org/bot8223900828:AAGNG00joY9NKJRy9RnQSFq0St6kq9cZnCs/getUpdates "HTTP/1.1 200 OK"
2026-05-12 08:29:40 | INFO     | HTTP Request: POST https://api.telegram.org/bot8223900828:AAGNG00joY9NKJRy9RnQSFq0St6kq9cZnCs/answerCallbackQuery "HTTP/1.1 200 OK"
2026-05-12 08:29:40 | INFO     | CLEAR | user=5523527225
2026-05-12 08:29:40 | INFO     | HTTP Request: POST https://api.telegram.org/bot8223900828:AAGNG00joY9NKJRy9RnQSFq0St6kq9cZnCs/editMessageText "HTTP/1.1 200 OK"
2026-05-12 08:29:49 | INFO     | HTTP Request: POST https://api.telegram.org/bot8223900828:AAGNG00joY9NKJRy9RnQSFq0St6kq9cZnCs/getUpdates "HTTP/1.1 200 OK"
2026-05-12 08:29:50 | INFO     | HTTP Request: POST https://api.telegram.org/bot8223900828:AAGNG00joY9NKJRy9RnQSFq0St6kq9cZnCs/sendChatAction "HTTP/1.1 200 OK"
2026-05-12 08:29:53 | INFO     | HTTP Request: POST http://localhost:11434/api/chat "HTTP/1.1 200 OK"
2026-05-12 08:29:53 | INFO     | OK | model=qwen2.5:3b | 2.8s | attempt=1
2026-05-12 08:29:53 | INFO     | QUIZ_START | user=1808185033 | topic=брейнрот | model=qwen2.5:3b
2026-05-12 08:29:54 | INFO     | HTTP Request: POST https://api.telegram.org/bot8223900828:AAGNG00joY9NKJRy9RnQSFq0St6kq9cZnCs/sendMessage "HTTP/1.1 200 OK"
2026-05-12 08:29:59 | INFO     | HTTP Request: POST https://api.telegram.org/bot8223900828:AAGNG00joY9NKJRy9RnQSFq0St6kq9cZnCs/getUpdates "HTTP/1.1 200 OK"
2026-05-12 08:30:10 | INFO     | HTTP Request: POST https://api.telegram.org/bot8223900828:AAGNG00joY9NKJRy9RnQSFq0St6kq9cZnCs/getUpdates "HTTP/1.1 200 OK"
2026-05-12 08:30:13 | INFO     | HTTP Request: POST https://api.telegram.org/bot8223900828:AAGNG00joY9NKJRy9RnQSFq0St6kq9cZnCs/getUpdates "HTTP/1.1 200 OK"
2026-05-12 08:30:14 | INFO     | HTTP Request: POST https://api.telegram.org/bot8223900828:AAGNG00joY9NKJRy9RnQSFq0St6kq9cZnCs/sendChatAction "HTTP/1.1 200 OK"
2026-05-12 08:30:16 | INFO     | HTTP Request: POST https://api.telegram.org/bot8223900828:AAGNG00joY9NKJRy9RnQSFq0St6kq9cZnCs/getUpdates "HTTP/1.1 200 OK"
2026-05-12 08:30:22 | INFO     | HTTP Request: POST http://localhost:11434/api/chat "HTTP/1.1 200 OK"
2026-05-12 08:30:22 | INFO     | OK | model=qwen2.5:3b | 7.5s | attempt=1
2026-05-12 08:30:22 | INFO     | MSG | user=2057476178 | model=qwen2.5:3b | len=48 | 7.5s
2026-05-12 08:30:23 | INFO     | HTTP Request: POST https://api.telegram.org/bot8223900828:AAGNG00joY9NKJRy9RnQSFq0St6kq9cZnCs/sendMessage "HTTP/1.1 200 OK"
2026-05-12 08:30:24 | INFO     | HTTP Request: POST https://api.telegram.org/bot8223900828:AAGNG00joY9NKJRy9RnQSFq0St6kq9cZnCs/sendChatAction "HTTP/1.1 200 OK"
2026-05-12 08:30:26 | INFO     | HTTP Request: POST https://api.telegram.org/bot8223900828:AAGNG00joY9NKJRy9RnQSFq0St6kq9cZnCs/getUpdates "HTTP/1.1 200 OK"
2026-05-12 08:30:27 | INFO     | HTTP Request: POST http://localhost:11434/api/chat "HTTP/1.1 200 OK"
2026-05-12 08:30:27 | INFO     | OK | model=qwen2.5:3b | 3.1s | attempt=1
2026-05-12 08:30:27 | INFO     | QUIZ_EVAL | user=1808185033 | q=2 | model=qwen2.5:3b | 3.1s
2026-05-12 08:30:27 | INFO     | HTTP Request: POST https://api.telegram.org/bot8223900828:AAGNG00joY9NKJRy9RnQSFq0St6kq9cZnCs/sendMessage "HTTP/1.1 200 OK"
2026-05-12 08:30:37 | INFO     | HTTP Request: POST https://api.telegram.org/bot8223900828:AAGNG00joY9NKJRy9RnQSFq0St6kq9cZnCs/getUpdates "HTTP/1.1 200 OK"
2026-05-12 08:30:47 | INFO     | HTTP Request: POST https://api.telegram.org/bot8223900828:AAGNG00joY9NKJRy9RnQSFq0St6kq9cZnCs/getUpdates "HTTP/1.1 200 OK"
2026-05-12 08:30:57 | INFO     | HTTP Request: POST https://api.telegram.org/bot8223900828:AAGNG00joY9NKJRy9RnQSFq0St6kq9cZnCs/getUpdates "HTTP/1.1 200 OK"
2026-05-12 08:31:08 | INFO     | HTTP Request: POST https://api.telegram.org/bot8223900828:AAGNG00joY9NKJRy9RnQSFq0St6kq9cZnCs/getUpdates "HTTP/1.1 200 OK"
2026-05-12 08:31:11 | INFO     | HTTP Request: POST https://api.telegram.org/bot8223900828:AAGNG00joY9NKJRy9RnQSFq0St6kq9cZnCs/getUpdates "HTTP/1.1 200 OK"
2026-05-12 08:31:12 | INFO     | HTTP Request: POST https://api.telegram.org/bot8223900828:AAGNG00joY9NKJRy9RnQSFq0St6kq9cZnCs/sendChatAction "HTTP/1.1 200 OK"
2026-05-12 08:31:16 | INFO     | HTTP Request: POST http://localhost:11434/api/chat "HTTP/1.1 200 OK"
2026-05-12 08:31:16 | INFO     | OK | model=qwen2.5:3b | 4.4s | attempt=1
2026-05-12 08:31:16 | INFO     | QUIZ_EVAL | user=1808185033 | q=3 | model=qwen2.5:3b | 4.4s
2026-05-12 08:31:16 | INFO     | HTTP Request: POST https://api.telegram.org/bot8223900828:AAGNG00joY9NKJRy9RnQSFq0St6kq9cZnCs/sendMessage "HTTP/1.1 200 OK"
2026-05-12 08:31:16 | INFO     | HTTP Request: POST https://api.telegram.org/bot8223900828:AAGNG00joY9NKJRy9RnQSFq0St6kq9cZnCs/getUpdates "HTTP/1.1 200 OK"
2026-05-12 08:31:17 | INFO     | HTTP Request: POST https://api.telegram.org/bot8223900828:AAGNG00joY9NKJRy9RnQSFq0St6kq9cZnCs/sendChatAction "HTTP/1.1 200 OK"
2026-05-12 08:31:21 | INFO     | HTTP Request: POST http://localhost:11434/api/chat "HTTP/1.1 200 OK"
2026-05-12 08:31:21 | INFO     | OK | model=qwen2.5:3b | 3.6s | attempt=1
2026-05-12 08:31:21 | INFO     | MSG | user=5279566650 | model=qwen2.5:3b | len=36 | 3.6s
2026-05-12 08:31:21 | INFO     | HTTP Request: POST https://api.telegram.org/bot8223900828:AAGNG00joY9NKJRy9RnQSFq0St6kq9cZnCs/sendMessage "HTTP/1.1 200 OK"
2026-05-12 08:31:26 | INFO     | HTTP Request: POST https://api.telegram.org/bot8223900828:AAGNG00joY9NKJRy9RnQSFq0St6kq9cZnCs/getUpdates "HTTP/1.1 200 OK"
2026-05-12 08:31:27 | INFO     | HTTP Request: POST https://api.telegram.org/bot8223900828:AAGNG00joY9NKJRy9RnQSFq0St6kq9cZnCs/answerCallbackQuery "HTTP/1.1 200 OK"
2026-05-12 08:31:27 | INFO     | HTTP Request: POST https://api.telegram.org/bot8223900828:AAGNG00joY9NKJRy9RnQSFq0St6kq9cZnCs/editMessageReplyMarkup "HTTP/1.1 200 OK"
2026-05-12 08:31:28 | INFO     | HTTP Request: POST https://api.telegram.org/bot8223900828:AAGNG00joY9NKJRy9RnQSFq0St6kq9cZnCs/sendMessage "HTTP/1.1 200 OK"
2026-05-12 08:31:30 | INFO     | HTTP Request: POST https://api.telegram.org/bot8223900828:AAGNG00joY9NKJRy9RnQSFq0St6kq9cZnCs/getUpdates "HTTP/1.1 200 OK"
2026-05-12 08:31:30 | INFO     | HTTP Request: POST https://api.telegram.org/bot8223900828:AAGNG00joY9NKJRy9RnQSFq0St6kq9cZnCs/answerCallbackQuery "HTTP/1.1 200 OK"
2026-05-12 08:31:31 | INFO     | HTTP Request: POST https://api.telegram.org/bot8223900828:AAGNG00joY9NKJRy9RnQSFq0St6kq9cZnCs/editMessageText "HTTP/1.1 200 OK"
2026-05-12 08:31:37 | INFO     | HTTP Request: POST https://api.telegram.org/bot8223900828:AAGNG00joY9NKJRy9RnQSFq0St6kq9cZnCs/getUpdates "HTTP/1.1 200 OK"
2026-05-12 08:31:38 | INFO     | HTTP Request: POST https://api.telegram.org/bot8223900828:AAGNG00joY9NKJRy9RnQSFq0St6kq9cZnCs/answerCallbackQuery "HTTP/1.1 200 OK"
2026-05-12 08:31:38 | INFO     | HTTP Request: POST https://api.telegram.org/bot8223900828:AAGNG00joY9NKJRy9RnQSFq0St6kq9cZnCs/editMessageText "HTTP/1.1 400 Bad Request"
2026-05-12 08:31:38 | ERROR    | No error handlers are registered, logging exception.
Traceback (most recent call last):
  File "C:\Users\Suhrob\ollama_chat\.venv\Lib\site-packages\telegram\ext\_application.py", line 1315, in process_update
    await coroutine
  File "C:\Users\Suhrob\ollama_chat\.venv\Lib\site-packages\telegram\ext\_handlers\basehandler.py", line 159, in handle_update
    return await self.callback(update, context)
           ^^^^^^^^^^^^^^^^^^^^^^^^^^^^^^^^^^^^
  File "C:\Users\Suhrob\ollama_chat\tbot.py", line 511, in button_handler
    await query.edit_message_text(state.stats.format(), parse_mode="HTML", reply_markup=main_kb())
  File "C:\Users\Suhrob\ollama_chat\.venv\Lib\site-packages\telegram\_callbackquery.py", line 269, in edit_message_text
    return await self._get_message().edit_text(
           ^^^^^^^^^^^^^^^^^^^^^^^^^^^^^^^^^^^^
    ...<11 lines>...
    )
    ^
  File "C:\Users\Suhrob\ollama_chat\.venv\Lib\site-packages\telegram\_message.py", line 4243, in edit_text
    return await self.get_bot().edit_message_text(
           ^^^^^^^^^^^^^^^^^^^^^^^^^^^^^^^^^^^^^^^
    ...<15 lines>...
    )
    ^
  File "C:\Users\Suhrob\ollama_chat\.venv\Lib\site-packages\telegram\ext\_extbot.py", line 1733, in edit_message_text
    return await super().edit_message_text(
           ^^^^^^^^^^^^^^^^^^^^^^^^^^^^^^^^
    ...<15 lines>...
    )
    ^
  File "C:\Users\Suhrob\ollama_chat\.venv\Lib\site-packages\telegram\_bot.py", line 4548, in edit_message_text
    return await self._send_message(
           ^^^^^^^^^^^^^^^^^^^^^^^^^
    ...<11 lines>...
    )
    ^
  File "C:\Users\Suhrob\ollama_chat\.venv\Lib\site-packages\telegram\ext\_extbot.py", line 630, in _send_message
    result = await super()._send_message(
             ^^^^^^^^^^^^^^^^^^^^^^^^^^^^
    ...<23 lines>...
    )
    ^
  File "C:\Users\Suhrob\ollama_chat\.venv\Lib\site-packages\telegram\_bot.py", line 820, in _send_message
    result = await self._post(
             ^^^^^^^^^^^^^^^^^
    ...<7 lines>...
    )
    ^
  File "C:\Users\Suhrob\ollama_chat\.venv\Lib\site-packages\telegram\_bot.py", line 704, in _post
    return await self._do_post(
           ^^^^^^^^^^^^^^^^^^^^
    ...<6 lines>...
    )
    ^
  File "C:\Users\Suhrob\ollama_chat\.venv\Lib\site-packages\telegram\ext\_extbot.py", line 370, in _do_post
    return await super()._do_post(
           ^^^^^^^^^^^^^^^^^^^^^^^
    ...<6 lines>...
    )
    ^
  File "C:\Users\Suhrob\ollama_chat\.venv\Lib\site-packages\telegram\_bot.py", line 733, in _do_post
    result = await request.post(
             ^^^^^^^^^^^^^^^^^^^
    ...<6 lines>...
    )
    ^
  File "C:\Users\Suhrob\ollama_chat\.venv\Lib\site-packages\telegram\request\_baserequest.py", line 198, in post
    result = await self._request_wrapper(
             ^^^^^^^^^^^^^^^^^^^^^^^^^^^^
    ...<7 lines>...
    )
    ^
  File "C:\Users\Suhrob\ollama_chat\.venv\Lib\site-packages\telegram\request\_baserequest.py", line 375, in _request_wrapper
    raise exception
telegram.error.BadRequest: Message is not modified: specified new message content and reply markup are exactly the same as a current content and reply markup of the message
2026-05-12 08:31:47 | INFO     | HTTP Request: POST https://api.telegram.org/bot8223900828:AAGNG00joY9NKJRy9RnQSFq0St6kq9cZnCs/getUpdates "HTTP/1.1 200 OK"
2026-05-12 08:31:48 | INFO     | HTTP Request: POST https://api.telegram.org/bot8223900828:AAGNG00joY9NKJRy9RnQSFq0St6kq9cZnCs/getUpdates "HTTP/1.1 200 OK"
2026-05-12 08:31:59 | INFO     | HTTP Request: POST https://api.telegram.org/bot8223900828:AAGNG00joY9NKJRy9RnQSFq0St6kq9cZnCs/getUpdates "HTTP/1.1 200 OK"
2026-05-12 08:32:08 | INFO     | HTTP Request: POST https://api.telegram.org/bot8223900828:AAGNG00joY9NKJRy9RnQSFq0St6kq9cZnCs/getUpdates "HTTP/1.1 200 OK"
2026-05-12 08:32:09 | INFO     | HTTP Request: POST https://api.telegram.org/bot8223900828:AAGNG00joY9NKJRy9RnQSFq0St6kq9cZnCs/sendChatAction "HTTP/1.1 200 OK"
2026-05-12 08:32:13 | INFO     | HTTP Request: POST http://localhost:11434/api/chat "HTTP/1.1 200 OK"
2026-05-12 08:32:13 | INFO     | OK | model=qwen2.5:3b | 4.5s | attempt=1
2026-05-12 08:32:13 | INFO     | MSG | user=1843518070 | model=qwen2.5:3b | len=46 | 4.5s
2026-05-12 08:32:14 | INFO     | HTTP Request: POST https://api.telegram.org/bot8223900828:AAGNG00joY9NKJRy9RnQSFq0St6kq9cZnCs/sendMessage "HTTP/1.1 200 OK"
2026-05-12 08:32:15 | INFO     | HTTP Request: POST https://api.telegram.org/bot8223900828:AAGNG00joY9NKJRy9RnQSFq0St6kq9cZnCs/getUpdates "HTTP/1.1 200 OK"
2026-05-12 08:32:15 | INFO     | HTTP Request: POST https://api.telegram.org/bot8223900828:AAGNG00joY9NKJRy9RnQSFq0St6kq9cZnCs/sendChatAction "HTTP/1.1 200 OK"
2026-05-12 08:32:25 | INFO     | HTTP Request: POST https://api.telegram.org/bot8223900828:AAGNG00joY9NKJRy9RnQSFq0St6kq9cZnCs/getUpdates "HTTP/1.1 200 OK"
2026-05-12 08:32:27 | INFO     | HTTP Request: POST http://localhost:11434/api/chat "HTTP/1.1 200 OK"
2026-05-12 08:32:27 | INFO     | OK | model=qwen2.5:3b | 11.8s | attempt=1
2026-05-12 08:32:27 | INFO     | MSG | user=2057476178 | model=qwen2.5:3b | len=29 | 11.8s
2026-05-12 08:32:28 | INFO     | HTTP Request: POST https://api.telegram.org/bot8223900828:AAGNG00joY9NKJRy9RnQSFq0St6kq9cZnCs/sendMessage "HTTP/1.1 200 OK"
2026-05-12 08:32:36 | INFO     | HTTP Request: POST https://api.telegram.org/bot8223900828:AAGNG00joY9NKJRy9RnQSFq0St6kq9cZnCs/getUpdates "HTTP/1.1 200 OK"
2026-05-12 08:32:46 | INFO     | HTTP Request: POST https://api.telegram.org/bot8223900828:AAGNG00joY9NKJRy9RnQSFq0St6kq9cZnCs/getUpdates "HTTP/1.1 200 OK"
2026-05-12 08:32:56 | INFO     | HTTP Request: POST https://api.telegram.org/bot8223900828:AAGNG00joY9NKJRy9RnQSFq0St6kq9cZnCs/getUpdates "HTTP/1.1 200 OK"
2026-05-12 08:33:07 | INFO     | HTTP Request: POST https://api.telegram.org/bot8223900828:AAGNG00joY9NKJRy9RnQSFq0St6kq9cZnCs/getUpdates "HTTP/1.1 200 OK"
2026-05-12 08:33:17 | INFO     | HTTP Request: POST https://api.telegram.org/bot8223900828:AAGNG00joY9NKJRy9RnQSFq0St6kq9cZnCs/getUpdates "HTTP/1.1 200 OK"
2026-05-12 08:33:28 | INFO     | HTTP Request: POST https://api.telegram.org/bot8223900828:AAGNG00joY9NKJRy9RnQSFq0St6kq9cZnCs/getUpdates "HTTP/1.1 200 OK"
2026-05-12 08:33:38 | INFO     | HTTP Request: POST https://api.telegram.org/bot8223900828:AAGNG00joY9NKJRy9RnQSFq0St6kq9cZnCs/getUpdates "HTTP/1.1 200 OK"
2026-05-12 08:33:48 | INFO     | HTTP Request: POST https://api.telegram.org/bot8223900828:AAGNG00joY9NKJRy9RnQSFq0St6kq9cZnCs/getUpdates "HTTP/1.1 200 OK"
2026-05-12 08:33:59 | INFO     | HTTP Request: POST https://api.telegram.org/bot8223900828:AAGNG00joY9NKJRy9RnQSFq0St6kq9cZnCs/getUpdates "HTTP/1.1 200 OK"
2026-05-12 08:34:09 | INFO     | HTTP Request: POST https://api.telegram.org/bot8223900828:AAGNG00joY9NKJRy9RnQSFq0St6kq9cZnCs/getUpdates "HTTP/1.1 200 OK"
2026-05-12 08:34:20 | INFO     | HTTP Request: POST https://api.telegram.org/bot8223900828:AAGNG00joY9NKJRy9RnQSFq0St6kq9cZnCs/getUpdates "HTTP/1.1 200 OK"
2026-05-12 08:34:24 | INFO     | HTTP Request: POST https://api.telegram.org/bot8223900828:AAGNG00joY9NKJRy9RnQSFq0St6kq9cZnCs/getUpdates "HTTP/1.1 200 OK"
2026-05-12 08:34:25 | INFO     | HTTP Request: POST https://api.telegram.org/bot8223900828:AAGNG00joY9NKJRy9RnQSFq0St6kq9cZnCs/sendChatAction "HTTP/1.1 200 OK"
2026-05-12 08:34:30 | INFO     | HTTP Request: POST http://localhost:11434/api/chat "HTTP/1.1 200 OK"
2026-05-12 08:34:30 | INFO     | OK | model=qwen2.5:3b | 4.3s | attempt=1
2026-05-12 08:34:30 | INFO     | MSG | user=2057476178 | model=qwen2.5:3b | len=25 | 4.3s
2026-05-12 08:34:30 | INFO     | HTTP Request: POST https://api.telegram.org/bot8223900828:AAGNG00joY9NKJRy9RnQSFq0St6kq9cZnCs/sendMessage "HTTP/1.1 200 OK"
2026-05-12 08:34:34 | INFO     | HTTP Request: POST https://api.telegram.org/bot8223900828:AAGNG00joY9NKJRy9RnQSFq0St6kq9cZnCs/getUpdates "HTTP/1.1 200 OK"
2026-05-12 08:34:44 | INFO     | HTTP Request: POST https://api.telegram.org/bot8223900828:AAGNG00joY9NKJRy9RnQSFq0St6kq9cZnCs/getUpdates "HTTP/1.1 200 OK"
2026-05-12 08:34:53 | INFO     | HTTP Request: POST https://api.telegram.org/bot8223900828:AAGNG00joY9NKJRy9RnQSFq0St6kq9cZnCs/getUpdates "HTTP/1.1 200 OK"
2026-05-12 08:34:54 | INFO     | HTTP Request: POST https://api.telegram.org/bot8223900828:AAGNG00joY9NKJRy9RnQSFq0St6kq9cZnCs/sendChatAction "HTTP/1.1 200 OK"
2026-05-12 08:35:00 | INFO     | HTTP Request: POST http://localhost:11434/api/chat "HTTP/1.1 200 OK"
2026-05-12 08:35:00 | INFO     | OK | model=qwen2.5:3b | 5.1s | attempt=1
2026-05-12 08:35:00 | INFO     | MSG | user=2057476178 | model=qwen2.5:3b | len=22 | 5.1s
2026-05-12 08:35:01 | INFO     | HTTP Request: POST https://api.telegram.org/bot8223900828:AAGNG00joY9NKJRy9RnQSFq0St6kq9cZnCs/sendMessage "HTTP/1.1 200 OK"
2026-05-12 08:35:04 | INFO     | HTTP Request: POST https://api.telegram.org/bot8223900828:AAGNG00joY9NKJRy9RnQSFq0St6kq9cZnCs/getUpdates "HTTP/1.1 200 OK"
2026-05-12 08:35:14 | INFO     | HTTP Request: POST https://api.telegram.org/bot8223900828:AAGNG00joY9NKJRy9RnQSFq0St6kq9cZnCs/getUpdates "HTTP/1.1 200 OK"
2026-05-12 08:35:27 | INFO     | HTTP Request: POST https://api.telegram.org/bot8223900828:AAGNG00joY9NKJRy9RnQSFq0St6kq9cZnCs/getUpdates "HTTP/1.1 200 OK"
2026-05-12 08:35:37 | INFO     | HTTP Request: POST https://api.telegram.org/bot8223900828:AAGNG00joY9NKJRy9RnQSFq0St6kq9cZnCs/getUpdates "HTTP/1.1 200 OK"
2026-05-12 08:35:47 | INFO     | HTTP Request: POST https://api.telegram.org/bot8223900828:AAGNG00joY9NKJRy9RnQSFq0St6kq9cZnCs/getUpdates "HTTP/1.1 200 OK"
2026-05-12 08:35:58 | INFO     | HTTP Request: POST https://api.telegram.org/bot8223900828:AAGNG00joY9NKJRy9RnQSFq0St6kq9cZnCs/getUpdates "HTTP/1.1 200 OK"
2026-05-12 08:36:08 | INFO     | HTTP Request: POST https://api.telegram.org/bot8223900828:AAGNG00joY9NKJRy9RnQSFq0St6kq9cZnCs/getUpdates "HTTP/1.1 200 OK"
2026-05-12 08:36:19 | INFO     | HTTP Request: POST https://api.telegram.org/bot8223900828:AAGNG00joY9NKJRy9RnQSFq0St6kq9cZnCs/getUpdates "HTTP/1.1 200 OK"
2026-05-12 08:36:29 | INFO     | HTTP Request: POST https://api.telegram.org/bot8223900828:AAGNG00joY9NKJRy9RnQSFq0St6kq9cZnCs/getUpdates "HTTP/1.1 200 OK"
2026-05-12 08:36:39 | INFO     | HTTP Request: POST https://api.telegram.org/bot8223900828:AAGNG00joY9NKJRy9RnQSFq0St6kq9cZnCs/getUpdates "HTTP/1.1 200 OK"
2026-05-12 08:36:49 | INFO     | HTTP Request: POST https://api.telegram.org/bot8223900828:AAGNG00joY9NKJRy9RnQSFq0St6kq9cZnCs/getUpdates "HTTP/1.1 200 OK"
2026-05-12 08:36:59 | INFO     | HTTP Request: POST https://api.telegram.org/bot8223900828:AAGNG00joY9NKJRy9RnQSFq0St6kq9cZnCs/getUpdates "HTTP/1.1 200 OK"
2026-05-12 08:37:10 | INFO     | HTTP Request: POST https://api.telegram.org/bot8223900828:AAGNG00joY9NKJRy9RnQSFq0St6kq9cZnCs/getUpdates "HTTP/1.1 200 OK"
2026-05-12 08:37:20 | INFO     | HTTP Request: POST https://api.telegram.org/bot8223900828:AAGNG00joY9NKJRy9RnQSFq0St6kq9cZnCs/getUpdates "HTTP/1.1 200 OK"
2026-05-12 08:37:31 | INFO     | HTTP Request: POST https://api.telegram.org/bot8223900828:AAGNG00joY9NKJRy9RnQSFq0St6kq9cZnCs/getUpdates "HTTP/1.1 200 OK"
2026-05-12 08:37:41 | INFO     | HTTP Request: POST https://api.telegram.org/bot8223900828:AAGNG00joY9NKJRy9RnQSFq0St6kq9cZnCs/getUpdates "HTTP/1.1 200 OK"
2026-05-12 08:37:51 | INFO     | HTTP Request: POST https://api.telegram.org/bot8223900828:AAGNG00joY9NKJRy9RnQSFq0St6kq9cZnCs/getUpdates "HTTP/1.1 200 OK"
2026-05-12 08:38:02 | INFO     | HTTP Request: POST https://api.telegram.org/bot8223900828:AAGNG00joY9NKJRy9RnQSFq0St6kq9cZnCs/getUpdates "HTTP/1.1 200 OK"
2026-05-12 08:38:12 | INFO     | HTTP Request: POST https://api.telegram.org/bot8223900828:AAGNG00joY9NKJRy9RnQSFq0St6kq9cZnCs/getUpdates "HTTP/1.1 200 OK"
2026-05-12 08:38:22 | INFO     | HTTP Request: POST https://api.telegram.org/bot8223900828:AAGNG00joY9NKJRy9RnQSFq0St6kq9cZnCs/getUpdates "HTTP/1.1 200 OK"
2026-05-12 08:38:32 | INFO     | HTTP Request: POST https://api.telegram.org/bot8223900828:AAGNG00joY9NKJRy9RnQSFq0St6kq9cZnCs/getUpdates "HTTP/1.1 200 OK"
2026-05-12 08:38:42 | INFO     | HTTP Request: POST https://api.telegram.org/bot8223900828:AAGNG00joY9NKJRy9RnQSFq0St6kq9cZnCs/getUpdates "HTTP/1.1 200 OK"
2026-05-12 08:38:53 | INFO     | HTTP Request: POST https://api.telegram.org/bot8223900828:AAGNG00joY9NKJRy9RnQSFq0St6kq9cZnCs/getUpdates "HTTP/1.1 200 OK"
2026-05-12 08:39:03 | INFO     | HTTP Request: POST https://api.telegram.org/bot8223900828:AAGNG00joY9NKJRy9RnQSFq0St6kq9cZnCs/getUpdates "HTTP/1.1 200 OK"
2026-05-12 08:39:13 | INFO     | HTTP Request: POST https://api.telegram.org/bot8223900828:AAGNG00joY9NKJRy9RnQSFq0St6kq9cZnCs/getUpdates "HTTP/1.1 200 OK"
2026-05-12 08:39:24 | INFO     | HTTP Request: POST https://api.telegram.org/bot8223900828:AAGNG00joY9NKJRy9RnQSFq0St6kq9cZnCs/getUpdates "HTTP/1.1 200 OK"
2026-05-12 08:39:34 | INFO     | HTTP Request: POST https://api.telegram.org/bot8223900828:AAGNG00joY9NKJRy9RnQSFq0St6kq9cZnCs/getUpdates "HTTP/1.1 200 OK"
2026-05-12 08:39:45 | INFO     | HTTP Request: POST https://api.telegram.org/bot8223900828:AAGNG00joY9NKJRy9RnQSFq0St6kq9cZnCs/getUpdates "HTTP/1.1 200 OK"
2026-05-12 08:39:55 | INFO     | HTTP Request: POST https://api.telegram.org/bot8223900828:AAGNG00joY9NKJRy9RnQSFq0St6kq9cZnCs/getUpdates "HTTP/1.1 200 OK"
2026-05-12 08:40:06 | INFO     | HTTP Request: POST https://api.telegram.org/bot8223900828:AAGNG00joY9NKJRy9RnQSFq0St6kq9cZnCs/getUpdates "HTTP/1.1 200 OK"
2026-05-12 08:40:17 | INFO     | HTTP Request: POST https://api.telegram.org/bot8223900828:AAGNG00joY9NKJRy9RnQSFq0St6kq9cZnCs/getUpdates "HTTP/1.1 200 OK"
2026-05-12 08:40:27 | INFO     | HTTP Request: POST https://api.telegram.org/bot8223900828:AAGNG00joY9NKJRy9RnQSFq0St6kq9cZnCs/getUpdates "HTTP/1.1 200 OK"
2026-05-12 08:40:29 | INFO     | DonishAI v7.0 started | model=qwen2.5:3b
2026-05-12 08:40:30 | INFO     | HTTP Request: POST https://api.telegram.org/bot8223900828:AAGNG00joY9NKJRy9RnQSFq0St6kq9cZnCs/getMe "HTTP/1.1 200 OK"
2026-05-12 08:40:30 | INFO     | HTTP Request: POST https://api.telegram.org/bot8223900828:AAGNG00joY9NKJRy9RnQSFq0St6kq9cZnCs/deleteWebhook "HTTP/1.1 200 OK"
2026-05-12 08:40:30 | INFO     | Application started
2026-05-12 08:40:31 | INFO     | HTTP Request: POST https://api.telegram.org/bot8223900828:AAGNG00joY9NKJRy9RnQSFq0St6kq9cZnCs/getUpdates "HTTP/1.1 409 Conflict"
2026-05-12 08:40:31 | ERROR    | No error handlers are registered, logging exception.
Traceback (most recent call last):
  File "C:\Users\Suhrob\ollama_chat\.venv\Lib\site-packages\telegram\ext\_utils\networkloop.py", line 161, in network_retry_loop
    await do_action()
  File "C:\Users\Suhrob\ollama_chat\.venv\Lib\site-packages\telegram\ext\_utils\networkloop.py", line 154, in do_action
    action_cb_task.result()
    ~~~~~~~~~~~~~~~~~~~~~^^
  File "C:\Users\Suhrob\ollama_chat\.venv\Lib\site-packages\telegram\ext\_updater.py", line 340, in polling_action_cb
    updates = await self.bot.get_updates(
              ^^^^^^^^^^^^^^^^^^^^^^^^^^^
    ...<3 lines>...
    )
    ^
  File "C:\Users\Suhrob\ollama_chat\.venv\Lib\site-packages\telegram\ext\_extbot.py", line 672, in get_updates
    updates = await super().get_updates(
              ^^^^^^^^^^^^^^^^^^^^^^^^^^
    ...<9 lines>...
    )
    ^
  File "C:\Users\Suhrob\ollama_chat\.venv\Lib\site-packages\telegram\_bot.py", line 4865, in get_updates
    await self._post(
    ^^^^^^^^^^^^^^^^^
    ...<7 lines>...
    ),
    ^
  File "C:\Users\Suhrob\ollama_chat\.venv\Lib\site-packages\telegram\_bot.py", line 704, in _post
    return await self._do_post(
           ^^^^^^^^^^^^^^^^^^^^
    ...<6 lines>...
    )
    ^
  File "C:\Users\Suhrob\ollama_chat\.venv\Lib\site-packages\telegram\ext\_extbot.py", line 370, in _do_post
    return await super()._do_post(
           ^^^^^^^^^^^^^^^^^^^^^^^
    ...<6 lines>...
    )
    ^
  File "C:\Users\Suhrob\ollama_chat\.venv\Lib\site-packages\telegram\_bot.py", line 733, in _do_post
    result = await request.post(
             ^^^^^^^^^^^^^^^^^^^
    ...<6 lines>...
    )
    ^
  File "C:\Users\Suhrob\ollama_chat\.venv\Lib\site-packages\telegram\request\_baserequest.py", line 198, in post
    result = await self._request_wrapper(
             ^^^^^^^^^^^^^^^^^^^^^^^^^^^^
    ...<7 lines>...
    )
    ^
  File "C:\Users\Suhrob\ollama_chat\.venv\Lib\site-packages\telegram\request\_baserequest.py", line 375, in _request_wrapper
    raise exception
telegram.error.Conflict: Conflict: terminated by other getUpdates request; make sure that only one bot instance is running
2026-05-12 08:40:35 | INFO     | HTTP Request: POST https://api.telegram.org/bot8223900828:AAGNG00joY9NKJRy9RnQSFq0St6kq9cZnCs/getUpdates "HTTP/1.1 409 Conflict"
2026-05-12 08:40:35 | ERROR    | No error handlers are registered, logging exception.
Traceback (most recent call last):
  File "C:\Users\Suhrob\ollama_chat\.venv\Lib\site-packages\telegram\ext\_utils\networkloop.py", line 161, in network_retry_loop
    await do_action()
  File "C:\Users\Suhrob\ollama_chat\.venv\Lib\site-packages\telegram\ext\_utils\networkloop.py", line 154, in do_action
    action_cb_task.result()
    ~~~~~~~~~~~~~~~~~~~~~^^
  File "C:\Users\Suhrob\ollama_chat\.venv\Lib\site-packages\telegram\ext\_updater.py", line 340, in polling_action_cb
    updates = await self.bot.get_updates(
              ^^^^^^^^^^^^^^^^^^^^^^^^^^^
    ...<3 lines>...
    )
    ^
  File "C:\Users\Suhrob\ollama_chat\.venv\Lib\site-packages\telegram\ext\_extbot.py", line 672, in get_updates
    updates = await super().get_updates(
              ^^^^^^^^^^^^^^^^^^^^^^^^^^
    ...<9 lines>...
    )
    ^
  File "C:\Users\Suhrob\ollama_chat\.venv\Lib\site-packages\telegram\_bot.py", line 4865, in get_updates
    await self._post(
    ^^^^^^^^^^^^^^^^^
    ...<7 lines>...
    ),
    ^
  File "C:\Users\Suhrob\ollama_chat\.venv\Lib\site-packages\telegram\_bot.py", line 704, in _post
    return await self._do_post(
           ^^^^^^^^^^^^^^^^^^^^
    ...<6 lines>...
    )
    ^
  File "C:\Users\Suhrob\ollama_chat\.venv\Lib\site-packages\telegram\ext\_extbot.py", line 370, in _do_post
    return await super()._do_post(
           ^^^^^^^^^^^^^^^^^^^^^^^
    ...<6 lines>...
    )
    ^
  File "C:\Users\Suhrob\ollama_chat\.venv\Lib\site-packages\telegram\_bot.py", line 733, in _do_post
    result = await request.post(
             ^^^^^^^^^^^^^^^^^^^
    ...<6 lines>...
    )
    ^
  File "C:\Users\Suhrob\ollama_chat\.venv\Lib\site-packages\telegram\request\_baserequest.py", line 198, in post
    result = await self._request_wrapper(
             ^^^^^^^^^^^^^^^^^^^^^^^^^^^^
    ...<7 lines>...
    )
    ^
  File "C:\Users\Suhrob\ollama_chat\.venv\Lib\site-packages\telegram\request\_baserequest.py", line 375, in _request_wrapper
    raise exception
telegram.error.Conflict: Conflict: terminated by other getUpdates request; make sure that only one bot instance is running
2026-05-12 08:40:37 | INFO     | HTTP Request: POST https://api.telegram.org/bot8223900828:AAGNG00joY9NKJRy9RnQSFq0St6kq9cZnCs/getUpdates "HTTP/1.1 409 Conflict"
2026-05-12 08:40:37 | ERROR    | No error handlers are registered, logging exception.
Traceback (most recent call last):
  File "C:\Users\Suhrob\ollama_chat\.venv\Lib\site-packages\telegram\ext\_utils\networkloop.py", line 161, in network_retry_loop
    await do_action()
  File "C:\Users\Suhrob\ollama_chat\.venv\Lib\site-packages\telegram\ext\_utils\networkloop.py", line 154, in do_action
    action_cb_task.result()
    ~~~~~~~~~~~~~~~~~~~~~^^
  File "C:\Users\Suhrob\ollama_chat\.venv\Lib\site-packages\telegram\ext\_updater.py", line 340, in polling_action_cb
    updates = await self.bot.get_updates(
              ^^^^^^^^^^^^^^^^^^^^^^^^^^^
    ...<3 lines>...
    )
    ^
  File "C:\Users\Suhrob\ollama_chat\.venv\Lib\site-packages\telegram\ext\_extbot.py", line 672, in get_updates
    updates = await super().get_updates(
              ^^^^^^^^^^^^^^^^^^^^^^^^^^
    ...<9 lines>...
    )
    ^
  File "C:\Users\Suhrob\ollama_chat\.venv\Lib\site-packages\telegram\_bot.py", line 4865, in get_updates
    await self._post(
    ^^^^^^^^^^^^^^^^^
    ...<7 lines>...
    ),
    ^
  File "C:\Users\Suhrob\ollama_chat\.venv\Lib\site-packages\telegram\_bot.py", line 704, in _post
    return await self._do_post(
           ^^^^^^^^^^^^^^^^^^^^
    ...<6 lines>...
    )
    ^
  File "C:\Users\Suhrob\ollama_chat\.venv\Lib\site-packages\telegram\ext\_extbot.py", line 370, in _do_post
    return await super()._do_post(
           ^^^^^^^^^^^^^^^^^^^^^^^
    ...<6 lines>...
    )
    ^
  File "C:\Users\Suhrob\ollama_chat\.venv\Lib\site-packages\telegram\_bot.py", line 733, in _do_post
    result = await request.post(
             ^^^^^^^^^^^^^^^^^^^
    ...<6 lines>...
    )
    ^
  File "C:\Users\Suhrob\ollama_chat\.venv\Lib\site-packages\telegram\request\_baserequest.py", line 198, in post
    result = await self._request_wrapper(
             ^^^^^^^^^^^^^^^^^^^^^^^^^^^^
    ...<7 lines>...
    )
    ^
  File "C:\Users\Suhrob\ollama_chat\.venv\Lib\site-packages\telegram\request\_baserequest.py", line 375, in _request_wrapper
    raise exception
telegram.error.Conflict: Conflict: terminated by other getUpdates request; make sure that only one bot instance is running
2026-05-12 08:40:41 | INFO     | HTTP Request: POST https://api.telegram.org/bot8223900828:AAGNG00joY9NKJRy9RnQSFq0St6kq9cZnCs/getUpdates "HTTP/1.1 409 Conflict"
2026-05-12 08:40:41 | ERROR    | No error handlers are registered, logging exception.
Traceback (most recent call last):
  File "C:\Users\Suhrob\ollama_chat\.venv\Lib\site-packages\telegram\ext\_utils\networkloop.py", line 161, in network_retry_loop
    await do_action()
  File "C:\Users\Suhrob\ollama_chat\.venv\Lib\site-packages\telegram\ext\_utils\networkloop.py", line 154, in do_action
    action_cb_task.result()
    ~~~~~~~~~~~~~~~~~~~~~^^
  File "C:\Users\Suhrob\ollama_chat\.venv\Lib\site-packages\telegram\ext\_updater.py", line 340, in polling_action_cb
    updates = await self.bot.get_updates(
              ^^^^^^^^^^^^^^^^^^^^^^^^^^^
    ...<3 lines>...
    )
    ^
  File "C:\Users\Suhrob\ollama_chat\.venv\Lib\site-packages\telegram\ext\_extbot.py", line 672, in get_updates
    updates = await super().get_updates(
              ^^^^^^^^^^^^^^^^^^^^^^^^^^
    ...<9 lines>...
    )
    ^
  File "C:\Users\Suhrob\ollama_chat\.venv\Lib\site-packages\telegram\_bot.py", line 4865, in get_updates
    await self._post(
    ^^^^^^^^^^^^^^^^^
    ...<7 lines>...
    ),
    ^
  File "C:\Users\Suhrob\ollama_chat\.venv\Lib\site-packages\telegram\_bot.py", line 704, in _post
    return await self._do_post(
           ^^^^^^^^^^^^^^^^^^^^
    ...<6 lines>...
    )
    ^
  File "C:\Users\Suhrob\ollama_chat\.venv\Lib\site-packages\telegram\ext\_extbot.py", line 370, in _do_post
    return await super()._do_post(
           ^^^^^^^^^^^^^^^^^^^^^^^
    ...<6 lines>...
    )
    ^
  File "C:\Users\Suhrob\ollama_chat\.venv\Lib\site-packages\telegram\_bot.py", line 733, in _do_post
    result = await request.post(
             ^^^^^^^^^^^^^^^^^^^
    ...<6 lines>...
    )
    ^
  File "C:\Users\Suhrob\ollama_chat\.venv\Lib\site-packages\telegram\request\_baserequest.py", line 198, in post
    result = await self._request_wrapper(
             ^^^^^^^^^^^^^^^^^^^^^^^^^^^^
    ...<7 lines>...
    )
    ^
  File "C:\Users\Suhrob\ollama_chat\.venv\Lib\site-packages\telegram\request\_baserequest.py", line 375, in _request_wrapper
    raise exception
telegram.error.Conflict: Conflict: terminated by other getUpdates request; make sure that only one bot instance is running
2026-05-12 08:40:43 | INFO     | HTTP Request: POST https://api.telegram.org/bot8223900828:AAGNG00joY9NKJRy9RnQSFq0St6kq9cZnCs/getUpdates "HTTP/1.1 409 Conflict"
2026-05-12 08:40:43 | ERROR    | No error handlers are registered, logging exception.
Traceback (most recent call last):
  File "C:\Users\Suhrob\ollama_chat\.venv\Lib\site-packages\telegram\ext\_utils\networkloop.py", line 161, in network_retry_loop
    await do_action()
  File "C:\Users\Suhrob\ollama_chat\.venv\Lib\site-packages\telegram\ext\_utils\networkloop.py", line 154, in do_action
    action_cb_task.result()
    ~~~~~~~~~~~~~~~~~~~~~^^
  File "C:\Users\Suhrob\ollama_chat\.venv\Lib\site-packages\telegram\ext\_updater.py", line 340, in polling_action_cb
    updates = await self.bot.get_updates(
              ^^^^^^^^^^^^^^^^^^^^^^^^^^^
    ...<3 lines>...
    )
    ^
  File "C:\Users\Suhrob\ollama_chat\.venv\Lib\site-packages\telegram\ext\_extbot.py", line 672, in get_updates
    updates = await super().get_updates(
              ^^^^^^^^^^^^^^^^^^^^^^^^^^
    ...<9 lines>...
    )
    ^
  File "C:\Users\Suhrob\ollama_chat\.venv\Lib\site-packages\telegram\_bot.py", line 4865, in get_updates
    await self._post(
    ^^^^^^^^^^^^^^^^^
    ...<7 lines>...
    ),
    ^
  File "C:\Users\Suhrob\ollama_chat\.venv\Lib\site-packages\telegram\_bot.py", line 704, in _post
    return await self._do_post(
           ^^^^^^^^^^^^^^^^^^^^
    ...<6 lines>...
    )
    ^
  File "C:\Users\Suhrob\ollama_chat\.venv\Lib\site-packages\telegram\ext\_extbot.py", line 370, in _do_post
    return await super()._do_post(
           ^^^^^^^^^^^^^^^^^^^^^^^
    ...<6 lines>...
    )
    ^
  File "C:\Users\Suhrob\ollama_chat\.venv\Lib\site-packages\telegram\_bot.py", line 733, in _do_post
    result = await request.post(
             ^^^^^^^^^^^^^^^^^^^
    ...<6 lines>...
    )
    ^
  File "C:\Users\Suhrob\ollama_chat\.venv\Lib\site-packages\telegram\request\_baserequest.py", line 198, in post
    result = await self._request_wrapper(
             ^^^^^^^^^^^^^^^^^^^^^^^^^^^^
    ...<7 lines>...
    )
    ^
  File "C:\Users\Suhrob\ollama_chat\.venv\Lib\site-packages\telegram\request\_baserequest.py", line 375, in _request_wrapper
    raise exception
telegram.error.Conflict: Conflict: terminated by other getUpdates request; make sure that only one bot instance is running
2026-05-12 08:40:49 | INFO     | HTTP Request: POST https://api.telegram.org/bot8223900828:AAGNG00joY9NKJRy9RnQSFq0St6kq9cZnCs/getUpdates "HTTP/1.1 409 Conflict"
2026-05-12 08:40:49 | ERROR    | No error handlers are registered, logging exception.
Traceback (most recent call last):
  File "C:\Users\Suhrob\ollama_chat\.venv\Lib\site-packages\telegram\ext\_utils\networkloop.py", line 161, in network_retry_loop
    await do_action()
  File "C:\Users\Suhrob\ollama_chat\.venv\Lib\site-packages\telegram\ext\_utils\networkloop.py", line 154, in do_action
    action_cb_task.result()
    ~~~~~~~~~~~~~~~~~~~~~^^
  File "C:\Users\Suhrob\ollama_chat\.venv\Lib\site-packages\telegram\ext\_updater.py", line 340, in polling_action_cb
    updates = await self.bot.get_updates(
              ^^^^^^^^^^^^^^^^^^^^^^^^^^^
    ...<3 lines>...
    )
    ^
  File "C:\Users\Suhrob\ollama_chat\.venv\Lib\site-packages\telegram\ext\_extbot.py", line 672, in get_updates
    updates = await super().get_updates(
              ^^^^^^^^^^^^^^^^^^^^^^^^^^
    ...<9 lines>...
    )
    ^
  File "C:\Users\Suhrob\ollama_chat\.venv\Lib\site-packages\telegram\_bot.py", line 4865, in get_updates
    await self._post(
    ^^^^^^^^^^^^^^^^^
    ...<7 lines>...
    ),
    ^
  File "C:\Users\Suhrob\ollama_chat\.venv\Lib\site-packages\telegram\_bot.py", line 704, in _post
    return await self._do_post(
           ^^^^^^^^^^^^^^^^^^^^
    ...<6 lines>...
    )
    ^
  File "C:\Users\Suhrob\ollama_chat\.venv\Lib\site-packages\telegram\ext\_extbot.py", line 370, in _do_post
    return await super()._do_post(
           ^^^^^^^^^^^^^^^^^^^^^^^
    ...<6 lines>...
    )
    ^
  File "C:\Users\Suhrob\ollama_chat\.venv\Lib\site-packages\telegram\_bot.py", line 733, in _do_post
    result = await request.post(
             ^^^^^^^^^^^^^^^^^^^
    ...<6 lines>...
    )
    ^
  File "C:\Users\Suhrob\ollama_chat\.venv\Lib\site-packages\telegram\request\_baserequest.py", line 198, in post
    result = await self._request_wrapper(
             ^^^^^^^^^^^^^^^^^^^^^^^^^^^^
    ...<7 lines>...
    )
    ^
  File "C:\Users\Suhrob\ollama_chat\.venv\Lib\site-packages\telegram\request\_baserequest.py", line 375, in _request_wrapper
    raise exception
telegram.error.Conflict: Conflict: terminated by other getUpdates request; make sure that only one bot instance is running
2026-05-12 08:40:52 | INFO     | HTTP Request: POST https://api.telegram.org/bot8223900828:AAGNG00joY9NKJRy9RnQSFq0St6kq9cZnCs/getUpdates "HTTP/1.1 409 Conflict"
2026-05-12 08:40:52 | ERROR    | No error handlers are registered, logging exception.
Traceback (most recent call last):
  File "C:\Users\Suhrob\ollama_chat\.venv\Lib\site-packages\telegram\ext\_utils\networkloop.py", line 161, in network_retry_loop
    await do_action()
  File "C:\Users\Suhrob\ollama_chat\.venv\Lib\site-packages\telegram\ext\_utils\networkloop.py", line 154, in do_action
    action_cb_task.result()
    ~~~~~~~~~~~~~~~~~~~~~^^
  File "C:\Users\Suhrob\ollama_chat\.venv\Lib\site-packages\telegram\ext\_updater.py", line 340, in polling_action_cb
    updates = await self.bot.get_updates(
              ^^^^^^^^^^^^^^^^^^^^^^^^^^^
    ...<3 lines>...
    )
    ^
  File "C:\Users\Suhrob\ollama_chat\.venv\Lib\site-packages\telegram\ext\_extbot.py", line 672, in get_updates
    updates = await super().get_updates(
              ^^^^^^^^^^^^^^^^^^^^^^^^^^
    ...<9 lines>...
    )
    ^
  File "C:\Users\Suhrob\ollama_chat\.venv\Lib\site-packages\telegram\_bot.py", line 4865, in get_updates
    await self._post(
    ^^^^^^^^^^^^^^^^^
    ...<7 lines>...
    ),
    ^
  File "C:\Users\Suhrob\ollama_chat\.venv\Lib\site-packages\telegram\_bot.py", line 704, in _post
    return await self._do_post(
           ^^^^^^^^^^^^^^^^^^^^
    ...<6 lines>...
    )
    ^
  File "C:\Users\Suhrob\ollama_chat\.venv\Lib\site-packages\telegram\ext\_extbot.py", line 370, in _do_post
    return await super()._do_post(
           ^^^^^^^^^^^^^^^^^^^^^^^
    ...<6 lines>...
    )
    ^
  File "C:\Users\Suhrob\ollama_chat\.venv\Lib\site-packages\telegram\_bot.py", line 733, in _do_post
    result = await request.post(
             ^^^^^^^^^^^^^^^^^^^
    ...<6 lines>...
    )
    ^
  File "C:\Users\Suhrob\ollama_chat\.venv\Lib\site-packages\telegram\request\_baserequest.py", line 198, in post
    result = await self._request_wrapper(
             ^^^^^^^^^^^^^^^^^^^^^^^^^^^^
    ...<7 lines>...
    )
    ^
  File "C:\Users\Suhrob\ollama_chat\.venv\Lib\site-packages\telegram\request\_baserequest.py", line 375, in _request_wrapper
    raise exception
telegram.error.Conflict: Conflict: terminated by other getUpdates request; make sure that only one bot instance is running
2026-05-12 08:40:55 | INFO     | HTTP Request: POST https://api.telegram.org/bot8223900828:AAGNG00joY9NKJRy9RnQSFq0St6kq9cZnCs/getUpdates "HTTP/1.1 409 Conflict"
2026-05-12 08:40:55 | ERROR    | No error handlers are registered, logging exception.
Traceback (most recent call last):
  File "C:\Users\Suhrob\ollama_chat\.venv\Lib\site-packages\telegram\ext\_utils\networkloop.py", line 161, in network_retry_loop
    await do_action()
  File "C:\Users\Suhrob\ollama_chat\.venv\Lib\site-packages\telegram\ext\_utils\networkloop.py", line 154, in do_action
    action_cb_task.result()
    ~~~~~~~~~~~~~~~~~~~~~^^
  File "C:\Users\Suhrob\ollama_chat\.venv\Lib\site-packages\telegram\ext\_updater.py", line 340, in polling_action_cb
    updates = await self.bot.get_updates(
              ^^^^^^^^^^^^^^^^^^^^^^^^^^^
    ...<3 lines>...
    )
    ^
  File "C:\Users\Suhrob\ollama_chat\.venv\Lib\site-packages\telegram\ext\_extbot.py", line 672, in get_updates
    updates = await super().get_updates(
              ^^^^^^^^^^^^^^^^^^^^^^^^^^
    ...<9 lines>...
    )
    ^
  File "C:\Users\Suhrob\ollama_chat\.venv\Lib\site-packages\telegram\_bot.py", line 4865, in get_updates
    await self._post(
    ^^^^^^^^^^^^^^^^^
    ...<7 lines>...
    ),
    ^
  File "C:\Users\Suhrob\ollama_chat\.venv\Lib\site-packages\telegram\_bot.py", line 704, in _post
    return await self._do_post(
           ^^^^^^^^^^^^^^^^^^^^
    ...<6 lines>...
    )
    ^
  File "C:\Users\Suhrob\ollama_chat\.venv\Lib\site-packages\telegram\ext\_extbot.py", line 370, in _do_post
    return await super()._do_post(
           ^^^^^^^^^^^^^^^^^^^^^^^
    ...<6 lines>...
    )
    ^
  File "C:\Users\Suhrob\ollama_chat\.venv\Lib\site-packages\telegram\_bot.py", line 733, in _do_post
    result = await request.post(
             ^^^^^^^^^^^^^^^^^^^
    ...<6 lines>...
    )
    ^
  File "C:\Users\Suhrob\ollama_chat\.venv\Lib\site-packages\telegram\request\_baserequest.py", line 198, in post
    result = await self._request_wrapper(
             ^^^^^^^^^^^^^^^^^^^^^^^^^^^^
    ...<7 lines>...
    )
    ^
  File "C:\Users\Suhrob\ollama_chat\.venv\Lib\site-packages\telegram\request\_baserequest.py", line 375, in _request_wrapper
    raise exception
telegram.error.Conflict: Conflict: terminated by other getUpdates request; make sure that only one bot instance is running
2026-05-12 08:41:05 | INFO     | HTTP Request: POST https://api.telegram.org/bot8223900828:AAGNG00joY9NKJRy9RnQSFq0St6kq9cZnCs/getUpdates "HTTP/1.1 200 OK"
2026-05-12 08:41:15 | INFO     | HTTP Request: POST https://api.telegram.org/bot8223900828:AAGNG00joY9NKJRy9RnQSFq0St6kq9cZnCs/getUpdates "HTTP/1.1 200 OK"
2026-05-12 08:41:26 | INFO     | HTTP Request: POST https://api.telegram.org/bot8223900828:AAGNG00joY9NKJRy9RnQSFq0St6kq9cZnCs/getUpdates "HTTP/1.1 200 OK"
2026-05-12 08:41:36 | INFO     | HTTP Request: POST https://api.telegram.org/bot8223900828:AAGNG00joY9NKJRy9RnQSFq0St6kq9cZnCs/getUpdates "HTTP/1.1 200 OK"
2026-05-12 08:41:46 | INFO     | HTTP Request: POST https://api.telegram.org/bot8223900828:AAGNG00joY9NKJRy9RnQSFq0St6kq9cZnCs/getUpdates "HTTP/1.1 200 OK"
2026-05-12 08:41:56 | INFO     | HTTP Request: POST https://api.telegram.org/bot8223900828:AAGNG00joY9NKJRy9RnQSFq0St6kq9cZnCs/getUpdates "HTTP/1.1 200 OK"
2026-05-12 08:42:07 | INFO     | HTTP Request: POST https://api.telegram.org/bot8223900828:AAGNG00joY9NKJRy9RnQSFq0St6kq9cZnCs/getUpdates "HTTP/1.1 200 OK"
2026-05-12 08:42:14 | INFO     | HTTP Request: POST https://api.telegram.org/bot8223900828:AAGNG00joY9NKJRy9RnQSFq0St6kq9cZnCs/getUpdates "HTTP/1.1 200 OK"
2026-05-12 08:42:14 | INFO     | Application is stopping. This might take a moment.
2026-05-12 08:42:14 | INFO     | Application.stop() complete
2026-05-12 08:42:22 | INFO     | DonishAI v7.0 started | model=qwen2.5:3b
2026-05-12 08:42:23 | INFO     | HTTP Request: POST https://api.telegram.org/bot8223900828:AAGNG00joY9NKJRy9RnQSFq0St6kq9cZnCs/getMe "HTTP/1.1 200 OK"
2026-05-12 08:42:23 | INFO     | HTTP Request: POST https://api.telegram.org/bot8223900828:AAGNG00joY9NKJRy9RnQSFq0St6kq9cZnCs/deleteWebhook "HTTP/1.1 200 OK"
2026-05-12 08:42:23 | INFO     | Application started
2026-05-12 08:42:34 | INFO     | HTTP Request: POST https://api.telegram.org/bot8223900828:AAGNG00joY9NKJRy9RnQSFq0St6kq9cZnCs/getUpdates "HTTP/1.1 200 OK"
2026-05-12 08:42:44 | INFO     | HTTP Request: POST https://api.telegram.org/bot8223900828:AAGNG00joY9NKJRy9RnQSFq0St6kq9cZnCs/getUpdates "HTTP/1.1 200 OK"
2026-05-12 08:42:54 | INFO     | HTTP Request: POST https://api.telegram.org/bot8223900828:AAGNG00joY9NKJRy9RnQSFq0St6kq9cZnCs/getUpdates "HTTP/1.1 200 OK"
2026-05-12 08:43:05 | INFO     | HTTP Request: POST https://api.telegram.org/bot8223900828:AAGNG00joY9NKJRy9RnQSFq0St6kq9cZnCs/getUpdates "HTTP/1.1 200 OK"
2026-05-12 08:44:13 | INFO     | StudyBot v5.4 started | model=qwen2.5:1.5b | fallback=tinyllama
2026-05-12 08:44:14 | INFO     | HTTP Request: POST https://api.telegram.org/bot8257984718:AAGMaRpeBDzAYTp_sbQ2MifX8HJ0QNYq_bk/getMe "HTTP/1.1 200 OK"
2026-05-12 08:44:14 | INFO     | HTTP Request: POST https://api.telegram.org/bot8257984718:AAGMaRpeBDzAYTp_sbQ2MifX8HJ0QNYq_bk/deleteWebhook "HTTP/1.1 200 OK"
2026-05-12 08:44:14 | INFO     | Application started
2026-05-12 08:44:15 | INFO     | HTTP Request: POST https://api.telegram.org/bot8257984718:AAGMaRpeBDzAYTp_sbQ2MifX8HJ0QNYq_bk/getUpdates "HTTP/1.1 200 OK"
2026-05-12 08:44:15 | INFO     | START | user=2057476178
2026-05-12 08:44:15 | INFO     | HTTP Request: POST https://api.telegram.org/bot8257984718:AAGMaRpeBDzAYTp_sbQ2MifX8HJ0QNYq_bk/sendMessage "HTTP/1.1 200 OK"
2026-05-12 08:44:19 | INFO     | HTTP Request: POST https://api.telegram.org/bot8257984718:AAGMaRpeBDzAYTp_sbQ2MifX8HJ0QNYq_bk/getUpdates "HTTP/1.1 200 OK"
2026-05-12 08:44:19 | INFO     | HTTP Request: POST https://api.telegram.org/bot8257984718:AAGMaRpeBDzAYTp_sbQ2MifX8HJ0QNYq_bk/answerCallbackQuery "HTTP/1.1 200 OK"
2026-05-12 08:44:19 | INFO     | MODE | user=2057476178 | mode=chat
2026-05-12 08:44:19 | INFO     | HTTP Request: POST https://api.telegram.org/bot8257984718:AAGMaRpeBDzAYTp_sbQ2MifX8HJ0QNYq_bk/editMessageText "HTTP/1.1 200 OK"
2026-05-12 08:44:27 | INFO     | HTTP Request: POST https://api.telegram.org/bot8257984718:AAGMaRpeBDzAYTp_sbQ2MifX8HJ0QNYq_bk/getUpdates "HTTP/1.1 200 OK"
2026-05-12 08:44:28 | INFO     | HTTP Request: POST https://api.telegram.org/bot8257984718:AAGMaRpeBDzAYTp_sbQ2MifX8HJ0QNYq_bk/sendChatAction "HTTP/1.1 200 OK"
2026-05-12 08:44:38 | INFO     | HTTP Request: POST https://api.telegram.org/bot8257984718:AAGMaRpeBDzAYTp_sbQ2MifX8HJ0QNYq_bk/getUpdates "HTTP/1.1 200 OK"
2026-05-12 08:44:39 | INFO     | HTTP Request: POST http://localhost:11434/api/chat "HTTP/1.1 200 OK"
2026-05-12 08:44:39 | INFO     | OK | model=qwen2.5:1.5b | mode=chat | 10.8s | attempt=1
2026-05-12 08:44:39 | INFO     | MSG | user=2057476178 | mode=chat | model=qwen2.5:1.5b | len=14
2026-05-12 08:44:40 | INFO     | HTTP Request: POST https://api.telegram.org/bot8257984718:AAGMaRpeBDzAYTp_sbQ2MifX8HJ0QNYq_bk/sendMessage "HTTP/1.1 200 OK"
2026-05-12 08:44:48 | INFO     | HTTP Request: POST https://api.telegram.org/bot8257984718:AAGMaRpeBDzAYTp_sbQ2MifX8HJ0QNYq_bk/getUpdates "HTTP/1.1 200 OK"
2026-05-12 08:44:49 | INFO     | HTTP Request: POST https://api.telegram.org/bot8257984718:AAGMaRpeBDzAYTp_sbQ2MifX8HJ0QNYq_bk/getUpdates "HTTP/1.1 200 OK"
2026-05-12 08:44:50 | INFO     | HTTP Request: POST https://api.telegram.org/bot8257984718:AAGMaRpeBDzAYTp_sbQ2MifX8HJ0QNYq_bk/sendChatAction "HTTP/1.1 200 OK"
2026-05-12 08:44:54 | INFO     | HTTP Request: POST http://localhost:11434/api/chat "HTTP/1.1 200 OK"
2026-05-12 08:44:54 | INFO     | OK | model=qwen2.5:1.5b | mode=chat | 4.1s | attempt=1
2026-05-12 08:44:54 | INFO     | MSG | user=2057476178 | mode=chat | model=qwen2.5:1.5b | len=20
2026-05-12 08:44:54 | INFO     | HTTP Request: POST https://api.telegram.org/bot8257984718:AAGMaRpeBDzAYTp_sbQ2MifX8HJ0QNYq_bk/sendMessage "HTTP/1.1 200 OK"
2026-05-12 08:44:59 | INFO     | HTTP Request: POST https://api.telegram.org/bot8257984718:AAGMaRpeBDzAYTp_sbQ2MifX8HJ0QNYq_bk/getUpdates "HTTP/1.1 200 OK"
2026-05-12 08:45:09 | INFO     | HTTP Request: POST https://api.telegram.org/bot8257984718:AAGMaRpeBDzAYTp_sbQ2MifX8HJ0QNYq_bk/getUpdates "HTTP/1.1 200 OK"
2026-05-12 08:45:20 | INFO     | HTTP Request: POST https://api.telegram.org/bot8257984718:AAGMaRpeBDzAYTp_sbQ2MifX8HJ0QNYq_bk/getUpdates "HTTP/1.1 200 OK"
2026-05-12 08:45:30 | INFO     | HTTP Request: POST https://api.telegram.org/bot8257984718:AAGMaRpeBDzAYTp_sbQ2MifX8HJ0QNYq_bk/getUpdates "HTTP/1.1 200 OK"
2026-05-12 08:45:40 | INFO     | HTTP Request: POST https://api.telegram.org/bot8257984718:AAGMaRpeBDzAYTp_sbQ2MifX8HJ0QNYq_bk/getUpdates "HTTP/1.1 200 OK"
2026-05-12 08:45:51 | INFO     | HTTP Request: POST https://api.telegram.org/bot8257984718:AAGMaRpeBDzAYTp_sbQ2MifX8HJ0QNYq_bk/getUpdates "HTTP/1.1 200 OK"
2026-05-12 08:46:01 | INFO     | HTTP Request: POST https://api.telegram.org/bot8257984718:AAGMaRpeBDzAYTp_sbQ2MifX8HJ0QNYq_bk/getUpdates "HTTP/1.1 200 OK"
2026-05-12 08:46:11 | INFO     | HTTP Request: POST https://api.telegram.org/bot8257984718:AAGMaRpeBDzAYTp_sbQ2MifX8HJ0QNYq_bk/getUpdates "HTTP/1.1 200 OK"
2026-05-12 08:46:21 | INFO     | HTTP Request: POST https://api.telegram.org/bot8257984718:AAGMaRpeBDzAYTp_sbQ2MifX8HJ0QNYq_bk/getUpdates "HTTP/1.1 200 OK"
2026-05-12 08:46:32 | INFO     | HTTP Request: POST https://api.telegram.org/bot8257984718:AAGMaRpeBDzAYTp_sbQ2MifX8HJ0QNYq_bk/getUpdates "HTTP/1.1 200 OK"
2026-05-12 08:46:42 | INFO     | HTTP Request: POST https://api.telegram.org/bot8257984718:AAGMaRpeBDzAYTp_sbQ2MifX8HJ0QNYq_bk/getUpdates "HTTP/1.1 200 OK"
2026-05-12 08:46:52 | INFO     | HTTP Request: POST https://api.telegram.org/bot8257984718:AAGMaRpeBDzAYTp_sbQ2MifX8HJ0QNYq_bk/getUpdates "HTTP/1.1 200 OK"
2026-05-12 08:47:03 | INFO     | HTTP Request: POST https://api.telegram.org/bot8257984718:AAGMaRpeBDzAYTp_sbQ2MifX8HJ0QNYq_bk/getUpdates "HTTP/1.1 200 OK"
2026-05-12 08:47:13 | INFO     | HTTP Request: POST https://api.telegram.org/bot8257984718:AAGMaRpeBDzAYTp_sbQ2MifX8HJ0QNYq_bk/getUpdates "HTTP/1.1 200 OK"
2026-05-12 08:47:23 | INFO     | HTTP Request: POST https://api.telegram.org/bot8257984718:AAGMaRpeBDzAYTp_sbQ2MifX8HJ0QNYq_bk/getUpdates "HTTP/1.1 200 OK"
2026-05-12 08:47:33 | INFO     | HTTP Request: POST https://api.telegram.org/bot8257984718:AAGMaRpeBDzAYTp_sbQ2MifX8HJ0QNYq_bk/getUpdates "HTTP/1.1 200 OK"
2026-05-12 08:47:44 | INFO     | HTTP Request: POST https://api.telegram.org/bot8257984718:AAGMaRpeBDzAYTp_sbQ2MifX8HJ0QNYq_bk/getUpdates "HTTP/1.1 200 OK"
2026-05-12 08:47:45 | INFO     | HTTP Request: POST https://api.telegram.org/bot8257984718:AAGMaRpeBDzAYTp_sbQ2MifX8HJ0QNYq_bk/getUpdates "HTTP/1.1 200 OK"
2026-05-12 08:47:46 | INFO     | HTTP Request: POST https://api.telegram.org/bot8257984718:AAGMaRpeBDzAYTp_sbQ2MifX8HJ0QNYq_bk/sendChatAction "HTTP/1.1 200 OK"
2026-05-12 08:47:52 | INFO     | HTTP Request: POST http://localhost:11434/api/chat "HTTP/1.1 200 OK"
2026-05-12 08:47:52 | INFO     | OK | model=qwen2.5:1.5b | mode=chat | 5.7s | attempt=1
2026-05-12 08:47:52 | INFO     | MSG | user=2057476178 | mode=chat | model=qwen2.5:1.5b | len=17
2026-05-12 08:47:53 | INFO     | HTTP Request: POST https://api.telegram.org/bot8257984718:AAGMaRpeBDzAYTp_sbQ2MifX8HJ0QNYq_bk/sendMessage "HTTP/1.1 200 OK"
2026-05-12 08:47:55 | INFO     | HTTP Request: POST https://api.telegram.org/bot8257984718:AAGMaRpeBDzAYTp_sbQ2MifX8HJ0QNYq_bk/getUpdates "HTTP/1.1 200 OK"
2026-05-12 08:48:06 | INFO     | HTTP Request: POST https://api.telegram.org/bot8257984718:AAGMaRpeBDzAYTp_sbQ2MifX8HJ0QNYq_bk/getUpdates "HTTP/1.1 200 OK"
2026-05-12 08:48:16 | INFO     | HTTP Request: POST https://api.telegram.org/bot8257984718:AAGMaRpeBDzAYTp_sbQ2MifX8HJ0QNYq_bk/getUpdates "HTTP/1.1 200 OK"
2026-05-12 08:48:26 | INFO     | HTTP Request: POST https://api.telegram.org/bot8257984718:AAGMaRpeBDzAYTp_sbQ2MifX8HJ0QNYq_bk/getUpdates "HTTP/1.1 200 OK"
2026-05-12 08:48:37 | INFO     | HTTP Request: POST https://api.telegram.org/bot8257984718:AAGMaRpeBDzAYTp_sbQ2MifX8HJ0QNYq_bk/getUpdates "HTTP/1.1 200 OK"
2026-05-12 08:48:47 | INFO     | HTTP Request: POST https://api.telegram.org/bot8257984718:AAGMaRpeBDzAYTp_sbQ2MifX8HJ0QNYq_bk/getUpdates "HTTP/1.1 200 OK"
2026-05-12 08:48:55 | INFO     | HTTP Request: POST https://api.telegram.org/bot8257984718:AAGMaRpeBDzAYTp_sbQ2MifX8HJ0QNYq_bk/getUpdates "HTTP/1.1 200 OK"
2026-05-12 08:48:56 | INFO     | HTTP Request: POST https://api.telegram.org/bot8257984718:AAGMaRpeBDzAYTp_sbQ2MifX8HJ0QNYq_bk/sendChatAction "HTTP/1.1 200 OK"
2026-05-12 08:49:03 | INFO     | HTTP Request: POST http://localhost:11434/api/chat "HTTP/1.1 200 OK"
2026-05-12 08:49:03 | INFO     | OK | model=qwen2.5:1.5b | mode=chat | 7.1s | attempt=1
2026-05-12 08:49:03 | INFO     | MSG | user=2057476178 | mode=chat | model=qwen2.5:1.5b | len=322
2026-05-12 08:49:04 | INFO     | HTTP Request: POST https://api.telegram.org/bot8257984718:AAGMaRpeBDzAYTp_sbQ2MifX8HJ0QNYq_bk/sendMessage "HTTP/1.1 200 OK"
2026-05-12 08:49:05 | INFO     | HTTP Request: POST https://api.telegram.org/bot8257984718:AAGMaRpeBDzAYTp_sbQ2MifX8HJ0QNYq_bk/getUpdates "HTTP/1.1 200 OK"
2026-05-12 08:49:15 | INFO     | HTTP Request: POST https://api.telegram.org/bot8257984718:AAGMaRpeBDzAYTp_sbQ2MifX8HJ0QNYq_bk/getUpdates "HTTP/1.1 200 OK"
2026-05-12 08:49:21 | INFO     | HTTP Request: POST https://api.telegram.org/bot8257984718:AAGMaRpeBDzAYTp_sbQ2MifX8HJ0QNYq_bk/getUpdates "HTTP/1.1 200 OK"
2026-05-12 08:49:22 | INFO     | HTTP Request: POST https://api.telegram.org/bot8257984718:AAGMaRpeBDzAYTp_sbQ2MifX8HJ0QNYq_bk/sendMessage "HTTP/1.1 200 OK"
2026-05-12 08:49:24 | INFO     | HTTP Request: POST https://api.telegram.org/bot8257984718:AAGMaRpeBDzAYTp_sbQ2MifX8HJ0QNYq_bk/getUpdates "HTTP/1.1 200 OK"
2026-05-12 08:49:25 | INFO     | HTTP Request: POST https://api.telegram.org/bot8257984718:AAGMaRpeBDzAYTp_sbQ2MifX8HJ0QNYq_bk/answerCallbackQuery "HTTP/1.1 200 OK"
2026-05-12 08:49:25 | INFO     | MODE | user=2057476178 | mode=explain
2026-05-12 08:49:25 | INFO     | HTTP Request: POST https://api.telegram.org/bot8257984718:AAGMaRpeBDzAYTp_sbQ2MifX8HJ0QNYq_bk/editMessageText "HTTP/1.1 200 OK"
2026-05-12 08:49:29 | INFO     | HTTP Request: POST https://api.telegram.org/bot8257984718:AAGMaRpeBDzAYTp_sbQ2MifX8HJ0QNYq_bk/getUpdates "HTTP/1.1 200 OK"
2026-05-12 08:49:29 | INFO     | HTTP Request: POST https://api.telegram.org/bot8257984718:AAGMaRpeBDzAYTp_sbQ2MifX8HJ0QNYq_bk/sendChatAction "HTTP/1.1 200 OK"
2026-05-12 08:49:37 | INFO     | HTTP Request: POST http://localhost:11434/api/chat "HTTP/1.1 200 OK"
2026-05-12 08:49:37 | INFO     | OK | model=qwen2.5:1.5b | mode=explain | 7.4s | attempt=1
2026-05-12 08:49:37 | INFO     | MSG | user=2057476178 | mode=explain | model=qwen2.5:1.5b | len=145
2026-05-12 08:49:38 | INFO     | HTTP Request: POST https://api.telegram.org/bot8257984718:AAGMaRpeBDzAYTp_sbQ2MifX8HJ0QNYq_bk/sendMessage "HTTP/1.1 200 OK"
2026-05-12 08:49:39 | INFO     | HTTP Request: POST https://api.telegram.org/bot8257984718:AAGMaRpeBDzAYTp_sbQ2MifX8HJ0QNYq_bk/getUpdates "HTTP/1.1 200 OK"
2026-05-12 08:49:47 | INFO     | HTTP Request: POST https://api.telegram.org/bot8257984718:AAGMaRpeBDzAYTp_sbQ2MifX8HJ0QNYq_bk/getUpdates "HTTP/1.1 200 OK"
2026-05-12 08:49:48 | INFO     | HTTP Request: POST https://api.telegram.org/bot8257984718:AAGMaRpeBDzAYTp_sbQ2MifX8HJ0QNYq_bk/sendChatAction "HTTP/1.1 200 OK"
2026-05-12 08:49:55 | INFO     | HTTP Request: POST http://localhost:11434/api/chat "HTTP/1.1 200 OK"
2026-05-12 08:49:55 | INFO     | OK | model=qwen2.5:1.5b | mode=explain | 6.8s | attempt=1
2026-05-12 08:49:55 | INFO     | MSG | user=2057476178 | mode=explain | model=qwen2.5:1.5b | len=72
2026-05-12 08:49:56 | INFO     | HTTP Request: POST https://api.telegram.org/bot8257984718:AAGMaRpeBDzAYTp_sbQ2MifX8HJ0QNYq_bk/sendMessage "HTTP/1.1 200 OK"
2026-05-12 08:49:57 | INFO     | HTTP Request: POST https://api.telegram.org/bot8257984718:AAGMaRpeBDzAYTp_sbQ2MifX8HJ0QNYq_bk/getUpdates "HTTP/1.1 200 OK"
2026-05-12 08:50:08 | INFO     | HTTP Request: POST https://api.telegram.org/bot8257984718:AAGMaRpeBDzAYTp_sbQ2MifX8HJ0QNYq_bk/getUpdates "HTTP/1.1 200 OK"
2026-05-12 08:50:18 | INFO     | HTTP Request: POST https://api.telegram.org/bot8257984718:AAGMaRpeBDzAYTp_sbQ2MifX8HJ0QNYq_bk/getUpdates "HTTP/1.1 200 OK"
2026-05-12 08:50:28 | INFO     | HTTP Request: POST https://api.telegram.org/bot8257984718:AAGMaRpeBDzAYTp_sbQ2MifX8HJ0QNYq_bk/getUpdates "HTTP/1.1 200 OK"
2026-05-12 08:50:33 | INFO     | HTTP Request: POST https://api.telegram.org/bot8257984718:AAGMaRpeBDzAYTp_sbQ2MifX8HJ0QNYq_bk/getUpdates "HTTP/1.1 200 OK"
2026-05-12 08:50:35 | INFO     | HTTP Request: POST https://api.telegram.org/bot8257984718:AAGMaRpeBDzAYTp_sbQ2MifX8HJ0QNYq_bk/sendChatAction "HTTP/1.1 200 OK"
2026-05-12 08:50:42 | INFO     | HTTP Request: POST http://localhost:11434/api/chat "HTTP/1.1 200 OK"
2026-05-12 08:50:42 | INFO     | OK | model=qwen2.5:1.5b | mode=explain | 7.6s | attempt=1
2026-05-12 08:50:42 | INFO     | MSG | user=2057476178 | mode=explain | model=qwen2.5:1.5b | len=71
2026-05-12 08:50:44 | INFO     | HTTP Request: POST https://api.telegram.org/bot8257984718:AAGMaRpeBDzAYTp_sbQ2MifX8HJ0QNYq_bk/getUpdates "HTTP/1.1 200 OK"
2026-05-12 08:50:44 | INFO     | HTTP Request: POST https://api.telegram.org/bot8257984718:AAGMaRpeBDzAYTp_sbQ2MifX8HJ0QNYq_bk/sendMessage "HTTP/1.1 200 OK"
2026-05-12 08:50:54 | INFO     | HTTP Request: POST https://api.telegram.org/bot8257984718:AAGMaRpeBDzAYTp_sbQ2MifX8HJ0QNYq_bk/getUpdates "HTTP/1.1 200 OK"
2026-05-12 08:51:04 | INFO     | HTTP Request: POST https://api.telegram.org/bot8257984718:AAGMaRpeBDzAYTp_sbQ2MifX8HJ0QNYq_bk/getUpdates "HTTP/1.1 200 OK"
2026-05-12 08:51:06 | INFO     | HTTP Request: POST https://api.telegram.org/bot8257984718:AAGMaRpeBDzAYTp_sbQ2MifX8HJ0QNYq_bk/getUpdates "HTTP/1.1 200 OK"
2026-05-12 08:51:08 | INFO     | HTTP Request: POST https://api.telegram.org/bot8257984718:AAGMaRpeBDzAYTp_sbQ2MifX8HJ0QNYq_bk/sendChatAction "HTTP/1.1 200 OK"
2026-05-12 08:51:14 | INFO     | HTTP Request: POST http://localhost:11434/api/chat "HTTP/1.1 200 OK"
2026-05-12 08:51:14 | INFO     | OK | model=qwen2.5:1.5b | mode=explain | 6.0s | attempt=1
2026-05-12 08:51:14 | INFO     | MSG | user=2057476178 | mode=explain | model=qwen2.5:1.5b | len=14
2026-05-12 08:51:15 | INFO     | HTTP Request: POST https://api.telegram.org/bot8257984718:AAGMaRpeBDzAYTp_sbQ2MifX8HJ0QNYq_bk/sendMessage "HTTP/1.1 200 OK"
2026-05-12 08:51:16 | INFO     | HTTP Request: POST https://api.telegram.org/bot8257984718:AAGMaRpeBDzAYTp_sbQ2MifX8HJ0QNYq_bk/getUpdates "HTTP/1.1 200 OK"
2026-05-12 08:51:28 | INFO     | HTTP Request: POST https://api.telegram.org/bot8257984718:AAGMaRpeBDzAYTp_sbQ2MifX8HJ0QNYq_bk/getUpdates "HTTP/1.1 200 OK"
2026-05-12 08:51:36 | INFO     | HTTP Request: POST https://api.telegram.org/bot8257984718:AAGMaRpeBDzAYTp_sbQ2MifX8HJ0QNYq_bk/getUpdates "HTTP/1.1 200 OK"
2026-05-12 08:51:41 | INFO     | HTTP Request: POST https://api.telegram.org/bot8257984718:AAGMaRpeBDzAYTp_sbQ2MifX8HJ0QNYq_bk/sendChatAction "HTTP/1.1 200 OK"
2026-05-12 08:51:47 | INFO     | HTTP Request: POST https://api.telegram.org/bot8257984718:AAGMaRpeBDzAYTp_sbQ2MifX8HJ0QNYq_bk/getUpdates "HTTP/1.1 200 OK"
2026-05-12 08:51:47 | INFO     | HTTP Request: POST http://localhost:11434/api/chat "HTTP/1.1 200 OK"
2026-05-12 08:51:47 | INFO     | OK | model=qwen2.5:1.5b | mode=explain | 5.6s | attempt=1
2026-05-12 08:51:47 | INFO     | MSG | user=2057476178 | mode=explain | model=qwen2.5:1.5b | len=16
2026-05-12 08:51:49 | INFO     | HTTP Request: POST https://api.telegram.org/bot8257984718:AAGMaRpeBDzAYTp_sbQ2MifX8HJ0QNYq_bk/sendMessage "HTTP/1.1 200 OK"
2026-05-12 08:51:58 | INFO     | HTTP Request: POST https://api.telegram.org/bot8257984718:AAGMaRpeBDzAYTp_sbQ2MifX8HJ0QNYq_bk/getUpdates "HTTP/1.1 200 OK"
2026-05-12 08:52:08 | INFO     | HTTP Request: POST https://api.telegram.org/bot8257984718:AAGMaRpeBDzAYTp_sbQ2MifX8HJ0QNYq_bk/getUpdates "HTTP/1.1 200 OK"
2026-05-12 08:52:18 | INFO     | HTTP Request: POST https://api.telegram.org/bot8257984718:AAGMaRpeBDzAYTp_sbQ2MifX8HJ0QNYq_bk/getUpdates "HTTP/1.1 200 OK"
2026-05-12 08:52:29 | INFO     | HTTP Request: POST https://api.telegram.org/bot8257984718:AAGMaRpeBDzAYTp_sbQ2MifX8HJ0QNYq_bk/getUpdates "HTTP/1.1 200 OK"
2026-05-12 08:52:40 | INFO     | HTTP Request: POST https://api.telegram.org/bot8257984718:AAGMaRpeBDzAYTp_sbQ2MifX8HJ0QNYq_bk/getUpdates "HTTP/1.1 200 OK"
2026-05-12 08:52:50 | INFO     | HTTP Request: POST https://api.telegram.org/bot8257984718:AAGMaRpeBDzAYTp_sbQ2MifX8HJ0QNYq_bk/getUpdates "HTTP/1.1 200 OK"
2026-05-12 08:53:00 | INFO     | HTTP Request: POST https://api.telegram.org/bot8257984718:AAGMaRpeBDzAYTp_sbQ2MifX8HJ0QNYq_bk/getUpdates "HTTP/1.1 200 OK"
2026-05-12 08:53:11 | INFO     | HTTP Request: POST https://api.telegram.org/bot8257984718:AAGMaRpeBDzAYTp_sbQ2MifX8HJ0QNYq_bk/getUpdates "HTTP/1.1 200 OK"
2026-05-12 08:53:21 | INFO     | HTTP Request: POST https://api.telegram.org/bot8257984718:AAGMaRpeBDzAYTp_sbQ2MifX8HJ0QNYq_bk/getUpdates "HTTP/1.1 200 OK"
2026-05-12 08:53:32 | INFO     | HTTP Request: POST https://api.telegram.org/bot8257984718:AAGMaRpeBDzAYTp_sbQ2MifX8HJ0QNYq_bk/getUpdates "HTTP/1.1 200 OK"
2026-05-12 08:53:42 | INFO     | HTTP Request: POST https://api.telegram.org/bot8257984718:AAGMaRpeBDzAYTp_sbQ2MifX8HJ0QNYq_bk/getUpdates "HTTP/1.1 200 OK"
2026-05-12 08:53:52 | INFO     | HTTP Request: POST https://api.telegram.org/bot8257984718:AAGMaRpeBDzAYTp_sbQ2MifX8HJ0QNYq_bk/getUpdates "HTTP/1.1 200 OK"
2026-05-12 08:54:03 | INFO     | HTTP Request: POST https://api.telegram.org/bot8257984718:AAGMaRpeBDzAYTp_sbQ2MifX8HJ0QNYq_bk/getUpdates "HTTP/1.1 200 OK"
2026-05-12 08:54:14 | INFO     | HTTP Request: POST https://api.telegram.org/bot8257984718:AAGMaRpeBDzAYTp_sbQ2MifX8HJ0QNYq_bk/getUpdates "HTTP/1.1 200 OK"
2026-05-12 08:54:25 | INFO     | HTTP Request: POST https://api.telegram.org/bot8257984718:AAGMaRpeBDzAYTp_sbQ2MifX8HJ0QNYq_bk/getUpdates "HTTP/1.1 200 OK"
2026-05-12 08:54:39 | INFO     | HTTP Request: POST https://api.telegram.org/bot8257984718:AAGMaRpeBDzAYTp_sbQ2MifX8HJ0QNYq_bk/getUpdates "HTTP/1.1 200 OK"
2026-05-12 08:54:49 | INFO     | HTTP Request: POST https://api.telegram.org/bot8257984718:AAGMaRpeBDzAYTp_sbQ2MifX8HJ0QNYq_bk/getUpdates "HTTP/1.1 200 OK"
2026-05-12 08:55:01 | INFO     | HTTP Request: POST https://api.telegram.org/bot8257984718:AAGMaRpeBDzAYTp_sbQ2MifX8HJ0QNYq_bk/getUpdates "HTTP/1.1 200 OK"
2026-05-12 08:55:12 | INFO     | HTTP Request: POST https://api.telegram.org/bot8257984718:AAGMaRpeBDzAYTp_sbQ2MifX8HJ0QNYq_bk/getUpdates "HTTP/1.1 200 OK"
2026-05-12 08:55:23 | INFO     | HTTP Request: POST https://api.telegram.org/bot8257984718:AAGMaRpeBDzAYTp_sbQ2MifX8HJ0QNYq_bk/getUpdates "HTTP/1.1 200 OK"
2026-05-12 08:55:37 | INFO     | HTTP Request: POST https://api.telegram.org/bot8257984718:AAGMaRpeBDzAYTp_sbQ2MifX8HJ0QNYq_bk/getUpdates "HTTP/1.1 200 OK"
2026-05-12 08:56:04 | ERROR    | No error handlers are registered, logging exception.
Traceback (most recent call last):
  File "C:\Users\Suhrob\ollama_chat\.venv\Lib\site-packages\httpx\_transports\default.py", line 101, in map_httpcore_exceptions
    yield
  File "C:\Users\Suhrob\ollama_chat\.venv\Lib\site-packages\httpx\_transports\default.py", line 394, in handle_async_request
    resp = await self._pool.handle_async_request(req)
           ^^^^^^^^^^^^^^^^^^^^^^^^^^^^^^^^^^^^^^^^^^
  File "C:\Users\Suhrob\ollama_chat\.venv\Lib\site-packages\httpcore\_async\connection_pool.py", line 256, in handle_async_request
    raise exc from None
  File "C:\Users\Suhrob\ollama_chat\.venv\Lib\site-packages\httpcore\_async\connection_pool.py", line 236, in handle_async_request
    response = await connection.handle_async_request(
               ^^^^^^^^^^^^^^^^^^^^^^^^^^^^^^^^^^^^^^
        pool_request.request
        ^^^^^^^^^^^^^^^^^^^^
    )
    ^
  File "C:\Users\Suhrob\ollama_chat\.venv\Lib\site-packages\httpcore\_async\connection.py", line 101, in handle_async_request
    raise exc
  File "C:\Users\Suhrob\ollama_chat\.venv\Lib\site-packages\httpcore\_async\connection.py", line 78, in handle_async_request
    stream = await self._connect(request)
             ^^^^^^^^^^^^^^^^^^^^^^^^^^^^
  File "C:\Users\Suhrob\ollama_chat\.venv\Lib\site-packages\httpcore\_async\connection.py", line 124, in _connect
    stream = await self._network_backend.connect_tcp(**kwargs)
             ^^^^^^^^^^^^^^^^^^^^^^^^^^^^^^^^^^^^^^^^^^^^^^^^^
  File "C:\Users\Suhrob\ollama_chat\.venv\Lib\site-packages\httpcore\_backends\auto.py", line 31, in connect_tcp
    return await self._backend.connect_tcp(
           ^^^^^^^^^^^^^^^^^^^^^^^^^^^^^^^^
    ...<5 lines>...
    )
    ^
  File "C:\Users\Suhrob\ollama_chat\.venv\Lib\site-packages\httpcore\_backends\anyio.py", line 113, in connect_tcp
    with map_exceptions(exc_map):
         ~~~~~~~~~~~~~~^^^^^^^^^
  File "C:\Users\Suhrob\AppData\Local\Python\pythoncore-3.14-64\Lib\contextlib.py", line 162, in __exit__
    self.gen.throw(value)
    ~~~~~~~~~~~~~~^^^^^^^
  File "C:\Users\Suhrob\ollama_chat\.venv\Lib\site-packages\httpcore\_exceptions.py", line 14, in map_exceptions
    raise to_exc(exc) from exc
httpcore.ConnectError: [Errno 11001] getaddrinfo failed

The above exception was the direct cause of the following exception:

Traceback (most recent call last):
  File "C:\Users\Suhrob\ollama_chat\.venv\Lib\site-packages\telegram\request\_httpxrequest.py", line 279, in do_request
    res = await self._client.request(
          ^^^^^^^^^^^^^^^^^^^^^^^^^^^
    ...<6 lines>...
    )
    ^
  File "C:\Users\Suhrob\ollama_chat\.venv\Lib\site-packages\httpx\_client.py", line 1540, in request
    return await self.send(request, auth=auth, follow_redirects=follow_redirects)
           ^^^^^^^^^^^^^^^^^^^^^^^^^^^^^^^^^^^^^^^^^^^^^^^^^^^^^^^^^^^^^^^^^^^^^^
  File "C:\Users\Suhrob\ollama_chat\.venv\Lib\site-packages\httpx\_client.py", line 1629, in send
    response = await self._send_handling_auth(
               ^^^^^^^^^^^^^^^^^^^^^^^^^^^^^^^
    ...<4 lines>...
    )
    ^
  File "C:\Users\Suhrob\ollama_chat\.venv\Lib\site-packages\httpx\_client.py", line 1657, in _send_handling_auth
    response = await self._send_handling_redirects(
               ^^^^^^^^^^^^^^^^^^^^^^^^^^^^^^^^^^^^
    ...<3 lines>...
    )
    ^
  File "C:\Users\Suhrob\ollama_chat\.venv\Lib\site-packages\httpx\_client.py", line 1694, in _send_handling_redirects
    response = await self._send_single_request(request)
               ^^^^^^^^^^^^^^^^^^^^^^^^^^^^^^^^^^^^^^^^
  File "C:\Users\Suhrob\ollama_chat\.venv\Lib\site-packages\httpx\_client.py", line 1730, in _send_single_request
    response = await transport.handle_async_request(request)
               ^^^^^^^^^^^^^^^^^^^^^^^^^^^^^^^^^^^^^^^^^^^^^
  File "C:\Users\Suhrob\ollama_chat\.venv\Lib\site-packages\httpx\_transports\default.py", line 393, in handle_async_request
    with map_httpcore_exceptions():
         ~~~~~~~~~~~~~~~~~~~~~~~^^
  File "C:\Users\Suhrob\AppData\Local\Python\pythoncore-3.14-64\Lib\contextlib.py", line 162, in __exit__
    self.gen.throw(value)
    ~~~~~~~~~~~~~~^^^^^^^
  File "C:\Users\Suhrob\ollama_chat\.venv\Lib\site-packages\httpx\_transports\default.py", line 118, in map_httpcore_exceptions
    raise mapped_exc(message) from exc
httpx.ConnectError: [Errno 11001] getaddrinfo failed

The above exception was the direct cause of the following exception:

Traceback (most recent call last):
  File "C:\Users\Suhrob\ollama_chat\.venv\Lib\site-packages\telegram\ext\_utils\networkloop.py", line 161, in network_retry_loop
    await do_action()
  File "C:\Users\Suhrob\ollama_chat\.venv\Lib\site-packages\telegram\ext\_utils\networkloop.py", line 154, in do_action
    action_cb_task.result()
    ~~~~~~~~~~~~~~~~~~~~~^^
  File "C:\Users\Suhrob\ollama_chat\.venv\Lib\site-packages\telegram\ext\_updater.py", line 340, in polling_action_cb
    updates = await self.bot.get_updates(
              ^^^^^^^^^^^^^^^^^^^^^^^^^^^
    ...<3 lines>...
    )
    ^
  File "C:\Users\Suhrob\ollama_chat\.venv\Lib\site-packages\telegram\ext\_extbot.py", line 672, in get_updates
    updates = await super().get_updates(
              ^^^^^^^^^^^^^^^^^^^^^^^^^^
    ...<9 lines>...
    )
    ^
  File "C:\Users\Suhrob\ollama_chat\.venv\Lib\site-packages\telegram\_bot.py", line 4865, in get_updates
    await self._post(
    ^^^^^^^^^^^^^^^^^
    ...<7 lines>...
    ),
    ^
  File "C:\Users\Suhrob\ollama_chat\.venv\Lib\site-packages\telegram\_bot.py", line 704, in _post
    return await self._do_post(
           ^^^^^^^^^^^^^^^^^^^^
    ...<6 lines>...
    )
    ^
  File "C:\Users\Suhrob\ollama_chat\.venv\Lib\site-packages\telegram\ext\_extbot.py", line 370, in _do_post
    return await super()._do_post(
           ^^^^^^^^^^^^^^^^^^^^^^^
    ...<6 lines>...
    )
    ^
  File "C:\Users\Suhrob\ollama_chat\.venv\Lib\site-packages\telegram\_bot.py", line 733, in _do_post
    result = await request.post(
             ^^^^^^^^^^^^^^^^^^^
    ...<6 lines>...
    )
    ^
  File "C:\Users\Suhrob\ollama_chat\.venv\Lib\site-packages\telegram\request\_baserequest.py", line 198, in post
    result = await self._request_wrapper(
             ^^^^^^^^^^^^^^^^^^^^^^^^^^^^
    ...<7 lines>...
    )
    ^
  File "C:\Users\Suhrob\ollama_chat\.venv\Lib\site-packages\telegram\request\_baserequest.py", line 305, in _request_wrapper
    code, payload = await self.do_request(
                    ^^^^^^^^^^^^^^^^^^^^^^
    ...<7 lines>...
    )
    ^
  File "C:\Users\Suhrob\ollama_chat\.venv\Lib\site-packages\telegram\request\_httpxrequest.py", line 303, in do_request
    raise NetworkError(f"httpx.{err.__class__.__name__}: {err}") from err
telegram.error.NetworkError: httpx.ConnectError: [Errno 11001] getaddrinfo failed
2026-05-12 08:56:14 | ERROR    | No error handlers are registered, logging exception.
Traceback (most recent call last):
  File "C:\Users\Suhrob\ollama_chat\.venv\Lib\site-packages\httpx\_transports\default.py", line 101, in map_httpcore_exceptions
    yield
  File "C:\Users\Suhrob\ollama_chat\.venv\Lib\site-packages\httpx\_transports\default.py", line 394, in handle_async_request
    resp = await self._pool.handle_async_request(req)
           ^^^^^^^^^^^^^^^^^^^^^^^^^^^^^^^^^^^^^^^^^^
  File "C:\Users\Suhrob\ollama_chat\.venv\Lib\site-packages\httpcore\_async\connection_pool.py", line 256, in handle_async_request
    raise exc from None
  File "C:\Users\Suhrob\ollama_chat\.venv\Lib\site-packages\httpcore\_async\connection_pool.py", line 236, in handle_async_request
    response = await connection.handle_async_request(
               ^^^^^^^^^^^^^^^^^^^^^^^^^^^^^^^^^^^^^^
        pool_request.request
        ^^^^^^^^^^^^^^^^^^^^
    )
    ^
  File "C:\Users\Suhrob\ollama_chat\.venv\Lib\site-packages\httpcore\_async\connection.py", line 103, in handle_async_request
    return await self._connection.handle_async_request(request)
           ^^^^^^^^^^^^^^^^^^^^^^^^^^^^^^^^^^^^^^^^^^^^^^^^^^^^
  File "C:\Users\Suhrob\ollama_chat\.venv\Lib\site-packages\httpcore\_async\http11.py", line 136, in handle_async_request
    raise exc
  File "C:\Users\Suhrob\ollama_chat\.venv\Lib\site-packages\httpcore\_async\http11.py", line 106, in handle_async_request
    ) = await self._receive_response_headers(**kwargs)
        ^^^^^^^^^^^^^^^^^^^^^^^^^^^^^^^^^^^^^^^^^^^^^^
  File "C:\Users\Suhrob\ollama_chat\.venv\Lib\site-packages\httpcore\_async\http11.py", line 177, in _receive_response_headers
    event = await self._receive_event(timeout=timeout)
            ^^^^^^^^^^^^^^^^^^^^^^^^^^^^^^^^^^^^^^^^^^
  File "C:\Users\Suhrob\ollama_chat\.venv\Lib\site-packages\httpcore\_async\http11.py", line 217, in _receive_event
    data = await self._network_stream.read(
           ^^^^^^^^^^^^^^^^^^^^^^^^^^^^^^^^
        self.READ_NUM_BYTES, timeout=timeout
        ^^^^^^^^^^^^^^^^^^^^^^^^^^^^^^^^^^^^
    )
    ^
  File "C:\Users\Suhrob\ollama_chat\.venv\Lib\site-packages\httpcore\_backends\anyio.py", line 32, in read
    with map_exceptions(exc_map):
         ~~~~~~~~~~~~~~^^^^^^^^^
  File "C:\Users\Suhrob\AppData\Local\Python\pythoncore-3.14-64\Lib\contextlib.py", line 162, in __exit__
    self.gen.throw(value)
    ~~~~~~~~~~~~~~^^^^^^^
  File "C:\Users\Suhrob\ollama_chat\.venv\Lib\site-packages\httpcore\_exceptions.py", line 14, in map_exceptions
    raise to_exc(exc) from exc
httpcore.ReadError

The above exception was the direct cause of the following exception:

Traceback (most recent call last):
  File "C:\Users\Suhrob\ollama_chat\.venv\Lib\site-packages\telegram\request\_httpxrequest.py", line 279, in do_request
    res = await self._client.request(
          ^^^^^^^^^^^^^^^^^^^^^^^^^^^
    ...<6 lines>...
    )
    ^
  File "C:\Users\Suhrob\ollama_chat\.venv\Lib\site-packages\httpx\_client.py", line 1540, in request
    return await self.send(request, auth=auth, follow_redirects=follow_redirects)
           ^^^^^^^^^^^^^^^^^^^^^^^^^^^^^^^^^^^^^^^^^^^^^^^^^^^^^^^^^^^^^^^^^^^^^^
  File "C:\Users\Suhrob\ollama_chat\.venv\Lib\site-packages\httpx\_client.py", line 1629, in send
    response = await self._send_handling_auth(
               ^^^^^^^^^^^^^^^^^^^^^^^^^^^^^^^
    ...<4 lines>...
    )
    ^
  File "C:\Users\Suhrob\ollama_chat\.venv\Lib\site-packages\httpx\_client.py", line 1657, in _send_handling_auth
    response = await self._send_handling_redirects(
               ^^^^^^^^^^^^^^^^^^^^^^^^^^^^^^^^^^^^
    ...<3 lines>...
    )
    ^
  File "C:\Users\Suhrob\ollama_chat\.venv\Lib\site-packages\httpx\_client.py", line 1694, in _send_handling_redirects
    response = await self._send_single_request(request)
               ^^^^^^^^^^^^^^^^^^^^^^^^^^^^^^^^^^^^^^^^
  File "C:\Users\Suhrob\ollama_chat\.venv\Lib\site-packages\httpx\_client.py", line 1730, in _send_single_request
    response = await transport.handle_async_request(request)
               ^^^^^^^^^^^^^^^^^^^^^^^^^^^^^^^^^^^^^^^^^^^^^
  File "C:\Users\Suhrob\ollama_chat\.venv\Lib\site-packages\httpx\_transports\default.py", line 393, in handle_async_request
    with map_httpcore_exceptions():
         ~~~~~~~~~~~~~~~~~~~~~~~^^
  File "C:\Users\Suhrob\AppData\Local\Python\pythoncore-3.14-64\Lib\contextlib.py", line 162, in __exit__
    self.gen.throw(value)
    ~~~~~~~~~~~~~~^^^^^^^
  File "C:\Users\Suhrob\ollama_chat\.venv\Lib\site-packages\httpx\_transports\default.py", line 118, in map_httpcore_exceptions
    raise mapped_exc(message) from exc
httpx.ReadError

The above exception was the direct cause of the following exception:

Traceback (most recent call last):
  File "C:\Users\Suhrob\ollama_chat\.venv\Lib\site-packages\telegram\ext\_utils\networkloop.py", line 161, in network_retry_loop
    await do_action()
  File "C:\Users\Suhrob\ollama_chat\.venv\Lib\site-packages\telegram\ext\_utils\networkloop.py", line 154, in do_action
    action_cb_task.result()
    ~~~~~~~~~~~~~~~~~~~~~^^
  File "C:\Users\Suhrob\ollama_chat\.venv\Lib\site-packages\telegram\ext\_updater.py", line 340, in polling_action_cb
    updates = await self.bot.get_updates(
              ^^^^^^^^^^^^^^^^^^^^^^^^^^^
    ...<3 lines>...
    )
    ^
  File "C:\Users\Suhrob\ollama_chat\.venv\Lib\site-packages\telegram\ext\_extbot.py", line 672, in get_updates
    updates = await super().get_updates(
              ^^^^^^^^^^^^^^^^^^^^^^^^^^
    ...<9 lines>...
    )
    ^
  File "C:\Users\Suhrob\ollama_chat\.venv\Lib\site-packages\telegram\_bot.py", line 4865, in get_updates
    await self._post(
    ^^^^^^^^^^^^^^^^^
    ...<7 lines>...
    ),
    ^
  File "C:\Users\Suhrob\ollama_chat\.venv\Lib\site-packages\telegram\_bot.py", line 704, in _post
    return await self._do_post(
           ^^^^^^^^^^^^^^^^^^^^
    ...<6 lines>...
    )
    ^
  File "C:\Users\Suhrob\ollama_chat\.venv\Lib\site-packages\telegram\ext\_extbot.py", line 370, in _do_post
    return await super()._do_post(
           ^^^^^^^^^^^^^^^^^^^^^^^
    ...<6 lines>...
    )
    ^
  File "C:\Users\Suhrob\ollama_chat\.venv\Lib\site-packages\telegram\_bot.py", line 733, in _do_post
    result = await request.post(
             ^^^^^^^^^^^^^^^^^^^
    ...<6 lines>...
    )
    ^
  File "C:\Users\Suhrob\ollama_chat\.venv\Lib\site-packages\telegram\request\_baserequest.py", line 198, in post
    result = await self._request_wrapper(
             ^^^^^^^^^^^^^^^^^^^^^^^^^^^^
    ...<7 lines>...
    )
    ^
  File "C:\Users\Suhrob\ollama_chat\.venv\Lib\site-packages\telegram\request\_baserequest.py", line 305, in _request_wrapper
    code, payload = await self.do_request(
                    ^^^^^^^^^^^^^^^^^^^^^^
    ...<7 lines>...
    )
    ^
  File "C:\Users\Suhrob\ollama_chat\.venv\Lib\site-packages\telegram\request\_httpxrequest.py", line 303, in do_request
    raise NetworkError(f"httpx.{err.__class__.__name__}: {err}") from err
telegram.error.NetworkError: httpx.ReadError: 
2026-05-12 08:56:15 | ERROR    | No error handlers are registered, logging exception.
Traceback (most recent call last):
  File "C:\Users\Suhrob\ollama_chat\.venv\Lib\site-packages\httpx\_transports\default.py", line 101, in map_httpcore_exceptions
    yield
  File "C:\Users\Suhrob\ollama_chat\.venv\Lib\site-packages\httpx\_transports\default.py", line 394, in handle_async_request
    resp = await self._pool.handle_async_request(req)
           ^^^^^^^^^^^^^^^^^^^^^^^^^^^^^^^^^^^^^^^^^^
  File "C:\Users\Suhrob\ollama_chat\.venv\Lib\site-packages\httpcore\_async\connection_pool.py", line 256, in handle_async_request
    raise exc from None
  File "C:\Users\Suhrob\ollama_chat\.venv\Lib\site-packages\httpcore\_async\connection_pool.py", line 236, in handle_async_request
    response = await connection.handle_async_request(
               ^^^^^^^^^^^^^^^^^^^^^^^^^^^^^^^^^^^^^^
        pool_request.request
        ^^^^^^^^^^^^^^^^^^^^
    )
    ^
  File "C:\Users\Suhrob\ollama_chat\.venv\Lib\site-packages\httpcore\_async\connection.py", line 101, in handle_async_request
    raise exc
  File "C:\Users\Suhrob\ollama_chat\.venv\Lib\site-packages\httpcore\_async\connection.py", line 78, in handle_async_request
    stream = await self._connect(request)
             ^^^^^^^^^^^^^^^^^^^^^^^^^^^^
  File "C:\Users\Suhrob\ollama_chat\.venv\Lib\site-packages\httpcore\_async\connection.py", line 124, in _connect
    stream = await self._network_backend.connect_tcp(**kwargs)
             ^^^^^^^^^^^^^^^^^^^^^^^^^^^^^^^^^^^^^^^^^^^^^^^^^
  File "C:\Users\Suhrob\ollama_chat\.venv\Lib\site-packages\httpcore\_backends\auto.py", line 31, in connect_tcp
    return await self._backend.connect_tcp(
           ^^^^^^^^^^^^^^^^^^^^^^^^^^^^^^^^
    ...<5 lines>...
    )
    ^
  File "C:\Users\Suhrob\ollama_chat\.venv\Lib\site-packages\httpcore\_backends\anyio.py", line 113, in connect_tcp
    with map_exceptions(exc_map):
         ~~~~~~~~~~~~~~^^^^^^^^^
  File "C:\Users\Suhrob\AppData\Local\Python\pythoncore-3.14-64\Lib\contextlib.py", line 162, in __exit__
    self.gen.throw(value)
    ~~~~~~~~~~~~~~^^^^^^^
  File "C:\Users\Suhrob\ollama_chat\.venv\Lib\site-packages\httpcore\_exceptions.py", line 14, in map_exceptions
    raise to_exc(exc) from exc
httpcore.ConnectError: [Errno 11001] getaddrinfo failed

The above exception was the direct cause of the following exception:

Traceback (most recent call last):
  File "C:\Users\Suhrob\ollama_chat\.venv\Lib\site-packages\telegram\request\_httpxrequest.py", line 279, in do_request
    res = await self._client.request(
          ^^^^^^^^^^^^^^^^^^^^^^^^^^^
    ...<6 lines>...
    )
    ^
  File "C:\Users\Suhrob\ollama_chat\.venv\Lib\site-packages\httpx\_client.py", line 1540, in request
    return await self.send(request, auth=auth, follow_redirects=follow_redirects)
           ^^^^^^^^^^^^^^^^^^^^^^^^^^^^^^^^^^^^^^^^^^^^^^^^^^^^^^^^^^^^^^^^^^^^^^
  File "C:\Users\Suhrob\ollama_chat\.venv\Lib\site-packages\httpx\_client.py", line 1629, in send
    response = await self._send_handling_auth(
               ^^^^^^^^^^^^^^^^^^^^^^^^^^^^^^^
    ...<4 lines>...
    )
    ^
  File "C:\Users\Suhrob\ollama_chat\.venv\Lib\site-packages\httpx\_client.py", line 1657, in _send_handling_auth
    response = await self._send_handling_redirects(
               ^^^^^^^^^^^^^^^^^^^^^^^^^^^^^^^^^^^^
    ...<3 lines>...
    )
    ^
  File "C:\Users\Suhrob\ollama_chat\.venv\Lib\site-packages\httpx\_client.py", line 1694, in _send_handling_redirects
    response = await self._send_single_request(request)
               ^^^^^^^^^^^^^^^^^^^^^^^^^^^^^^^^^^^^^^^^
  File "C:\Users\Suhrob\ollama_chat\.venv\Lib\site-packages\httpx\_client.py", line 1730, in _send_single_request
    response = await transport.handle_async_request(request)
               ^^^^^^^^^^^^^^^^^^^^^^^^^^^^^^^^^^^^^^^^^^^^^
  File "C:\Users\Suhrob\ollama_chat\.venv\Lib\site-packages\httpx\_transports\default.py", line 393, in handle_async_request
    with map_httpcore_exceptions():
         ~~~~~~~~~~~~~~~~~~~~~~~^^
  File "C:\Users\Suhrob\AppData\Local\Python\pythoncore-3.14-64\Lib\contextlib.py", line 162, in __exit__
    self.gen.throw(value)
    ~~~~~~~~~~~~~~^^^^^^^
  File "C:\Users\Suhrob\ollama_chat\.venv\Lib\site-packages\httpx\_transports\default.py", line 118, in map_httpcore_exceptions
    raise mapped_exc(message) from exc
httpx.ConnectError: [Errno 11001] getaddrinfo failed

The above exception was the direct cause of the following exception:

Traceback (most recent call last):
  File "C:\Users\Suhrob\ollama_chat\.venv\Lib\site-packages\telegram\ext\_utils\networkloop.py", line 161, in network_retry_loop
    await do_action()
  File "C:\Users\Suhrob\ollama_chat\.venv\Lib\site-packages\telegram\ext\_utils\networkloop.py", line 154, in do_action
    action_cb_task.result()
    ~~~~~~~~~~~~~~~~~~~~~^^
  File "C:\Users\Suhrob\ollama_chat\.venv\Lib\site-packages\telegram\ext\_updater.py", line 340, in polling_action_cb
    updates = await self.bot.get_updates(
              ^^^^^^^^^^^^^^^^^^^^^^^^^^^
    ...<3 lines>...
    )
    ^
  File "C:\Users\Suhrob\ollama_chat\.venv\Lib\site-packages\telegram\ext\_extbot.py", line 672, in get_updates
    updates = await super().get_updates(
              ^^^^^^^^^^^^^^^^^^^^^^^^^^
    ...<9 lines>...
    )
    ^
  File "C:\Users\Suhrob\ollama_chat\.venv\Lib\site-packages\telegram\_bot.py", line 4865, in get_updates
    await self._post(
    ^^^^^^^^^^^^^^^^^
    ...<7 lines>...
    ),
    ^
  File "C:\Users\Suhrob\ollama_chat\.venv\Lib\site-packages\telegram\_bot.py", line 704, in _post
    return await self._do_post(
           ^^^^^^^^^^^^^^^^^^^^
    ...<6 lines>...
    )
    ^
  File "C:\Users\Suhrob\ollama_chat\.venv\Lib\site-packages\telegram\ext\_extbot.py", line 370, in _do_post
    return await super()._do_post(
           ^^^^^^^^^^^^^^^^^^^^^^^
    ...<6 lines>...
    )
    ^
  File "C:\Users\Suhrob\ollama_chat\.venv\Lib\site-packages\telegram\_bot.py", line 733, in _do_post
    result = await request.post(
             ^^^^^^^^^^^^^^^^^^^
    ...<6 lines>...
    )
    ^
  File "C:\Users\Suhrob\ollama_chat\.venv\Lib\site-packages\telegram\request\_baserequest.py", line 198, in post
    result = await self._request_wrapper(
             ^^^^^^^^^^^^^^^^^^^^^^^^^^^^
    ...<7 lines>...
    )
    ^
  File "C:\Users\Suhrob\ollama_chat\.venv\Lib\site-packages\telegram\request\_baserequest.py", line 305, in _request_wrapper
    code, payload = await self.do_request(
                    ^^^^^^^^^^^^^^^^^^^^^^
    ...<7 lines>...
    )
    ^
  File "C:\Users\Suhrob\ollama_chat\.venv\Lib\site-packages\telegram\request\_httpxrequest.py", line 303, in do_request
    raise NetworkError(f"httpx.{err.__class__.__name__}: {err}") from err
telegram.error.NetworkError: httpx.ConnectError: [Errno 11001] getaddrinfo failed
2026-05-12 08:56:16 | ERROR    | No error handlers are registered, logging exception.
Traceback (most recent call last):
  File "C:\Users\Suhrob\ollama_chat\.venv\Lib\site-packages\httpx\_transports\default.py", line 101, in map_httpcore_exceptions
    yield
  File "C:\Users\Suhrob\ollama_chat\.venv\Lib\site-packages\httpx\_transports\default.py", line 394, in handle_async_request
    resp = await self._pool.handle_async_request(req)
           ^^^^^^^^^^^^^^^^^^^^^^^^^^^^^^^^^^^^^^^^^^
  File "C:\Users\Suhrob\ollama_chat\.venv\Lib\site-packages\httpcore\_async\connection_pool.py", line 256, in handle_async_request
    raise exc from None
  File "C:\Users\Suhrob\ollama_chat\.venv\Lib\site-packages\httpcore\_async\connection_pool.py", line 236, in handle_async_request
    response = await connection.handle_async_request(
               ^^^^^^^^^^^^^^^^^^^^^^^^^^^^^^^^^^^^^^
        pool_request.request
        ^^^^^^^^^^^^^^^^^^^^
    )
    ^
  File "C:\Users\Suhrob\ollama_chat\.venv\Lib\site-packages\httpcore\_async\connection.py", line 101, in handle_async_request
    raise exc
  File "C:\Users\Suhrob\ollama_chat\.venv\Lib\site-packages\httpcore\_async\connection.py", line 78, in handle_async_request
    stream = await self._connect(request)
             ^^^^^^^^^^^^^^^^^^^^^^^^^^^^
  File "C:\Users\Suhrob\ollama_chat\.venv\Lib\site-packages\httpcore\_async\connection.py", line 124, in _connect
    stream = await self._network_backend.connect_tcp(**kwargs)
             ^^^^^^^^^^^^^^^^^^^^^^^^^^^^^^^^^^^^^^^^^^^^^^^^^
  File "C:\Users\Suhrob\ollama_chat\.venv\Lib\site-packages\httpcore\_backends\auto.py", line 31, in connect_tcp
    return await self._backend.connect_tcp(
           ^^^^^^^^^^^^^^^^^^^^^^^^^^^^^^^^
    ...<5 lines>...
    )
    ^
  File "C:\Users\Suhrob\ollama_chat\.venv\Lib\site-packages\httpcore\_backends\anyio.py", line 113, in connect_tcp
    with map_exceptions(exc_map):
         ~~~~~~~~~~~~~~^^^^^^^^^
  File "C:\Users\Suhrob\AppData\Local\Python\pythoncore-3.14-64\Lib\contextlib.py", line 162, in __exit__
    self.gen.throw(value)
    ~~~~~~~~~~~~~~^^^^^^^
  File "C:\Users\Suhrob\ollama_chat\.venv\Lib\site-packages\httpcore\_exceptions.py", line 14, in map_exceptions
    raise to_exc(exc) from exc
httpcore.ConnectError: [Errno 11001] getaddrinfo failed

The above exception was the direct cause of the following exception:

Traceback (most recent call last):
  File "C:\Users\Suhrob\ollama_chat\.venv\Lib\site-packages\telegram\request\_httpxrequest.py", line 279, in do_request
    res = await self._client.request(
          ^^^^^^^^^^^^^^^^^^^^^^^^^^^
    ...<6 lines>...
    )
    ^
  File "C:\Users\Suhrob\ollama_chat\.venv\Lib\site-packages\httpx\_client.py", line 1540, in request
    return await self.send(request, auth=auth, follow_redirects=follow_redirects)
           ^^^^^^^^^^^^^^^^^^^^^^^^^^^^^^^^^^^^^^^^^^^^^^^^^^^^^^^^^^^^^^^^^^^^^^
  File "C:\Users\Suhrob\ollama_chat\.venv\Lib\site-packages\httpx\_client.py", line 1629, in send
    response = await self._send_handling_auth(
               ^^^^^^^^^^^^^^^^^^^^^^^^^^^^^^^
    ...<4 lines>...
    )
    ^
  File "C:\Users\Suhrob\ollama_chat\.venv\Lib\site-packages\httpx\_client.py", line 1657, in _send_handling_auth
    response = await self._send_handling_redirects(
               ^^^^^^^^^^^^^^^^^^^^^^^^^^^^^^^^^^^^
    ...<3 lines>...
    )
    ^
  File "C:\Users\Suhrob\ollama_chat\.venv\Lib\site-packages\httpx\_client.py", line 1694, in _send_handling_redirects
    response = await self._send_single_request(request)
               ^^^^^^^^^^^^^^^^^^^^^^^^^^^^^^^^^^^^^^^^
  File "C:\Users\Suhrob\ollama_chat\.venv\Lib\site-packages\httpx\_client.py", line 1730, in _send_single_request
    response = await transport.handle_async_request(request)
               ^^^^^^^^^^^^^^^^^^^^^^^^^^^^^^^^^^^^^^^^^^^^^
  File "C:\Users\Suhrob\ollama_chat\.venv\Lib\site-packages\httpx\_transports\default.py", line 393, in handle_async_request
    with map_httpcore_exceptions():
         ~~~~~~~~~~~~~~~~~~~~~~~^^
  File "C:\Users\Suhrob\AppData\Local\Python\pythoncore-3.14-64\Lib\contextlib.py", line 162, in __exit__
    self.gen.throw(value)
    ~~~~~~~~~~~~~~^^^^^^^
  File "C:\Users\Suhrob\ollama_chat\.venv\Lib\site-packages\httpx\_transports\default.py", line 118, in map_httpcore_exceptions
    raise mapped_exc(message) from exc
httpx.ConnectError: [Errno 11001] getaddrinfo failed

The above exception was the direct cause of the following exception:

Traceback (most recent call last):
  File "C:\Users\Suhrob\ollama_chat\.venv\Lib\site-packages\telegram\ext\_utils\networkloop.py", line 161, in network_retry_loop
    await do_action()
  File "C:\Users\Suhrob\ollama_chat\.venv\Lib\site-packages\telegram\ext\_utils\networkloop.py", line 154, in do_action
    action_cb_task.result()
    ~~~~~~~~~~~~~~~~~~~~~^^
  File "C:\Users\Suhrob\ollama_chat\.venv\Lib\site-packages\telegram\ext\_updater.py", line 340, in polling_action_cb
    updates = await self.bot.get_updates(
              ^^^^^^^^^^^^^^^^^^^^^^^^^^^
    ...<3 lines>...
    )
    ^
  File "C:\Users\Suhrob\ollama_chat\.venv\Lib\site-packages\telegram\ext\_extbot.py", line 672, in get_updates
    updates = await super().get_updates(
              ^^^^^^^^^^^^^^^^^^^^^^^^^^
    ...<9 lines>...
    )
    ^
  File "C:\Users\Suhrob\ollama_chat\.venv\Lib\site-packages\telegram\_bot.py", line 4865, in get_updates
    await self._post(
    ^^^^^^^^^^^^^^^^^
    ...<7 lines>...
    ),
    ^
  File "C:\Users\Suhrob\ollama_chat\.venv\Lib\site-packages\telegram\_bot.py", line 704, in _post
    return await self._do_post(
           ^^^^^^^^^^^^^^^^^^^^
    ...<6 lines>...
    )
    ^
  File "C:\Users\Suhrob\ollama_chat\.venv\Lib\site-packages\telegram\ext\_extbot.py", line 370, in _do_post
    return await super()._do_post(
           ^^^^^^^^^^^^^^^^^^^^^^^
    ...<6 lines>...
    )
    ^
  File "C:\Users\Suhrob\ollama_chat\.venv\Lib\site-packages\telegram\_bot.py", line 733, in _do_post
    result = await request.post(
             ^^^^^^^^^^^^^^^^^^^
    ...<6 lines>...
    )
    ^
  File "C:\Users\Suhrob\ollama_chat\.venv\Lib\site-packages\telegram\request\_baserequest.py", line 198, in post
    result = await self._request_wrapper(
             ^^^^^^^^^^^^^^^^^^^^^^^^^^^^
    ...<7 lines>...
    )
    ^
  File "C:\Users\Suhrob\ollama_chat\.venv\Lib\site-packages\telegram\request\_baserequest.py", line 305, in _request_wrapper
    code, payload = await self.do_request(
                    ^^^^^^^^^^^^^^^^^^^^^^
    ...<7 lines>...
    )
    ^
  File "C:\Users\Suhrob\ollama_chat\.venv\Lib\site-packages\telegram\request\_httpxrequest.py", line 303, in do_request
    raise NetworkError(f"httpx.{err.__class__.__name__}: {err}") from err
telegram.error.NetworkError: httpx.ConnectError: [Errno 11001] getaddrinfo failed
2026-05-12 08:56:18 | ERROR    | No error handlers are registered, logging exception.
Traceback (most recent call last):
  File "C:\Users\Suhrob\ollama_chat\.venv\Lib\site-packages\httpx\_transports\default.py", line 101, in map_httpcore_exceptions
    yield
  File "C:\Users\Suhrob\ollama_chat\.venv\Lib\site-packages\httpx\_transports\default.py", line 394, in handle_async_request
    resp = await self._pool.handle_async_request(req)
           ^^^^^^^^^^^^^^^^^^^^^^^^^^^^^^^^^^^^^^^^^^
  File "C:\Users\Suhrob\ollama_chat\.venv\Lib\site-packages\httpcore\_async\connection_pool.py", line 256, in handle_async_request
    raise exc from None
  File "C:\Users\Suhrob\ollama_chat\.venv\Lib\site-packages\httpcore\_async\connection_pool.py", line 236, in handle_async_request
    response = await connection.handle_async_request(
               ^^^^^^^^^^^^^^^^^^^^^^^^^^^^^^^^^^^^^^
        pool_request.request
        ^^^^^^^^^^^^^^^^^^^^
    )
    ^
  File "C:\Users\Suhrob\ollama_chat\.venv\Lib\site-packages\httpcore\_async\connection.py", line 101, in handle_async_request
    raise exc
  File "C:\Users\Suhrob\ollama_chat\.venv\Lib\site-packages\httpcore\_async\connection.py", line 78, in handle_async_request
    stream = await self._connect(request)
             ^^^^^^^^^^^^^^^^^^^^^^^^^^^^
  File "C:\Users\Suhrob\ollama_chat\.venv\Lib\site-packages\httpcore\_async\connection.py", line 124, in _connect
    stream = await self._network_backend.connect_tcp(**kwargs)
             ^^^^^^^^^^^^^^^^^^^^^^^^^^^^^^^^^^^^^^^^^^^^^^^^^
  File "C:\Users\Suhrob\ollama_chat\.venv\Lib\site-packages\httpcore\_backends\auto.py", line 31, in connect_tcp
    return await self._backend.connect_tcp(
           ^^^^^^^^^^^^^^^^^^^^^^^^^^^^^^^^
    ...<5 lines>...
    )
    ^
  File "C:\Users\Suhrob\ollama_chat\.venv\Lib\site-packages\httpcore\_backends\anyio.py", line 113, in connect_tcp
    with map_exceptions(exc_map):
         ~~~~~~~~~~~~~~^^^^^^^^^
  File "C:\Users\Suhrob\AppData\Local\Python\pythoncore-3.14-64\Lib\contextlib.py", line 162, in __exit__
    self.gen.throw(value)
    ~~~~~~~~~~~~~~^^^^^^^
  File "C:\Users\Suhrob\ollama_chat\.venv\Lib\site-packages\httpcore\_exceptions.py", line 14, in map_exceptions
    raise to_exc(exc) from exc
httpcore.ConnectError: [Errno 11001] getaddrinfo failed

The above exception was the direct cause of the following exception:

Traceback (most recent call last):
  File "C:\Users\Suhrob\ollama_chat\.venv\Lib\site-packages\telegram\request\_httpxrequest.py", line 279, in do_request
    res = await self._client.request(
          ^^^^^^^^^^^^^^^^^^^^^^^^^^^
    ...<6 lines>...
    )
    ^
  File "C:\Users\Suhrob\ollama_chat\.venv\Lib\site-packages\httpx\_client.py", line 1540, in request
    return await self.send(request, auth=auth, follow_redirects=follow_redirects)
           ^^^^^^^^^^^^^^^^^^^^^^^^^^^^^^^^^^^^^^^^^^^^^^^^^^^^^^^^^^^^^^^^^^^^^^
  File "C:\Users\Suhrob\ollama_chat\.venv\Lib\site-packages\httpx\_client.py", line 1629, in send
    response = await self._send_handling_auth(
               ^^^^^^^^^^^^^^^^^^^^^^^^^^^^^^^
    ...<4 lines>...
    )
    ^
  File "C:\Users\Suhrob\ollama_chat\.venv\Lib\site-packages\httpx\_client.py", line 1657, in _send_handling_auth
    response = await self._send_handling_redirects(
               ^^^^^^^^^^^^^^^^^^^^^^^^^^^^^^^^^^^^
    ...<3 lines>...
    )
    ^
  File "C:\Users\Suhrob\ollama_chat\.venv\Lib\site-packages\httpx\_client.py", line 1694, in _send_handling_redirects
    response = await self._send_single_request(request)
               ^^^^^^^^^^^^^^^^^^^^^^^^^^^^^^^^^^^^^^^^
  File "C:\Users\Suhrob\ollama_chat\.venv\Lib\site-packages\httpx\_client.py", line 1730, in _send_single_request
    response = await transport.handle_async_request(request)
               ^^^^^^^^^^^^^^^^^^^^^^^^^^^^^^^^^^^^^^^^^^^^^
  File "C:\Users\Suhrob\ollama_chat\.venv\Lib\site-packages\httpx\_transports\default.py", line 393, in handle_async_request
    with map_httpcore_exceptions():
         ~~~~~~~~~~~~~~~~~~~~~~~^^
  File "C:\Users\Suhrob\AppData\Local\Python\pythoncore-3.14-64\Lib\contextlib.py", line 162, in __exit__
    self.gen.throw(value)
    ~~~~~~~~~~~~~~^^^^^^^
  File "C:\Users\Suhrob\ollama_chat\.venv\Lib\site-packages\httpx\_transports\default.py", line 118, in map_httpcore_exceptions
    raise mapped_exc(message) from exc
httpx.ConnectError: [Errno 11001] getaddrinfo failed

The above exception was the direct cause of the following exception:

Traceback (most recent call last):
  File "C:\Users\Suhrob\ollama_chat\.venv\Lib\site-packages\telegram\ext\_utils\networkloop.py", line 161, in network_retry_loop
    await do_action()
  File "C:\Users\Suhrob\ollama_chat\.venv\Lib\site-packages\telegram\ext\_utils\networkloop.py", line 154, in do_action
    action_cb_task.result()
    ~~~~~~~~~~~~~~~~~~~~~^^
  File "C:\Users\Suhrob\ollama_chat\.venv\Lib\site-packages\telegram\ext\_updater.py", line 340, in polling_action_cb
    updates = await self.bot.get_updates(
              ^^^^^^^^^^^^^^^^^^^^^^^^^^^
    ...<3 lines>...
    )
    ^
  File "C:\Users\Suhrob\ollama_chat\.venv\Lib\site-packages\telegram\ext\_extbot.py", line 672, in get_updates
    updates = await super().get_updates(
              ^^^^^^^^^^^^^^^^^^^^^^^^^^
    ...<9 lines>...
    )
    ^
  File "C:\Users\Suhrob\ollama_chat\.venv\Lib\site-packages\telegram\_bot.py", line 4865, in get_updates
    await self._post(
    ^^^^^^^^^^^^^^^^^
    ...<7 lines>...
    ),
    ^
  File "C:\Users\Suhrob\ollama_chat\.venv\Lib\site-packages\telegram\_bot.py", line 704, in _post
    return await self._do_post(
           ^^^^^^^^^^^^^^^^^^^^
    ...<6 lines>...
    )
    ^
  File "C:\Users\Suhrob\ollama_chat\.venv\Lib\site-packages\telegram\ext\_extbot.py", line 370, in _do_post
    return await super()._do_post(
           ^^^^^^^^^^^^^^^^^^^^^^^
    ...<6 lines>...
    )
    ^
  File "C:\Users\Suhrob\ollama_chat\.venv\Lib\site-packages\telegram\_bot.py", line 733, in _do_post
    result = await request.post(
             ^^^^^^^^^^^^^^^^^^^
    ...<6 lines>...
    )
    ^
  File "C:\Users\Suhrob\ollama_chat\.venv\Lib\site-packages\telegram\request\_baserequest.py", line 198, in post
    result = await self._request_wrapper(
             ^^^^^^^^^^^^^^^^^^^^^^^^^^^^
    ...<7 lines>...
    )
    ^
  File "C:\Users\Suhrob\ollama_chat\.venv\Lib\site-packages\telegram\request\_baserequest.py", line 305, in _request_wrapper
    code, payload = await self.do_request(
                    ^^^^^^^^^^^^^^^^^^^^^^
    ...<7 lines>...
    )
    ^
  File "C:\Users\Suhrob\ollama_chat\.venv\Lib\site-packages\telegram\request\_httpxrequest.py", line 303, in do_request
    raise NetworkError(f"httpx.{err.__class__.__name__}: {err}") from err
telegram.error.NetworkError: httpx.ConnectError: [Errno 11001] getaddrinfo failed
2026-05-12 08:56:33 | INFO     | HTTP Request: POST https://api.telegram.org/bot8257984718:AAGMaRpeBDzAYTp_sbQ2MifX8HJ0QNYq_bk/getUpdates "HTTP/1.1 200 OK"
2026-05-12 08:56:44 | INFO     | HTTP Request: POST https://api.telegram.org/bot8257984718:AAGMaRpeBDzAYTp_sbQ2MifX8HJ0QNYq_bk/getUpdates "HTTP/1.1 200 OK"
2026-05-12 08:56:55 | INFO     | HTTP Request: POST https://api.telegram.org/bot8257984718:AAGMaRpeBDzAYTp_sbQ2MifX8HJ0QNYq_bk/getUpdates "HTTP/1.1 200 OK"
2026-05-12 08:57:05 | INFO     | HTTP Request: POST https://api.telegram.org/bot8257984718:AAGMaRpeBDzAYTp_sbQ2MifX8HJ0QNYq_bk/getUpdates "HTTP/1.1 200 OK"
2026-05-12 08:57:19 | INFO     | HTTP Request: POST https://api.telegram.org/bot8257984718:AAGMaRpeBDzAYTp_sbQ2MifX8HJ0QNYq_bk/getUpdates "HTTP/1.1 200 OK"
2026-05-12 08:57:29 | INFO     | HTTP Request: POST https://api.telegram.org/bot8257984718:AAGMaRpeBDzAYTp_sbQ2MifX8HJ0QNYq_bk/getUpdates "HTTP/1.1 200 OK"
2026-05-12 08:57:41 | INFO     | HTTP Request: POST https://api.telegram.org/bot8257984718:AAGMaRpeBDzAYTp_sbQ2MifX8HJ0QNYq_bk/getUpdates "HTTP/1.1 200 OK"
2026-05-12 08:57:54 | INFO     | HTTP Request: POST https://api.telegram.org/bot8257984718:AAGMaRpeBDzAYTp_sbQ2MifX8HJ0QNYq_bk/getUpdates "HTTP/1.1 200 OK"
2026-05-12 08:58:24 | INFO     | HTTP Request: POST https://api.telegram.org/bot8257984718:AAGMaRpeBDzAYTp_sbQ2MifX8HJ0QNYq_bk/getUpdates "HTTP/1.1 200 OK"
2026-05-12 08:58:34 | INFO     | HTTP Request: POST https://api.telegram.org/bot8257984718:AAGMaRpeBDzAYTp_sbQ2MifX8HJ0QNYq_bk/getUpdates "HTTP/1.1 200 OK"
2026-05-12 08:58:45 | INFO     | HTTP Request: POST https://api.telegram.org/bot8257984718:AAGMaRpeBDzAYTp_sbQ2MifX8HJ0QNYq_bk/getUpdates "HTTP/1.1 200 OK"
2026-05-12 08:58:56 | INFO     | HTTP Request: POST https://api.telegram.org/bot8257984718:AAGMaRpeBDzAYTp_sbQ2MifX8HJ0QNYq_bk/getUpdates "HTTP/1.1 200 OK"
2026-05-12 08:59:08 | INFO     | HTTP Request: POST https://api.telegram.org/bot8257984718:AAGMaRpeBDzAYTp_sbQ2MifX8HJ0QNYq_bk/getUpdates "HTTP/1.1 200 OK"
2026-05-12 08:59:35 | INFO     | HTTP Request: POST https://api.telegram.org/bot8257984718:AAGMaRpeBDzAYTp_sbQ2MifX8HJ0QNYq_bk/getUpdates "HTTP/1.1 200 OK"
2026-05-12 08:59:45 | INFO     | HTTP Request: POST https://api.telegram.org/bot8257984718:AAGMaRpeBDzAYTp_sbQ2MifX8HJ0QNYq_bk/getUpdates "HTTP/1.1 200 OK"
2026-05-12 09:00:04 | INFO     | HTTP Request: POST https://api.telegram.org/bot8257984718:AAGMaRpeBDzAYTp_sbQ2MifX8HJ0QNYq_bk/getUpdates "HTTP/1.1 200 OK"
2026-05-12 09:00:04 | INFO     | Application is stopping. This might take a moment.
2026-05-12 09:00:04 | INFO     | Application.stop() complete
2026-05-12 12:25:22 | INFO     | DonishAI v7.0 started | model=qwen2.5:3b
2026-05-12 12:25:23 | ERROR    | Network Retry Loop (Bootstrap Initialize Application): Failed run number 0 of 0. Aborting.
Traceback (most recent call last):
  File "C:\Users\Suhrob\ollama_chat\.venv\Lib\site-packages\httpx\_transports\default.py", line 101, in map_httpcore_exceptions
    yield
  File "C:\Users\Suhrob\ollama_chat\.venv\Lib\site-packages\httpx\_transports\default.py", line 394, in handle_async_request
    resp = await self._pool.handle_async_request(req)
           ^^^^^^^^^^^^^^^^^^^^^^^^^^^^^^^^^^^^^^^^^^
  File "C:\Users\Suhrob\ollama_chat\.venv\Lib\site-packages\httpcore\_async\connection_pool.py", line 256, in handle_async_request
    raise exc from None
  File "C:\Users\Suhrob\ollama_chat\.venv\Lib\site-packages\httpcore\_async\connection_pool.py", line 236, in handle_async_request
    response = await connection.handle_async_request(
               ^^^^^^^^^^^^^^^^^^^^^^^^^^^^^^^^^^^^^^
        pool_request.request
        ^^^^^^^^^^^^^^^^^^^^
    )
    ^
  File "C:\Users\Suhrob\ollama_chat\.venv\Lib\site-packages\httpcore\_async\connection.py", line 101, in handle_async_request
    raise exc
  File "C:\Users\Suhrob\ollama_chat\.venv\Lib\site-packages\httpcore\_async\connection.py", line 78, in handle_async_request
    stream = await self._connect(request)
             ^^^^^^^^^^^^^^^^^^^^^^^^^^^^
  File "C:\Users\Suhrob\ollama_chat\.venv\Lib\site-packages\httpcore\_async\connection.py", line 124, in _connect
    stream = await self._network_backend.connect_tcp(**kwargs)
             ^^^^^^^^^^^^^^^^^^^^^^^^^^^^^^^^^^^^^^^^^^^^^^^^^
  File "C:\Users\Suhrob\ollama_chat\.venv\Lib\site-packages\httpcore\_backends\auto.py", line 31, in connect_tcp
    return await self._backend.connect_tcp(
           ^^^^^^^^^^^^^^^^^^^^^^^^^^^^^^^^
    ...<5 lines>...
    )
    ^
  File "C:\Users\Suhrob\ollama_chat\.venv\Lib\site-packages\httpcore\_backends\anyio.py", line 113, in connect_tcp
    with map_exceptions(exc_map):
         ~~~~~~~~~~~~~~^^^^^^^^^
  File "C:\Users\Suhrob\AppData\Local\Python\pythoncore-3.14-64\Lib\contextlib.py", line 162, in __exit__
    self.gen.throw(value)
    ~~~~~~~~~~~~~~^^^^^^^
  File "C:\Users\Suhrob\ollama_chat\.venv\Lib\site-packages\httpcore\_exceptions.py", line 14, in map_exceptions
    raise to_exc(exc) from exc
httpcore.ConnectError: [Errno 11001] getaddrinfo failed

The above exception was the direct cause of the following exception:

Traceback (most recent call last):
  File "C:\Users\Suhrob\ollama_chat\.venv\Lib\site-packages\telegram\request\_httpxrequest.py", line 279, in do_request
    res = await self._client.request(
          ^^^^^^^^^^^^^^^^^^^^^^^^^^^
    ...<6 lines>...
    )
    ^
  File "C:\Users\Suhrob\ollama_chat\.venv\Lib\site-packages\httpx\_client.py", line 1540, in request
    return await self.send(request, auth=auth, follow_redirects=follow_redirects)
           ^^^^^^^^^^^^^^^^^^^^^^^^^^^^^^^^^^^^^^^^^^^^^^^^^^^^^^^^^^^^^^^^^^^^^^
  File "C:\Users\Suhrob\ollama_chat\.venv\Lib\site-packages\httpx\_client.py", line 1629, in send
    response = await self._send_handling_auth(
               ^^^^^^^^^^^^^^^^^^^^^^^^^^^^^^^
    ...<4 lines>...
    )
    ^
  File "C:\Users\Suhrob\ollama_chat\.venv\Lib\site-packages\httpx\_client.py", line 1657, in _send_handling_auth
    response = await self._send_handling_redirects(
               ^^^^^^^^^^^^^^^^^^^^^^^^^^^^^^^^^^^^
    ...<3 lines>...
    )
    ^
  File "C:\Users\Suhrob\ollama_chat\.venv\Lib\site-packages\httpx\_client.py", line 1694, in _send_handling_redirects
    response = await self._send_single_request(request)
               ^^^^^^^^^^^^^^^^^^^^^^^^^^^^^^^^^^^^^^^^
  File "C:\Users\Suhrob\ollama_chat\.venv\Lib\site-packages\httpx\_client.py", line 1730, in _send_single_request
    response = await transport.handle_async_request(request)
               ^^^^^^^^^^^^^^^^^^^^^^^^^^^^^^^^^^^^^^^^^^^^^
  File "C:\Users\Suhrob\ollama_chat\.venv\Lib\site-packages\httpx\_transports\default.py", line 393, in handle_async_request
    with map_httpcore_exceptions():
         ~~~~~~~~~~~~~~~~~~~~~~~^^
  File "C:\Users\Suhrob\AppData\Local\Python\pythoncore-3.14-64\Lib\contextlib.py", line 162, in __exit__
    self.gen.throw(value)
    ~~~~~~~~~~~~~~^^^^^^^
  File "C:\Users\Suhrob\ollama_chat\.venv\Lib\site-packages\httpx\_transports\default.py", line 118, in map_httpcore_exceptions
    raise mapped_exc(message) from exc
httpx.ConnectError: [Errno 11001] getaddrinfo failed

The above exception was the direct cause of the following exception:

Traceback (most recent call last):
  File "C:\Users\Suhrob\ollama_chat\.venv\Lib\site-packages\telegram\ext\_utils\networkloop.py", line 161, in network_retry_loop
    await do_action()
  File "C:\Users\Suhrob\ollama_chat\.venv\Lib\site-packages\telegram\ext\_utils\networkloop.py", line 136, in do_action
    await action_cb()
  File "C:\Users\Suhrob\ollama_chat\.venv\Lib\site-packages\telegram\ext\_application.py", line 489, in initialize
    await self.bot.initialize()
  File "C:\Users\Suhrob\ollama_chat\.venv\Lib\site-packages\telegram\ext\_extbot.py", line 316, in initialize
    await super().initialize()
  File "C:\Users\Suhrob\ollama_chat\.venv\Lib\site-packages\telegram\_bot.py", line 857, in initialize
    await self.get_me()
  File "C:\Users\Suhrob\ollama_chat\.venv\Lib\site-packages\telegram\ext\_extbot.py", line 2008, in get_me
    return await super().get_me(
           ^^^^^^^^^^^^^^^^^^^^^
    ...<5 lines>...
    )
    ^
  File "C:\Users\Suhrob\ollama_chat\.venv\Lib\site-packages\telegram\_bot.py", line 990, in get_me
    result = await self._post(
             ^^^^^^^^^^^^^^^^^
    ...<6 lines>...
    )
    ^
  File "C:\Users\Suhrob\ollama_chat\.venv\Lib\site-packages\telegram\_bot.py", line 704, in _post
    return await self._do_post(
           ^^^^^^^^^^^^^^^^^^^^
    ...<6 lines>...
    )
    ^
  File "C:\Users\Suhrob\ollama_chat\.venv\Lib\site-packages\telegram\ext\_extbot.py", line 370, in _do_post
    return await super()._do_post(
           ^^^^^^^^^^^^^^^^^^^^^^^
    ...<6 lines>...
    )
    ^
  File "C:\Users\Suhrob\ollama_chat\.venv\Lib\site-packages\telegram\_bot.py", line 733, in _do_post
    result = await request.post(
             ^^^^^^^^^^^^^^^^^^^
    ...<6 lines>...
    )
    ^
  File "C:\Users\Suhrob\ollama_chat\.venv\Lib\site-packages\telegram\request\_baserequest.py", line 198, in post
    result = await self._request_wrapper(
             ^^^^^^^^^^^^^^^^^^^^^^^^^^^^
    ...<7 lines>...
    )
    ^
  File "C:\Users\Suhrob\ollama_chat\.venv\Lib\site-packages\telegram\request\_baserequest.py", line 305, in _request_wrapper
    code, payload = await self.do_request(
                    ^^^^^^^^^^^^^^^^^^^^^^
    ...<7 lines>...
    )
    ^
  File "C:\Users\Suhrob\ollama_chat\.venv\Lib\site-packages\telegram\request\_httpxrequest.py", line 303, in do_request
    raise NetworkError(f"httpx.{err.__class__.__name__}: {err}") from err
telegram.error.NetworkError: httpx.ConnectError: [Errno 11001] getaddrinfo failed
2026-05-12 12:26:18 | INFO     | DonishAI v7.0 started | model=qwen2.5:3b
2026-05-12 12:26:20 | INFO     | HTTP Request: POST https://api.telegram.org/bot8223900828:AAGNG00joY9NKJRy9RnQSFq0St6kq9cZnCs/getMe "HTTP/1.1 200 OK"
2026-05-12 12:26:21 | INFO     | HTTP Request: POST https://api.telegram.org/bot8223900828:AAGNG00joY9NKJRy9RnQSFq0St6kq9cZnCs/deleteWebhook "HTTP/1.1 200 OK"
2026-05-12 12:26:21 | INFO     | Application started
2026-05-12 12:26:31 | INFO     | HTTP Request: POST https://api.telegram.org/bot8223900828:AAGNG00joY9NKJRy9RnQSFq0St6kq9cZnCs/getUpdates "HTTP/1.1 200 OK"
2026-05-12 12:26:41 | INFO     | HTTP Request: POST https://api.telegram.org/bot8223900828:AAGNG00joY9NKJRy9RnQSFq0St6kq9cZnCs/getUpdates "HTTP/1.1 200 OK"
2026-05-12 12:26:50 | INFO     | HTTP Request: POST https://api.telegram.org/bot8223900828:AAGNG00joY9NKJRy9RnQSFq0St6kq9cZnCs/getUpdates "HTTP/1.1 200 OK"
2026-05-12 12:26:50 | INFO     | START | user=2057476178
2026-05-12 12:26:50 | INFO     | HTTP Request: POST https://api.telegram.org/bot8223900828:AAGNG00joY9NKJRy9RnQSFq0St6kq9cZnCs/sendMessage "HTTP/1.1 200 OK"
2026-05-12 12:27:00 | INFO     | HTTP Request: POST https://api.telegram.org/bot8223900828:AAGNG00joY9NKJRy9RnQSFq0St6kq9cZnCs/getUpdates "HTTP/1.1 200 OK"
2026-05-12 12:27:03 | INFO     | HTTP Request: POST https://api.telegram.org/bot8223900828:AAGNG00joY9NKJRy9RnQSFq0St6kq9cZnCs/getUpdates "HTTP/1.1 200 OK"
2026-05-12 12:27:04 | INFO     | HTTP Request: POST https://api.telegram.org/bot8223900828:AAGNG00joY9NKJRy9RnQSFq0St6kq9cZnCs/sendChatAction "HTTP/1.1 200 OK"
2026-05-12 12:27:13 | INFO     | HTTP Request: POST https://api.telegram.org/bot8223900828:AAGNG00joY9NKJRy9RnQSFq0St6kq9cZnCs/getUpdates "HTTP/1.1 200 OK"
2026-05-12 12:27:14 | INFO     | HTTP Request: POST http://localhost:11434/api/chat "HTTP/1.1 200 OK"
2026-05-12 12:27:14 | INFO     | OK | model=qwen2.5:3b | 10.4s | attempt=1
2026-05-12 12:27:14 | INFO     | MSG | user=2057476178 | model=qwen2.5:3b | len=11 | 10.4s
2026-05-12 12:27:16 | INFO     | HTTP Request: POST https://api.telegram.org/bot8223900828:AAGNG00joY9NKJRy9RnQSFq0St6kq9cZnCs/sendMessage "HTTP/1.1 200 OK"
2026-05-12 12:27:23 | INFO     | HTTP Request: POST https://api.telegram.org/bot8223900828:AAGNG00joY9NKJRy9RnQSFq0St6kq9cZnCs/getUpdates "HTTP/1.1 200 OK"
2026-05-12 12:27:30 | INFO     | HTTP Request: POST https://api.telegram.org/bot8223900828:AAGNG00joY9NKJRy9RnQSFq0St6kq9cZnCs/getUpdates "HTTP/1.1 200 OK"
2026-05-12 12:27:31 | INFO     | HTTP Request: POST https://api.telegram.org/bot8223900828:AAGNG00joY9NKJRy9RnQSFq0St6kq9cZnCs/sendChatAction "HTTP/1.1 200 OK"
2026-05-12 12:27:34 | INFO     | HTTP Request: POST http://localhost:11434/api/chat "HTTP/1.1 200 OK"
2026-05-12 12:27:34 | INFO     | OK | model=qwen2.5:3b | 3.2s | attempt=1
2026-05-12 12:27:34 | INFO     | MSG | user=2057476178 | model=qwen2.5:3b | len=29 | 3.2s
2026-05-12 12:27:34 | INFO     | HTTP Request: POST https://api.telegram.org/bot8223900828:AAGNG00joY9NKJRy9RnQSFq0St6kq9cZnCs/sendMessage "HTTP/1.1 200 OK"
2026-05-12 12:27:40 | INFO     | HTTP Request: POST https://api.telegram.org/bot8223900828:AAGNG00joY9NKJRy9RnQSFq0St6kq9cZnCs/getUpdates "HTTP/1.1 200 OK"
2026-05-12 12:27:50 | INFO     | HTTP Request: POST https://api.telegram.org/bot8223900828:AAGNG00joY9NKJRy9RnQSFq0St6kq9cZnCs/getUpdates "HTTP/1.1 200 OK"
2026-05-12 12:28:00 | INFO     | HTTP Request: POST https://api.telegram.org/bot8223900828:AAGNG00joY9NKJRy9RnQSFq0St6kq9cZnCs/getUpdates "HTTP/1.1 200 OK"
2026-05-12 12:28:11 | INFO     | HTTP Request: POST https://api.telegram.org/bot8223900828:AAGNG00joY9NKJRy9RnQSFq0St6kq9cZnCs/getUpdates "HTTP/1.1 200 OK"
2026-05-12 12:28:21 | INFO     | HTTP Request: POST https://api.telegram.org/bot8223900828:AAGNG00joY9NKJRy9RnQSFq0St6kq9cZnCs/getUpdates "HTTP/1.1 200 OK"
2026-05-12 12:28:31 | INFO     | HTTP Request: POST https://api.telegram.org/bot8223900828:AAGNG00joY9NKJRy9RnQSFq0St6kq9cZnCs/getUpdates "HTTP/1.1 200 OK"
2026-05-12 12:28:41 | INFO     | HTTP Request: POST https://api.telegram.org/bot8223900828:AAGNG00joY9NKJRy9RnQSFq0St6kq9cZnCs/getUpdates "HTTP/1.1 200 OK"
2026-05-12 12:28:52 | INFO     | HTTP Request: POST https://api.telegram.org/bot8223900828:AAGNG00joY9NKJRy9RnQSFq0St6kq9cZnCs/getUpdates "HTTP/1.1 200 OK"
2026-05-12 12:29:02 | INFO     | HTTP Request: POST https://api.telegram.org/bot8223900828:AAGNG00joY9NKJRy9RnQSFq0St6kq9cZnCs/getUpdates "HTTP/1.1 200 OK"
2026-05-12 12:29:04 | INFO     | HTTP Request: POST https://api.telegram.org/bot8223900828:AAGNG00joY9NKJRy9RnQSFq0St6kq9cZnCs/getUpdates "HTTP/1.1 200 OK"
2026-05-12 12:29:05 | INFO     | HTTP Request: POST https://api.telegram.org/bot8223900828:AAGNG00joY9NKJRy9RnQSFq0St6kq9cZnCs/sendChatAction "HTTP/1.1 200 OK"
2026-05-12 12:29:09 | INFO     | HTTP Request: POST http://localhost:11434/api/chat "HTTP/1.1 200 OK"
2026-05-12 12:29:09 | INFO     | OK | model=qwen2.5:3b | 4.3s | attempt=1
2026-05-12 12:29:09 | INFO     | MSG | user=2057476178 | model=qwen2.5:3b | len=192 | 4.3s
2026-05-12 12:29:09 | INFO     | HTTP Request: POST https://api.telegram.org/bot8223900828:AAGNG00joY9NKJRy9RnQSFq0St6kq9cZnCs/sendMessage "HTTP/1.1 200 OK"
2026-05-12 12:29:14 | INFO     | HTTP Request: POST https://api.telegram.org/bot8223900828:AAGNG00joY9NKJRy9RnQSFq0St6kq9cZnCs/getUpdates "HTTP/1.1 200 OK"
2026-05-12 12:29:24 | INFO     | HTTP Request: POST https://api.telegram.org/bot8223900828:AAGNG00joY9NKJRy9RnQSFq0St6kq9cZnCs/getUpdates "HTTP/1.1 200 OK"
2026-05-12 12:29:34 | INFO     | HTTP Request: POST https://api.telegram.org/bot8223900828:AAGNG00joY9NKJRy9RnQSFq0St6kq9cZnCs/getUpdates "HTTP/1.1 200 OK"
2026-05-12 12:29:44 | INFO     | HTTP Request: POST https://api.telegram.org/bot8223900828:AAGNG00joY9NKJRy9RnQSFq0St6kq9cZnCs/getUpdates "HTTP/1.1 200 OK"
2026-05-12 12:29:55 | INFO     | HTTP Request: POST https://api.telegram.org/bot8223900828:AAGNG00joY9NKJRy9RnQSFq0St6kq9cZnCs/getUpdates "HTTP/1.1 200 OK"
2026-05-12 12:30:05 | INFO     | HTTP Request: POST https://api.telegram.org/bot8223900828:AAGNG00joY9NKJRy9RnQSFq0St6kq9cZnCs/getUpdates "HTTP/1.1 200 OK"
2026-05-12 12:30:15 | INFO     | HTTP Request: POST https://api.telegram.org/bot8223900828:AAGNG00joY9NKJRy9RnQSFq0St6kq9cZnCs/getUpdates "HTTP/1.1 200 OK"
2026-05-12 12:30:25 | INFO     | HTTP Request: POST https://api.telegram.org/bot8223900828:AAGNG00joY9NKJRy9RnQSFq0St6kq9cZnCs/getUpdates "HTTP/1.1 200 OK"
2026-05-12 12:30:35 | INFO     | HTTP Request: POST https://api.telegram.org/bot8223900828:AAGNG00joY9NKJRy9RnQSFq0St6kq9cZnCs/getUpdates "HTTP/1.1 200 OK"
2026-05-12 12:30:45 | INFO     | HTTP Request: POST https://api.telegram.org/bot8223900828:AAGNG00joY9NKJRy9RnQSFq0St6kq9cZnCs/getUpdates "HTTP/1.1 200 OK"
2026-05-12 12:30:56 | INFO     | HTTP Request: POST https://api.telegram.org/bot8223900828:AAGNG00joY9NKJRy9RnQSFq0St6kq9cZnCs/getUpdates "HTTP/1.1 200 OK"
2026-05-12 12:31:06 | INFO     | HTTP Request: POST https://api.telegram.org/bot8223900828:AAGNG00joY9NKJRy9RnQSFq0St6kq9cZnCs/getUpdates "HTTP/1.1 200 OK"
2026-05-12 12:31:17 | INFO     | HTTP Request: POST https://api.telegram.org/bot8223900828:AAGNG00joY9NKJRy9RnQSFq0St6kq9cZnCs/getUpdates "HTTP/1.1 200 OK"
2026-05-12 12:31:27 | INFO     | HTTP Request: POST https://api.telegram.org/bot8223900828:AAGNG00joY9NKJRy9RnQSFq0St6kq9cZnCs/getUpdates "HTTP/1.1 200 OK"
2026-05-12 12:31:38 | INFO     | HTTP Request: POST https://api.telegram.org/bot8223900828:AAGNG00joY9NKJRy9RnQSFq0St6kq9cZnCs/getUpdates "HTTP/1.1 200 OK"
2026-05-12 12:31:48 | INFO     | HTTP Request: POST https://api.telegram.org/bot8223900828:AAGNG00joY9NKJRy9RnQSFq0St6kq9cZnCs/getUpdates "HTTP/1.1 200 OK"
2026-05-12 12:31:58 | INFO     | HTTP Request: POST https://api.telegram.org/bot8223900828:AAGNG00joY9NKJRy9RnQSFq0St6kq9cZnCs/getUpdates "HTTP/1.1 200 OK"
2026-05-12 12:32:08 | INFO     | HTTP Request: POST https://api.telegram.org/bot8223900828:AAGNG00joY9NKJRy9RnQSFq0St6kq9cZnCs/getUpdates "HTTP/1.1 200 OK"
2026-05-12 12:32:18 | INFO     | HTTP Request: POST https://api.telegram.org/bot8223900828:AAGNG00joY9NKJRy9RnQSFq0St6kq9cZnCs/getUpdates "HTTP/1.1 200 OK"
2026-05-12 12:32:28 | INFO     | HTTP Request: POST https://api.telegram.org/bot8223900828:AAGNG00joY9NKJRy9RnQSFq0St6kq9cZnCs/getUpdates "HTTP/1.1 200 OK"
2026-05-12 12:32:39 | INFO     | HTTP Request: POST https://api.telegram.org/bot8223900828:AAGNG00joY9NKJRy9RnQSFq0St6kq9cZnCs/getUpdates "HTTP/1.1 200 OK"
2026-05-12 12:32:49 | INFO     | HTTP Request: POST https://api.telegram.org/bot8223900828:AAGNG00joY9NKJRy9RnQSFq0St6kq9cZnCs/getUpdates "HTTP/1.1 200 OK"
2026-05-12 12:32:59 | INFO     | HTTP Request: POST https://api.telegram.org/bot8223900828:AAGNG00joY9NKJRy9RnQSFq0St6kq9cZnCs/getUpdates "HTTP/1.1 200 OK"
2026-05-12 12:33:09 | INFO     | HTTP Request: POST https://api.telegram.org/bot8223900828:AAGNG00joY9NKJRy9RnQSFq0St6kq9cZnCs/getUpdates "HTTP/1.1 200 OK"
2026-05-12 12:33:19 | INFO     | HTTP Request: POST https://api.telegram.org/bot8223900828:AAGNG00joY9NKJRy9RnQSFq0St6kq9cZnCs/getUpdates "HTTP/1.1 200 OK"
2026-05-12 12:33:30 | INFO     | HTTP Request: POST https://api.telegram.org/bot8223900828:AAGNG00joY9NKJRy9RnQSFq0St6kq9cZnCs/getUpdates "HTTP/1.1 200 OK"
2026-05-12 12:33:40 | INFO     | HTTP Request: POST https://api.telegram.org/bot8223900828:AAGNG00joY9NKJRy9RnQSFq0St6kq9cZnCs/getUpdates "HTTP/1.1 200 OK"
2026-05-12 12:33:51 | INFO     | HTTP Request: POST https://api.telegram.org/bot8223900828:AAGNG00joY9NKJRy9RnQSFq0St6kq9cZnCs/getUpdates "HTTP/1.1 200 OK"
2026-05-12 12:34:01 | INFO     | HTTP Request: POST https://api.telegram.org/bot8223900828:AAGNG00joY9NKJRy9RnQSFq0St6kq9cZnCs/getUpdates "HTTP/1.1 200 OK"
2026-05-12 12:34:11 | INFO     | HTTP Request: POST https://api.telegram.org/bot8223900828:AAGNG00joY9NKJRy9RnQSFq0St6kq9cZnCs/getUpdates "HTTP/1.1 200 OK"
2026-05-12 12:34:21 | INFO     | HTTP Request: POST https://api.telegram.org/bot8223900828:AAGNG00joY9NKJRy9RnQSFq0St6kq9cZnCs/getUpdates "HTTP/1.1 200 OK"
2026-05-12 12:34:31 | INFO     | HTTP Request: POST https://api.telegram.org/bot8223900828:AAGNG00joY9NKJRy9RnQSFq0St6kq9cZnCs/getUpdates "HTTP/1.1 200 OK"
2026-05-12 12:34:41 | INFO     | HTTP Request: POST https://api.telegram.org/bot8223900828:AAGNG00joY9NKJRy9RnQSFq0St6kq9cZnCs/getUpdates "HTTP/1.1 200 OK"
2026-05-12 12:34:52 | INFO     | HTTP Request: POST https://api.telegram.org/bot8223900828:AAGNG00joY9NKJRy9RnQSFq0St6kq9cZnCs/getUpdates "HTTP/1.1 200 OK"
2026-05-12 12:35:02 | INFO     | HTTP Request: POST https://api.telegram.org/bot8223900828:AAGNG00joY9NKJRy9RnQSFq0St6kq9cZnCs/getUpdates "HTTP/1.1 200 OK"
2026-05-12 12:35:12 | INFO     | HTTP Request: POST https://api.telegram.org/bot8223900828:AAGNG00joY9NKJRy9RnQSFq0St6kq9cZnCs/getUpdates "HTTP/1.1 200 OK"
2026-05-12 12:35:22 | INFO     | HTTP Request: POST https://api.telegram.org/bot8223900828:AAGNG00joY9NKJRy9RnQSFq0St6kq9cZnCs/getUpdates "HTTP/1.1 200 OK"
2026-05-12 12:35:32 | INFO     | HTTP Request: POST https://api.telegram.org/bot8223900828:AAGNG00joY9NKJRy9RnQSFq0St6kq9cZnCs/getUpdates "HTTP/1.1 200 OK"
2026-05-12 12:35:42 | INFO     | HTTP Request: POST https://api.telegram.org/bot8223900828:AAGNG00joY9NKJRy9RnQSFq0St6kq9cZnCs/getUpdates "HTTP/1.1 200 OK"
2026-05-12 12:35:53 | INFO     | HTTP Request: POST https://api.telegram.org/bot8223900828:AAGNG00joY9NKJRy9RnQSFq0St6kq9cZnCs/getUpdates "HTTP/1.1 200 OK"
2026-05-12 12:36:03 | INFO     | HTTP Request: POST https://api.telegram.org/bot8223900828:AAGNG00joY9NKJRy9RnQSFq0St6kq9cZnCs/getUpdates "HTTP/1.1 200 OK"
2026-05-12 12:36:13 | INFO     | HTTP Request: POST https://api.telegram.org/bot8223900828:AAGNG00joY9NKJRy9RnQSFq0St6kq9cZnCs/getUpdates "HTTP/1.1 200 OK"
2026-05-12 12:36:24 | INFO     | HTTP Request: POST https://api.telegram.org/bot8223900828:AAGNG00joY9NKJRy9RnQSFq0St6kq9cZnCs/getUpdates "HTTP/1.1 200 OK"
2026-05-12 12:36:34 | INFO     | HTTP Request: POST https://api.telegram.org/bot8223900828:AAGNG00joY9NKJRy9RnQSFq0St6kq9cZnCs/getUpdates "HTTP/1.1 200 OK"
2026-05-12 12:36:44 | INFO     | HTTP Request: POST https://api.telegram.org/bot8223900828:AAGNG00joY9NKJRy9RnQSFq0St6kq9cZnCs/getUpdates "HTTP/1.1 200 OK"
2026-05-12 12:36:54 | INFO     | HTTP Request: POST https://api.telegram.org/bot8223900828:AAGNG00joY9NKJRy9RnQSFq0St6kq9cZnCs/getUpdates "HTTP/1.1 200 OK"
2026-05-12 12:37:04 | INFO     | HTTP Request: POST https://api.telegram.org/bot8223900828:AAGNG00joY9NKJRy9RnQSFq0St6kq9cZnCs/getUpdates "HTTP/1.1 200 OK"
2026-05-12 12:37:15 | INFO     | HTTP Request: POST https://api.telegram.org/bot8223900828:AAGNG00joY9NKJRy9RnQSFq0St6kq9cZnCs/getUpdates "HTTP/1.1 200 OK"
2026-05-12 12:37:25 | INFO     | HTTP Request: POST https://api.telegram.org/bot8223900828:AAGNG00joY9NKJRy9RnQSFq0St6kq9cZnCs/getUpdates "HTTP/1.1 200 OK"
2026-05-12 12:37:35 | INFO     | HTTP Request: POST https://api.telegram.org/bot8223900828:AAGNG00joY9NKJRy9RnQSFq0St6kq9cZnCs/getUpdates "HTTP/1.1 200 OK"
2026-05-12 12:37:45 | INFO     | HTTP Request: POST https://api.telegram.org/bot8223900828:AAGNG00joY9NKJRy9RnQSFq0St6kq9cZnCs/getUpdates "HTTP/1.1 200 OK"
2026-05-12 12:37:55 | INFO     | HTTP Request: POST https://api.telegram.org/bot8223900828:AAGNG00joY9NKJRy9RnQSFq0St6kq9cZnCs/getUpdates "HTTP/1.1 200 OK"
2026-05-12 12:38:06 | INFO     | HTTP Request: POST https://api.telegram.org/bot8223900828:AAGNG00joY9NKJRy9RnQSFq0St6kq9cZnCs/getUpdates "HTTP/1.1 200 OK"
2026-05-12 12:38:12 | INFO     | HTTP Request: POST https://api.telegram.org/bot8223900828:AAGNG00joY9NKJRy9RnQSFq0St6kq9cZnCs/getUpdates "HTTP/1.1 200 OK"
2026-05-12 12:38:13 | INFO     | HTTP Request: POST https://api.telegram.org/bot8223900828:AAGNG00joY9NKJRy9RnQSFq0St6kq9cZnCs/answerCallbackQuery "HTTP/1.1 200 OK"
2026-05-12 12:38:14 | INFO     | HTTP Request: POST https://api.telegram.org/bot8223900828:AAGNG00joY9NKJRy9RnQSFq0St6kq9cZnCs/editMessageReplyMarkup "HTTP/1.1 200 OK"
2026-05-12 12:38:14 | INFO     | HTTP Request: POST https://api.telegram.org/bot8223900828:AAGNG00joY9NKJRy9RnQSFq0St6kq9cZnCs/sendMessage "HTTP/1.1 200 OK"
2026-05-12 12:38:22 | INFO     | HTTP Request: POST https://api.telegram.org/bot8223900828:AAGNG00joY9NKJRy9RnQSFq0St6kq9cZnCs/getUpdates "HTTP/1.1 200 OK"
2026-05-12 12:38:32 | INFO     | HTTP Request: POST https://api.telegram.org/bot8223900828:AAGNG00joY9NKJRy9RnQSFq0St6kq9cZnCs/getUpdates "HTTP/1.1 200 OK"
2026-05-12 12:38:42 | INFO     | HTTP Request: POST https://api.telegram.org/bot8223900828:AAGNG00joY9NKJRy9RnQSFq0St6kq9cZnCs/getUpdates "HTTP/1.1 200 OK"
2026-05-12 12:38:46 | INFO     | HTTP Request: POST https://api.telegram.org/bot8223900828:AAGNG00joY9NKJRy9RnQSFq0St6kq9cZnCs/getUpdates "HTTP/1.1 200 OK"
2026-05-12 12:38:46 | INFO     | HTTP Request: POST https://api.telegram.org/bot8223900828:AAGNG00joY9NKJRy9RnQSFq0St6kq9cZnCs/sendChatAction "HTTP/1.1 200 OK"
2026-05-12 12:38:53 | INFO     | HTTP Request: POST http://localhost:11434/api/chat "HTTP/1.1 200 OK"
2026-05-12 12:38:53 | INFO     | OK | model=qwen2.5:3b | 6.7s | attempt=1
2026-05-12 12:38:53 | INFO     | QUIZ_START | user=2057476178 | topic=физика | model=qwen2.5:3b
2026-05-12 12:38:54 | INFO     | HTTP Request: POST https://api.telegram.org/bot8223900828:AAGNG00joY9NKJRy9RnQSFq0St6kq9cZnCs/sendMessage "HTTP/1.1 200 OK"
2026-05-12 12:38:56 | INFO     | HTTP Request: POST https://api.telegram.org/bot8223900828:AAGNG00joY9NKJRy9RnQSFq0St6kq9cZnCs/getUpdates "HTTP/1.1 200 OK"
2026-05-12 12:39:06 | INFO     | HTTP Request: POST https://api.telegram.org/bot8223900828:AAGNG00joY9NKJRy9RnQSFq0St6kq9cZnCs/getUpdates "HTTP/1.1 200 OK"
2026-05-12 12:39:16 | INFO     | HTTP Request: POST https://api.telegram.org/bot8223900828:AAGNG00joY9NKJRy9RnQSFq0St6kq9cZnCs/getUpdates "HTTP/1.1 200 OK"
2026-05-12 12:39:20 | INFO     | HTTP Request: POST https://api.telegram.org/bot8223900828:AAGNG00joY9NKJRy9RnQSFq0St6kq9cZnCs/getUpdates "HTTP/1.1 200 OK"
2026-05-12 12:39:20 | INFO     | HTTP Request: POST https://api.telegram.org/bot8223900828:AAGNG00joY9NKJRy9RnQSFq0St6kq9cZnCs/sendChatAction "HTTP/1.1 200 OK"
2026-05-12 12:39:23 | INFO     | HTTP Request: POST http://localhost:11434/api/chat "HTTP/1.1 200 OK"
2026-05-12 12:39:23 | INFO     | OK | model=qwen2.5:3b | 2.6s | attempt=1
2026-05-12 12:39:23 | INFO     | QUIZ_EVAL | user=2057476178 | q=2 | model=qwen2.5:3b | 2.6s
2026-05-12 12:39:23 | INFO     | HTTP Request: POST https://api.telegram.org/bot8223900828:AAGNG00joY9NKJRy9RnQSFq0St6kq9cZnCs/sendMessage "HTTP/1.1 200 OK"
2026-05-12 12:39:30 | INFO     | HTTP Request: POST https://api.telegram.org/bot8223900828:AAGNG00joY9NKJRy9RnQSFq0St6kq9cZnCs/getUpdates "HTTP/1.1 200 OK"
2026-05-12 12:39:40 | INFO     | HTTP Request: POST https://api.telegram.org/bot8223900828:AAGNG00joY9NKJRy9RnQSFq0St6kq9cZnCs/getUpdates "HTTP/1.1 200 OK"
2026-05-12 12:39:50 | INFO     | HTTP Request: POST https://api.telegram.org/bot8223900828:AAGNG00joY9NKJRy9RnQSFq0St6kq9cZnCs/getUpdates "HTTP/1.1 200 OK"
2026-05-12 12:40:00 | INFO     | HTTP Request: POST https://api.telegram.org/bot8223900828:AAGNG00joY9NKJRy9RnQSFq0St6kq9cZnCs/getUpdates "HTTP/1.1 200 OK"
2026-05-12 12:40:11 | INFO     | HTTP Request: POST https://api.telegram.org/bot8223900828:AAGNG00joY9NKJRy9RnQSFq0St6kq9cZnCs/getUpdates "HTTP/1.1 200 OK"
2026-05-12 12:40:21 | INFO     | HTTP Request: POST https://api.telegram.org/bot8223900828:AAGNG00joY9NKJRy9RnQSFq0St6kq9cZnCs/getUpdates "HTTP/1.1 200 OK"
2026-05-12 12:40:31 | INFO     | HTTP Request: POST https://api.telegram.org/bot8223900828:AAGNG00joY9NKJRy9RnQSFq0St6kq9cZnCs/getUpdates "HTTP/1.1 200 OK"
2026-05-12 12:40:41 | INFO     | HTTP Request: POST https://api.telegram.org/bot8223900828:AAGNG00joY9NKJRy9RnQSFq0St6kq9cZnCs/getUpdates "HTTP/1.1 200 OK"
2026-05-12 12:40:51 | INFO     | HTTP Request: POST https://api.telegram.org/bot8223900828:AAGNG00joY9NKJRy9RnQSFq0St6kq9cZnCs/getUpdates "HTTP/1.1 200 OK"
2026-05-12 12:41:02 | INFO     | HTTP Request: POST https://api.telegram.org/bot8223900828:AAGNG00joY9NKJRy9RnQSFq0St6kq9cZnCs/getUpdates "HTTP/1.1 200 OK"
2026-05-12 12:41:12 | INFO     | HTTP Request: POST https://api.telegram.org/bot8223900828:AAGNG00joY9NKJRy9RnQSFq0St6kq9cZnCs/getUpdates "HTTP/1.1 200 OK"
2026-05-12 12:41:22 | INFO     | HTTP Request: POST https://api.telegram.org/bot8223900828:AAGNG00joY9NKJRy9RnQSFq0St6kq9cZnCs/getUpdates "HTTP/1.1 200 OK"
2026-05-12 12:41:32 | INFO     | HTTP Request: POST https://api.telegram.org/bot8223900828:AAGNG00joY9NKJRy9RnQSFq0St6kq9cZnCs/getUpdates "HTTP/1.1 200 OK"
2026-05-12 12:41:43 | INFO     | HTTP Request: POST https://api.telegram.org/bot8223900828:AAGNG00joY9NKJRy9RnQSFq0St6kq9cZnCs/getUpdates "HTTP/1.1 200 OK"
2026-05-12 12:41:53 | INFO     | HTTP Request: POST https://api.telegram.org/bot8223900828:AAGNG00joY9NKJRy9RnQSFq0St6kq9cZnCs/getUpdates "HTTP/1.1 200 OK"
2026-05-12 12:42:03 | INFO     | HTTP Request: POST https://api.telegram.org/bot8223900828:AAGNG00joY9NKJRy9RnQSFq0St6kq9cZnCs/getUpdates "HTTP/1.1 200 OK"
2026-05-12 12:42:13 | INFO     | HTTP Request: POST https://api.telegram.org/bot8223900828:AAGNG00joY9NKJRy9RnQSFq0St6kq9cZnCs/getUpdates "HTTP/1.1 200 OK"
2026-05-12 12:42:23 | INFO     | HTTP Request: POST https://api.telegram.org/bot8223900828:AAGNG00joY9NKJRy9RnQSFq0St6kq9cZnCs/getUpdates "HTTP/1.1 200 OK"
2026-05-12 12:42:34 | INFO     | HTTP Request: POST https://api.telegram.org/bot8223900828:AAGNG00joY9NKJRy9RnQSFq0St6kq9cZnCs/getUpdates "HTTP/1.1 200 OK"
2026-05-12 12:42:44 | INFO     | HTTP Request: POST https://api.telegram.org/bot8223900828:AAGNG00joY9NKJRy9RnQSFq0St6kq9cZnCs/getUpdates "HTTP/1.1 200 OK"
2026-05-12 12:42:55 | INFO     | HTTP Request: POST https://api.telegram.org/bot8223900828:AAGNG00joY9NKJRy9RnQSFq0St6kq9cZnCs/getUpdates "HTTP/1.1 200 OK"
2026-05-12 12:43:05 | INFO     | HTTP Request: POST https://api.telegram.org/bot8223900828:AAGNG00joY9NKJRy9RnQSFq0St6kq9cZnCs/getUpdates "HTTP/1.1 200 OK"
2026-05-12 12:43:15 | INFO     | HTTP Request: POST https://api.telegram.org/bot8223900828:AAGNG00joY9NKJRy9RnQSFq0St6kq9cZnCs/getUpdates "HTTP/1.1 200 OK"
2026-05-12 12:43:25 | INFO     | HTTP Request: POST https://api.telegram.org/bot8223900828:AAGNG00joY9NKJRy9RnQSFq0St6kq9cZnCs/getUpdates "HTTP/1.1 200 OK"
2026-05-12 12:43:36 | INFO     | HTTP Request: POST https://api.telegram.org/bot8223900828:AAGNG00joY9NKJRy9RnQSFq0St6kq9cZnCs/getUpdates "HTTP/1.1 200 OK"
2026-05-12 12:43:46 | INFO     | HTTP Request: POST https://api.telegram.org/bot8223900828:AAGNG00joY9NKJRy9RnQSFq0St6kq9cZnCs/getUpdates "HTTP/1.1 200 OK"
2026-05-12 12:43:56 | INFO     | HTTP Request: POST https://api.telegram.org/bot8223900828:AAGNG00joY9NKJRy9RnQSFq0St6kq9cZnCs/getUpdates "HTTP/1.1 200 OK"
2026-05-12 12:44:06 | INFO     | HTTP Request: POST https://api.telegram.org/bot8223900828:AAGNG00joY9NKJRy9RnQSFq0St6kq9cZnCs/getUpdates "HTTP/1.1 200 OK"
2026-05-12 12:44:16 | INFO     | HTTP Request: POST https://api.telegram.org/bot8223900828:AAGNG00joY9NKJRy9RnQSFq0St6kq9cZnCs/getUpdates "HTTP/1.1 200 OK"
2026-05-12 12:44:27 | INFO     | HTTP Request: POST https://api.telegram.org/bot8223900828:AAGNG00joY9NKJRy9RnQSFq0St6kq9cZnCs/getUpdates "HTTP/1.1 200 OK"
2026-05-12 12:44:37 | INFO     | HTTP Request: POST https://api.telegram.org/bot8223900828:AAGNG00joY9NKJRy9RnQSFq0St6kq9cZnCs/getUpdates "HTTP/1.1 200 OK"
2026-05-12 12:44:47 | INFO     | HTTP Request: POST https://api.telegram.org/bot8223900828:AAGNG00joY9NKJRy9RnQSFq0St6kq9cZnCs/getUpdates "HTTP/1.1 200 OK"
2026-05-12 12:44:57 | INFO     | HTTP Request: POST https://api.telegram.org/bot8223900828:AAGNG00joY9NKJRy9RnQSFq0St6kq9cZnCs/getUpdates "HTTP/1.1 200 OK"
2026-05-12 12:45:07 | INFO     | HTTP Request: POST https://api.telegram.org/bot8223900828:AAGNG00joY9NKJRy9RnQSFq0St6kq9cZnCs/getUpdates "HTTP/1.1 200 OK"
2026-05-12 12:45:18 | INFO     | HTTP Request: POST https://api.telegram.org/bot8223900828:AAGNG00joY9NKJRy9RnQSFq0St6kq9cZnCs/getUpdates "HTTP/1.1 200 OK"
2026-05-12 12:45:28 | INFO     | HTTP Request: POST https://api.telegram.org/bot8223900828:AAGNG00joY9NKJRy9RnQSFq0St6kq9cZnCs/getUpdates "HTTP/1.1 200 OK"
2026-05-12 13:14:00 | ERROR    | No error handlers are registered, logging exception.
Traceback (most recent call last):
  File "C:\Users\Suhrob\ollama_chat\.venv\Lib\site-packages\httpx\_transports\default.py", line 101, in map_httpcore_exceptions
    yield
  File "C:\Users\Suhrob\ollama_chat\.venv\Lib\site-packages\httpx\_transports\default.py", line 394, in handle_async_request
    resp = await self._pool.handle_async_request(req)
           ^^^^^^^^^^^^^^^^^^^^^^^^^^^^^^^^^^^^^^^^^^
  File "C:\Users\Suhrob\ollama_chat\.venv\Lib\site-packages\httpcore\_async\connection_pool.py", line 256, in handle_async_request
    raise exc from None
  File "C:\Users\Suhrob\ollama_chat\.venv\Lib\site-packages\httpcore\_async\connection_pool.py", line 236, in handle_async_request
    response = await connection.handle_async_request(
               ^^^^^^^^^^^^^^^^^^^^^^^^^^^^^^^^^^^^^^
        pool_request.request
        ^^^^^^^^^^^^^^^^^^^^
    )
    ^
  File "C:\Users\Suhrob\ollama_chat\.venv\Lib\site-packages\httpcore\_async\connection.py", line 101, in handle_async_request
    raise exc
  File "C:\Users\Suhrob\ollama_chat\.venv\Lib\site-packages\httpcore\_async\connection.py", line 78, in handle_async_request
    stream = await self._connect(request)
             ^^^^^^^^^^^^^^^^^^^^^^^^^^^^
  File "C:\Users\Suhrob\ollama_chat\.venv\Lib\site-packages\httpcore\_async\connection.py", line 124, in _connect
    stream = await self._network_backend.connect_tcp(**kwargs)
             ^^^^^^^^^^^^^^^^^^^^^^^^^^^^^^^^^^^^^^^^^^^^^^^^^
  File "C:\Users\Suhrob\ollama_chat\.venv\Lib\site-packages\httpcore\_backends\auto.py", line 31, in connect_tcp
    return await self._backend.connect_tcp(
           ^^^^^^^^^^^^^^^^^^^^^^^^^^^^^^^^
    ...<5 lines>...
    )
    ^
  File "C:\Users\Suhrob\ollama_chat\.venv\Lib\site-packages\httpcore\_backends\anyio.py", line 113, in connect_tcp
    with map_exceptions(exc_map):
         ~~~~~~~~~~~~~~^^^^^^^^^
  File "C:\Users\Suhrob\AppData\Local\Python\pythoncore-3.14-64\Lib\contextlib.py", line 162, in __exit__
    self.gen.throw(value)
    ~~~~~~~~~~~~~~^^^^^^^
  File "C:\Users\Suhrob\ollama_chat\.venv\Lib\site-packages\httpcore\_exceptions.py", line 14, in map_exceptions
    raise to_exc(exc) from exc
httpcore.ConnectError: [Errno 11001] getaddrinfo failed

The above exception was the direct cause of the following exception:

Traceback (most recent call last):
  File "C:\Users\Suhrob\ollama_chat\.venv\Lib\site-packages\telegram\request\_httpxrequest.py", line 279, in do_request
    res = await self._client.request(
          ^^^^^^^^^^^^^^^^^^^^^^^^^^^
    ...<6 lines>...
    )
    ^
  File "C:\Users\Suhrob\ollama_chat\.venv\Lib\site-packages\httpx\_client.py", line 1540, in request
    return await self.send(request, auth=auth, follow_redirects=follow_redirects)
           ^^^^^^^^^^^^^^^^^^^^^^^^^^^^^^^^^^^^^^^^^^^^^^^^^^^^^^^^^^^^^^^^^^^^^^
  File "C:\Users\Suhrob\ollama_chat\.venv\Lib\site-packages\httpx\_client.py", line 1629, in send
    response = await self._send_handling_auth(
               ^^^^^^^^^^^^^^^^^^^^^^^^^^^^^^^
    ...<4 lines>...
    )
    ^
  File "C:\Users\Suhrob\ollama_chat\.venv\Lib\site-packages\httpx\_client.py", line 1657, in _send_handling_auth
    response = await self._send_handling_redirects(
               ^^^^^^^^^^^^^^^^^^^^^^^^^^^^^^^^^^^^
    ...<3 lines>...
    )
    ^
  File "C:\Users\Suhrob\ollama_chat\.venv\Lib\site-packages\httpx\_client.py", line 1694, in _send_handling_redirects
    response = await self._send_single_request(request)
               ^^^^^^^^^^^^^^^^^^^^^^^^^^^^^^^^^^^^^^^^
  File "C:\Users\Suhrob\ollama_chat\.venv\Lib\site-packages\httpx\_client.py", line 1730, in _send_single_request
    response = await transport.handle_async_request(request)
               ^^^^^^^^^^^^^^^^^^^^^^^^^^^^^^^^^^^^^^^^^^^^^
  File "C:\Users\Suhrob\ollama_chat\.venv\Lib\site-packages\httpx\_transports\default.py", line 393, in handle_async_request
    with map_httpcore_exceptions():
         ~~~~~~~~~~~~~~~~~~~~~~~^^
  File "C:\Users\Suhrob\AppData\Local\Python\pythoncore-3.14-64\Lib\contextlib.py", line 162, in __exit__
    self.gen.throw(value)
    ~~~~~~~~~~~~~~^^^^^^^
  File "C:\Users\Suhrob\ollama_chat\.venv\Lib\site-packages\httpx\_transports\default.py", line 118, in map_httpcore_exceptions
    raise mapped_exc(message) from exc
httpx.ConnectError: [Errno 11001] getaddrinfo failed

The above exception was the direct cause of the following exception:

Traceback (most recent call last):
  File "C:\Users\Suhrob\ollama_chat\.venv\Lib\site-packages\telegram\ext\_utils\networkloop.py", line 161, in network_retry_loop
    await do_action()
  File "C:\Users\Suhrob\ollama_chat\.venv\Lib\site-packages\telegram\ext\_utils\networkloop.py", line 154, in do_action
    action_cb_task.result()
    ~~~~~~~~~~~~~~~~~~~~~^^
  File "C:\Users\Suhrob\ollama_chat\.venv\Lib\site-packages\telegram\ext\_updater.py", line 340, in polling_action_cb
    updates = await self.bot.get_updates(
              ^^^^^^^^^^^^^^^^^^^^^^^^^^^
    ...<3 lines>...
    )
    ^
  File "C:\Users\Suhrob\ollama_chat\.venv\Lib\site-packages\telegram\ext\_extbot.py", line 672, in get_updates
    updates = await super().get_updates(
              ^^^^^^^^^^^^^^^^^^^^^^^^^^
    ...<9 lines>...
    )
    ^
  File "C:\Users\Suhrob\ollama_chat\.venv\Lib\site-packages\telegram\_bot.py", line 4865, in get_updates
    await self._post(
    ^^^^^^^^^^^^^^^^^
    ...<7 lines>...
    ),
    ^
  File "C:\Users\Suhrob\ollama_chat\.venv\Lib\site-packages\telegram\_bot.py", line 704, in _post
    return await self._do_post(
           ^^^^^^^^^^^^^^^^^^^^
    ...<6 lines>...
    )
    ^
  File "C:\Users\Suhrob\ollama_chat\.venv\Lib\site-packages\telegram\ext\_extbot.py", line 370, in _do_post
    return await super()._do_post(
           ^^^^^^^^^^^^^^^^^^^^^^^
    ...<6 lines>...
    )
    ^
  File "C:\Users\Suhrob\ollama_chat\.venv\Lib\site-packages\telegram\_bot.py", line 733, in _do_post
    result = await request.post(
             ^^^^^^^^^^^^^^^^^^^
    ...<6 lines>...
    )
    ^
  File "C:\Users\Suhrob\ollama_chat\.venv\Lib\site-packages\telegram\request\_baserequest.py", line 198, in post
    result = await self._request_wrapper(
             ^^^^^^^^^^^^^^^^^^^^^^^^^^^^
    ...<7 lines>...
    )
    ^
  File "C:\Users\Suhrob\ollama_chat\.venv\Lib\site-packages\telegram\request\_baserequest.py", line 305, in _request_wrapper
    code, payload = await self.do_request(
                    ^^^^^^^^^^^^^^^^^^^^^^
    ...<7 lines>...
    )
    ^
  File "C:\Users\Suhrob\ollama_chat\.venv\Lib\site-packages\telegram\request\_httpxrequest.py", line 303, in do_request
    raise NetworkError(f"httpx.{err.__class__.__name__}: {err}") from err
telegram.error.NetworkError: httpx.ConnectError: [Errno 11001] getaddrinfo failed
2026-05-12 13:14:01 | ERROR    | No error handlers are registered, logging exception.
Traceback (most recent call last):
  File "C:\Users\Suhrob\ollama_chat\.venv\Lib\site-packages\httpx\_transports\default.py", line 101, in map_httpcore_exceptions
    yield
  File "C:\Users\Suhrob\ollama_chat\.venv\Lib\site-packages\httpx\_transports\default.py", line 394, in handle_async_request
    resp = await self._pool.handle_async_request(req)
           ^^^^^^^^^^^^^^^^^^^^^^^^^^^^^^^^^^^^^^^^^^
  File "C:\Users\Suhrob\ollama_chat\.venv\Lib\site-packages\httpcore\_async\connection_pool.py", line 256, in handle_async_request
    raise exc from None
  File "C:\Users\Suhrob\ollama_chat\.venv\Lib\site-packages\httpcore\_async\connection_pool.py", line 236, in handle_async_request
    response = await connection.handle_async_request(
               ^^^^^^^^^^^^^^^^^^^^^^^^^^^^^^^^^^^^^^
        pool_request.request
        ^^^^^^^^^^^^^^^^^^^^
    )
    ^
  File "C:\Users\Suhrob\ollama_chat\.venv\Lib\site-packages\httpcore\_async\connection.py", line 101, in handle_async_request
    raise exc
  File "C:\Users\Suhrob\ollama_chat\.venv\Lib\site-packages\httpcore\_async\connection.py", line 78, in handle_async_request
    stream = await self._connect(request)
             ^^^^^^^^^^^^^^^^^^^^^^^^^^^^
  File "C:\Users\Suhrob\ollama_chat\.venv\Lib\site-packages\httpcore\_async\connection.py", line 124, in _connect
    stream = await self._network_backend.connect_tcp(**kwargs)
             ^^^^^^^^^^^^^^^^^^^^^^^^^^^^^^^^^^^^^^^^^^^^^^^^^
  File "C:\Users\Suhrob\ollama_chat\.venv\Lib\site-packages\httpcore\_backends\auto.py", line 31, in connect_tcp
    return await self._backend.connect_tcp(
           ^^^^^^^^^^^^^^^^^^^^^^^^^^^^^^^^
    ...<5 lines>...
    )
    ^
  File "C:\Users\Suhrob\ollama_chat\.venv\Lib\site-packages\httpcore\_backends\anyio.py", line 113, in connect_tcp
    with map_exceptions(exc_map):
         ~~~~~~~~~~~~~~^^^^^^^^^
  File "C:\Users\Suhrob\AppData\Local\Python\pythoncore-3.14-64\Lib\contextlib.py", line 162, in __exit__
    self.gen.throw(value)
    ~~~~~~~~~~~~~~^^^^^^^
  File "C:\Users\Suhrob\ollama_chat\.venv\Lib\site-packages\httpcore\_exceptions.py", line 14, in map_exceptions
    raise to_exc(exc) from exc
httpcore.ConnectError: [Errno 11001] getaddrinfo failed

The above exception was the direct cause of the following exception:

Traceback (most recent call last):
  File "C:\Users\Suhrob\ollama_chat\.venv\Lib\site-packages\telegram\request\_httpxrequest.py", line 279, in do_request
    res = await self._client.request(
          ^^^^^^^^^^^^^^^^^^^^^^^^^^^
    ...<6 lines>...
    )
    ^
  File "C:\Users\Suhrob\ollama_chat\.venv\Lib\site-packages\httpx\_client.py", line 1540, in request
    return await self.send(request, auth=auth, follow_redirects=follow_redirects)
           ^^^^^^^^^^^^^^^^^^^^^^^^^^^^^^^^^^^^^^^^^^^^^^^^^^^^^^^^^^^^^^^^^^^^^^
  File "C:\Users\Suhrob\ollama_chat\.venv\Lib\site-packages\httpx\_client.py", line 1629, in send
    response = await self._send_handling_auth(
               ^^^^^^^^^^^^^^^^^^^^^^^^^^^^^^^
    ...<4 lines>...
    )
    ^
  File "C:\Users\Suhrob\ollama_chat\.venv\Lib\site-packages\httpx\_client.py", line 1657, in _send_handling_auth
    response = await self._send_handling_redirects(
               ^^^^^^^^^^^^^^^^^^^^^^^^^^^^^^^^^^^^
    ...<3 lines>...
    )
    ^
  File "C:\Users\Suhrob\ollama_chat\.venv\Lib\site-packages\httpx\_client.py", line 1694, in _send_handling_redirects
    response = await self._send_single_request(request)
               ^^^^^^^^^^^^^^^^^^^^^^^^^^^^^^^^^^^^^^^^
  File "C:\Users\Suhrob\ollama_chat\.venv\Lib\site-packages\httpx\_client.py", line 1730, in _send_single_request
    response = await transport.handle_async_request(request)
               ^^^^^^^^^^^^^^^^^^^^^^^^^^^^^^^^^^^^^^^^^^^^^
  File "C:\Users\Suhrob\ollama_chat\.venv\Lib\site-packages\httpx\_transports\default.py", line 393, in handle_async_request
    with map_httpcore_exceptions():
         ~~~~~~~~~~~~~~~~~~~~~~~^^
  File "C:\Users\Suhrob\AppData\Local\Python\pythoncore-3.14-64\Lib\contextlib.py", line 162, in __exit__
    self.gen.throw(value)
    ~~~~~~~~~~~~~~^^^^^^^
  File "C:\Users\Suhrob\ollama_chat\.venv\Lib\site-packages\httpx\_transports\default.py", line 118, in map_httpcore_exceptions
    raise mapped_exc(message) from exc
httpx.ConnectError: [Errno 11001] getaddrinfo failed

The above exception was the direct cause of the following exception:

Traceback (most recent call last):
  File "C:\Users\Suhrob\ollama_chat\.venv\Lib\site-packages\telegram\ext\_utils\networkloop.py", line 161, in network_retry_loop
    await do_action()
  File "C:\Users\Suhrob\ollama_chat\.venv\Lib\site-packages\telegram\ext\_utils\networkloop.py", line 154, in do_action
    action_cb_task.result()
    ~~~~~~~~~~~~~~~~~~~~~^^
  File "C:\Users\Suhrob\ollama_chat\.venv\Lib\site-packages\telegram\ext\_updater.py", line 340, in polling_action_cb
    updates = await self.bot.get_updates(
              ^^^^^^^^^^^^^^^^^^^^^^^^^^^
    ...<3 lines>...
    )
    ^
  File "C:\Users\Suhrob\ollama_chat\.venv\Lib\site-packages\telegram\ext\_extbot.py", line 672, in get_updates
    updates = await super().get_updates(
              ^^^^^^^^^^^^^^^^^^^^^^^^^^
    ...<9 lines>...
    )
    ^
  File "C:\Users\Suhrob\ollama_chat\.venv\Lib\site-packages\telegram\_bot.py", line 4865, in get_updates
    await self._post(
    ^^^^^^^^^^^^^^^^^
    ...<7 lines>...
    ),
    ^
  File "C:\Users\Suhrob\ollama_chat\.venv\Lib\site-packages\telegram\_bot.py", line 704, in _post
    return await self._do_post(
           ^^^^^^^^^^^^^^^^^^^^
    ...<6 lines>...
    )
    ^
  File "C:\Users\Suhrob\ollama_chat\.venv\Lib\site-packages\telegram\ext\_extbot.py", line 370, in _do_post
    return await super()._do_post(
           ^^^^^^^^^^^^^^^^^^^^^^^
    ...<6 lines>...
    )
    ^
  File "C:\Users\Suhrob\ollama_chat\.venv\Lib\site-packages\telegram\_bot.py", line 733, in _do_post
    result = await request.post(
             ^^^^^^^^^^^^^^^^^^^
    ...<6 lines>...
    )
    ^
  File "C:\Users\Suhrob\ollama_chat\.venv\Lib\site-packages\telegram\request\_baserequest.py", line 198, in post
    result = await self._request_wrapper(
             ^^^^^^^^^^^^^^^^^^^^^^^^^^^^
    ...<7 lines>...
    )
    ^
  File "C:\Users\Suhrob\ollama_chat\.venv\Lib\site-packages\telegram\request\_baserequest.py", line 305, in _request_wrapper
    code, payload = await self.do_request(
                    ^^^^^^^^^^^^^^^^^^^^^^
    ...<7 lines>...
    )
    ^
  File "C:\Users\Suhrob\ollama_chat\.venv\Lib\site-packages\telegram\request\_httpxrequest.py", line 303, in do_request
    raise NetworkError(f"httpx.{err.__class__.__name__}: {err}") from err
telegram.error.NetworkError: httpx.ConnectError: [Errno 11001] getaddrinfo failed
2026-05-12 13:14:02 | ERROR    | No error handlers are registered, logging exception.
Traceback (most recent call last):
  File "C:\Users\Suhrob\ollama_chat\.venv\Lib\site-packages\httpx\_transports\default.py", line 101, in map_httpcore_exceptions
    yield
  File "C:\Users\Suhrob\ollama_chat\.venv\Lib\site-packages\httpx\_transports\default.py", line 394, in handle_async_request
    resp = await self._pool.handle_async_request(req)
           ^^^^^^^^^^^^^^^^^^^^^^^^^^^^^^^^^^^^^^^^^^
  File "C:\Users\Suhrob\ollama_chat\.venv\Lib\site-packages\httpcore\_async\connection_pool.py", line 256, in handle_async_request
    raise exc from None
  File "C:\Users\Suhrob\ollama_chat\.venv\Lib\site-packages\httpcore\_async\connection_pool.py", line 236, in handle_async_request
    response = await connection.handle_async_request(
               ^^^^^^^^^^^^^^^^^^^^^^^^^^^^^^^^^^^^^^
        pool_request.request
        ^^^^^^^^^^^^^^^^^^^^
    )
    ^
  File "C:\Users\Suhrob\ollama_chat\.venv\Lib\site-packages\httpcore\_async\connection.py", line 101, in handle_async_request
    raise exc
  File "C:\Users\Suhrob\ollama_chat\.venv\Lib\site-packages\httpcore\_async\connection.py", line 78, in handle_async_request
    stream = await self._connect(request)
             ^^^^^^^^^^^^^^^^^^^^^^^^^^^^
  File "C:\Users\Suhrob\ollama_chat\.venv\Lib\site-packages\httpcore\_async\connection.py", line 124, in _connect
    stream = await self._network_backend.connect_tcp(**kwargs)
             ^^^^^^^^^^^^^^^^^^^^^^^^^^^^^^^^^^^^^^^^^^^^^^^^^
  File "C:\Users\Suhrob\ollama_chat\.venv\Lib\site-packages\httpcore\_backends\auto.py", line 31, in connect_tcp
    return await self._backend.connect_tcp(
           ^^^^^^^^^^^^^^^^^^^^^^^^^^^^^^^^
    ...<5 lines>...
    )
    ^
  File "C:\Users\Suhrob\ollama_chat\.venv\Lib\site-packages\httpcore\_backends\anyio.py", line 113, in connect_tcp
    with map_exceptions(exc_map):
         ~~~~~~~~~~~~~~^^^^^^^^^
  File "C:\Users\Suhrob\AppData\Local\Python\pythoncore-3.14-64\Lib\contextlib.py", line 162, in __exit__
    self.gen.throw(value)
    ~~~~~~~~~~~~~~^^^^^^^
  File "C:\Users\Suhrob\ollama_chat\.venv\Lib\site-packages\httpcore\_exceptions.py", line 14, in map_exceptions
    raise to_exc(exc) from exc
httpcore.ConnectError: [Errno 11001] getaddrinfo failed

The above exception was the direct cause of the following exception:

Traceback (most recent call last):
  File "C:\Users\Suhrob\ollama_chat\.venv\Lib\site-packages\telegram\request\_httpxrequest.py", line 279, in do_request
    res = await self._client.request(
          ^^^^^^^^^^^^^^^^^^^^^^^^^^^
    ...<6 lines>...
    )
    ^
  File "C:\Users\Suhrob\ollama_chat\.venv\Lib\site-packages\httpx\_client.py", line 1540, in request
    return await self.send(request, auth=auth, follow_redirects=follow_redirects)
           ^^^^^^^^^^^^^^^^^^^^^^^^^^^^^^^^^^^^^^^^^^^^^^^^^^^^^^^^^^^^^^^^^^^^^^
  File "C:\Users\Suhrob\ollama_chat\.venv\Lib\site-packages\httpx\_client.py", line 1629, in send
    response = await self._send_handling_auth(
               ^^^^^^^^^^^^^^^^^^^^^^^^^^^^^^^
    ...<4 lines>...
    )
    ^
  File "C:\Users\Suhrob\ollama_chat\.venv\Lib\site-packages\httpx\_client.py", line 1657, in _send_handling_auth
    response = await self._send_handling_redirects(
               ^^^^^^^^^^^^^^^^^^^^^^^^^^^^^^^^^^^^
    ...<3 lines>...
    )
    ^
  File "C:\Users\Suhrob\ollama_chat\.venv\Lib\site-packages\httpx\_client.py", line 1694, in _send_handling_redirects
    response = await self._send_single_request(request)
               ^^^^^^^^^^^^^^^^^^^^^^^^^^^^^^^^^^^^^^^^
  File "C:\Users\Suhrob\ollama_chat\.venv\Lib\site-packages\httpx\_client.py", line 1730, in _send_single_request
    response = await transport.handle_async_request(request)
               ^^^^^^^^^^^^^^^^^^^^^^^^^^^^^^^^^^^^^^^^^^^^^
  File "C:\Users\Suhrob\ollama_chat\.venv\Lib\site-packages\httpx\_transports\default.py", line 393, in handle_async_request
    with map_httpcore_exceptions():
         ~~~~~~~~~~~~~~~~~~~~~~~^^
  File "C:\Users\Suhrob\AppData\Local\Python\pythoncore-3.14-64\Lib\contextlib.py", line 162, in __exit__
    self.gen.throw(value)
    ~~~~~~~~~~~~~~^^^^^^^
  File "C:\Users\Suhrob\ollama_chat\.venv\Lib\site-packages\httpx\_transports\default.py", line 118, in map_httpcore_exceptions
    raise mapped_exc(message) from exc
httpx.ConnectError: [Errno 11001] getaddrinfo failed

The above exception was the direct cause of the following exception:

Traceback (most recent call last):
  File "C:\Users\Suhrob\ollama_chat\.venv\Lib\site-packages\telegram\ext\_utils\networkloop.py", line 161, in network_retry_loop
    await do_action()
  File "C:\Users\Suhrob\ollama_chat\.venv\Lib\site-packages\telegram\ext\_utils\networkloop.py", line 154, in do_action
    action_cb_task.result()
    ~~~~~~~~~~~~~~~~~~~~~^^
  File "C:\Users\Suhrob\ollama_chat\.venv\Lib\site-packages\telegram\ext\_updater.py", line 340, in polling_action_cb
    updates = await self.bot.get_updates(
              ^^^^^^^^^^^^^^^^^^^^^^^^^^^
    ...<3 lines>...
    )
    ^
  File "C:\Users\Suhrob\ollama_chat\.venv\Lib\site-packages\telegram\ext\_extbot.py", line 672, in get_updates
    updates = await super().get_updates(
              ^^^^^^^^^^^^^^^^^^^^^^^^^^
    ...<9 lines>...
    )
    ^
  File "C:\Users\Suhrob\ollama_chat\.venv\Lib\site-packages\telegram\_bot.py", line 4865, in get_updates
    await self._post(
    ^^^^^^^^^^^^^^^^^
    ...<7 lines>...
    ),
    ^
  File "C:\Users\Suhrob\ollama_chat\.venv\Lib\site-packages\telegram\_bot.py", line 704, in _post
    return await self._do_post(
           ^^^^^^^^^^^^^^^^^^^^
    ...<6 lines>...
    )
    ^
  File "C:\Users\Suhrob\ollama_chat\.venv\Lib\site-packages\telegram\ext\_extbot.py", line 370, in _do_post
    return await super()._do_post(
           ^^^^^^^^^^^^^^^^^^^^^^^
    ...<6 lines>...
    )
    ^
  File "C:\Users\Suhrob\ollama_chat\.venv\Lib\site-packages\telegram\_bot.py", line 733, in _do_post
    result = await request.post(
             ^^^^^^^^^^^^^^^^^^^
    ...<6 lines>...
    )
    ^
  File "C:\Users\Suhrob\ollama_chat\.venv\Lib\site-packages\telegram\request\_baserequest.py", line 198, in post
    result = await self._request_wrapper(
             ^^^^^^^^^^^^^^^^^^^^^^^^^^^^
    ...<7 lines>...
    )
    ^
  File "C:\Users\Suhrob\ollama_chat\.venv\Lib\site-packages\telegram\request\_baserequest.py", line 305, in _request_wrapper
    code, payload = await self.do_request(
                    ^^^^^^^^^^^^^^^^^^^^^^
    ...<7 lines>...
    )
    ^
  File "C:\Users\Suhrob\ollama_chat\.venv\Lib\site-packages\telegram\request\_httpxrequest.py", line 303, in do_request
    raise NetworkError(f"httpx.{err.__class__.__name__}: {err}") from err
telegram.error.NetworkError: httpx.ConnectError: [Errno 11001] getaddrinfo failed
2026-05-12 13:14:05 | ERROR    | No error handlers are registered, logging exception.
Traceback (most recent call last):
  File "C:\Users\Suhrob\ollama_chat\.venv\Lib\site-packages\httpx\_transports\default.py", line 101, in map_httpcore_exceptions
    yield
  File "C:\Users\Suhrob\ollama_chat\.venv\Lib\site-packages\httpx\_transports\default.py", line 394, in handle_async_request
    resp = await self._pool.handle_async_request(req)
           ^^^^^^^^^^^^^^^^^^^^^^^^^^^^^^^^^^^^^^^^^^
  File "C:\Users\Suhrob\ollama_chat\.venv\Lib\site-packages\httpcore\_async\connection_pool.py", line 256, in handle_async_request
    raise exc from None
  File "C:\Users\Suhrob\ollama_chat\.venv\Lib\site-packages\httpcore\_async\connection_pool.py", line 236, in handle_async_request
    response = await connection.handle_async_request(
               ^^^^^^^^^^^^^^^^^^^^^^^^^^^^^^^^^^^^^^
        pool_request.request
        ^^^^^^^^^^^^^^^^^^^^
    )
    ^
  File "C:\Users\Suhrob\ollama_chat\.venv\Lib\site-packages\httpcore\_async\connection.py", line 101, in handle_async_request
    raise exc
  File "C:\Users\Suhrob\ollama_chat\.venv\Lib\site-packages\httpcore\_async\connection.py", line 78, in handle_async_request
    stream = await self._connect(request)
             ^^^^^^^^^^^^^^^^^^^^^^^^^^^^
  File "C:\Users\Suhrob\ollama_chat\.venv\Lib\site-packages\httpcore\_async\connection.py", line 124, in _connect
    stream = await self._network_backend.connect_tcp(**kwargs)
             ^^^^^^^^^^^^^^^^^^^^^^^^^^^^^^^^^^^^^^^^^^^^^^^^^
  File "C:\Users\Suhrob\ollama_chat\.venv\Lib\site-packages\httpcore\_backends\auto.py", line 31, in connect_tcp
    return await self._backend.connect_tcp(
           ^^^^^^^^^^^^^^^^^^^^^^^^^^^^^^^^
    ...<5 lines>...
    )
    ^
  File "C:\Users\Suhrob\ollama_chat\.venv\Lib\site-packages\httpcore\_backends\anyio.py", line 113, in connect_tcp
    with map_exceptions(exc_map):
         ~~~~~~~~~~~~~~^^^^^^^^^
  File "C:\Users\Suhrob\AppData\Local\Python\pythoncore-3.14-64\Lib\contextlib.py", line 162, in __exit__
    self.gen.throw(value)
    ~~~~~~~~~~~~~~^^^^^^^
  File "C:\Users\Suhrob\ollama_chat\.venv\Lib\site-packages\httpcore\_exceptions.py", line 14, in map_exceptions
    raise to_exc(exc) from exc
httpcore.ConnectError: [Errno 11001] getaddrinfo failed

The above exception was the direct cause of the following exception:

Traceback (most recent call last):
  File "C:\Users\Suhrob\ollama_chat\.venv\Lib\site-packages\telegram\request\_httpxrequest.py", line 279, in do_request
    res = await self._client.request(
          ^^^^^^^^^^^^^^^^^^^^^^^^^^^
    ...<6 lines>...
    )
    ^
  File "C:\Users\Suhrob\ollama_chat\.venv\Lib\site-packages\httpx\_client.py", line 1540, in request
    return await self.send(request, auth=auth, follow_redirects=follow_redirects)
           ^^^^^^^^^^^^^^^^^^^^^^^^^^^^^^^^^^^^^^^^^^^^^^^^^^^^^^^^^^^^^^^^^^^^^^
  File "C:\Users\Suhrob\ollama_chat\.venv\Lib\site-packages\httpx\_client.py", line 1629, in send
    response = await self._send_handling_auth(
               ^^^^^^^^^^^^^^^^^^^^^^^^^^^^^^^
    ...<4 lines>...
    )
    ^
  File "C:\Users\Suhrob\ollama_chat\.venv\Lib\site-packages\httpx\_client.py", line 1657, in _send_handling_auth
    response = await self._send_handling_redirects(
               ^^^^^^^^^^^^^^^^^^^^^^^^^^^^^^^^^^^^
    ...<3 lines>...
    )
    ^
  File "C:\Users\Suhrob\ollama_chat\.venv\Lib\site-packages\httpx\_client.py", line 1694, in _send_handling_redirects
    response = await self._send_single_request(request)
               ^^^^^^^^^^^^^^^^^^^^^^^^^^^^^^^^^^^^^^^^
  File "C:\Users\Suhrob\ollama_chat\.venv\Lib\site-packages\httpx\_client.py", line 1730, in _send_single_request
    response = await transport.handle_async_request(request)
               ^^^^^^^^^^^^^^^^^^^^^^^^^^^^^^^^^^^^^^^^^^^^^
  File "C:\Users\Suhrob\ollama_chat\.venv\Lib\site-packages\httpx\_transports\default.py", line 393, in handle_async_request
    with map_httpcore_exceptions():
         ~~~~~~~~~~~~~~~~~~~~~~~^^
  File "C:\Users\Suhrob\AppData\Local\Python\pythoncore-3.14-64\Lib\contextlib.py", line 162, in __exit__
    self.gen.throw(value)
    ~~~~~~~~~~~~~~^^^^^^^
  File "C:\Users\Suhrob\ollama_chat\.venv\Lib\site-packages\httpx\_transports\default.py", line 118, in map_httpcore_exceptions
    raise mapped_exc(message) from exc
httpx.ConnectError: [Errno 11001] getaddrinfo failed

The above exception was the direct cause of the following exception:

Traceback (most recent call last):
  File "C:\Users\Suhrob\ollama_chat\.venv\Lib\site-packages\telegram\ext\_utils\networkloop.py", line 161, in network_retry_loop
    await do_action()
  File "C:\Users\Suhrob\ollama_chat\.venv\Lib\site-packages\telegram\ext\_utils\networkloop.py", line 154, in do_action
    action_cb_task.result()
    ~~~~~~~~~~~~~~~~~~~~~^^
  File "C:\Users\Suhrob\ollama_chat\.venv\Lib\site-packages\telegram\ext\_updater.py", line 340, in polling_action_cb
    updates = await self.bot.get_updates(
              ^^^^^^^^^^^^^^^^^^^^^^^^^^^
    ...<3 lines>...
    )
    ^
  File "C:\Users\Suhrob\ollama_chat\.venv\Lib\site-packages\telegram\ext\_extbot.py", line 672, in get_updates
    updates = await super().get_updates(
              ^^^^^^^^^^^^^^^^^^^^^^^^^^
    ...<9 lines>...
    )
    ^
  File "C:\Users\Suhrob\ollama_chat\.venv\Lib\site-packages\telegram\_bot.py", line 4865, in get_updates
    await self._post(
    ^^^^^^^^^^^^^^^^^
    ...<7 lines>...
    ),
    ^
  File "C:\Users\Suhrob\ollama_chat\.venv\Lib\site-packages\telegram\_bot.py", line 704, in _post
    return await self._do_post(
           ^^^^^^^^^^^^^^^^^^^^
    ...<6 lines>...
    )
    ^
  File "C:\Users\Suhrob\ollama_chat\.venv\Lib\site-packages\telegram\ext\_extbot.py", line 370, in _do_post
    return await super()._do_post(
           ^^^^^^^^^^^^^^^^^^^^^^^
    ...<6 lines>...
    )
    ^
  File "C:\Users\Suhrob\ollama_chat\.venv\Lib\site-packages\telegram\_bot.py", line 733, in _do_post
    result = await request.post(
             ^^^^^^^^^^^^^^^^^^^
    ...<6 lines>...
    )
    ^
  File "C:\Users\Suhrob\ollama_chat\.venv\Lib\site-packages\telegram\request\_baserequest.py", line 198, in post
    result = await self._request_wrapper(
             ^^^^^^^^^^^^^^^^^^^^^^^^^^^^
    ...<7 lines>...
    )
    ^
  File "C:\Users\Suhrob\ollama_chat\.venv\Lib\site-packages\telegram\request\_baserequest.py", line 305, in _request_wrapper
    code, payload = await self.do_request(
                    ^^^^^^^^^^^^^^^^^^^^^^
    ...<7 lines>...
    )
    ^
  File "C:\Users\Suhrob\ollama_chat\.venv\Lib\site-packages\telegram\request\_httpxrequest.py", line 303, in do_request
    raise NetworkError(f"httpx.{err.__class__.__name__}: {err}") from err
telegram.error.NetworkError: httpx.ConnectError: [Errno 11001] getaddrinfo failed
2026-05-12 13:14:08 | ERROR    | No error handlers are registered, logging exception.
Traceback (most recent call last):
  File "C:\Users\Suhrob\ollama_chat\.venv\Lib\site-packages\httpx\_transports\default.py", line 101, in map_httpcore_exceptions
    yield
  File "C:\Users\Suhrob\ollama_chat\.venv\Lib\site-packages\httpx\_transports\default.py", line 394, in handle_async_request
    resp = await self._pool.handle_async_request(req)
           ^^^^^^^^^^^^^^^^^^^^^^^^^^^^^^^^^^^^^^^^^^
  File "C:\Users\Suhrob\ollama_chat\.venv\Lib\site-packages\httpcore\_async\connection_pool.py", line 256, in handle_async_request
    raise exc from None
  File "C:\Users\Suhrob\ollama_chat\.venv\Lib\site-packages\httpcore\_async\connection_pool.py", line 236, in handle_async_request
    response = await connection.handle_async_request(
               ^^^^^^^^^^^^^^^^^^^^^^^^^^^^^^^^^^^^^^
        pool_request.request
        ^^^^^^^^^^^^^^^^^^^^
    )
    ^
  File "C:\Users\Suhrob\ollama_chat\.venv\Lib\site-packages\httpcore\_async\connection.py", line 101, in handle_async_request
    raise exc
  File "C:\Users\Suhrob\ollama_chat\.venv\Lib\site-packages\httpcore\_async\connection.py", line 78, in handle_async_request
    stream = await self._connect(request)
             ^^^^^^^^^^^^^^^^^^^^^^^^^^^^
  File "C:\Users\Suhrob\ollama_chat\.venv\Lib\site-packages\httpcore\_async\connection.py", line 124, in _connect
    stream = await self._network_backend.connect_tcp(**kwargs)
             ^^^^^^^^^^^^^^^^^^^^^^^^^^^^^^^^^^^^^^^^^^^^^^^^^
  File "C:\Users\Suhrob\ollama_chat\.venv\Lib\site-packages\httpcore\_backends\auto.py", line 31, in connect_tcp
    return await self._backend.connect_tcp(
           ^^^^^^^^^^^^^^^^^^^^^^^^^^^^^^^^
    ...<5 lines>...
    )
    ^
  File "C:\Users\Suhrob\ollama_chat\.venv\Lib\site-packages\httpcore\_backends\anyio.py", line 113, in connect_tcp
    with map_exceptions(exc_map):
         ~~~~~~~~~~~~~~^^^^^^^^^
  File "C:\Users\Suhrob\AppData\Local\Python\pythoncore-3.14-64\Lib\contextlib.py", line 162, in __exit__
    self.gen.throw(value)
    ~~~~~~~~~~~~~~^^^^^^^
  File "C:\Users\Suhrob\ollama_chat\.venv\Lib\site-packages\httpcore\_exceptions.py", line 14, in map_exceptions
    raise to_exc(exc) from exc
httpcore.ConnectError: [Errno 11001] getaddrinfo failed

The above exception was the direct cause of the following exception:

Traceback (most recent call last):
  File "C:\Users\Suhrob\ollama_chat\.venv\Lib\site-packages\telegram\request\_httpxrequest.py", line 279, in do_request
    res = await self._client.request(
          ^^^^^^^^^^^^^^^^^^^^^^^^^^^
    ...<6 lines>...
    )
    ^
  File "C:\Users\Suhrob\ollama_chat\.venv\Lib\site-packages\httpx\_client.py", line 1540, in request
    return await self.send(request, auth=auth, follow_redirects=follow_redirects)
           ^^^^^^^^^^^^^^^^^^^^^^^^^^^^^^^^^^^^^^^^^^^^^^^^^^^^^^^^^^^^^^^^^^^^^^
  File "C:\Users\Suhrob\ollama_chat\.venv\Lib\site-packages\httpx\_client.py", line 1629, in send
    response = await self._send_handling_auth(
               ^^^^^^^^^^^^^^^^^^^^^^^^^^^^^^^
    ...<4 lines>...
    )
    ^
  File "C:\Users\Suhrob\ollama_chat\.venv\Lib\site-packages\httpx\_client.py", line 1657, in _send_handling_auth
    response = await self._send_handling_redirects(
               ^^^^^^^^^^^^^^^^^^^^^^^^^^^^^^^^^^^^
    ...<3 lines>...
    )
    ^
  File "C:\Users\Suhrob\ollama_chat\.venv\Lib\site-packages\httpx\_client.py", line 1694, in _send_handling_redirects
    response = await self._send_single_request(request)
               ^^^^^^^^^^^^^^^^^^^^^^^^^^^^^^^^^^^^^^^^
  File "C:\Users\Suhrob\ollama_chat\.venv\Lib\site-packages\httpx\_client.py", line 1730, in _send_single_request
    response = await transport.handle_async_request(request)
               ^^^^^^^^^^^^^^^^^^^^^^^^^^^^^^^^^^^^^^^^^^^^^
  File "C:\Users\Suhrob\ollama_chat\.venv\Lib\site-packages\httpx\_transports\default.py", line 393, in handle_async_request
    with map_httpcore_exceptions():
         ~~~~~~~~~~~~~~~~~~~~~~~^^
  File "C:\Users\Suhrob\AppData\Local\Python\pythoncore-3.14-64\Lib\contextlib.py", line 162, in __exit__
    self.gen.throw(value)
    ~~~~~~~~~~~~~~^^^^^^^
  File "C:\Users\Suhrob\ollama_chat\.venv\Lib\site-packages\httpx\_transports\default.py", line 118, in map_httpcore_exceptions
    raise mapped_exc(message) from exc
httpx.ConnectError: [Errno 11001] getaddrinfo failed

The above exception was the direct cause of the following exception:

Traceback (most recent call last):
  File "C:\Users\Suhrob\ollama_chat\.venv\Lib\site-packages\telegram\ext\_utils\networkloop.py", line 161, in network_retry_loop
    await do_action()
  File "C:\Users\Suhrob\ollama_chat\.venv\Lib\site-packages\telegram\ext\_utils\networkloop.py", line 154, in do_action
    action_cb_task.result()
    ~~~~~~~~~~~~~~~~~~~~~^^
  File "C:\Users\Suhrob\ollama_chat\.venv\Lib\site-packages\telegram\ext\_updater.py", line 340, in polling_action_cb
    updates = await self.bot.get_updates(
              ^^^^^^^^^^^^^^^^^^^^^^^^^^^
    ...<3 lines>...
    )
    ^
  File "C:\Users\Suhrob\ollama_chat\.venv\Lib\site-packages\telegram\ext\_extbot.py", line 672, in get_updates
    updates = await super().get_updates(
              ^^^^^^^^^^^^^^^^^^^^^^^^^^
    ...<9 lines>...
    )
    ^
  File "C:\Users\Suhrob\ollama_chat\.venv\Lib\site-packages\telegram\_bot.py", line 4865, in get_updates
    await self._post(
    ^^^^^^^^^^^^^^^^^
    ...<7 lines>...
    ),
    ^
  File "C:\Users\Suhrob\ollama_chat\.venv\Lib\site-packages\telegram\_bot.py", line 704, in _post
    return await self._do_post(
           ^^^^^^^^^^^^^^^^^^^^
    ...<6 lines>...
    )
    ^
  File "C:\Users\Suhrob\ollama_chat\.venv\Lib\site-packages\telegram\ext\_extbot.py", line 370, in _do_post
    return await super()._do_post(
           ^^^^^^^^^^^^^^^^^^^^^^^
    ...<6 lines>...
    )
    ^
  File "C:\Users\Suhrob\ollama_chat\.venv\Lib\site-packages\telegram\_bot.py", line 733, in _do_post
    result = await request.post(
             ^^^^^^^^^^^^^^^^^^^
    ...<6 lines>...
    )
    ^
  File "C:\Users\Suhrob\ollama_chat\.venv\Lib\site-packages\telegram\request\_baserequest.py", line 198, in post
    result = await self._request_wrapper(
             ^^^^^^^^^^^^^^^^^^^^^^^^^^^^
    ...<7 lines>...
    )
    ^
  File "C:\Users\Suhrob\ollama_chat\.venv\Lib\site-packages\telegram\request\_baserequest.py", line 305, in _request_wrapper
    code, payload = await self.do_request(
                    ^^^^^^^^^^^^^^^^^^^^^^
    ...<7 lines>...
    )
    ^
  File "C:\Users\Suhrob\ollama_chat\.venv\Lib\site-packages\telegram\request\_httpxrequest.py", line 303, in do_request
    raise NetworkError(f"httpx.{err.__class__.__name__}: {err}") from err
telegram.error.NetworkError: httpx.ConnectError: [Errno 11001] getaddrinfo failed
2026-05-12 13:14:13 | ERROR    | No error handlers are registered, logging exception.
Traceback (most recent call last):
  File "C:\Users\Suhrob\ollama_chat\.venv\Lib\site-packages\httpx\_transports\default.py", line 101, in map_httpcore_exceptions
    yield
  File "C:\Users\Suhrob\ollama_chat\.venv\Lib\site-packages\httpx\_transports\default.py", line 394, in handle_async_request
    resp = await self._pool.handle_async_request(req)
           ^^^^^^^^^^^^^^^^^^^^^^^^^^^^^^^^^^^^^^^^^^
  File "C:\Users\Suhrob\ollama_chat\.venv\Lib\site-packages\httpcore\_async\connection_pool.py", line 256, in handle_async_request
    raise exc from None
  File "C:\Users\Suhrob\ollama_chat\.venv\Lib\site-packages\httpcore\_async\connection_pool.py", line 236, in handle_async_request
    response = await connection.handle_async_request(
               ^^^^^^^^^^^^^^^^^^^^^^^^^^^^^^^^^^^^^^
        pool_request.request
        ^^^^^^^^^^^^^^^^^^^^
    )
    ^
  File "C:\Users\Suhrob\ollama_chat\.venv\Lib\site-packages\httpcore\_async\connection.py", line 101, in handle_async_request
    raise exc
  File "C:\Users\Suhrob\ollama_chat\.venv\Lib\site-packages\httpcore\_async\connection.py", line 78, in handle_async_request
    stream = await self._connect(request)
             ^^^^^^^^^^^^^^^^^^^^^^^^^^^^
  File "C:\Users\Suhrob\ollama_chat\.venv\Lib\site-packages\httpcore\_async\connection.py", line 124, in _connect
    stream = await self._network_backend.connect_tcp(**kwargs)
             ^^^^^^^^^^^^^^^^^^^^^^^^^^^^^^^^^^^^^^^^^^^^^^^^^
  File "C:\Users\Suhrob\ollama_chat\.venv\Lib\site-packages\httpcore\_backends\auto.py", line 31, in connect_tcp
    return await self._backend.connect_tcp(
           ^^^^^^^^^^^^^^^^^^^^^^^^^^^^^^^^
    ...<5 lines>...
    )
    ^
  File "C:\Users\Suhrob\ollama_chat\.venv\Lib\site-packages\httpcore\_backends\anyio.py", line 113, in connect_tcp
    with map_exceptions(exc_map):
         ~~~~~~~~~~~~~~^^^^^^^^^
  File "C:\Users\Suhrob\AppData\Local\Python\pythoncore-3.14-64\Lib\contextlib.py", line 162, in __exit__
    self.gen.throw(value)
    ~~~~~~~~~~~~~~^^^^^^^
  File "C:\Users\Suhrob\ollama_chat\.venv\Lib\site-packages\httpcore\_exceptions.py", line 14, in map_exceptions
    raise to_exc(exc) from exc
httpcore.ConnectError: [Errno 11001] getaddrinfo failed

The above exception was the direct cause of the following exception:

Traceback (most recent call last):
  File "C:\Users\Suhrob\ollama_chat\.venv\Lib\site-packages\telegram\request\_httpxrequest.py", line 279, in do_request
    res = await self._client.request(
          ^^^^^^^^^^^^^^^^^^^^^^^^^^^
    ...<6 lines>...
    )
    ^
  File "C:\Users\Suhrob\ollama_chat\.venv\Lib\site-packages\httpx\_client.py", line 1540, in request
    return await self.send(request, auth=auth, follow_redirects=follow_redirects)
           ^^^^^^^^^^^^^^^^^^^^^^^^^^^^^^^^^^^^^^^^^^^^^^^^^^^^^^^^^^^^^^^^^^^^^^
  File "C:\Users\Suhrob\ollama_chat\.venv\Lib\site-packages\httpx\_client.py", line 1629, in send
    response = await self._send_handling_auth(
               ^^^^^^^^^^^^^^^^^^^^^^^^^^^^^^^
    ...<4 lines>...
    )
    ^
  File "C:\Users\Suhrob\ollama_chat\.venv\Lib\site-packages\httpx\_client.py", line 1657, in _send_handling_auth
    response = await self._send_handling_redirects(
               ^^^^^^^^^^^^^^^^^^^^^^^^^^^^^^^^^^^^
    ...<3 lines>...
    )
    ^
  File "C:\Users\Suhrob\ollama_chat\.venv\Lib\site-packages\httpx\_client.py", line 1694, in _send_handling_redirects
    response = await self._send_single_request(request)
               ^^^^^^^^^^^^^^^^^^^^^^^^^^^^^^^^^^^^^^^^
  File "C:\Users\Suhrob\ollama_chat\.venv\Lib\site-packages\httpx\_client.py", line 1730, in _send_single_request
    response = await transport.handle_async_request(request)
               ^^^^^^^^^^^^^^^^^^^^^^^^^^^^^^^^^^^^^^^^^^^^^
  File "C:\Users\Suhrob\ollama_chat\.venv\Lib\site-packages\httpx\_transports\default.py", line 393, in handle_async_request
    with map_httpcore_exceptions():
         ~~~~~~~~~~~~~~~~~~~~~~~^^
  File "C:\Users\Suhrob\AppData\Local\Python\pythoncore-3.14-64\Lib\contextlib.py", line 162, in __exit__
    self.gen.throw(value)
    ~~~~~~~~~~~~~~^^^^^^^
  File "C:\Users\Suhrob\ollama_chat\.venv\Lib\site-packages\httpx\_transports\default.py", line 118, in map_httpcore_exceptions
    raise mapped_exc(message) from exc
httpx.ConnectError: [Errno 11001] getaddrinfo failed

The above exception was the direct cause of the following exception:

Traceback (most recent call last):
  File "C:\Users\Suhrob\ollama_chat\.venv\Lib\site-packages\telegram\ext\_utils\networkloop.py", line 161, in network_retry_loop
    await do_action()
  File "C:\Users\Suhrob\ollama_chat\.venv\Lib\site-packages\telegram\ext\_utils\networkloop.py", line 154, in do_action
    action_cb_task.result()
    ~~~~~~~~~~~~~~~~~~~~~^^
  File "C:\Users\Suhrob\ollama_chat\.venv\Lib\site-packages\telegram\ext\_updater.py", line 340, in polling_action_cb
    updates = await self.bot.get_updates(
              ^^^^^^^^^^^^^^^^^^^^^^^^^^^
    ...<3 lines>...
    )
    ^
  File "C:\Users\Suhrob\ollama_chat\.venv\Lib\site-packages\telegram\ext\_extbot.py", line 672, in get_updates
    updates = await super().get_updates(
              ^^^^^^^^^^^^^^^^^^^^^^^^^^
    ...<9 lines>...
    )
    ^
  File "C:\Users\Suhrob\ollama_chat\.venv\Lib\site-packages\telegram\_bot.py", line 4865, in get_updates
    await self._post(
    ^^^^^^^^^^^^^^^^^
    ...<7 lines>...
    ),
    ^
  File "C:\Users\Suhrob\ollama_chat\.venv\Lib\site-packages\telegram\_bot.py", line 704, in _post
    return await self._do_post(
           ^^^^^^^^^^^^^^^^^^^^
    ...<6 lines>...
    )
    ^
  File "C:\Users\Suhrob\ollama_chat\.venv\Lib\site-packages\telegram\ext\_extbot.py", line 370, in _do_post
    return await super()._do_post(
           ^^^^^^^^^^^^^^^^^^^^^^^
    ...<6 lines>...
    )
    ^
  File "C:\Users\Suhrob\ollama_chat\.venv\Lib\site-packages\telegram\_bot.py", line 733, in _do_post
    result = await request.post(
             ^^^^^^^^^^^^^^^^^^^
    ...<6 lines>...
    )
    ^
  File "C:\Users\Suhrob\ollama_chat\.venv\Lib\site-packages\telegram\request\_baserequest.py", line 198, in post
    result = await self._request_wrapper(
             ^^^^^^^^^^^^^^^^^^^^^^^^^^^^
    ...<7 lines>...
    )
    ^
  File "C:\Users\Suhrob\ollama_chat\.venv\Lib\site-packages\telegram\request\_baserequest.py", line 305, in _request_wrapper
    code, payload = await self.do_request(
                    ^^^^^^^^^^^^^^^^^^^^^^
    ...<7 lines>...
    )
    ^
  File "C:\Users\Suhrob\ollama_chat\.venv\Lib\site-packages\telegram\request\_httpxrequest.py", line 303, in do_request
    raise NetworkError(f"httpx.{err.__class__.__name__}: {err}") from err
telegram.error.NetworkError: httpx.ConnectError: [Errno 11001] getaddrinfo failed
2026-05-12 13:14:21 | ERROR    | No error handlers are registered, logging exception.
Traceback (most recent call last):
  File "C:\Users\Suhrob\ollama_chat\.venv\Lib\site-packages\httpx\_transports\default.py", line 101, in map_httpcore_exceptions
    yield
  File "C:\Users\Suhrob\ollama_chat\.venv\Lib\site-packages\httpx\_transports\default.py", line 394, in handle_async_request
    resp = await self._pool.handle_async_request(req)
           ^^^^^^^^^^^^^^^^^^^^^^^^^^^^^^^^^^^^^^^^^^
  File "C:\Users\Suhrob\ollama_chat\.venv\Lib\site-packages\httpcore\_async\connection_pool.py", line 256, in handle_async_request
    raise exc from None
  File "C:\Users\Suhrob\ollama_chat\.venv\Lib\site-packages\httpcore\_async\connection_pool.py", line 236, in handle_async_request
    response = await connection.handle_async_request(
               ^^^^^^^^^^^^^^^^^^^^^^^^^^^^^^^^^^^^^^
        pool_request.request
        ^^^^^^^^^^^^^^^^^^^^
    )
    ^
  File "C:\Users\Suhrob\ollama_chat\.venv\Lib\site-packages\httpcore\_async\connection.py", line 101, in handle_async_request
    raise exc
  File "C:\Users\Suhrob\ollama_chat\.venv\Lib\site-packages\httpcore\_async\connection.py", line 78, in handle_async_request
    stream = await self._connect(request)
             ^^^^^^^^^^^^^^^^^^^^^^^^^^^^
  File "C:\Users\Suhrob\ollama_chat\.venv\Lib\site-packages\httpcore\_async\connection.py", line 124, in _connect
    stream = await self._network_backend.connect_tcp(**kwargs)
             ^^^^^^^^^^^^^^^^^^^^^^^^^^^^^^^^^^^^^^^^^^^^^^^^^
  File "C:\Users\Suhrob\ollama_chat\.venv\Lib\site-packages\httpcore\_backends\auto.py", line 31, in connect_tcp
    return await self._backend.connect_tcp(
           ^^^^^^^^^^^^^^^^^^^^^^^^^^^^^^^^
    ...<5 lines>...
    )
    ^
  File "C:\Users\Suhrob\ollama_chat\.venv\Lib\site-packages\httpcore\_backends\anyio.py", line 113, in connect_tcp
    with map_exceptions(exc_map):
         ~~~~~~~~~~~~~~^^^^^^^^^
  File "C:\Users\Suhrob\AppData\Local\Python\pythoncore-3.14-64\Lib\contextlib.py", line 162, in __exit__
    self.gen.throw(value)
    ~~~~~~~~~~~~~~^^^^^^^
  File "C:\Users\Suhrob\ollama_chat\.venv\Lib\site-packages\httpcore\_exceptions.py", line 14, in map_exceptions
    raise to_exc(exc) from exc
httpcore.ConnectError: [Errno 11001] getaddrinfo failed

The above exception was the direct cause of the following exception:

Traceback (most recent call last):
  File "C:\Users\Suhrob\ollama_chat\.venv\Lib\site-packages\telegram\request\_httpxrequest.py", line 279, in do_request
    res = await self._client.request(
          ^^^^^^^^^^^^^^^^^^^^^^^^^^^
    ...<6 lines>...
    )
    ^
  File "C:\Users\Suhrob\ollama_chat\.venv\Lib\site-packages\httpx\_client.py", line 1540, in request
    return await self.send(request, auth=auth, follow_redirects=follow_redirects)
           ^^^^^^^^^^^^^^^^^^^^^^^^^^^^^^^^^^^^^^^^^^^^^^^^^^^^^^^^^^^^^^^^^^^^^^
  File "C:\Users\Suhrob\ollama_chat\.venv\Lib\site-packages\httpx\_client.py", line 1629, in send
    response = await self._send_handling_auth(
               ^^^^^^^^^^^^^^^^^^^^^^^^^^^^^^^
    ...<4 lines>...
    )
    ^
  File "C:\Users\Suhrob\ollama_chat\.venv\Lib\site-packages\httpx\_client.py", line 1657, in _send_handling_auth
    response = await self._send_handling_redirects(
               ^^^^^^^^^^^^^^^^^^^^^^^^^^^^^^^^^^^^
    ...<3 lines>...
    )
    ^
  File "C:\Users\Suhrob\ollama_chat\.venv\Lib\site-packages\httpx\_client.py", line 1694, in _send_handling_redirects
    response = await self._send_single_request(request)
               ^^^^^^^^^^^^^^^^^^^^^^^^^^^^^^^^^^^^^^^^
  File "C:\Users\Suhrob\ollama_chat\.venv\Lib\site-packages\httpx\_client.py", line 1730, in _send_single_request
    response = await transport.handle_async_request(request)
               ^^^^^^^^^^^^^^^^^^^^^^^^^^^^^^^^^^^^^^^^^^^^^
  File "C:\Users\Suhrob\ollama_chat\.venv\Lib\site-packages\httpx\_transports\default.py", line 393, in handle_async_request
    with map_httpcore_exceptions():
         ~~~~~~~~~~~~~~~~~~~~~~~^^
  File "C:\Users\Suhrob\AppData\Local\Python\pythoncore-3.14-64\Lib\contextlib.py", line 162, in __exit__
    self.gen.throw(value)
    ~~~~~~~~~~~~~~^^^^^^^
  File "C:\Users\Suhrob\ollama_chat\.venv\Lib\site-packages\httpx\_transports\default.py", line 118, in map_httpcore_exceptions
    raise mapped_exc(message) from exc
httpx.ConnectError: [Errno 11001] getaddrinfo failed

The above exception was the direct cause of the following exception:

Traceback (most recent call last):
  File "C:\Users\Suhrob\ollama_chat\.venv\Lib\site-packages\telegram\ext\_utils\networkloop.py", line 161, in network_retry_loop
    await do_action()
  File "C:\Users\Suhrob\ollama_chat\.venv\Lib\site-packages\telegram\ext\_utils\networkloop.py", line 154, in do_action
    action_cb_task.result()
    ~~~~~~~~~~~~~~~~~~~~~^^
  File "C:\Users\Suhrob\ollama_chat\.venv\Lib\site-packages\telegram\ext\_updater.py", line 340, in polling_action_cb
    updates = await self.bot.get_updates(
              ^^^^^^^^^^^^^^^^^^^^^^^^^^^
    ...<3 lines>...
    )
    ^
  File "C:\Users\Suhrob\ollama_chat\.venv\Lib\site-packages\telegram\ext\_extbot.py", line 672, in get_updates
    updates = await super().get_updates(
              ^^^^^^^^^^^^^^^^^^^^^^^^^^
    ...<9 lines>...
    )
    ^
  File "C:\Users\Suhrob\ollama_chat\.venv\Lib\site-packages\telegram\_bot.py", line 4865, in get_updates
    await self._post(
    ^^^^^^^^^^^^^^^^^
    ...<7 lines>...
    ),
    ^
  File "C:\Users\Suhrob\ollama_chat\.venv\Lib\site-packages\telegram\_bot.py", line 704, in _post
    return await self._do_post(
           ^^^^^^^^^^^^^^^^^^^^
    ...<6 lines>...
    )
    ^
  File "C:\Users\Suhrob\ollama_chat\.venv\Lib\site-packages\telegram\ext\_extbot.py", line 370, in _do_post
    return await super()._do_post(
           ^^^^^^^^^^^^^^^^^^^^^^^
    ...<6 lines>...
    )
    ^
  File "C:\Users\Suhrob\ollama_chat\.venv\Lib\site-packages\telegram\_bot.py", line 733, in _do_post
    result = await request.post(
             ^^^^^^^^^^^^^^^^^^^
    ...<6 lines>...
    )
    ^
  File "C:\Users\Suhrob\ollama_chat\.venv\Lib\site-packages\telegram\request\_baserequest.py", line 198, in post
    result = await self._request_wrapper(
             ^^^^^^^^^^^^^^^^^^^^^^^^^^^^
    ...<7 lines>...
    )
    ^
  File "C:\Users\Suhrob\ollama_chat\.venv\Lib\site-packages\telegram\request\_baserequest.py", line 305, in _request_wrapper
    code, payload = await self.do_request(
                    ^^^^^^^^^^^^^^^^^^^^^^
    ...<7 lines>...
    )
    ^
  File "C:\Users\Suhrob\ollama_chat\.venv\Lib\site-packages\telegram\request\_httpxrequest.py", line 303, in do_request
    raise NetworkError(f"httpx.{err.__class__.__name__}: {err}") from err
telegram.error.NetworkError: httpx.ConnectError: [Errno 11001] getaddrinfo failed
2026-05-12 13:14:32 | ERROR    | No error handlers are registered, logging exception.
Traceback (most recent call last):
  File "C:\Users\Suhrob\ollama_chat\.venv\Lib\site-packages\httpx\_transports\default.py", line 101, in map_httpcore_exceptions
    yield
  File "C:\Users\Suhrob\ollama_chat\.venv\Lib\site-packages\httpx\_transports\default.py", line 394, in handle_async_request
    resp = await self._pool.handle_async_request(req)
           ^^^^^^^^^^^^^^^^^^^^^^^^^^^^^^^^^^^^^^^^^^
  File "C:\Users\Suhrob\ollama_chat\.venv\Lib\site-packages\httpcore\_async\connection_pool.py", line 256, in handle_async_request
    raise exc from None
  File "C:\Users\Suhrob\ollama_chat\.venv\Lib\site-packages\httpcore\_async\connection_pool.py", line 236, in handle_async_request
    response = await connection.handle_async_request(
               ^^^^^^^^^^^^^^^^^^^^^^^^^^^^^^^^^^^^^^
        pool_request.request
        ^^^^^^^^^^^^^^^^^^^^
    )
    ^
  File "C:\Users\Suhrob\ollama_chat\.venv\Lib\site-packages\httpcore\_async\connection.py", line 101, in handle_async_request
    raise exc
  File "C:\Users\Suhrob\ollama_chat\.venv\Lib\site-packages\httpcore\_async\connection.py", line 78, in handle_async_request
    stream = await self._connect(request)
             ^^^^^^^^^^^^^^^^^^^^^^^^^^^^
  File "C:\Users\Suhrob\ollama_chat\.venv\Lib\site-packages\httpcore\_async\connection.py", line 124, in _connect
    stream = await self._network_backend.connect_tcp(**kwargs)
             ^^^^^^^^^^^^^^^^^^^^^^^^^^^^^^^^^^^^^^^^^^^^^^^^^
  File "C:\Users\Suhrob\ollama_chat\.venv\Lib\site-packages\httpcore\_backends\auto.py", line 31, in connect_tcp
    return await self._backend.connect_tcp(
           ^^^^^^^^^^^^^^^^^^^^^^^^^^^^^^^^
    ...<5 lines>...
    )
    ^
  File "C:\Users\Suhrob\ollama_chat\.venv\Lib\site-packages\httpcore\_backends\anyio.py", line 113, in connect_tcp
    with map_exceptions(exc_map):
         ~~~~~~~~~~~~~~^^^^^^^^^
  File "C:\Users\Suhrob\AppData\Local\Python\pythoncore-3.14-64\Lib\contextlib.py", line 162, in __exit__
    self.gen.throw(value)
    ~~~~~~~~~~~~~~^^^^^^^
  File "C:\Users\Suhrob\ollama_chat\.venv\Lib\site-packages\httpcore\_exceptions.py", line 14, in map_exceptions
    raise to_exc(exc) from exc
httpcore.ConnectError: [Errno 11001] getaddrinfo failed

The above exception was the direct cause of the following exception:

Traceback (most recent call last):
  File "C:\Users\Suhrob\ollama_chat\.venv\Lib\site-packages\telegram\request\_httpxrequest.py", line 279, in do_request
    res = await self._client.request(
          ^^^^^^^^^^^^^^^^^^^^^^^^^^^
    ...<6 lines>...
    )
    ^
  File "C:\Users\Suhrob\ollama_chat\.venv\Lib\site-packages\httpx\_client.py", line 1540, in request
    return await self.send(request, auth=auth, follow_redirects=follow_redirects)
           ^^^^^^^^^^^^^^^^^^^^^^^^^^^^^^^^^^^^^^^^^^^^^^^^^^^^^^^^^^^^^^^^^^^^^^
  File "C:\Users\Suhrob\ollama_chat\.venv\Lib\site-packages\httpx\_client.py", line 1629, in send
    response = await self._send_handling_auth(
               ^^^^^^^^^^^^^^^^^^^^^^^^^^^^^^^
    ...<4 lines>...
    )
    ^
  File "C:\Users\Suhrob\ollama_chat\.venv\Lib\site-packages\httpx\_client.py", line 1657, in _send_handling_auth
    response = await self._send_handling_redirects(
               ^^^^^^^^^^^^^^^^^^^^^^^^^^^^^^^^^^^^
    ...<3 lines>...
    )
    ^
  File "C:\Users\Suhrob\ollama_chat\.venv\Lib\site-packages\httpx\_client.py", line 1694, in _send_handling_redirects
    response = await self._send_single_request(request)
               ^^^^^^^^^^^^^^^^^^^^^^^^^^^^^^^^^^^^^^^^
  File "C:\Users\Suhrob\ollama_chat\.venv\Lib\site-packages\httpx\_client.py", line 1730, in _send_single_request
    response = await transport.handle_async_request(request)
               ^^^^^^^^^^^^^^^^^^^^^^^^^^^^^^^^^^^^^^^^^^^^^
  File "C:\Users\Suhrob\ollama_chat\.venv\Lib\site-packages\httpx\_transports\default.py", line 393, in handle_async_request
    with map_httpcore_exceptions():
         ~~~~~~~~~~~~~~~~~~~~~~~^^
  File "C:\Users\Suhrob\AppData\Local\Python\pythoncore-3.14-64\Lib\contextlib.py", line 162, in __exit__
    self.gen.throw(value)
    ~~~~~~~~~~~~~~^^^^^^^
  File "C:\Users\Suhrob\ollama_chat\.venv\Lib\site-packages\httpx\_transports\default.py", line 118, in map_httpcore_exceptions
    raise mapped_exc(message) from exc
httpx.ConnectError: [Errno 11001] getaddrinfo failed

The above exception was the direct cause of the following exception:

Traceback (most recent call last):
  File "C:\Users\Suhrob\ollama_chat\.venv\Lib\site-packages\telegram\ext\_utils\networkloop.py", line 161, in network_retry_loop
    await do_action()
  File "C:\Users\Suhrob\ollama_chat\.venv\Lib\site-packages\telegram\ext\_utils\networkloop.py", line 154, in do_action
    action_cb_task.result()
    ~~~~~~~~~~~~~~~~~~~~~^^
  File "C:\Users\Suhrob\ollama_chat\.venv\Lib\site-packages\telegram\ext\_updater.py", line 340, in polling_action_cb
    updates = await self.bot.get_updates(
              ^^^^^^^^^^^^^^^^^^^^^^^^^^^
    ...<3 lines>...
    )
    ^
  File "C:\Users\Suhrob\ollama_chat\.venv\Lib\site-packages\telegram\ext\_extbot.py", line 672, in get_updates
    updates = await super().get_updates(
              ^^^^^^^^^^^^^^^^^^^^^^^^^^
    ...<9 lines>...
    )
    ^
  File "C:\Users\Suhrob\ollama_chat\.venv\Lib\site-packages\telegram\_bot.py", line 4865, in get_updates
    await self._post(
    ^^^^^^^^^^^^^^^^^
    ...<7 lines>...
    ),
    ^
  File "C:\Users\Suhrob\ollama_chat\.venv\Lib\site-packages\telegram\_bot.py", line 704, in _post
    return await self._do_post(
           ^^^^^^^^^^^^^^^^^^^^
    ...<6 lines>...
    )
    ^
  File "C:\Users\Suhrob\ollama_chat\.venv\Lib\site-packages\telegram\ext\_extbot.py", line 370, in _do_post
    return await super()._do_post(
           ^^^^^^^^^^^^^^^^^^^^^^^
    ...<6 lines>...
    )
    ^
  File "C:\Users\Suhrob\ollama_chat\.venv\Lib\site-packages\telegram\_bot.py", line 733, in _do_post
    result = await request.post(
             ^^^^^^^^^^^^^^^^^^^
    ...<6 lines>...
    )
    ^
  File "C:\Users\Suhrob\ollama_chat\.venv\Lib\site-packages\telegram\request\_baserequest.py", line 198, in post
    result = await self._request_wrapper(
             ^^^^^^^^^^^^^^^^^^^^^^^^^^^^
    ...<7 lines>...
    )
    ^
  File "C:\Users\Suhrob\ollama_chat\.venv\Lib\site-packages\telegram\request\_baserequest.py", line 305, in _request_wrapper
    code, payload = await self.do_request(
                    ^^^^^^^^^^^^^^^^^^^^^^
    ...<7 lines>...
    )
    ^
  File "C:\Users\Suhrob\ollama_chat\.venv\Lib\site-packages\telegram\request\_httpxrequest.py", line 303, in do_request
    raise NetworkError(f"httpx.{err.__class__.__name__}: {err}") from err
telegram.error.NetworkError: httpx.ConnectError: [Errno 11001] getaddrinfo failed
2026-05-12 13:14:49 | ERROR    | No error handlers are registered, logging exception.
Traceback (most recent call last):
  File "C:\Users\Suhrob\ollama_chat\.venv\Lib\site-packages\httpx\_transports\default.py", line 101, in map_httpcore_exceptions
    yield
  File "C:\Users\Suhrob\ollama_chat\.venv\Lib\site-packages\httpx\_transports\default.py", line 394, in handle_async_request
    resp = await self._pool.handle_async_request(req)
           ^^^^^^^^^^^^^^^^^^^^^^^^^^^^^^^^^^^^^^^^^^
  File "C:\Users\Suhrob\ollama_chat\.venv\Lib\site-packages\httpcore\_async\connection_pool.py", line 256, in handle_async_request
    raise exc from None
  File "C:\Users\Suhrob\ollama_chat\.venv\Lib\site-packages\httpcore\_async\connection_pool.py", line 236, in handle_async_request
    response = await connection.handle_async_request(
               ^^^^^^^^^^^^^^^^^^^^^^^^^^^^^^^^^^^^^^
        pool_request.request
        ^^^^^^^^^^^^^^^^^^^^
    )
    ^
  File "C:\Users\Suhrob\ollama_chat\.venv\Lib\site-packages\httpcore\_async\connection.py", line 101, in handle_async_request
    raise exc
  File "C:\Users\Suhrob\ollama_chat\.venv\Lib\site-packages\httpcore\_async\connection.py", line 78, in handle_async_request
    stream = await self._connect(request)
             ^^^^^^^^^^^^^^^^^^^^^^^^^^^^
  File "C:\Users\Suhrob\ollama_chat\.venv\Lib\site-packages\httpcore\_async\connection.py", line 124, in _connect
    stream = await self._network_backend.connect_tcp(**kwargs)
             ^^^^^^^^^^^^^^^^^^^^^^^^^^^^^^^^^^^^^^^^^^^^^^^^^
  File "C:\Users\Suhrob\ollama_chat\.venv\Lib\site-packages\httpcore\_backends\auto.py", line 31, in connect_tcp
    return await self._backend.connect_tcp(
           ^^^^^^^^^^^^^^^^^^^^^^^^^^^^^^^^
    ...<5 lines>...
    )
    ^
  File "C:\Users\Suhrob\ollama_chat\.venv\Lib\site-packages\httpcore\_backends\anyio.py", line 113, in connect_tcp
    with map_exceptions(exc_map):
         ~~~~~~~~~~~~~~^^^^^^^^^
  File "C:\Users\Suhrob\AppData\Local\Python\pythoncore-3.14-64\Lib\contextlib.py", line 162, in __exit__
    self.gen.throw(value)
    ~~~~~~~~~~~~~~^^^^^^^
  File "C:\Users\Suhrob\ollama_chat\.venv\Lib\site-packages\httpcore\_exceptions.py", line 14, in map_exceptions
    raise to_exc(exc) from exc
httpcore.ConnectError: [Errno 11001] getaddrinfo failed

The above exception was the direct cause of the following exception:

Traceback (most recent call last):
  File "C:\Users\Suhrob\ollama_chat\.venv\Lib\site-packages\telegram\request\_httpxrequest.py", line 279, in do_request
    res = await self._client.request(
          ^^^^^^^^^^^^^^^^^^^^^^^^^^^
    ...<6 lines>...
    )
    ^
  File "C:\Users\Suhrob\ollama_chat\.venv\Lib\site-packages\httpx\_client.py", line 1540, in request
    return await self.send(request, auth=auth, follow_redirects=follow_redirects)
           ^^^^^^^^^^^^^^^^^^^^^^^^^^^^^^^^^^^^^^^^^^^^^^^^^^^^^^^^^^^^^^^^^^^^^^
  File "C:\Users\Suhrob\ollama_chat\.venv\Lib\site-packages\httpx\_client.py", line 1629, in send
    response = await self._send_handling_auth(
               ^^^^^^^^^^^^^^^^^^^^^^^^^^^^^^^
    ...<4 lines>...
    )
    ^
  File "C:\Users\Suhrob\ollama_chat\.venv\Lib\site-packages\httpx\_client.py", line 1657, in _send_handling_auth
    response = await self._send_handling_redirects(
               ^^^^^^^^^^^^^^^^^^^^^^^^^^^^^^^^^^^^
    ...<3 lines>...
    )
    ^
  File "C:\Users\Suhrob\ollama_chat\.venv\Lib\site-packages\httpx\_client.py", line 1694, in _send_handling_redirects
    response = await self._send_single_request(request)
               ^^^^^^^^^^^^^^^^^^^^^^^^^^^^^^^^^^^^^^^^
  File "C:\Users\Suhrob\ollama_chat\.venv\Lib\site-packages\httpx\_client.py", line 1730, in _send_single_request
    response = await transport.handle_async_request(request)
               ^^^^^^^^^^^^^^^^^^^^^^^^^^^^^^^^^^^^^^^^^^^^^
  File "C:\Users\Suhrob\ollama_chat\.venv\Lib\site-packages\httpx\_transports\default.py", line 393, in handle_async_request
    with map_httpcore_exceptions():
         ~~~~~~~~~~~~~~~~~~~~~~~^^
  File "C:\Users\Suhrob\AppData\Local\Python\pythoncore-3.14-64\Lib\contextlib.py", line 162, in __exit__
    self.gen.throw(value)
    ~~~~~~~~~~~~~~^^^^^^^
  File "C:\Users\Suhrob\ollama_chat\.venv\Lib\site-packages\httpx\_transports\default.py", line 118, in map_httpcore_exceptions
    raise mapped_exc(message) from exc
httpx.ConnectError: [Errno 11001] getaddrinfo failed

The above exception was the direct cause of the following exception:

Traceback (most recent call last):
  File "C:\Users\Suhrob\ollama_chat\.venv\Lib\site-packages\telegram\ext\_utils\networkloop.py", line 161, in network_retry_loop
    await do_action()
  File "C:\Users\Suhrob\ollama_chat\.venv\Lib\site-packages\telegram\ext\_utils\networkloop.py", line 154, in do_action
    action_cb_task.result()
    ~~~~~~~~~~~~~~~~~~~~~^^
  File "C:\Users\Suhrob\ollama_chat\.venv\Lib\site-packages\telegram\ext\_updater.py", line 340, in polling_action_cb
    updates = await self.bot.get_updates(
              ^^^^^^^^^^^^^^^^^^^^^^^^^^^
    ...<3 lines>...
    )
    ^
  File "C:\Users\Suhrob\ollama_chat\.venv\Lib\site-packages\telegram\ext\_extbot.py", line 672, in get_updates
    updates = await super().get_updates(
              ^^^^^^^^^^^^^^^^^^^^^^^^^^
    ...<9 lines>...
    )
    ^
  File "C:\Users\Suhrob\ollama_chat\.venv\Lib\site-packages\telegram\_bot.py", line 4865, in get_updates
    await self._post(
    ^^^^^^^^^^^^^^^^^
    ...<7 lines>...
    ),
    ^
  File "C:\Users\Suhrob\ollama_chat\.venv\Lib\site-packages\telegram\_bot.py", line 704, in _post
    return await self._do_post(
           ^^^^^^^^^^^^^^^^^^^^
    ...<6 lines>...
    )
    ^
  File "C:\Users\Suhrob\ollama_chat\.venv\Lib\site-packages\telegram\ext\_extbot.py", line 370, in _do_post
    return await super()._do_post(
           ^^^^^^^^^^^^^^^^^^^^^^^
    ...<6 lines>...
    )
    ^
  File "C:\Users\Suhrob\ollama_chat\.venv\Lib\site-packages\telegram\_bot.py", line 733, in _do_post
    result = await request.post(
             ^^^^^^^^^^^^^^^^^^^
    ...<6 lines>...
    )
    ^
  File "C:\Users\Suhrob\ollama_chat\.venv\Lib\site-packages\telegram\request\_baserequest.py", line 198, in post
    result = await self._request_wrapper(
             ^^^^^^^^^^^^^^^^^^^^^^^^^^^^
    ...<7 lines>...
    )
    ^
  File "C:\Users\Suhrob\ollama_chat\.venv\Lib\site-packages\telegram\request\_baserequest.py", line 305, in _request_wrapper
    code, payload = await self.do_request(
                    ^^^^^^^^^^^^^^^^^^^^^^
    ...<7 lines>...
    )
    ^
  File "C:\Users\Suhrob\ollama_chat\.venv\Lib\site-packages\telegram\request\_httpxrequest.py", line 303, in do_request
    raise NetworkError(f"httpx.{err.__class__.__name__}: {err}") from err
telegram.error.NetworkError: httpx.ConnectError: [Errno 11001] getaddrinfo failed
2026-05-12 13:15:15 | ERROR    | No error handlers are registered, logging exception.
Traceback (most recent call last):
  File "C:\Users\Suhrob\ollama_chat\.venv\Lib\site-packages\httpx\_transports\default.py", line 101, in map_httpcore_exceptions
    yield
  File "C:\Users\Suhrob\ollama_chat\.venv\Lib\site-packages\httpx\_transports\default.py", line 394, in handle_async_request
    resp = await self._pool.handle_async_request(req)
           ^^^^^^^^^^^^^^^^^^^^^^^^^^^^^^^^^^^^^^^^^^
  File "C:\Users\Suhrob\ollama_chat\.venv\Lib\site-packages\httpcore\_async\connection_pool.py", line 256, in handle_async_request
    raise exc from None
  File "C:\Users\Suhrob\ollama_chat\.venv\Lib\site-packages\httpcore\_async\connection_pool.py", line 236, in handle_async_request
    response = await connection.handle_async_request(
               ^^^^^^^^^^^^^^^^^^^^^^^^^^^^^^^^^^^^^^
        pool_request.request
        ^^^^^^^^^^^^^^^^^^^^
    )
    ^
  File "C:\Users\Suhrob\ollama_chat\.venv\Lib\site-packages\httpcore\_async\connection.py", line 101, in handle_async_request
    raise exc
  File "C:\Users\Suhrob\ollama_chat\.venv\Lib\site-packages\httpcore\_async\connection.py", line 78, in handle_async_request
    stream = await self._connect(request)
             ^^^^^^^^^^^^^^^^^^^^^^^^^^^^
  File "C:\Users\Suhrob\ollama_chat\.venv\Lib\site-packages\httpcore\_async\connection.py", line 124, in _connect
    stream = await self._network_backend.connect_tcp(**kwargs)
             ^^^^^^^^^^^^^^^^^^^^^^^^^^^^^^^^^^^^^^^^^^^^^^^^^
  File "C:\Users\Suhrob\ollama_chat\.venv\Lib\site-packages\httpcore\_backends\auto.py", line 31, in connect_tcp
    return await self._backend.connect_tcp(
           ^^^^^^^^^^^^^^^^^^^^^^^^^^^^^^^^
    ...<5 lines>...
    )
    ^
  File "C:\Users\Suhrob\ollama_chat\.venv\Lib\site-packages\httpcore\_backends\anyio.py", line 113, in connect_tcp
    with map_exceptions(exc_map):
         ~~~~~~~~~~~~~~^^^^^^^^^
  File "C:\Users\Suhrob\AppData\Local\Python\pythoncore-3.14-64\Lib\contextlib.py", line 162, in __exit__
    self.gen.throw(value)
    ~~~~~~~~~~~~~~^^^^^^^
  File "C:\Users\Suhrob\ollama_chat\.venv\Lib\site-packages\httpcore\_exceptions.py", line 14, in map_exceptions
    raise to_exc(exc) from exc
httpcore.ConnectError: [Errno 11001] getaddrinfo failed

The above exception was the direct cause of the following exception:

Traceback (most recent call last):
  File "C:\Users\Suhrob\ollama_chat\.venv\Lib\site-packages\telegram\request\_httpxrequest.py", line 279, in do_request
    res = await self._client.request(
          ^^^^^^^^^^^^^^^^^^^^^^^^^^^
    ...<6 lines>...
    )
    ^
  File "C:\Users\Suhrob\ollama_chat\.venv\Lib\site-packages\httpx\_client.py", line 1540, in request
    return await self.send(request, auth=auth, follow_redirects=follow_redirects)
           ^^^^^^^^^^^^^^^^^^^^^^^^^^^^^^^^^^^^^^^^^^^^^^^^^^^^^^^^^^^^^^^^^^^^^^
  File "C:\Users\Suhrob\ollama_chat\.venv\Lib\site-packages\httpx\_client.py", line 1629, in send
    response = await self._send_handling_auth(
               ^^^^^^^^^^^^^^^^^^^^^^^^^^^^^^^
    ...<4 lines>...
    )
    ^
  File "C:\Users\Suhrob\ollama_chat\.venv\Lib\site-packages\httpx\_client.py", line 1657, in _send_handling_auth
    response = await self._send_handling_redirects(
               ^^^^^^^^^^^^^^^^^^^^^^^^^^^^^^^^^^^^
    ...<3 lines>...
    )
    ^
  File "C:\Users\Suhrob\ollama_chat\.venv\Lib\site-packages\httpx\_client.py", line 1694, in _send_handling_redirects
    response = await self._send_single_request(request)
               ^^^^^^^^^^^^^^^^^^^^^^^^^^^^^^^^^^^^^^^^
  File "C:\Users\Suhrob\ollama_chat\.venv\Lib\site-packages\httpx\_client.py", line 1730, in _send_single_request
    response = await transport.handle_async_request(request)
               ^^^^^^^^^^^^^^^^^^^^^^^^^^^^^^^^^^^^^^^^^^^^^
  File "C:\Users\Suhrob\ollama_chat\.venv\Lib\site-packages\httpx\_transports\default.py", line 393, in handle_async_request
    with map_httpcore_exceptions():
         ~~~~~~~~~~~~~~~~~~~~~~~^^
  File "C:\Users\Suhrob\AppData\Local\Python\pythoncore-3.14-64\Lib\contextlib.py", line 162, in __exit__
    self.gen.throw(value)
    ~~~~~~~~~~~~~~^^^^^^^
  File "C:\Users\Suhrob\ollama_chat\.venv\Lib\site-packages\httpx\_transports\default.py", line 118, in map_httpcore_exceptions
    raise mapped_exc(message) from exc
httpx.ConnectError: [Errno 11001] getaddrinfo failed

The above exception was the direct cause of the following exception:

Traceback (most recent call last):
  File "C:\Users\Suhrob\ollama_chat\.venv\Lib\site-packages\telegram\ext\_utils\networkloop.py", line 161, in network_retry_loop
    await do_action()
  File "C:\Users\Suhrob\ollama_chat\.venv\Lib\site-packages\telegram\ext\_utils\networkloop.py", line 154, in do_action
    action_cb_task.result()
    ~~~~~~~~~~~~~~~~~~~~~^^
  File "C:\Users\Suhrob\ollama_chat\.venv\Lib\site-packages\telegram\ext\_updater.py", line 340, in polling_action_cb
    updates = await self.bot.get_updates(
              ^^^^^^^^^^^^^^^^^^^^^^^^^^^
    ...<3 lines>...
    )
    ^
  File "C:\Users\Suhrob\ollama_chat\.venv\Lib\site-packages\telegram\ext\_extbot.py", line 672, in get_updates
    updates = await super().get_updates(
              ^^^^^^^^^^^^^^^^^^^^^^^^^^
    ...<9 lines>...
    )
    ^
  File "C:\Users\Suhrob\ollama_chat\.venv\Lib\site-packages\telegram\_bot.py", line 4865, in get_updates
    await self._post(
    ^^^^^^^^^^^^^^^^^
    ...<7 lines>...
    ),
    ^
  File "C:\Users\Suhrob\ollama_chat\.venv\Lib\site-packages\telegram\_bot.py", line 704, in _post
    return await self._do_post(
           ^^^^^^^^^^^^^^^^^^^^
    ...<6 lines>...
    )
    ^
  File "C:\Users\Suhrob\ollama_chat\.venv\Lib\site-packages\telegram\ext\_extbot.py", line 370, in _do_post
    return await super()._do_post(
           ^^^^^^^^^^^^^^^^^^^^^^^
    ...<6 lines>...
    )
    ^
  File "C:\Users\Suhrob\ollama_chat\.venv\Lib\site-packages\telegram\_bot.py", line 733, in _do_post
    result = await request.post(
             ^^^^^^^^^^^^^^^^^^^
    ...<6 lines>...
    )
    ^
  File "C:\Users\Suhrob\ollama_chat\.venv\Lib\site-packages\telegram\request\_baserequest.py", line 198, in post
    result = await self._request_wrapper(
             ^^^^^^^^^^^^^^^^^^^^^^^^^^^^
    ...<7 lines>...
    )
    ^
  File "C:\Users\Suhrob\ollama_chat\.venv\Lib\site-packages\telegram\request\_baserequest.py", line 305, in _request_wrapper
    code, payload = await self.do_request(
                    ^^^^^^^^^^^^^^^^^^^^^^
    ...<7 lines>...
    )
    ^
  File "C:\Users\Suhrob\ollama_chat\.venv\Lib\site-packages\telegram\request\_httpxrequest.py", line 303, in do_request
    raise NetworkError(f"httpx.{err.__class__.__name__}: {err}") from err
telegram.error.NetworkError: httpx.ConnectError: [Errno 11001] getaddrinfo failed
2026-05-12 13:15:45 | ERROR    | No error handlers are registered, logging exception.
Traceback (most recent call last):
  File "C:\Users\Suhrob\ollama_chat\.venv\Lib\site-packages\httpx\_transports\default.py", line 101, in map_httpcore_exceptions
    yield
  File "C:\Users\Suhrob\ollama_chat\.venv\Lib\site-packages\httpx\_transports\default.py", line 394, in handle_async_request
    resp = await self._pool.handle_async_request(req)
           ^^^^^^^^^^^^^^^^^^^^^^^^^^^^^^^^^^^^^^^^^^
  File "C:\Users\Suhrob\ollama_chat\.venv\Lib\site-packages\httpcore\_async\connection_pool.py", line 256, in handle_async_request
    raise exc from None
  File "C:\Users\Suhrob\ollama_chat\.venv\Lib\site-packages\httpcore\_async\connection_pool.py", line 236, in handle_async_request
    response = await connection.handle_async_request(
               ^^^^^^^^^^^^^^^^^^^^^^^^^^^^^^^^^^^^^^
        pool_request.request
        ^^^^^^^^^^^^^^^^^^^^
    )
    ^
  File "C:\Users\Suhrob\ollama_chat\.venv\Lib\site-packages\httpcore\_async\connection.py", line 101, in handle_async_request
    raise exc
  File "C:\Users\Suhrob\ollama_chat\.venv\Lib\site-packages\httpcore\_async\connection.py", line 78, in handle_async_request
    stream = await self._connect(request)
             ^^^^^^^^^^^^^^^^^^^^^^^^^^^^
  File "C:\Users\Suhrob\ollama_chat\.venv\Lib\site-packages\httpcore\_async\connection.py", line 124, in _connect
    stream = await self._network_backend.connect_tcp(**kwargs)
             ^^^^^^^^^^^^^^^^^^^^^^^^^^^^^^^^^^^^^^^^^^^^^^^^^
  File "C:\Users\Suhrob\ollama_chat\.venv\Lib\site-packages\httpcore\_backends\auto.py", line 31, in connect_tcp
    return await self._backend.connect_tcp(
           ^^^^^^^^^^^^^^^^^^^^^^^^^^^^^^^^
    ...<5 lines>...
    )
    ^
  File "C:\Users\Suhrob\ollama_chat\.venv\Lib\site-packages\httpcore\_backends\anyio.py", line 113, in connect_tcp
    with map_exceptions(exc_map):
         ~~~~~~~~~~~~~~^^^^^^^^^
  File "C:\Users\Suhrob\AppData\Local\Python\pythoncore-3.14-64\Lib\contextlib.py", line 162, in __exit__
    self.gen.throw(value)
    ~~~~~~~~~~~~~~^^^^^^^
  File "C:\Users\Suhrob\ollama_chat\.venv\Lib\site-packages\httpcore\_exceptions.py", line 14, in map_exceptions
    raise to_exc(exc) from exc
httpcore.ConnectError: [Errno 11001] getaddrinfo failed

The above exception was the direct cause of the following exception:

Traceback (most recent call last):
  File "C:\Users\Suhrob\ollama_chat\.venv\Lib\site-packages\telegram\request\_httpxrequest.py", line 279, in do_request
    res = await self._client.request(
          ^^^^^^^^^^^^^^^^^^^^^^^^^^^
    ...<6 lines>...
    )
    ^
  File "C:\Users\Suhrob\ollama_chat\.venv\Lib\site-packages\httpx\_client.py", line 1540, in request
    return await self.send(request, auth=auth, follow_redirects=follow_redirects)
           ^^^^^^^^^^^^^^^^^^^^^^^^^^^^^^^^^^^^^^^^^^^^^^^^^^^^^^^^^^^^^^^^^^^^^^
  File "C:\Users\Suhrob\ollama_chat\.venv\Lib\site-packages\httpx\_client.py", line 1629, in send
    response = await self._send_handling_auth(
               ^^^^^^^^^^^^^^^^^^^^^^^^^^^^^^^
    ...<4 lines>...
    )
    ^
  File "C:\Users\Suhrob\ollama_chat\.venv\Lib\site-packages\httpx\_client.py", line 1657, in _send_handling_auth
    response = await self._send_handling_redirects(
               ^^^^^^^^^^^^^^^^^^^^^^^^^^^^^^^^^^^^
    ...<3 lines>...
    )
    ^
  File "C:\Users\Suhrob\ollama_chat\.venv\Lib\site-packages\httpx\_client.py", line 1694, in _send_handling_redirects
    response = await self._send_single_request(request)
               ^^^^^^^^^^^^^^^^^^^^^^^^^^^^^^^^^^^^^^^^
  File "C:\Users\Suhrob\ollama_chat\.venv\Lib\site-packages\httpx\_client.py", line 1730, in _send_single_request
    response = await transport.handle_async_request(request)
               ^^^^^^^^^^^^^^^^^^^^^^^^^^^^^^^^^^^^^^^^^^^^^
  File "C:\Users\Suhrob\ollama_chat\.venv\Lib\site-packages\httpx\_transports\default.py", line 393, in handle_async_request
    with map_httpcore_exceptions():
         ~~~~~~~~~~~~~~~~~~~~~~~^^
  File "C:\Users\Suhrob\AppData\Local\Python\pythoncore-3.14-64\Lib\contextlib.py", line 162, in __exit__
    self.gen.throw(value)
    ~~~~~~~~~~~~~~^^^^^^^
  File "C:\Users\Suhrob\ollama_chat\.venv\Lib\site-packages\httpx\_transports\default.py", line 118, in map_httpcore_exceptions
    raise mapped_exc(message) from exc
httpx.ConnectError: [Errno 11001] getaddrinfo failed

The above exception was the direct cause of the following exception:

Traceback (most recent call last):
  File "C:\Users\Suhrob\ollama_chat\.venv\Lib\site-packages\telegram\ext\_utils\networkloop.py", line 161, in network_retry_loop
    await do_action()
  File "C:\Users\Suhrob\ollama_chat\.venv\Lib\site-packages\telegram\ext\_utils\networkloop.py", line 154, in do_action
    action_cb_task.result()
    ~~~~~~~~~~~~~~~~~~~~~^^
  File "C:\Users\Suhrob\ollama_chat\.venv\Lib\site-packages\telegram\ext\_updater.py", line 340, in polling_action_cb
    updates = await self.bot.get_updates(
              ^^^^^^^^^^^^^^^^^^^^^^^^^^^
    ...<3 lines>...
    )
    ^
  File "C:\Users\Suhrob\ollama_chat\.venv\Lib\site-packages\telegram\ext\_extbot.py", line 672, in get_updates
    updates = await super().get_updates(
              ^^^^^^^^^^^^^^^^^^^^^^^^^^
    ...<9 lines>...
    )
    ^
  File "C:\Users\Suhrob\ollama_chat\.venv\Lib\site-packages\telegram\_bot.py", line 4865, in get_updates
    await self._post(
    ^^^^^^^^^^^^^^^^^
    ...<7 lines>...
    ),
    ^
  File "C:\Users\Suhrob\ollama_chat\.venv\Lib\site-packages\telegram\_bot.py", line 704, in _post
    return await self._do_post(
           ^^^^^^^^^^^^^^^^^^^^
    ...<6 lines>...
    )
    ^
  File "C:\Users\Suhrob\ollama_chat\.venv\Lib\site-packages\telegram\ext\_extbot.py", line 370, in _do_post
    return await super()._do_post(
           ^^^^^^^^^^^^^^^^^^^^^^^
    ...<6 lines>...
    )
    ^
  File "C:\Users\Suhrob\ollama_chat\.venv\Lib\site-packages\telegram\_bot.py", line 733, in _do_post
    result = await request.post(
             ^^^^^^^^^^^^^^^^^^^
    ...<6 lines>...
    )
    ^
  File "C:\Users\Suhrob\ollama_chat\.venv\Lib\site-packages\telegram\request\_baserequest.py", line 198, in post
    result = await self._request_wrapper(
             ^^^^^^^^^^^^^^^^^^^^^^^^^^^^
    ...<7 lines>...
    )
    ^
  File "C:\Users\Suhrob\ollama_chat\.venv\Lib\site-packages\telegram\request\_baserequest.py", line 305, in _request_wrapper
    code, payload = await self.do_request(
                    ^^^^^^^^^^^^^^^^^^^^^^
    ...<7 lines>...
    )
    ^
  File "C:\Users\Suhrob\ollama_chat\.venv\Lib\site-packages\telegram\request\_httpxrequest.py", line 303, in do_request
    raise NetworkError(f"httpx.{err.__class__.__name__}: {err}") from err
telegram.error.NetworkError: httpx.ConnectError: [Errno 11001] getaddrinfo failed
2026-05-12 13:16:15 | ERROR    | No error handlers are registered, logging exception.
Traceback (most recent call last):
  File "C:\Users\Suhrob\ollama_chat\.venv\Lib\site-packages\httpx\_transports\default.py", line 101, in map_httpcore_exceptions
    yield
  File "C:\Users\Suhrob\ollama_chat\.venv\Lib\site-packages\httpx\_transports\default.py", line 394, in handle_async_request
    resp = await self._pool.handle_async_request(req)
           ^^^^^^^^^^^^^^^^^^^^^^^^^^^^^^^^^^^^^^^^^^
  File "C:\Users\Suhrob\ollama_chat\.venv\Lib\site-packages\httpcore\_async\connection_pool.py", line 256, in handle_async_request
    raise exc from None
  File "C:\Users\Suhrob\ollama_chat\.venv\Lib\site-packages\httpcore\_async\connection_pool.py", line 236, in handle_async_request
    response = await connection.handle_async_request(
               ^^^^^^^^^^^^^^^^^^^^^^^^^^^^^^^^^^^^^^
        pool_request.request
        ^^^^^^^^^^^^^^^^^^^^
    )
    ^
  File "C:\Users\Suhrob\ollama_chat\.venv\Lib\site-packages\httpcore\_async\connection.py", line 101, in handle_async_request
    raise exc
  File "C:\Users\Suhrob\ollama_chat\.venv\Lib\site-packages\httpcore\_async\connection.py", line 78, in handle_async_request
    stream = await self._connect(request)
             ^^^^^^^^^^^^^^^^^^^^^^^^^^^^
  File "C:\Users\Suhrob\ollama_chat\.venv\Lib\site-packages\httpcore\_async\connection.py", line 124, in _connect
    stream = await self._network_backend.connect_tcp(**kwargs)
             ^^^^^^^^^^^^^^^^^^^^^^^^^^^^^^^^^^^^^^^^^^^^^^^^^
  File "C:\Users\Suhrob\ollama_chat\.venv\Lib\site-packages\httpcore\_backends\auto.py", line 31, in connect_tcp
    return await self._backend.connect_tcp(
           ^^^^^^^^^^^^^^^^^^^^^^^^^^^^^^^^
    ...<5 lines>...
    )
    ^
  File "C:\Users\Suhrob\ollama_chat\.venv\Lib\site-packages\httpcore\_backends\anyio.py", line 113, in connect_tcp
    with map_exceptions(exc_map):
         ~~~~~~~~~~~~~~^^^^^^^^^
  File "C:\Users\Suhrob\AppData\Local\Python\pythoncore-3.14-64\Lib\contextlib.py", line 162, in __exit__
    self.gen.throw(value)
    ~~~~~~~~~~~~~~^^^^^^^
  File "C:\Users\Suhrob\ollama_chat\.venv\Lib\site-packages\httpcore\_exceptions.py", line 14, in map_exceptions
    raise to_exc(exc) from exc
httpcore.ConnectError: [Errno 11001] getaddrinfo failed

The above exception was the direct cause of the following exception:

Traceback (most recent call last):
  File "C:\Users\Suhrob\ollama_chat\.venv\Lib\site-packages\telegram\request\_httpxrequest.py", line 279, in do_request
    res = await self._client.request(
          ^^^^^^^^^^^^^^^^^^^^^^^^^^^
    ...<6 lines>...
    )
    ^
  File "C:\Users\Suhrob\ollama_chat\.venv\Lib\site-packages\httpx\_client.py", line 1540, in request
    return await self.send(request, auth=auth, follow_redirects=follow_redirects)
           ^^^^^^^^^^^^^^^^^^^^^^^^^^^^^^^^^^^^^^^^^^^^^^^^^^^^^^^^^^^^^^^^^^^^^^
  File "C:\Users\Suhrob\ollama_chat\.venv\Lib\site-packages\httpx\_client.py", line 1629, in send
    response = await self._send_handling_auth(
               ^^^^^^^^^^^^^^^^^^^^^^^^^^^^^^^
    ...<4 lines>...
    )
    ^
  File "C:\Users\Suhrob\ollama_chat\.venv\Lib\site-packages\httpx\_client.py", line 1657, in _send_handling_auth
    response = await self._send_handling_redirects(
               ^^^^^^^^^^^^^^^^^^^^^^^^^^^^^^^^^^^^
    ...<3 lines>...
    )
    ^
  File "C:\Users\Suhrob\ollama_chat\.venv\Lib\site-packages\httpx\_client.py", line 1694, in _send_handling_redirects
    response = await self._send_single_request(request)
               ^^^^^^^^^^^^^^^^^^^^^^^^^^^^^^^^^^^^^^^^
  File "C:\Users\Suhrob\ollama_chat\.venv\Lib\site-packages\httpx\_client.py", line 1730, in _send_single_request
    response = await transport.handle_async_request(request)
               ^^^^^^^^^^^^^^^^^^^^^^^^^^^^^^^^^^^^^^^^^^^^^
  File "C:\Users\Suhrob\ollama_chat\.venv\Lib\site-packages\httpx\_transports\default.py", line 393, in handle_async_request
    with map_httpcore_exceptions():
         ~~~~~~~~~~~~~~~~~~~~~~~^^
  File "C:\Users\Suhrob\AppData\Local\Python\pythoncore-3.14-64\Lib\contextlib.py", line 162, in __exit__
    self.gen.throw(value)
    ~~~~~~~~~~~~~~^^^^^^^
  File "C:\Users\Suhrob\ollama_chat\.venv\Lib\site-packages\httpx\_transports\default.py", line 118, in map_httpcore_exceptions
    raise mapped_exc(message) from exc
httpx.ConnectError: [Errno 11001] getaddrinfo failed

The above exception was the direct cause of the following exception:

Traceback (most recent call last):
  File "C:\Users\Suhrob\ollama_chat\.venv\Lib\site-packages\telegram\ext\_utils\networkloop.py", line 161, in network_retry_loop
    await do_action()
  File "C:\Users\Suhrob\ollama_chat\.venv\Lib\site-packages\telegram\ext\_utils\networkloop.py", line 154, in do_action
    action_cb_task.result()
    ~~~~~~~~~~~~~~~~~~~~~^^
  File "C:\Users\Suhrob\ollama_chat\.venv\Lib\site-packages\telegram\ext\_updater.py", line 340, in polling_action_cb
    updates = await self.bot.get_updates(
              ^^^^^^^^^^^^^^^^^^^^^^^^^^^
    ...<3 lines>...
    )
    ^
  File "C:\Users\Suhrob\ollama_chat\.venv\Lib\site-packages\telegram\ext\_extbot.py", line 672, in get_updates
    updates = await super().get_updates(
              ^^^^^^^^^^^^^^^^^^^^^^^^^^
    ...<9 lines>...
    )
    ^
  File "C:\Users\Suhrob\ollama_chat\.venv\Lib\site-packages\telegram\_bot.py", line 4865, in get_updates
    await self._post(
    ^^^^^^^^^^^^^^^^^
    ...<7 lines>...
    ),
    ^
  File "C:\Users\Suhrob\ollama_chat\.venv\Lib\site-packages\telegram\_bot.py", line 704, in _post
    return await self._do_post(
           ^^^^^^^^^^^^^^^^^^^^
    ...<6 lines>...
    )
    ^
  File "C:\Users\Suhrob\ollama_chat\.venv\Lib\site-packages\telegram\ext\_extbot.py", line 370, in _do_post
    return await super()._do_post(
           ^^^^^^^^^^^^^^^^^^^^^^^
    ...<6 lines>...
    )
    ^
  File "C:\Users\Suhrob\ollama_chat\.venv\Lib\site-packages\telegram\_bot.py", line 733, in _do_post
    result = await request.post(
             ^^^^^^^^^^^^^^^^^^^
    ...<6 lines>...
    )
    ^
  File "C:\Users\Suhrob\ollama_chat\.venv\Lib\site-packages\telegram\request\_baserequest.py", line 198, in post
    result = await self._request_wrapper(
             ^^^^^^^^^^^^^^^^^^^^^^^^^^^^
    ...<7 lines>...
    )
    ^
  File "C:\Users\Suhrob\ollama_chat\.venv\Lib\site-packages\telegram\request\_baserequest.py", line 305, in _request_wrapper
    code, payload = await self.do_request(
                    ^^^^^^^^^^^^^^^^^^^^^^
    ...<7 lines>...
    )
    ^
  File "C:\Users\Suhrob\ollama_chat\.venv\Lib\site-packages\telegram\request\_httpxrequest.py", line 303, in do_request
    raise NetworkError(f"httpx.{err.__class__.__name__}: {err}") from err
telegram.error.NetworkError: httpx.ConnectError: [Errno 11001] getaddrinfo failed
2026-05-12 13:16:45 | ERROR    | No error handlers are registered, logging exception.
Traceback (most recent call last):
  File "C:\Users\Suhrob\ollama_chat\.venv\Lib\site-packages\httpx\_transports\default.py", line 101, in map_httpcore_exceptions
    yield
  File "C:\Users\Suhrob\ollama_chat\.venv\Lib\site-packages\httpx\_transports\default.py", line 394, in handle_async_request
    resp = await self._pool.handle_async_request(req)
           ^^^^^^^^^^^^^^^^^^^^^^^^^^^^^^^^^^^^^^^^^^
  File "C:\Users\Suhrob\ollama_chat\.venv\Lib\site-packages\httpcore\_async\connection_pool.py", line 256, in handle_async_request
    raise exc from None
  File "C:\Users\Suhrob\ollama_chat\.venv\Lib\site-packages\httpcore\_async\connection_pool.py", line 236, in handle_async_request
    response = await connection.handle_async_request(
               ^^^^^^^^^^^^^^^^^^^^^^^^^^^^^^^^^^^^^^
        pool_request.request
        ^^^^^^^^^^^^^^^^^^^^
    )
    ^
  File "C:\Users\Suhrob\ollama_chat\.venv\Lib\site-packages\httpcore\_async\connection.py", line 101, in handle_async_request
    raise exc
  File "C:\Users\Suhrob\ollama_chat\.venv\Lib\site-packages\httpcore\_async\connection.py", line 78, in handle_async_request
    stream = await self._connect(request)
             ^^^^^^^^^^^^^^^^^^^^^^^^^^^^
  File "C:\Users\Suhrob\ollama_chat\.venv\Lib\site-packages\httpcore\_async\connection.py", line 124, in _connect
    stream = await self._network_backend.connect_tcp(**kwargs)
             ^^^^^^^^^^^^^^^^^^^^^^^^^^^^^^^^^^^^^^^^^^^^^^^^^
  File "C:\Users\Suhrob\ollama_chat\.venv\Lib\site-packages\httpcore\_backends\auto.py", line 31, in connect_tcp
    return await self._backend.connect_tcp(
           ^^^^^^^^^^^^^^^^^^^^^^^^^^^^^^^^
    ...<5 lines>...
    )
    ^
  File "C:\Users\Suhrob\ollama_chat\.venv\Lib\site-packages\httpcore\_backends\anyio.py", line 113, in connect_tcp
    with map_exceptions(exc_map):
         ~~~~~~~~~~~~~~^^^^^^^^^
  File "C:\Users\Suhrob\AppData\Local\Python\pythoncore-3.14-64\Lib\contextlib.py", line 162, in __exit__
    self.gen.throw(value)
    ~~~~~~~~~~~~~~^^^^^^^
  File "C:\Users\Suhrob\ollama_chat\.venv\Lib\site-packages\httpcore\_exceptions.py", line 14, in map_exceptions
    raise to_exc(exc) from exc
httpcore.ConnectError: [Errno 11001] getaddrinfo failed

The above exception was the direct cause of the following exception:

Traceback (most recent call last):
  File "C:\Users\Suhrob\ollama_chat\.venv\Lib\site-packages\telegram\request\_httpxrequest.py", line 279, in do_request
    res = await self._client.request(
          ^^^^^^^^^^^^^^^^^^^^^^^^^^^
    ...<6 lines>...
    )
    ^
  File "C:\Users\Suhrob\ollama_chat\.venv\Lib\site-packages\httpx\_client.py", line 1540, in request
    return await self.send(request, auth=auth, follow_redirects=follow_redirects)
           ^^^^^^^^^^^^^^^^^^^^^^^^^^^^^^^^^^^^^^^^^^^^^^^^^^^^^^^^^^^^^^^^^^^^^^
  File "C:\Users\Suhrob\ollama_chat\.venv\Lib\site-packages\httpx\_client.py", line 1629, in send
    response = await self._send_handling_auth(
               ^^^^^^^^^^^^^^^^^^^^^^^^^^^^^^^
    ...<4 lines>...
    )
    ^
  File "C:\Users\Suhrob\ollama_chat\.venv\Lib\site-packages\httpx\_client.py", line 1657, in _send_handling_auth
    response = await self._send_handling_redirects(
               ^^^^^^^^^^^^^^^^^^^^^^^^^^^^^^^^^^^^
    ...<3 lines>...
    )
    ^
  File "C:\Users\Suhrob\ollama_chat\.venv\Lib\site-packages\httpx\_client.py", line 1694, in _send_handling_redirects
    response = await self._send_single_request(request)
               ^^^^^^^^^^^^^^^^^^^^^^^^^^^^^^^^^^^^^^^^
  File "C:\Users\Suhrob\ollama_chat\.venv\Lib\site-packages\httpx\_client.py", line 1730, in _send_single_request
    response = await transport.handle_async_request(request)
               ^^^^^^^^^^^^^^^^^^^^^^^^^^^^^^^^^^^^^^^^^^^^^
  File "C:\Users\Suhrob\ollama_chat\.venv\Lib\site-packages\httpx\_transports\default.py", line 393, in handle_async_request
    with map_httpcore_exceptions():
         ~~~~~~~~~~~~~~~~~~~~~~~^^
  File "C:\Users\Suhrob\AppData\Local\Python\pythoncore-3.14-64\Lib\contextlib.py", line 162, in __exit__
    self.gen.throw(value)
    ~~~~~~~~~~~~~~^^^^^^^
  File "C:\Users\Suhrob\ollama_chat\.venv\Lib\site-packages\httpx\_transports\default.py", line 118, in map_httpcore_exceptions
    raise mapped_exc(message) from exc
httpx.ConnectError: [Errno 11001] getaddrinfo failed

The above exception was the direct cause of the following exception:

Traceback (most recent call last):
  File "C:\Users\Suhrob\ollama_chat\.venv\Lib\site-packages\telegram\ext\_utils\networkloop.py", line 161, in network_retry_loop
    await do_action()
  File "C:\Users\Suhrob\ollama_chat\.venv\Lib\site-packages\telegram\ext\_utils\networkloop.py", line 154, in do_action
    action_cb_task.result()
    ~~~~~~~~~~~~~~~~~~~~~^^
  File "C:\Users\Suhrob\ollama_chat\.venv\Lib\site-packages\telegram\ext\_updater.py", line 340, in polling_action_cb
    updates = await self.bot.get_updates(
              ^^^^^^^^^^^^^^^^^^^^^^^^^^^
    ...<3 lines>...
    )
    ^
  File "C:\Users\Suhrob\ollama_chat\.venv\Lib\site-packages\telegram\ext\_extbot.py", line 672, in get_updates
    updates = await super().get_updates(
              ^^^^^^^^^^^^^^^^^^^^^^^^^^
    ...<9 lines>...
    )
    ^
  File "C:\Users\Suhrob\ollama_chat\.venv\Lib\site-packages\telegram\_bot.py", line 4865, in get_updates
    await self._post(
    ^^^^^^^^^^^^^^^^^
    ...<7 lines>...
    ),
    ^
  File "C:\Users\Suhrob\ollama_chat\.venv\Lib\site-packages\telegram\_bot.py", line 704, in _post
    return await self._do_post(
           ^^^^^^^^^^^^^^^^^^^^
    ...<6 lines>...
    )
    ^
  File "C:\Users\Suhrob\ollama_chat\.venv\Lib\site-packages\telegram\ext\_extbot.py", line 370, in _do_post
    return await super()._do_post(
           ^^^^^^^^^^^^^^^^^^^^^^^
    ...<6 lines>...
    )
    ^
  File "C:\Users\Suhrob\ollama_chat\.venv\Lib\site-packages\telegram\_bot.py", line 733, in _do_post
    result = await request.post(
             ^^^^^^^^^^^^^^^^^^^
    ...<6 lines>...
    )
    ^
  File "C:\Users\Suhrob\ollama_chat\.venv\Lib\site-packages\telegram\request\_baserequest.py", line 198, in post
    result = await self._request_wrapper(
             ^^^^^^^^^^^^^^^^^^^^^^^^^^^^
    ...<7 lines>...
    )
    ^
  File "C:\Users\Suhrob\ollama_chat\.venv\Lib\site-packages\telegram\request\_baserequest.py", line 305, in _request_wrapper
    code, payload = await self.do_request(
                    ^^^^^^^^^^^^^^^^^^^^^^
    ...<7 lines>...
    )
    ^
  File "C:\Users\Suhrob\ollama_chat\.venv\Lib\site-packages\telegram\request\_httpxrequest.py", line 303, in do_request
    raise NetworkError(f"httpx.{err.__class__.__name__}: {err}") from err
telegram.error.NetworkError: httpx.ConnectError: [Errno 11001] getaddrinfo failed
2026-05-12 13:17:15 | ERROR    | No error handlers are registered, logging exception.
Traceback (most recent call last):
  File "C:\Users\Suhrob\ollama_chat\.venv\Lib\site-packages\httpx\_transports\default.py", line 101, in map_httpcore_exceptions
    yield
  File "C:\Users\Suhrob\ollama_chat\.venv\Lib\site-packages\httpx\_transports\default.py", line 394, in handle_async_request
    resp = await self._pool.handle_async_request(req)
           ^^^^^^^^^^^^^^^^^^^^^^^^^^^^^^^^^^^^^^^^^^
  File "C:\Users\Suhrob\ollama_chat\.venv\Lib\site-packages\httpcore\_async\connection_pool.py", line 256, in handle_async_request
    raise exc from None
  File "C:\Users\Suhrob\ollama_chat\.venv\Lib\site-packages\httpcore\_async\connection_pool.py", line 236, in handle_async_request
    response = await connection.handle_async_request(
               ^^^^^^^^^^^^^^^^^^^^^^^^^^^^^^^^^^^^^^
        pool_request.request
        ^^^^^^^^^^^^^^^^^^^^
    )
    ^
  File "C:\Users\Suhrob\ollama_chat\.venv\Lib\site-packages\httpcore\_async\connection.py", line 101, in handle_async_request
    raise exc
  File "C:\Users\Suhrob\ollama_chat\.venv\Lib\site-packages\httpcore\_async\connection.py", line 78, in handle_async_request
    stream = await self._connect(request)
             ^^^^^^^^^^^^^^^^^^^^^^^^^^^^
  File "C:\Users\Suhrob\ollama_chat\.venv\Lib\site-packages\httpcore\_async\connection.py", line 124, in _connect
    stream = await self._network_backend.connect_tcp(**kwargs)
             ^^^^^^^^^^^^^^^^^^^^^^^^^^^^^^^^^^^^^^^^^^^^^^^^^
  File "C:\Users\Suhrob\ollama_chat\.venv\Lib\site-packages\httpcore\_backends\auto.py", line 31, in connect_tcp
    return await self._backend.connect_tcp(
           ^^^^^^^^^^^^^^^^^^^^^^^^^^^^^^^^
    ...<5 lines>...
    )
    ^
  File "C:\Users\Suhrob\ollama_chat\.venv\Lib\site-packages\httpcore\_backends\anyio.py", line 113, in connect_tcp
    with map_exceptions(exc_map):
         ~~~~~~~~~~~~~~^^^^^^^^^
  File "C:\Users\Suhrob\AppData\Local\Python\pythoncore-3.14-64\Lib\contextlib.py", line 162, in __exit__
    self.gen.throw(value)
    ~~~~~~~~~~~~~~^^^^^^^
  File "C:\Users\Suhrob\ollama_chat\.venv\Lib\site-packages\httpcore\_exceptions.py", line 14, in map_exceptions
    raise to_exc(exc) from exc
httpcore.ConnectError: [Errno 11001] getaddrinfo failed

The above exception was the direct cause of the following exception:

Traceback (most recent call last):
  File "C:\Users\Suhrob\ollama_chat\.venv\Lib\site-packages\telegram\request\_httpxrequest.py", line 279, in do_request
    res = await self._client.request(
          ^^^^^^^^^^^^^^^^^^^^^^^^^^^
    ...<6 lines>...
    )
    ^
  File "C:\Users\Suhrob\ollama_chat\.venv\Lib\site-packages\httpx\_client.py", line 1540, in request
    return await self.send(request, auth=auth, follow_redirects=follow_redirects)
           ^^^^^^^^^^^^^^^^^^^^^^^^^^^^^^^^^^^^^^^^^^^^^^^^^^^^^^^^^^^^^^^^^^^^^^
  File "C:\Users\Suhrob\ollama_chat\.venv\Lib\site-packages\httpx\_client.py", line 1629, in send
    response = await self._send_handling_auth(
               ^^^^^^^^^^^^^^^^^^^^^^^^^^^^^^^
    ...<4 lines>...
    )
    ^
  File "C:\Users\Suhrob\ollama_chat\.venv\Lib\site-packages\httpx\_client.py", line 1657, in _send_handling_auth
    response = await self._send_handling_redirects(
               ^^^^^^^^^^^^^^^^^^^^^^^^^^^^^^^^^^^^
    ...<3 lines>...
    )
    ^
  File "C:\Users\Suhrob\ollama_chat\.venv\Lib\site-packages\httpx\_client.py", line 1694, in _send_handling_redirects
    response = await self._send_single_request(request)
               ^^^^^^^^^^^^^^^^^^^^^^^^^^^^^^^^^^^^^^^^
  File "C:\Users\Suhrob\ollama_chat\.venv\Lib\site-packages\httpx\_client.py", line 1730, in _send_single_request
    response = await transport.handle_async_request(request)
               ^^^^^^^^^^^^^^^^^^^^^^^^^^^^^^^^^^^^^^^^^^^^^
  File "C:\Users\Suhrob\ollama_chat\.venv\Lib\site-packages\httpx\_transports\default.py", line 393, in handle_async_request
    with map_httpcore_exceptions():
         ~~~~~~~~~~~~~~~~~~~~~~~^^
  File "C:\Users\Suhrob\AppData\Local\Python\pythoncore-3.14-64\Lib\contextlib.py", line 162, in __exit__
    self.gen.throw(value)
    ~~~~~~~~~~~~~~^^^^^^^
  File "C:\Users\Suhrob\ollama_chat\.venv\Lib\site-packages\httpx\_transports\default.py", line 118, in map_httpcore_exceptions
    raise mapped_exc(message) from exc
httpx.ConnectError: [Errno 11001] getaddrinfo failed

The above exception was the direct cause of the following exception:

Traceback (most recent call last):
  File "C:\Users\Suhrob\ollama_chat\.venv\Lib\site-packages\telegram\ext\_utils\networkloop.py", line 161, in network_retry_loop
    await do_action()
  File "C:\Users\Suhrob\ollama_chat\.venv\Lib\site-packages\telegram\ext\_utils\networkloop.py", line 154, in do_action
    action_cb_task.result()
    ~~~~~~~~~~~~~~~~~~~~~^^
  File "C:\Users\Suhrob\ollama_chat\.venv\Lib\site-packages\telegram\ext\_updater.py", line 340, in polling_action_cb
    updates = await self.bot.get_updates(
              ^^^^^^^^^^^^^^^^^^^^^^^^^^^
    ...<3 lines>...
    )
    ^
  File "C:\Users\Suhrob\ollama_chat\.venv\Lib\site-packages\telegram\ext\_extbot.py", line 672, in get_updates
    updates = await super().get_updates(
              ^^^^^^^^^^^^^^^^^^^^^^^^^^
    ...<9 lines>...
    )
    ^
  File "C:\Users\Suhrob\ollama_chat\.venv\Lib\site-packages\telegram\_bot.py", line 4865, in get_updates
    await self._post(
    ^^^^^^^^^^^^^^^^^
    ...<7 lines>...
    ),
    ^
  File "C:\Users\Suhrob\ollama_chat\.venv\Lib\site-packages\telegram\_bot.py", line 704, in _post
    return await self._do_post(
           ^^^^^^^^^^^^^^^^^^^^
    ...<6 lines>...
    )
    ^
  File "C:\Users\Suhrob\ollama_chat\.venv\Lib\site-packages\telegram\ext\_extbot.py", line 370, in _do_post
    return await super()._do_post(
           ^^^^^^^^^^^^^^^^^^^^^^^
    ...<6 lines>...
    )
    ^
  File "C:\Users\Suhrob\ollama_chat\.venv\Lib\site-packages\telegram\_bot.py", line 733, in _do_post
    result = await request.post(
             ^^^^^^^^^^^^^^^^^^^
    ...<6 lines>...
    )
    ^
  File "C:\Users\Suhrob\ollama_chat\.venv\Lib\site-packages\telegram\request\_baserequest.py", line 198, in post
    result = await self._request_wrapper(
             ^^^^^^^^^^^^^^^^^^^^^^^^^^^^
    ...<7 lines>...
    )
    ^
  File "C:\Users\Suhrob\ollama_chat\.venv\Lib\site-packages\telegram\request\_baserequest.py", line 305, in _request_wrapper
    code, payload = await self.do_request(
                    ^^^^^^^^^^^^^^^^^^^^^^
    ...<7 lines>...
    )
    ^
  File "C:\Users\Suhrob\ollama_chat\.venv\Lib\site-packages\telegram\request\_httpxrequest.py", line 303, in do_request
    raise NetworkError(f"httpx.{err.__class__.__name__}: {err}") from err
telegram.error.NetworkError: httpx.ConnectError: [Errno 11001] getaddrinfo failed
2026-05-12 13:17:45 | ERROR    | No error handlers are registered, logging exception.
Traceback (most recent call last):
  File "C:\Users\Suhrob\ollama_chat\.venv\Lib\site-packages\httpx\_transports\default.py", line 101, in map_httpcore_exceptions
    yield
  File "C:\Users\Suhrob\ollama_chat\.venv\Lib\site-packages\httpx\_transports\default.py", line 394, in handle_async_request
    resp = await self._pool.handle_async_request(req)
           ^^^^^^^^^^^^^^^^^^^^^^^^^^^^^^^^^^^^^^^^^^
  File "C:\Users\Suhrob\ollama_chat\.venv\Lib\site-packages\httpcore\_async\connection_pool.py", line 256, in handle_async_request
    raise exc from None
  File "C:\Users\Suhrob\ollama_chat\.venv\Lib\site-packages\httpcore\_async\connection_pool.py", line 236, in handle_async_request
    response = await connection.handle_async_request(
               ^^^^^^^^^^^^^^^^^^^^^^^^^^^^^^^^^^^^^^
        pool_request.request
        ^^^^^^^^^^^^^^^^^^^^
    )
    ^
  File "C:\Users\Suhrob\ollama_chat\.venv\Lib\site-packages\httpcore\_async\connection.py", line 101, in handle_async_request
    raise exc
  File "C:\Users\Suhrob\ollama_chat\.venv\Lib\site-packages\httpcore\_async\connection.py", line 78, in handle_async_request
    stream = await self._connect(request)
             ^^^^^^^^^^^^^^^^^^^^^^^^^^^^
  File "C:\Users\Suhrob\ollama_chat\.venv\Lib\site-packages\httpcore\_async\connection.py", line 124, in _connect
    stream = await self._network_backend.connect_tcp(**kwargs)
             ^^^^^^^^^^^^^^^^^^^^^^^^^^^^^^^^^^^^^^^^^^^^^^^^^
  File "C:\Users\Suhrob\ollama_chat\.venv\Lib\site-packages\httpcore\_backends\auto.py", line 31, in connect_tcp
    return await self._backend.connect_tcp(
           ^^^^^^^^^^^^^^^^^^^^^^^^^^^^^^^^
    ...<5 lines>...
    )
    ^
  File "C:\Users\Suhrob\ollama_chat\.venv\Lib\site-packages\httpcore\_backends\anyio.py", line 113, in connect_tcp
    with map_exceptions(exc_map):
         ~~~~~~~~~~~~~~^^^^^^^^^
  File "C:\Users\Suhrob\AppData\Local\Python\pythoncore-3.14-64\Lib\contextlib.py", line 162, in __exit__
    self.gen.throw(value)
    ~~~~~~~~~~~~~~^^^^^^^
  File "C:\Users\Suhrob\ollama_chat\.venv\Lib\site-packages\httpcore\_exceptions.py", line 14, in map_exceptions
    raise to_exc(exc) from exc
httpcore.ConnectError: [Errno 11001] getaddrinfo failed

The above exception was the direct cause of the following exception:

Traceback (most recent call last):
  File "C:\Users\Suhrob\ollama_chat\.venv\Lib\site-packages\telegram\request\_httpxrequest.py", line 279, in do_request
    res = await self._client.request(
          ^^^^^^^^^^^^^^^^^^^^^^^^^^^
    ...<6 lines>...
    )
    ^
  File "C:\Users\Suhrob\ollama_chat\.venv\Lib\site-packages\httpx\_client.py", line 1540, in request
    return await self.send(request, auth=auth, follow_redirects=follow_redirects)
           ^^^^^^^^^^^^^^^^^^^^^^^^^^^^^^^^^^^^^^^^^^^^^^^^^^^^^^^^^^^^^^^^^^^^^^
  File "C:\Users\Suhrob\ollama_chat\.venv\Lib\site-packages\httpx\_client.py", line 1629, in send
    response = await self._send_handling_auth(
               ^^^^^^^^^^^^^^^^^^^^^^^^^^^^^^^
    ...<4 lines>...
    )
    ^
  File "C:\Users\Suhrob\ollama_chat\.venv\Lib\site-packages\httpx\_client.py", line 1657, in _send_handling_auth
    response = await self._send_handling_redirects(
               ^^^^^^^^^^^^^^^^^^^^^^^^^^^^^^^^^^^^
    ...<3 lines>...
    )
    ^
  File "C:\Users\Suhrob\ollama_chat\.venv\Lib\site-packages\httpx\_client.py", line 1694, in _send_handling_redirects
    response = await self._send_single_request(request)
               ^^^^^^^^^^^^^^^^^^^^^^^^^^^^^^^^^^^^^^^^
  File "C:\Users\Suhrob\ollama_chat\.venv\Lib\site-packages\httpx\_client.py", line 1730, in _send_single_request
    response = await transport.handle_async_request(request)
               ^^^^^^^^^^^^^^^^^^^^^^^^^^^^^^^^^^^^^^^^^^^^^
  File "C:\Users\Suhrob\ollama_chat\.venv\Lib\site-packages\httpx\_transports\default.py", line 393, in handle_async_request
    with map_httpcore_exceptions():
         ~~~~~~~~~~~~~~~~~~~~~~~^^
  File "C:\Users\Suhrob\AppData\Local\Python\pythoncore-3.14-64\Lib\contextlib.py", line 162, in __exit__
    self.gen.throw(value)
    ~~~~~~~~~~~~~~^^^^^^^
  File "C:\Users\Suhrob\ollama_chat\.venv\Lib\site-packages\httpx\_transports\default.py", line 118, in map_httpcore_exceptions
    raise mapped_exc(message) from exc
httpx.ConnectError: [Errno 11001] getaddrinfo failed

The above exception was the direct cause of the following exception:

Traceback (most recent call last):
  File "C:\Users\Suhrob\ollama_chat\.venv\Lib\site-packages\telegram\ext\_utils\networkloop.py", line 161, in network_retry_loop
    await do_action()
  File "C:\Users\Suhrob\ollama_chat\.venv\Lib\site-packages\telegram\ext\_utils\networkloop.py", line 154, in do_action
    action_cb_task.result()
    ~~~~~~~~~~~~~~~~~~~~~^^
  File "C:\Users\Suhrob\ollama_chat\.venv\Lib\site-packages\telegram\ext\_updater.py", line 340, in polling_action_cb
    updates = await self.bot.get_updates(
              ^^^^^^^^^^^^^^^^^^^^^^^^^^^
    ...<3 lines>...
    )
    ^
  File "C:\Users\Suhrob\ollama_chat\.venv\Lib\site-packages\telegram\ext\_extbot.py", line 672, in get_updates
    updates = await super().get_updates(
              ^^^^^^^^^^^^^^^^^^^^^^^^^^
    ...<9 lines>...
    )
    ^
  File "C:\Users\Suhrob\ollama_chat\.venv\Lib\site-packages\telegram\_bot.py", line 4865, in get_updates
    await self._post(
    ^^^^^^^^^^^^^^^^^
    ...<7 lines>...
    ),
    ^
  File "C:\Users\Suhrob\ollama_chat\.venv\Lib\site-packages\telegram\_bot.py", line 704, in _post
    return await self._do_post(
           ^^^^^^^^^^^^^^^^^^^^
    ...<6 lines>...
    )
    ^
  File "C:\Users\Suhrob\ollama_chat\.venv\Lib\site-packages\telegram\ext\_extbot.py", line 370, in _do_post
    return await super()._do_post(
           ^^^^^^^^^^^^^^^^^^^^^^^
    ...<6 lines>...
    )
    ^
  File "C:\Users\Suhrob\ollama_chat\.venv\Lib\site-packages\telegram\_bot.py", line 733, in _do_post
    result = await request.post(
             ^^^^^^^^^^^^^^^^^^^
    ...<6 lines>...
    )
    ^
  File "C:\Users\Suhrob\ollama_chat\.venv\Lib\site-packages\telegram\request\_baserequest.py", line 198, in post
    result = await self._request_wrapper(
             ^^^^^^^^^^^^^^^^^^^^^^^^^^^^
    ...<7 lines>...
    )
    ^
  File "C:\Users\Suhrob\ollama_chat\.venv\Lib\site-packages\telegram\request\_baserequest.py", line 305, in _request_wrapper
    code, payload = await self.do_request(
                    ^^^^^^^^^^^^^^^^^^^^^^
    ...<7 lines>...
    )
    ^
  File "C:\Users\Suhrob\ollama_chat\.venv\Lib\site-packages\telegram\request\_httpxrequest.py", line 303, in do_request
    raise NetworkError(f"httpx.{err.__class__.__name__}: {err}") from err
telegram.error.NetworkError: httpx.ConnectError: [Errno 11001] getaddrinfo failed
2026-05-12 13:18:26 | INFO     | HTTP Request: POST https://api.telegram.org/bot8223900828:AAGNG00joY9NKJRy9RnQSFq0St6kq9cZnCs/getUpdates "HTTP/1.1 200 OK"
2026-05-12 13:18:36 | INFO     | HTTP Request: POST https://api.telegram.org/bot8223900828:AAGNG00joY9NKJRy9RnQSFq0St6kq9cZnCs/getUpdates "HTTP/1.1 200 OK"
2026-05-12 13:18:46 | INFO     | HTTP Request: POST https://api.telegram.org/bot8223900828:AAGNG00joY9NKJRy9RnQSFq0St6kq9cZnCs/getUpdates "HTTP/1.1 200 OK"
2026-05-12 13:18:56 | INFO     | HTTP Request: POST https://api.telegram.org/bot8223900828:AAGNG00joY9NKJRy9RnQSFq0St6kq9cZnCs/getUpdates "HTTP/1.1 200 OK"
2026-05-12 13:19:07 | INFO     | HTTP Request: POST https://api.telegram.org/bot8223900828:AAGNG00joY9NKJRy9RnQSFq0St6kq9cZnCs/getUpdates "HTTP/1.1 200 OK"
2026-05-12 13:19:17 | INFO     | HTTP Request: POST https://api.telegram.org/bot8223900828:AAGNG00joY9NKJRy9RnQSFq0St6kq9cZnCs/getUpdates "HTTP/1.1 200 OK"
2026-05-12 13:19:27 | INFO     | HTTP Request: POST https://api.telegram.org/bot8223900828:AAGNG00joY9NKJRy9RnQSFq0St6kq9cZnCs/getUpdates "HTTP/1.1 200 OK"
2026-05-12 13:19:37 | INFO     | HTTP Request: POST https://api.telegram.org/bot8223900828:AAGNG00joY9NKJRy9RnQSFq0St6kq9cZnCs/getUpdates "HTTP/1.1 200 OK"
2026-05-12 13:19:48 | INFO     | HTTP Request: POST https://api.telegram.org/bot8223900828:AAGNG00joY9NKJRy9RnQSFq0St6kq9cZnCs/getUpdates "HTTP/1.1 200 OK"
2026-05-12 13:19:58 | INFO     | HTTP Request: POST https://api.telegram.org/bot8223900828:AAGNG00joY9NKJRy9RnQSFq0St6kq9cZnCs/getUpdates "HTTP/1.1 200 OK"
2026-05-12 13:20:08 | INFO     | HTTP Request: POST https://api.telegram.org/bot8223900828:AAGNG00joY9NKJRy9RnQSFq0St6kq9cZnCs/getUpdates "HTTP/1.1 200 OK"
2026-05-12 13:20:19 | INFO     | HTTP Request: POST https://api.telegram.org/bot8223900828:AAGNG00joY9NKJRy9RnQSFq0St6kq9cZnCs/getUpdates "HTTP/1.1 200 OK"
2026-05-12 13:20:23 | INFO     | HTTP Request: POST https://api.telegram.org/bot8223900828:AAGNG00joY9NKJRy9RnQSFq0St6kq9cZnCs/getUpdates "HTTP/1.1 200 OK"
2026-05-12 13:20:23 | INFO     | Application is stopping. This might take a moment.
2026-05-12 13:20:23 | INFO     | Application.stop() complete
2026-05-12 13:20:28 | INFO     | DonishAI v7.0 started | model=qwen2.5:3b
2026-05-12 13:20:29 | INFO     | HTTP Request: POST https://api.telegram.org/bot8223900828:AAGNG00joY9NKJRy9RnQSFq0St6kq9cZnCs/getMe "HTTP/1.1 200 OK"
2026-05-12 13:20:29 | INFO     | HTTP Request: POST https://api.telegram.org/bot8223900828:AAGNG00joY9NKJRy9RnQSFq0St6kq9cZnCs/deleteWebhook "HTTP/1.1 200 OK"
2026-05-12 13:20:29 | INFO     | Application started
2026-05-12 13:20:40 | INFO     | HTTP Request: POST https://api.telegram.org/bot8223900828:AAGNG00joY9NKJRy9RnQSFq0St6kq9cZnCs/getUpdates "HTTP/1.1 200 OK"
2026-05-12 13:20:50 | INFO     | HTTP Request: POST https://api.telegram.org/bot8223900828:AAGNG00joY9NKJRy9RnQSFq0St6kq9cZnCs/getUpdates "HTTP/1.1 200 OK"
2026-05-12 13:21:00 | INFO     | HTTP Request: POST https://api.telegram.org/bot8223900828:AAGNG00joY9NKJRy9RnQSFq0St6kq9cZnCs/getUpdates "HTTP/1.1 200 OK"
2026-05-12 13:21:11 | INFO     | HTTP Request: POST https://api.telegram.org/bot8223900828:AAGNG00joY9NKJRy9RnQSFq0St6kq9cZnCs/getUpdates "HTTP/1.1 200 OK"
2026-05-12 13:21:21 | INFO     | HTTP Request: POST https://api.telegram.org/bot8223900828:AAGNG00joY9NKJRy9RnQSFq0St6kq9cZnCs/getUpdates "HTTP/1.1 200 OK"
2026-05-12 13:21:32 | INFO     | HTTP Request: POST https://api.telegram.org/bot8223900828:AAGNG00joY9NKJRy9RnQSFq0St6kq9cZnCs/getUpdates "HTTP/1.1 200 OK"
2026-05-12 13:21:42 | INFO     | HTTP Request: POST https://api.telegram.org/bot8223900828:AAGNG00joY9NKJRy9RnQSFq0St6kq9cZnCs/getUpdates "HTTP/1.1 200 OK"
2026-05-12 13:21:52 | INFO     | HTTP Request: POST https://api.telegram.org/bot8223900828:AAGNG00joY9NKJRy9RnQSFq0St6kq9cZnCs/getUpdates "HTTP/1.1 200 OK"
2026-05-12 13:22:02 | INFO     | HTTP Request: POST https://api.telegram.org/bot8223900828:AAGNG00joY9NKJRy9RnQSFq0St6kq9cZnCs/getUpdates "HTTP/1.1 200 OK"
2026-05-12 13:22:13 | INFO     | HTTP Request: POST https://api.telegram.org/bot8223900828:AAGNG00joY9NKJRy9RnQSFq0St6kq9cZnCs/getUpdates "HTTP/1.1 200 OK"
2026-05-12 13:22:23 | INFO     | HTTP Request: POST https://api.telegram.org/bot8223900828:AAGNG00joY9NKJRy9RnQSFq0St6kq9cZnCs/getUpdates "HTTP/1.1 200 OK"
2026-05-12 13:22:34 | INFO     | HTTP Request: POST https://api.telegram.org/bot8223900828:AAGNG00joY9NKJRy9RnQSFq0St6kq9cZnCs/getUpdates "HTTP/1.1 200 OK"
2026-05-12 13:22:48 | INFO     | HTTP Request: POST https://api.telegram.org/bot8223900828:AAGNG00joY9NKJRy9RnQSFq0St6kq9cZnCs/getUpdates "HTTP/1.1 200 OK"
2026-05-12 13:23:23 | INFO     | HTTP Request: POST https://api.telegram.org/bot8223900828:AAGNG00joY9NKJRy9RnQSFq0St6kq9cZnCs/getUpdates "HTTP/1.1 200 OK"
2026-05-12 13:23:33 | INFO     | HTTP Request: POST https://api.telegram.org/bot8223900828:AAGNG00joY9NKJRy9RnQSFq0St6kq9cZnCs/getUpdates "HTTP/1.1 200 OK"
2026-05-12 13:23:43 | INFO     | HTTP Request: POST https://api.telegram.org/bot8223900828:AAGNG00joY9NKJRy9RnQSFq0St6kq9cZnCs/getUpdates "HTTP/1.1 200 OK"
2026-05-12 13:23:54 | INFO     | HTTP Request: POST https://api.telegram.org/bot8223900828:AAGNG00joY9NKJRy9RnQSFq0St6kq9cZnCs/getUpdates "HTTP/1.1 200 OK"
2026-05-12 13:24:05 | INFO     | HTTP Request: POST https://api.telegram.org/bot8223900828:AAGNG00joY9NKJRy9RnQSFq0St6kq9cZnCs/getUpdates "HTTP/1.1 200 OK"
2026-05-12 13:24:15 | INFO     | HTTP Request: POST https://api.telegram.org/bot8223900828:AAGNG00joY9NKJRy9RnQSFq0St6kq9cZnCs/getUpdates "HTTP/1.1 200 OK"
2026-05-12 13:24:25 | INFO     | HTTP Request: POST https://api.telegram.org/bot8223900828:AAGNG00joY9NKJRy9RnQSFq0St6kq9cZnCs/getUpdates "HTTP/1.1 200 OK"
2026-05-12 13:24:35 | INFO     | HTTP Request: POST https://api.telegram.org/bot8223900828:AAGNG00joY9NKJRy9RnQSFq0St6kq9cZnCs/getUpdates "HTTP/1.1 200 OK"
2026-05-12 13:24:45 | INFO     | HTTP Request: POST https://api.telegram.org/bot8223900828:AAGNG00joY9NKJRy9RnQSFq0St6kq9cZnCs/getUpdates "HTTP/1.1 200 OK"
2026-05-12 13:24:57 | INFO     | HTTP Request: POST https://api.telegram.org/bot8223900828:AAGNG00joY9NKJRy9RnQSFq0St6kq9cZnCs/getUpdates "HTTP/1.1 200 OK"
2026-05-12 13:25:08 | INFO     | HTTP Request: POST https://api.telegram.org/bot8223900828:AAGNG00joY9NKJRy9RnQSFq0St6kq9cZnCs/getUpdates "HTTP/1.1 200 OK"
2026-05-12 13:25:19 | INFO     | HTTP Request: POST https://api.telegram.org/bot8223900828:AAGNG00joY9NKJRy9RnQSFq0St6kq9cZnCs/getUpdates "HTTP/1.1 200 OK"
2026-05-12 13:25:31 | INFO     | HTTP Request: POST https://api.telegram.org/bot8223900828:AAGNG00joY9NKJRy9RnQSFq0St6kq9cZnCs/getUpdates "HTTP/1.1 200 OK"
2026-05-12 13:25:41 | INFO     | HTTP Request: POST https://api.telegram.org/bot8223900828:AAGNG00joY9NKJRy9RnQSFq0St6kq9cZnCs/getUpdates "HTTP/1.1 200 OK"
2026-05-12 13:25:52 | INFO     | HTTP Request: POST https://api.telegram.org/bot8223900828:AAGNG00joY9NKJRy9RnQSFq0St6kq9cZnCs/getUpdates "HTTP/1.1 200 OK"
2026-05-12 13:26:02 | INFO     | HTTP Request: POST https://api.telegram.org/bot8223900828:AAGNG00joY9NKJRy9RnQSFq0St6kq9cZnCs/getUpdates "HTTP/1.1 200 OK"
2026-05-12 13:26:13 | INFO     | HTTP Request: POST https://api.telegram.org/bot8223900828:AAGNG00joY9NKJRy9RnQSFq0St6kq9cZnCs/getUpdates "HTTP/1.1 200 OK"
2026-05-12 13:26:23 | INFO     | HTTP Request: POST https://api.telegram.org/bot8223900828:AAGNG00joY9NKJRy9RnQSFq0St6kq9cZnCs/getUpdates "HTTP/1.1 200 OK"
2026-05-12 13:26:33 | INFO     | HTTP Request: POST https://api.telegram.org/bot8223900828:AAGNG00joY9NKJRy9RnQSFq0St6kq9cZnCs/getUpdates "HTTP/1.1 200 OK"
2026-05-12 13:26:43 | INFO     | HTTP Request: POST https://api.telegram.org/bot8223900828:AAGNG00joY9NKJRy9RnQSFq0St6kq9cZnCs/getUpdates "HTTP/1.1 200 OK"
2026-05-12 13:26:53 | INFO     | HTTP Request: POST https://api.telegram.org/bot8223900828:AAGNG00joY9NKJRy9RnQSFq0St6kq9cZnCs/getUpdates "HTTP/1.1 200 OK"
2026-05-12 13:27:04 | INFO     | HTTP Request: POST https://api.telegram.org/bot8223900828:AAGNG00joY9NKJRy9RnQSFq0St6kq9cZnCs/getUpdates "HTTP/1.1 200 OK"
2026-05-12 13:27:14 | INFO     | HTTP Request: POST https://api.telegram.org/bot8223900828:AAGNG00joY9NKJRy9RnQSFq0St6kq9cZnCs/getUpdates "HTTP/1.1 200 OK"
2026-05-12 13:27:24 | INFO     | HTTP Request: POST https://api.telegram.org/bot8223900828:AAGNG00joY9NKJRy9RnQSFq0St6kq9cZnCs/getUpdates "HTTP/1.1 200 OK"
2026-05-12 13:27:34 | INFO     | HTTP Request: POST https://api.telegram.org/bot8223900828:AAGNG00joY9NKJRy9RnQSFq0St6kq9cZnCs/getUpdates "HTTP/1.1 200 OK"
2026-05-12 13:27:44 | INFO     | HTTP Request: POST https://api.telegram.org/bot8223900828:AAGNG00joY9NKJRy9RnQSFq0St6kq9cZnCs/getUpdates "HTTP/1.1 200 OK"
2026-05-12 13:27:55 | INFO     | HTTP Request: POST https://api.telegram.org/bot8223900828:AAGNG00joY9NKJRy9RnQSFq0St6kq9cZnCs/getUpdates "HTTP/1.1 200 OK"
2026-05-12 13:28:05 | INFO     | HTTP Request: POST https://api.telegram.org/bot8223900828:AAGNG00joY9NKJRy9RnQSFq0St6kq9cZnCs/getUpdates "HTTP/1.1 200 OK"
2026-05-12 13:28:15 | INFO     | HTTP Request: POST https://api.telegram.org/bot8223900828:AAGNG00joY9NKJRy9RnQSFq0St6kq9cZnCs/getUpdates "HTTP/1.1 200 OK"
2026-05-12 13:28:25 | INFO     | HTTP Request: POST https://api.telegram.org/bot8223900828:AAGNG00joY9NKJRy9RnQSFq0St6kq9cZnCs/getUpdates "HTTP/1.1 200 OK"
2026-05-12 13:28:35 | INFO     | HTTP Request: POST https://api.telegram.org/bot8223900828:AAGNG00joY9NKJRy9RnQSFq0St6kq9cZnCs/getUpdates "HTTP/1.1 200 OK"
2026-05-12 13:28:46 | INFO     | HTTP Request: POST https://api.telegram.org/bot8223900828:AAGNG00joY9NKJRy9RnQSFq0St6kq9cZnCs/getUpdates "HTTP/1.1 200 OK"
2026-05-12 13:28:56 | INFO     | HTTP Request: POST https://api.telegram.org/bot8223900828:AAGNG00joY9NKJRy9RnQSFq0St6kq9cZnCs/getUpdates "HTTP/1.1 200 OK"
2026-05-12 13:29:06 | INFO     | HTTP Request: POST https://api.telegram.org/bot8223900828:AAGNG00joY9NKJRy9RnQSFq0St6kq9cZnCs/getUpdates "HTTP/1.1 200 OK"
2026-05-12 13:29:16 | INFO     | HTTP Request: POST https://api.telegram.org/bot8223900828:AAGNG00joY9NKJRy9RnQSFq0St6kq9cZnCs/getUpdates "HTTP/1.1 200 OK"
2026-05-12 13:29:26 | INFO     | HTTP Request: POST https://api.telegram.org/bot8223900828:AAGNG00joY9NKJRy9RnQSFq0St6kq9cZnCs/getUpdates "HTTP/1.1 200 OK"
2026-05-12 13:29:37 | INFO     | HTTP Request: POST https://api.telegram.org/bot8223900828:AAGNG00joY9NKJRy9RnQSFq0St6kq9cZnCs/getUpdates "HTTP/1.1 200 OK"
2026-05-12 13:29:47 | INFO     | HTTP Request: POST https://api.telegram.org/bot8223900828:AAGNG00joY9NKJRy9RnQSFq0St6kq9cZnCs/getUpdates "HTTP/1.1 200 OK"
2026-05-12 13:29:57 | INFO     | HTTP Request: POST https://api.telegram.org/bot8223900828:AAGNG00joY9NKJRy9RnQSFq0St6kq9cZnCs/getUpdates "HTTP/1.1 200 OK"
2026-05-12 13:30:08 | INFO     | HTTP Request: POST https://api.telegram.org/bot8223900828:AAGNG00joY9NKJRy9RnQSFq0St6kq9cZnCs/getUpdates "HTTP/1.1 200 OK"
2026-05-12 13:30:18 | INFO     | HTTP Request: POST https://api.telegram.org/bot8223900828:AAGNG00joY9NKJRy9RnQSFq0St6kq9cZnCs/getUpdates "HTTP/1.1 200 OK"
2026-05-12 13:30:28 | INFO     | HTTP Request: POST https://api.telegram.org/bot8223900828:AAGNG00joY9NKJRy9RnQSFq0St6kq9cZnCs/getUpdates "HTTP/1.1 200 OK"
2026-05-12 13:30:38 | INFO     | HTTP Request: POST https://api.telegram.org/bot8223900828:AAGNG00joY9NKJRy9RnQSFq0St6kq9cZnCs/getUpdates "HTTP/1.1 200 OK"
2026-05-12 13:30:48 | INFO     | HTTP Request: POST https://api.telegram.org/bot8223900828:AAGNG00joY9NKJRy9RnQSFq0St6kq9cZnCs/getUpdates "HTTP/1.1 200 OK"
2026-05-12 13:30:59 | INFO     | HTTP Request: POST https://api.telegram.org/bot8223900828:AAGNG00joY9NKJRy9RnQSFq0St6kq9cZnCs/getUpdates "HTTP/1.1 200 OK"
2026-05-12 13:31:09 | INFO     | HTTP Request: POST https://api.telegram.org/bot8223900828:AAGNG00joY9NKJRy9RnQSFq0St6kq9cZnCs/getUpdates "HTTP/1.1 200 OK"
2026-05-12 13:31:19 | INFO     | HTTP Request: POST https://api.telegram.org/bot8223900828:AAGNG00joY9NKJRy9RnQSFq0St6kq9cZnCs/getUpdates "HTTP/1.1 200 OK"
2026-05-12 13:31:29 | INFO     | HTTP Request: POST https://api.telegram.org/bot8223900828:AAGNG00joY9NKJRy9RnQSFq0St6kq9cZnCs/getUpdates "HTTP/1.1 200 OK"
2026-05-12 13:31:39 | INFO     | HTTP Request: POST https://api.telegram.org/bot8223900828:AAGNG00joY9NKJRy9RnQSFq0St6kq9cZnCs/getUpdates "HTTP/1.1 200 OK"
2026-05-12 13:31:50 | INFO     | HTTP Request: POST https://api.telegram.org/bot8223900828:AAGNG00joY9NKJRy9RnQSFq0St6kq9cZnCs/getUpdates "HTTP/1.1 200 OK"
2026-05-12 13:32:00 | INFO     | HTTP Request: POST https://api.telegram.org/bot8223900828:AAGNG00joY9NKJRy9RnQSFq0St6kq9cZnCs/getUpdates "HTTP/1.1 200 OK"
2026-05-12 13:32:10 | INFO     | HTTP Request: POST https://api.telegram.org/bot8223900828:AAGNG00joY9NKJRy9RnQSFq0St6kq9cZnCs/getUpdates "HTTP/1.1 200 OK"
2026-05-12 13:32:20 | INFO     | HTTP Request: POST https://api.telegram.org/bot8223900828:AAGNG00joY9NKJRy9RnQSFq0St6kq9cZnCs/getUpdates "HTTP/1.1 200 OK"
2026-05-12 13:32:30 | INFO     | HTTP Request: POST https://api.telegram.org/bot8223900828:AAGNG00joY9NKJRy9RnQSFq0St6kq9cZnCs/getUpdates "HTTP/1.1 200 OK"
2026-05-12 13:32:41 | INFO     | HTTP Request: POST https://api.telegram.org/bot8223900828:AAGNG00joY9NKJRy9RnQSFq0St6kq9cZnCs/getUpdates "HTTP/1.1 200 OK"
2026-05-12 13:32:51 | INFO     | HTTP Request: POST https://api.telegram.org/bot8223900828:AAGNG00joY9NKJRy9RnQSFq0St6kq9cZnCs/getUpdates "HTTP/1.1 200 OK"
2026-05-12 13:33:01 | INFO     | HTTP Request: POST https://api.telegram.org/bot8223900828:AAGNG00joY9NKJRy9RnQSFq0St6kq9cZnCs/getUpdates "HTTP/1.1 200 OK"
2026-05-12 13:33:12 | INFO     | HTTP Request: POST https://api.telegram.org/bot8223900828:AAGNG00joY9NKJRy9RnQSFq0St6kq9cZnCs/getUpdates "HTTP/1.1 200 OK"
2026-05-12 13:33:22 | INFO     | HTTP Request: POST https://api.telegram.org/bot8223900828:AAGNG00joY9NKJRy9RnQSFq0St6kq9cZnCs/getUpdates "HTTP/1.1 200 OK"
2026-05-12 13:33:32 | INFO     | HTTP Request: POST https://api.telegram.org/bot8223900828:AAGNG00joY9NKJRy9RnQSFq0St6kq9cZnCs/getUpdates "HTTP/1.1 200 OK"
2026-05-12 13:33:43 | INFO     | HTTP Request: POST https://api.telegram.org/bot8223900828:AAGNG00joY9NKJRy9RnQSFq0St6kq9cZnCs/getUpdates "HTTP/1.1 200 OK"
2026-05-12 13:33:53 | INFO     | HTTP Request: POST https://api.telegram.org/bot8223900828:AAGNG00joY9NKJRy9RnQSFq0St6kq9cZnCs/getUpdates "HTTP/1.1 200 OK"
2026-05-12 13:34:03 | INFO     | HTTP Request: POST https://api.telegram.org/bot8223900828:AAGNG00joY9NKJRy9RnQSFq0St6kq9cZnCs/getUpdates "HTTP/1.1 200 OK"
2026-05-12 13:34:13 | INFO     | HTTP Request: POST https://api.telegram.org/bot8223900828:AAGNG00joY9NKJRy9RnQSFq0St6kq9cZnCs/getUpdates "HTTP/1.1 200 OK"
2026-05-12 13:34:24 | INFO     | HTTP Request: POST https://api.telegram.org/bot8223900828:AAGNG00joY9NKJRy9RnQSFq0St6kq9cZnCs/getUpdates "HTTP/1.1 200 OK"
2026-05-12 13:34:34 | INFO     | HTTP Request: POST https://api.telegram.org/bot8223900828:AAGNG00joY9NKJRy9RnQSFq0St6kq9cZnCs/getUpdates "HTTP/1.1 200 OK"
2026-05-12 13:34:46 | INFO     | HTTP Request: POST https://api.telegram.org/bot8223900828:AAGNG00joY9NKJRy9RnQSFq0St6kq9cZnCs/getUpdates "HTTP/1.1 200 OK"
2026-05-12 13:34:56 | INFO     | HTTP Request: POST https://api.telegram.org/bot8223900828:AAGNG00joY9NKJRy9RnQSFq0St6kq9cZnCs/getUpdates "HTTP/1.1 200 OK"
2026-05-12 13:35:06 | INFO     | HTTP Request: POST https://api.telegram.org/bot8223900828:AAGNG00joY9NKJRy9RnQSFq0St6kq9cZnCs/getUpdates "HTTP/1.1 200 OK"
2026-05-12 13:35:17 | INFO     | HTTP Request: POST https://api.telegram.org/bot8223900828:AAGNG00joY9NKJRy9RnQSFq0St6kq9cZnCs/getUpdates "HTTP/1.1 200 OK"
2026-05-12 13:35:27 | INFO     | HTTP Request: POST https://api.telegram.org/bot8223900828:AAGNG00joY9NKJRy9RnQSFq0St6kq9cZnCs/getUpdates "HTTP/1.1 200 OK"
2026-05-12 13:35:37 | INFO     | HTTP Request: POST https://api.telegram.org/bot8223900828:AAGNG00joY9NKJRy9RnQSFq0St6kq9cZnCs/getUpdates "HTTP/1.1 200 OK"
2026-05-12 13:35:47 | INFO     | HTTP Request: POST https://api.telegram.org/bot8223900828:AAGNG00joY9NKJRy9RnQSFq0St6kq9cZnCs/getUpdates "HTTP/1.1 200 OK"
2026-05-12 13:35:58 | INFO     | HTTP Request: POST https://api.telegram.org/bot8223900828:AAGNG00joY9NKJRy9RnQSFq0St6kq9cZnCs/getUpdates "HTTP/1.1 200 OK"
2026-05-12 13:36:08 | INFO     | HTTP Request: POST https://api.telegram.org/bot8223900828:AAGNG00joY9NKJRy9RnQSFq0St6kq9cZnCs/getUpdates "HTTP/1.1 200 OK"
2026-05-12 13:36:18 | INFO     | HTTP Request: POST https://api.telegram.org/bot8223900828:AAGNG00joY9NKJRy9RnQSFq0St6kq9cZnCs/getUpdates "HTTP/1.1 200 OK"
2026-05-12 13:36:28 | INFO     | HTTP Request: POST https://api.telegram.org/bot8223900828:AAGNG00joY9NKJRy9RnQSFq0St6kq9cZnCs/getUpdates "HTTP/1.1 200 OK"
2026-05-12 13:36:39 | INFO     | HTTP Request: POST https://api.telegram.org/bot8223900828:AAGNG00joY9NKJRy9RnQSFq0St6kq9cZnCs/getUpdates "HTTP/1.1 200 OK"
2026-05-12 13:36:49 | INFO     | HTTP Request: POST https://api.telegram.org/bot8223900828:AAGNG00joY9NKJRy9RnQSFq0St6kq9cZnCs/getUpdates "HTTP/1.1 200 OK"
2026-05-12 13:36:59 | INFO     | HTTP Request: POST https://api.telegram.org/bot8223900828:AAGNG00joY9NKJRy9RnQSFq0St6kq9cZnCs/getUpdates "HTTP/1.1 200 OK"
2026-05-12 13:37:10 | INFO     | HTTP Request: POST https://api.telegram.org/bot8223900828:AAGNG00joY9NKJRy9RnQSFq0St6kq9cZnCs/getUpdates "HTTP/1.1 200 OK"
2026-05-12 13:37:20 | INFO     | HTTP Request: POST https://api.telegram.org/bot8223900828:AAGNG00joY9NKJRy9RnQSFq0St6kq9cZnCs/getUpdates "HTTP/1.1 200 OK"
2026-05-12 13:37:30 | INFO     | HTTP Request: POST https://api.telegram.org/bot8223900828:AAGNG00joY9NKJRy9RnQSFq0St6kq9cZnCs/getUpdates "HTTP/1.1 200 OK"
2026-05-12 13:37:41 | INFO     | HTTP Request: POST https://api.telegram.org/bot8223900828:AAGNG00joY9NKJRy9RnQSFq0St6kq9cZnCs/getUpdates "HTTP/1.1 200 OK"
2026-05-12 13:37:52 | INFO     | HTTP Request: POST https://api.telegram.org/bot8223900828:AAGNG00joY9NKJRy9RnQSFq0St6kq9cZnCs/getUpdates "HTTP/1.1 200 OK"
2026-05-12 13:38:02 | INFO     | HTTP Request: POST https://api.telegram.org/bot8223900828:AAGNG00joY9NKJRy9RnQSFq0St6kq9cZnCs/getUpdates "HTTP/1.1 200 OK"
2026-05-12 13:38:12 | INFO     | HTTP Request: POST https://api.telegram.org/bot8223900828:AAGNG00joY9NKJRy9RnQSFq0St6kq9cZnCs/getUpdates "HTTP/1.1 200 OK"
2026-05-12 13:38:23 | INFO     | HTTP Request: POST https://api.telegram.org/bot8223900828:AAGNG00joY9NKJRy9RnQSFq0St6kq9cZnCs/getUpdates "HTTP/1.1 200 OK"
2026-05-12 13:38:33 | INFO     | HTTP Request: POST https://api.telegram.org/bot8223900828:AAGNG00joY9NKJRy9RnQSFq0St6kq9cZnCs/getUpdates "HTTP/1.1 200 OK"
2026-05-12 13:38:43 | INFO     | HTTP Request: POST https://api.telegram.org/bot8223900828:AAGNG00joY9NKJRy9RnQSFq0St6kq9cZnCs/getUpdates "HTTP/1.1 200 OK"
2026-05-12 13:38:53 | INFO     | HTTP Request: POST https://api.telegram.org/bot8223900828:AAGNG00joY9NKJRy9RnQSFq0St6kq9cZnCs/getUpdates "HTTP/1.1 200 OK"
2026-05-12 13:39:04 | INFO     | HTTP Request: POST https://api.telegram.org/bot8223900828:AAGNG00joY9NKJRy9RnQSFq0St6kq9cZnCs/getUpdates "HTTP/1.1 200 OK"
2026-05-12 13:39:14 | INFO     | HTTP Request: POST https://api.telegram.org/bot8223900828:AAGNG00joY9NKJRy9RnQSFq0St6kq9cZnCs/getUpdates "HTTP/1.1 200 OK"
2026-05-12 13:39:24 | INFO     | HTTP Request: POST https://api.telegram.org/bot8223900828:AAGNG00joY9NKJRy9RnQSFq0St6kq9cZnCs/getUpdates "HTTP/1.1 200 OK"
2026-05-12 13:39:34 | INFO     | HTTP Request: POST https://api.telegram.org/bot8223900828:AAGNG00joY9NKJRy9RnQSFq0St6kq9cZnCs/getUpdates "HTTP/1.1 200 OK"
2026-05-12 13:39:45 | INFO     | HTTP Request: POST https://api.telegram.org/bot8223900828:AAGNG00joY9NKJRy9RnQSFq0St6kq9cZnCs/getUpdates "HTTP/1.1 200 OK"
2026-05-12 13:39:55 | INFO     | HTTP Request: POST https://api.telegram.org/bot8223900828:AAGNG00joY9NKJRy9RnQSFq0St6kq9cZnCs/getUpdates "HTTP/1.1 200 OK"
2026-05-12 13:40:05 | INFO     | HTTP Request: POST https://api.telegram.org/bot8223900828:AAGNG00joY9NKJRy9RnQSFq0St6kq9cZnCs/getUpdates "HTTP/1.1 200 OK"
2026-05-12 13:40:16 | INFO     | HTTP Request: POST https://api.telegram.org/bot8223900828:AAGNG00joY9NKJRy9RnQSFq0St6kq9cZnCs/getUpdates "HTTP/1.1 200 OK"
2026-05-12 13:40:26 | INFO     | HTTP Request: POST https://api.telegram.org/bot8223900828:AAGNG00joY9NKJRy9RnQSFq0St6kq9cZnCs/getUpdates "HTTP/1.1 200 OK"
2026-05-12 13:40:38 | INFO     | HTTP Request: POST https://api.telegram.org/bot8223900828:AAGNG00joY9NKJRy9RnQSFq0St6kq9cZnCs/getUpdates "HTTP/1.1 200 OK"
2026-05-12 13:40:49 | INFO     | HTTP Request: POST https://api.telegram.org/bot8223900828:AAGNG00joY9NKJRy9RnQSFq0St6kq9cZnCs/getUpdates "HTTP/1.1 200 OK"
2026-05-12 13:40:59 | INFO     | HTTP Request: POST https://api.telegram.org/bot8223900828:AAGNG00joY9NKJRy9RnQSFq0St6kq9cZnCs/getUpdates "HTTP/1.1 200 OK"
2026-05-12 13:41:10 | INFO     | HTTP Request: POST https://api.telegram.org/bot8223900828:AAGNG00joY9NKJRy9RnQSFq0St6kq9cZnCs/getUpdates "HTTP/1.1 200 OK"
2026-05-12 13:41:25 | INFO     | HTTP Request: POST https://api.telegram.org/bot8223900828:AAGNG00joY9NKJRy9RnQSFq0St6kq9cZnCs/getUpdates "HTTP/1.1 200 OK"
2026-05-12 13:41:36 | INFO     | HTTP Request: POST https://api.telegram.org/bot8223900828:AAGNG00joY9NKJRy9RnQSFq0St6kq9cZnCs/getUpdates "HTTP/1.1 200 OK"
2026-05-12 13:41:46 | INFO     | HTTP Request: POST https://api.telegram.org/bot8223900828:AAGNG00joY9NKJRy9RnQSFq0St6kq9cZnCs/getUpdates "HTTP/1.1 200 OK"
2026-05-12 13:41:56 | INFO     | HTTP Request: POST https://api.telegram.org/bot8223900828:AAGNG00joY9NKJRy9RnQSFq0St6kq9cZnCs/getUpdates "HTTP/1.1 200 OK"
2026-05-12 13:42:06 | INFO     | HTTP Request: POST https://api.telegram.org/bot8223900828:AAGNG00joY9NKJRy9RnQSFq0St6kq9cZnCs/getUpdates "HTTP/1.1 200 OK"
2026-05-12 13:42:17 | INFO     | HTTP Request: POST https://api.telegram.org/bot8223900828:AAGNG00joY9NKJRy9RnQSFq0St6kq9cZnCs/getUpdates "HTTP/1.1 200 OK"
2026-05-12 13:42:29 | INFO     | HTTP Request: POST https://api.telegram.org/bot8223900828:AAGNG00joY9NKJRy9RnQSFq0St6kq9cZnCs/getUpdates "HTTP/1.1 200 OK"
2026-05-12 13:42:39 | INFO     | HTTP Request: POST https://api.telegram.org/bot8223900828:AAGNG00joY9NKJRy9RnQSFq0St6kq9cZnCs/getUpdates "HTTP/1.1 200 OK"
2026-05-12 13:42:49 | INFO     | HTTP Request: POST https://api.telegram.org/bot8223900828:AAGNG00joY9NKJRy9RnQSFq0St6kq9cZnCs/getUpdates "HTTP/1.1 200 OK"
2026-05-12 13:43:00 | INFO     | HTTP Request: POST https://api.telegram.org/bot8223900828:AAGNG00joY9NKJRy9RnQSFq0St6kq9cZnCs/getUpdates "HTTP/1.1 200 OK"
2026-05-12 13:43:10 | INFO     | HTTP Request: POST https://api.telegram.org/bot8223900828:AAGNG00joY9NKJRy9RnQSFq0St6kq9cZnCs/getUpdates "HTTP/1.1 200 OK"
2026-05-12 13:43:22 | INFO     | HTTP Request: POST https://api.telegram.org/bot8223900828:AAGNG00joY9NKJRy9RnQSFq0St6kq9cZnCs/getUpdates "HTTP/1.1 200 OK"
2026-05-12 13:43:32 | INFO     | HTTP Request: POST https://api.telegram.org/bot8223900828:AAGNG00joY9NKJRy9RnQSFq0St6kq9cZnCs/getUpdates "HTTP/1.1 200 OK"
2026-05-12 13:43:42 | INFO     | HTTP Request: POST https://api.telegram.org/bot8223900828:AAGNG00joY9NKJRy9RnQSFq0St6kq9cZnCs/getUpdates "HTTP/1.1 200 OK"
2026-05-12 13:43:52 | INFO     | HTTP Request: POST https://api.telegram.org/bot8223900828:AAGNG00joY9NKJRy9RnQSFq0St6kq9cZnCs/getUpdates "HTTP/1.1 200 OK"
2026-05-12 13:44:03 | INFO     | HTTP Request: POST https://api.telegram.org/bot8223900828:AAGNG00joY9NKJRy9RnQSFq0St6kq9cZnCs/getUpdates "HTTP/1.1 200 OK"
2026-05-12 13:44:13 | INFO     | HTTP Request: POST https://api.telegram.org/bot8223900828:AAGNG00joY9NKJRy9RnQSFq0St6kq9cZnCs/getUpdates "HTTP/1.1 200 OK"
2026-05-12 13:44:23 | INFO     | HTTP Request: POST https://api.telegram.org/bot8223900828:AAGNG00joY9NKJRy9RnQSFq0St6kq9cZnCs/getUpdates "HTTP/1.1 200 OK"
2026-05-12 13:44:33 | INFO     | HTTP Request: POST https://api.telegram.org/bot8223900828:AAGNG00joY9NKJRy9RnQSFq0St6kq9cZnCs/getUpdates "HTTP/1.1 200 OK"
2026-05-12 13:44:44 | INFO     | HTTP Request: POST https://api.telegram.org/bot8223900828:AAGNG00joY9NKJRy9RnQSFq0St6kq9cZnCs/getUpdates "HTTP/1.1 200 OK"
2026-05-12 13:44:54 | INFO     | HTTP Request: POST https://api.telegram.org/bot8223900828:AAGNG00joY9NKJRy9RnQSFq0St6kq9cZnCs/getUpdates "HTTP/1.1 200 OK"
2026-05-12 13:45:04 | INFO     | HTTP Request: POST https://api.telegram.org/bot8223900828:AAGNG00joY9NKJRy9RnQSFq0St6kq9cZnCs/getUpdates "HTTP/1.1 200 OK"
2026-05-12 13:45:15 | INFO     | HTTP Request: POST https://api.telegram.org/bot8223900828:AAGNG00joY9NKJRy9RnQSFq0St6kq9cZnCs/getUpdates "HTTP/1.1 200 OK"
2026-05-12 13:45:25 | INFO     | HTTP Request: POST https://api.telegram.org/bot8223900828:AAGNG00joY9NKJRy9RnQSFq0St6kq9cZnCs/getUpdates "HTTP/1.1 200 OK"
2026-05-12 13:45:36 | INFO     | HTTP Request: POST https://api.telegram.org/bot8223900828:AAGNG00joY9NKJRy9RnQSFq0St6kq9cZnCs/getUpdates "HTTP/1.1 200 OK"
2026-05-12 13:45:46 | INFO     | HTTP Request: POST https://api.telegram.org/bot8223900828:AAGNG00joY9NKJRy9RnQSFq0St6kq9cZnCs/getUpdates "HTTP/1.1 200 OK"
2026-05-12 13:45:56 | INFO     | HTTP Request: POST https://api.telegram.org/bot8223900828:AAGNG00joY9NKJRy9RnQSFq0St6kq9cZnCs/getUpdates "HTTP/1.1 200 OK"
2026-05-12 13:46:07 | INFO     | HTTP Request: POST https://api.telegram.org/bot8223900828:AAGNG00joY9NKJRy9RnQSFq0St6kq9cZnCs/getUpdates "HTTP/1.1 200 OK"
2026-05-12 13:46:17 | INFO     | HTTP Request: POST https://api.telegram.org/bot8223900828:AAGNG00joY9NKJRy9RnQSFq0St6kq9cZnCs/getUpdates "HTTP/1.1 200 OK"
2026-05-12 13:46:27 | INFO     | HTTP Request: POST https://api.telegram.org/bot8223900828:AAGNG00joY9NKJRy9RnQSFq0St6kq9cZnCs/getUpdates "HTTP/1.1 200 OK"
2026-05-12 13:46:37 | INFO     | HTTP Request: POST https://api.telegram.org/bot8223900828:AAGNG00joY9NKJRy9RnQSFq0St6kq9cZnCs/getUpdates "HTTP/1.1 200 OK"
2026-05-12 13:46:48 | INFO     | HTTP Request: POST https://api.telegram.org/bot8223900828:AAGNG00joY9NKJRy9RnQSFq0St6kq9cZnCs/getUpdates "HTTP/1.1 200 OK"
2026-05-12 13:46:58 | INFO     | HTTP Request: POST https://api.telegram.org/bot8223900828:AAGNG00joY9NKJRy9RnQSFq0St6kq9cZnCs/getUpdates "HTTP/1.1 200 OK"
2026-05-12 13:47:08 | INFO     | HTTP Request: POST https://api.telegram.org/bot8223900828:AAGNG00joY9NKJRy9RnQSFq0St6kq9cZnCs/getUpdates "HTTP/1.1 200 OK"
2026-05-12 13:47:18 | INFO     | HTTP Request: POST https://api.telegram.org/bot8223900828:AAGNG00joY9NKJRy9RnQSFq0St6kq9cZnCs/getUpdates "HTTP/1.1 200 OK"
2026-05-12 13:47:29 | INFO     | HTTP Request: POST https://api.telegram.org/bot8223900828:AAGNG00joY9NKJRy9RnQSFq0St6kq9cZnCs/getUpdates "HTTP/1.1 200 OK"
2026-05-12 13:47:39 | INFO     | HTTP Request: POST https://api.telegram.org/bot8223900828:AAGNG00joY9NKJRy9RnQSFq0St6kq9cZnCs/getUpdates "HTTP/1.1 200 OK"
2026-05-12 13:47:49 | INFO     | HTTP Request: POST https://api.telegram.org/bot8223900828:AAGNG00joY9NKJRy9RnQSFq0St6kq9cZnCs/getUpdates "HTTP/1.1 200 OK"
2026-05-12 13:47:59 | INFO     | HTTP Request: POST https://api.telegram.org/bot8223900828:AAGNG00joY9NKJRy9RnQSFq0St6kq9cZnCs/getUpdates "HTTP/1.1 200 OK"
2026-05-12 13:48:10 | INFO     | HTTP Request: POST https://api.telegram.org/bot8223900828:AAGNG00joY9NKJRy9RnQSFq0St6kq9cZnCs/getUpdates "HTTP/1.1 200 OK"
2026-05-12 13:48:20 | INFO     | HTTP Request: POST https://api.telegram.org/bot8223900828:AAGNG00joY9NKJRy9RnQSFq0St6kq9cZnCs/getUpdates "HTTP/1.1 200 OK"
2026-05-12 13:48:30 | INFO     | HTTP Request: POST https://api.telegram.org/bot8223900828:AAGNG00joY9NKJRy9RnQSFq0St6kq9cZnCs/getUpdates "HTTP/1.1 200 OK"
2026-05-12 13:48:41 | INFO     | HTTP Request: POST https://api.telegram.org/bot8223900828:AAGNG00joY9NKJRy9RnQSFq0St6kq9cZnCs/getUpdates "HTTP/1.1 200 OK"
2026-05-12 13:48:51 | INFO     | HTTP Request: POST https://api.telegram.org/bot8223900828:AAGNG00joY9NKJRy9RnQSFq0St6kq9cZnCs/getUpdates "HTTP/1.1 200 OK"
2026-05-12 13:49:03 | INFO     | HTTP Request: POST https://api.telegram.org/bot8223900828:AAGNG00joY9NKJRy9RnQSFq0St6kq9cZnCs/getUpdates "HTTP/1.1 200 OK"
2026-05-12 13:49:14 | INFO     | HTTP Request: POST https://api.telegram.org/bot8223900828:AAGNG00joY9NKJRy9RnQSFq0St6kq9cZnCs/getUpdates "HTTP/1.1 200 OK"
2026-05-12 13:49:24 | INFO     | HTTP Request: POST https://api.telegram.org/bot8223900828:AAGNG00joY9NKJRy9RnQSFq0St6kq9cZnCs/getUpdates "HTTP/1.1 200 OK"
2026-05-12 13:49:35 | INFO     | HTTP Request: POST https://api.telegram.org/bot8223900828:AAGNG00joY9NKJRy9RnQSFq0St6kq9cZnCs/getUpdates "HTTP/1.1 200 OK"
2026-05-12 13:49:45 | INFO     | HTTP Request: POST https://api.telegram.org/bot8223900828:AAGNG00joY9NKJRy9RnQSFq0St6kq9cZnCs/getUpdates "HTTP/1.1 200 OK"
2026-05-12 13:49:55 | INFO     | HTTP Request: POST https://api.telegram.org/bot8223900828:AAGNG00joY9NKJRy9RnQSFq0St6kq9cZnCs/getUpdates "HTTP/1.1 200 OK"
2026-05-12 13:50:05 | INFO     | HTTP Request: POST https://api.telegram.org/bot8223900828:AAGNG00joY9NKJRy9RnQSFq0St6kq9cZnCs/getUpdates "HTTP/1.1 200 OK"
2026-05-12 13:50:18 | INFO     | HTTP Request: POST https://api.telegram.org/bot8223900828:AAGNG00joY9NKJRy9RnQSFq0St6kq9cZnCs/getUpdates "HTTP/1.1 200 OK"
2026-05-12 13:50:28 | INFO     | HTTP Request: POST https://api.telegram.org/bot8223900828:AAGNG00joY9NKJRy9RnQSFq0St6kq9cZnCs/getUpdates "HTTP/1.1 200 OK"
2026-05-12 13:50:38 | INFO     | HTTP Request: POST https://api.telegram.org/bot8223900828:AAGNG00joY9NKJRy9RnQSFq0St6kq9cZnCs/getUpdates "HTTP/1.1 200 OK"
2026-05-12 13:50:49 | INFO     | HTTP Request: POST https://api.telegram.org/bot8223900828:AAGNG00joY9NKJRy9RnQSFq0St6kq9cZnCs/getUpdates "HTTP/1.1 200 OK"
2026-05-12 13:50:59 | INFO     | HTTP Request: POST https://api.telegram.org/bot8223900828:AAGNG00joY9NKJRy9RnQSFq0St6kq9cZnCs/getUpdates "HTTP/1.1 200 OK"
2026-05-12 13:51:09 | INFO     | HTTP Request: POST https://api.telegram.org/bot8223900828:AAGNG00joY9NKJRy9RnQSFq0St6kq9cZnCs/getUpdates "HTTP/1.1 200 OK"
2026-05-12 13:51:20 | INFO     | HTTP Request: POST https://api.telegram.org/bot8223900828:AAGNG00joY9NKJRy9RnQSFq0St6kq9cZnCs/getUpdates "HTTP/1.1 200 OK"
2026-05-12 13:51:30 | INFO     | HTTP Request: POST https://api.telegram.org/bot8223900828:AAGNG00joY9NKJRy9RnQSFq0St6kq9cZnCs/getUpdates "HTTP/1.1 200 OK"
2026-05-12 13:51:40 | INFO     | HTTP Request: POST https://api.telegram.org/bot8223900828:AAGNG00joY9NKJRy9RnQSFq0St6kq9cZnCs/getUpdates "HTTP/1.1 200 OK"
2026-05-12 13:51:50 | INFO     | HTTP Request: POST https://api.telegram.org/bot8223900828:AAGNG00joY9NKJRy9RnQSFq0St6kq9cZnCs/getUpdates "HTTP/1.1 200 OK"
2026-05-12 13:52:01 | INFO     | HTTP Request: POST https://api.telegram.org/bot8223900828:AAGNG00joY9NKJRy9RnQSFq0St6kq9cZnCs/getUpdates "HTTP/1.1 200 OK"
2026-05-12 13:52:15 | INFO     | HTTP Request: POST https://api.telegram.org/bot8223900828:AAGNG00joY9NKJRy9RnQSFq0St6kq9cZnCs/getUpdates "HTTP/1.1 200 OK"
2026-05-12 13:52:28 | INFO     | HTTP Request: POST https://api.telegram.org/bot8223900828:AAGNG00joY9NKJRy9RnQSFq0St6kq9cZnCs/getUpdates "HTTP/1.1 200 OK"
2026-05-12 13:52:39 | INFO     | HTTP Request: POST https://api.telegram.org/bot8223900828:AAGNG00joY9NKJRy9RnQSFq0St6kq9cZnCs/getUpdates "HTTP/1.1 200 OK"
2026-05-12 13:53:07 | INFO     | HTTP Request: POST https://api.telegram.org/bot8223900828:AAGNG00joY9NKJRy9RnQSFq0St6kq9cZnCs/getUpdates "HTTP/1.1 200 OK"
2026-05-12 13:53:17 | INFO     | HTTP Request: POST https://api.telegram.org/bot8223900828:AAGNG00joY9NKJRy9RnQSFq0St6kq9cZnCs/getUpdates "HTTP/1.1 200 OK"
2026-05-12 13:53:27 | INFO     | HTTP Request: POST https://api.telegram.org/bot8223900828:AAGNG00joY9NKJRy9RnQSFq0St6kq9cZnCs/getUpdates "HTTP/1.1 200 OK"
2026-05-12 13:53:38 | INFO     | HTTP Request: POST https://api.telegram.org/bot8223900828:AAGNG00joY9NKJRy9RnQSFq0St6kq9cZnCs/getUpdates "HTTP/1.1 200 OK"
2026-05-12 13:53:48 | INFO     | HTTP Request: POST https://api.telegram.org/bot8223900828:AAGNG00joY9NKJRy9RnQSFq0St6kq9cZnCs/getUpdates "HTTP/1.1 200 OK"
2026-05-12 13:53:59 | INFO     | HTTP Request: POST https://api.telegram.org/bot8223900828:AAGNG00joY9NKJRy9RnQSFq0St6kq9cZnCs/getUpdates "HTTP/1.1 200 OK"
2026-05-12 13:54:10 | INFO     | HTTP Request: POST https://api.telegram.org/bot8223900828:AAGNG00joY9NKJRy9RnQSFq0St6kq9cZnCs/getUpdates "HTTP/1.1 200 OK"
2026-05-12 13:54:21 | INFO     | HTTP Request: POST https://api.telegram.org/bot8223900828:AAGNG00joY9NKJRy9RnQSFq0St6kq9cZnCs/getUpdates "HTTP/1.1 200 OK"
2026-05-12 13:54:32 | INFO     | HTTP Request: POST https://api.telegram.org/bot8223900828:AAGNG00joY9NKJRy9RnQSFq0St6kq9cZnCs/getUpdates "HTTP/1.1 200 OK"
2026-05-12 13:54:42 | INFO     | HTTP Request: POST https://api.telegram.org/bot8223900828:AAGNG00joY9NKJRy9RnQSFq0St6kq9cZnCs/getUpdates "HTTP/1.1 200 OK"
2026-05-12 13:54:52 | INFO     | HTTP Request: POST https://api.telegram.org/bot8223900828:AAGNG00joY9NKJRy9RnQSFq0St6kq9cZnCs/getUpdates "HTTP/1.1 200 OK"
2026-05-12 13:55:03 | INFO     | HTTP Request: POST https://api.telegram.org/bot8223900828:AAGNG00joY9NKJRy9RnQSFq0St6kq9cZnCs/getUpdates "HTTP/1.1 200 OK"
2026-05-12 13:55:14 | INFO     | HTTP Request: POST https://api.telegram.org/bot8223900828:AAGNG00joY9NKJRy9RnQSFq0St6kq9cZnCs/getUpdates "HTTP/1.1 200 OK"
2026-05-12 13:55:24 | INFO     | HTTP Request: POST https://api.telegram.org/bot8223900828:AAGNG00joY9NKJRy9RnQSFq0St6kq9cZnCs/getUpdates "HTTP/1.1 200 OK"
2026-05-12 13:55:35 | INFO     | HTTP Request: POST https://api.telegram.org/bot8223900828:AAGNG00joY9NKJRy9RnQSFq0St6kq9cZnCs/getUpdates "HTTP/1.1 200 OK"
2026-05-12 13:55:46 | INFO     | HTTP Request: POST https://api.telegram.org/bot8223900828:AAGNG00joY9NKJRy9RnQSFq0St6kq9cZnCs/getUpdates "HTTP/1.1 200 OK"
2026-05-12 13:55:56 | INFO     | HTTP Request: POST https://api.telegram.org/bot8223900828:AAGNG00joY9NKJRy9RnQSFq0St6kq9cZnCs/getUpdates "HTTP/1.1 200 OK"
2026-05-12 13:56:06 | INFO     | HTTP Request: POST https://api.telegram.org/bot8223900828:AAGNG00joY9NKJRy9RnQSFq0St6kq9cZnCs/getUpdates "HTTP/1.1 200 OK"
2026-05-12 13:56:16 | INFO     | HTTP Request: POST https://api.telegram.org/bot8223900828:AAGNG00joY9NKJRy9RnQSFq0St6kq9cZnCs/getUpdates "HTTP/1.1 200 OK"
2026-05-12 13:56:27 | INFO     | HTTP Request: POST https://api.telegram.org/bot8223900828:AAGNG00joY9NKJRy9RnQSFq0St6kq9cZnCs/getUpdates "HTTP/1.1 200 OK"
2026-05-12 13:56:37 | INFO     | HTTP Request: POST https://api.telegram.org/bot8223900828:AAGNG00joY9NKJRy9RnQSFq0St6kq9cZnCs/getUpdates "HTTP/1.1 200 OK"
2026-05-12 13:56:47 | INFO     | HTTP Request: POST https://api.telegram.org/bot8223900828:AAGNG00joY9NKJRy9RnQSFq0St6kq9cZnCs/getUpdates "HTTP/1.1 200 OK"
2026-05-12 13:56:58 | INFO     | HTTP Request: POST https://api.telegram.org/bot8223900828:AAGNG00joY9NKJRy9RnQSFq0St6kq9cZnCs/getUpdates "HTTP/1.1 200 OK"
2026-05-12 13:57:08 | INFO     | HTTP Request: POST https://api.telegram.org/bot8223900828:AAGNG00joY9NKJRy9RnQSFq0St6kq9cZnCs/getUpdates "HTTP/1.1 200 OK"
2026-05-12 13:57:18 | INFO     | HTTP Request: POST https://api.telegram.org/bot8223900828:AAGNG00joY9NKJRy9RnQSFq0St6kq9cZnCs/getUpdates "HTTP/1.1 200 OK"
2026-05-12 13:57:29 | INFO     | HTTP Request: POST https://api.telegram.org/bot8223900828:AAGNG00joY9NKJRy9RnQSFq0St6kq9cZnCs/getUpdates "HTTP/1.1 200 OK"
2026-05-12 13:57:39 | INFO     | HTTP Request: POST https://api.telegram.org/bot8223900828:AAGNG00joY9NKJRy9RnQSFq0St6kq9cZnCs/getUpdates "HTTP/1.1 200 OK"
2026-05-12 13:57:49 | INFO     | HTTP Request: POST https://api.telegram.org/bot8223900828:AAGNG00joY9NKJRy9RnQSFq0St6kq9cZnCs/getUpdates "HTTP/1.1 200 OK"
2026-05-12 13:58:00 | INFO     | HTTP Request: POST https://api.telegram.org/bot8223900828:AAGNG00joY9NKJRy9RnQSFq0St6kq9cZnCs/getUpdates "HTTP/1.1 200 OK"
2026-05-12 13:58:10 | INFO     | HTTP Request: POST https://api.telegram.org/bot8223900828:AAGNG00joY9NKJRy9RnQSFq0St6kq9cZnCs/getUpdates "HTTP/1.1 200 OK"
2026-05-12 13:58:20 | INFO     | HTTP Request: POST https://api.telegram.org/bot8223900828:AAGNG00joY9NKJRy9RnQSFq0St6kq9cZnCs/getUpdates "HTTP/1.1 200 OK"
2026-05-12 13:58:31 | INFO     | HTTP Request: POST https://api.telegram.org/bot8223900828:AAGNG00joY9NKJRy9RnQSFq0St6kq9cZnCs/getUpdates "HTTP/1.1 200 OK"
2026-05-12 13:58:41 | INFO     | HTTP Request: POST https://api.telegram.org/bot8223900828:AAGNG00joY9NKJRy9RnQSFq0St6kq9cZnCs/getUpdates "HTTP/1.1 200 OK"
2026-05-12 13:58:51 | INFO     | HTTP Request: POST https://api.telegram.org/bot8223900828:AAGNG00joY9NKJRy9RnQSFq0St6kq9cZnCs/getUpdates "HTTP/1.1 200 OK"
2026-05-12 13:59:02 | INFO     | HTTP Request: POST https://api.telegram.org/bot8223900828:AAGNG00joY9NKJRy9RnQSFq0St6kq9cZnCs/getUpdates "HTTP/1.1 200 OK"
2026-05-12 13:59:13 | INFO     | HTTP Request: POST https://api.telegram.org/bot8223900828:AAGNG00joY9NKJRy9RnQSFq0St6kq9cZnCs/getUpdates "HTTP/1.1 200 OK"
2026-05-12 13:59:23 | INFO     | HTTP Request: POST https://api.telegram.org/bot8223900828:AAGNG00joY9NKJRy9RnQSFq0St6kq9cZnCs/getUpdates "HTTP/1.1 200 OK"
2026-05-12 13:59:34 | INFO     | HTTP Request: POST https://api.telegram.org/bot8223900828:AAGNG00joY9NKJRy9RnQSFq0St6kq9cZnCs/getUpdates "HTTP/1.1 200 OK"
2026-05-12 13:59:44 | INFO     | HTTP Request: POST https://api.telegram.org/bot8223900828:AAGNG00joY9NKJRy9RnQSFq0St6kq9cZnCs/getUpdates "HTTP/1.1 200 OK"
2026-05-12 13:59:55 | INFO     | HTTP Request: POST https://api.telegram.org/bot8223900828:AAGNG00joY9NKJRy9RnQSFq0St6kq9cZnCs/getUpdates "HTTP/1.1 200 OK"
2026-05-12 14:00:05 | INFO     | HTTP Request: POST https://api.telegram.org/bot8223900828:AAGNG00joY9NKJRy9RnQSFq0St6kq9cZnCs/getUpdates "HTTP/1.1 200 OK"
2026-05-12 14:00:16 | INFO     | HTTP Request: POST https://api.telegram.org/bot8223900828:AAGNG00joY9NKJRy9RnQSFq0St6kq9cZnCs/getUpdates "HTTP/1.1 200 OK"
2026-05-12 14:00:26 | INFO     | HTTP Request: POST https://api.telegram.org/bot8223900828:AAGNG00joY9NKJRy9RnQSFq0St6kq9cZnCs/getUpdates "HTTP/1.1 200 OK"
2026-05-12 14:00:37 | INFO     | HTTP Request: POST https://api.telegram.org/bot8223900828:AAGNG00joY9NKJRy9RnQSFq0St6kq9cZnCs/getUpdates "HTTP/1.1 200 OK"
2026-05-12 14:00:47 | INFO     | HTTP Request: POST https://api.telegram.org/bot8223900828:AAGNG00joY9NKJRy9RnQSFq0St6kq9cZnCs/getUpdates "HTTP/1.1 200 OK"
2026-05-12 14:00:57 | INFO     | HTTP Request: POST https://api.telegram.org/bot8223900828:AAGNG00joY9NKJRy9RnQSFq0St6kq9cZnCs/getUpdates "HTTP/1.1 200 OK"
2026-05-12 14:01:09 | INFO     | HTTP Request: POST https://api.telegram.org/bot8223900828:AAGNG00joY9NKJRy9RnQSFq0St6kq9cZnCs/getUpdates "HTTP/1.1 200 OK"
2026-05-12 14:01:20 | INFO     | HTTP Request: POST https://api.telegram.org/bot8223900828:AAGNG00joY9NKJRy9RnQSFq0St6kq9cZnCs/getUpdates "HTTP/1.1 200 OK"
2026-05-12 14:01:31 | INFO     | HTTP Request: POST https://api.telegram.org/bot8223900828:AAGNG00joY9NKJRy9RnQSFq0St6kq9cZnCs/getUpdates "HTTP/1.1 200 OK"
2026-05-12 14:01:43 | INFO     | HTTP Request: POST https://api.telegram.org/bot8223900828:AAGNG00joY9NKJRy9RnQSFq0St6kq9cZnCs/getUpdates "HTTP/1.1 200 OK"
2026-05-12 14:01:53 | INFO     | HTTP Request: POST https://api.telegram.org/bot8223900828:AAGNG00joY9NKJRy9RnQSFq0St6kq9cZnCs/getUpdates "HTTP/1.1 200 OK"
2026-05-12 14:02:03 | INFO     | HTTP Request: POST https://api.telegram.org/bot8223900828:AAGNG00joY9NKJRy9RnQSFq0St6kq9cZnCs/getUpdates "HTTP/1.1 200 OK"
2026-05-12 14:02:14 | INFO     | HTTP Request: POST https://api.telegram.org/bot8223900828:AAGNG00joY9NKJRy9RnQSFq0St6kq9cZnCs/getUpdates "HTTP/1.1 200 OK"
2026-05-12 14:02:25 | INFO     | HTTP Request: POST https://api.telegram.org/bot8223900828:AAGNG00joY9NKJRy9RnQSFq0St6kq9cZnCs/getUpdates "HTTP/1.1 200 OK"
2026-05-12 14:02:35 | INFO     | HTTP Request: POST https://api.telegram.org/bot8223900828:AAGNG00joY9NKJRy9RnQSFq0St6kq9cZnCs/getUpdates "HTTP/1.1 200 OK"
2026-05-12 14:02:45 | INFO     | HTTP Request: POST https://api.telegram.org/bot8223900828:AAGNG00joY9NKJRy9RnQSFq0St6kq9cZnCs/getUpdates "HTTP/1.1 200 OK"
2026-05-12 14:02:55 | INFO     | HTTP Request: POST https://api.telegram.org/bot8223900828:AAGNG00joY9NKJRy9RnQSFq0St6kq9cZnCs/getUpdates "HTTP/1.1 200 OK"
2026-05-12 14:03:06 | INFO     | HTTP Request: POST https://api.telegram.org/bot8223900828:AAGNG00joY9NKJRy9RnQSFq0St6kq9cZnCs/getUpdates "HTTP/1.1 200 OK"
2026-05-12 14:03:16 | INFO     | HTTP Request: POST https://api.telegram.org/bot8223900828:AAGNG00joY9NKJRy9RnQSFq0St6kq9cZnCs/getUpdates "HTTP/1.1 200 OK"
2026-05-12 14:03:26 | INFO     | HTTP Request: POST https://api.telegram.org/bot8223900828:AAGNG00joY9NKJRy9RnQSFq0St6kq9cZnCs/getUpdates "HTTP/1.1 200 OK"
2026-05-12 14:03:37 | INFO     | HTTP Request: POST https://api.telegram.org/bot8223900828:AAGNG00joY9NKJRy9RnQSFq0St6kq9cZnCs/getUpdates "HTTP/1.1 200 OK"
2026-05-12 14:03:47 | INFO     | HTTP Request: POST https://api.telegram.org/bot8223900828:AAGNG00joY9NKJRy9RnQSFq0St6kq9cZnCs/getUpdates "HTTP/1.1 200 OK"
2026-05-12 14:03:58 | INFO     | HTTP Request: POST https://api.telegram.org/bot8223900828:AAGNG00joY9NKJRy9RnQSFq0St6kq9cZnCs/getUpdates "HTTP/1.1 200 OK"
2026-05-12 14:04:10 | INFO     | HTTP Request: POST https://api.telegram.org/bot8223900828:AAGNG00joY9NKJRy9RnQSFq0St6kq9cZnCs/getUpdates "HTTP/1.1 200 OK"
2026-05-12 14:04:21 | INFO     | HTTP Request: POST https://api.telegram.org/bot8223900828:AAGNG00joY9NKJRy9RnQSFq0St6kq9cZnCs/getUpdates "HTTP/1.1 200 OK"
2026-05-12 14:04:31 | INFO     | HTTP Request: POST https://api.telegram.org/bot8223900828:AAGNG00joY9NKJRy9RnQSFq0St6kq9cZnCs/getUpdates "HTTP/1.1 200 OK"
2026-05-12 14:04:42 | INFO     | HTTP Request: POST https://api.telegram.org/bot8223900828:AAGNG00joY9NKJRy9RnQSFq0St6kq9cZnCs/getUpdates "HTTP/1.1 200 OK"
2026-05-12 14:04:52 | INFO     | HTTP Request: POST https://api.telegram.org/bot8223900828:AAGNG00joY9NKJRy9RnQSFq0St6kq9cZnCs/getUpdates "HTTP/1.1 200 OK"
2026-05-12 14:05:02 | INFO     | HTTP Request: POST https://api.telegram.org/bot8223900828:AAGNG00joY9NKJRy9RnQSFq0St6kq9cZnCs/getUpdates "HTTP/1.1 200 OK"
2026-05-12 14:05:13 | INFO     | HTTP Request: POST https://api.telegram.org/bot8223900828:AAGNG00joY9NKJRy9RnQSFq0St6kq9cZnCs/getUpdates "HTTP/1.1 200 OK"
2026-05-12 14:05:23 | INFO     | HTTP Request: POST https://api.telegram.org/bot8223900828:AAGNG00joY9NKJRy9RnQSFq0St6kq9cZnCs/getUpdates "HTTP/1.1 200 OK"
2026-05-12 14:05:33 | INFO     | HTTP Request: POST https://api.telegram.org/bot8223900828:AAGNG00joY9NKJRy9RnQSFq0St6kq9cZnCs/getUpdates "HTTP/1.1 200 OK"
2026-05-12 14:05:44 | INFO     | HTTP Request: POST https://api.telegram.org/bot8223900828:AAGNG00joY9NKJRy9RnQSFq0St6kq9cZnCs/getUpdates "HTTP/1.1 200 OK"
2026-05-12 14:05:54 | INFO     | HTTP Request: POST https://api.telegram.org/bot8223900828:AAGNG00joY9NKJRy9RnQSFq0St6kq9cZnCs/getUpdates "HTTP/1.1 200 OK"
2026-05-12 14:06:05 | INFO     | HTTP Request: POST https://api.telegram.org/bot8223900828:AAGNG00joY9NKJRy9RnQSFq0St6kq9cZnCs/getUpdates "HTTP/1.1 200 OK"
2026-05-12 14:06:15 | INFO     | HTTP Request: POST https://api.telegram.org/bot8223900828:AAGNG00joY9NKJRy9RnQSFq0St6kq9cZnCs/getUpdates "HTTP/1.1 200 OK"
2026-05-12 14:06:26 | INFO     | HTTP Request: POST https://api.telegram.org/bot8223900828:AAGNG00joY9NKJRy9RnQSFq0St6kq9cZnCs/getUpdates "HTTP/1.1 200 OK"
2026-05-12 14:06:36 | INFO     | HTTP Request: POST https://api.telegram.org/bot8223900828:AAGNG00joY9NKJRy9RnQSFq0St6kq9cZnCs/getUpdates "HTTP/1.1 200 OK"
2026-05-12 14:06:47 | INFO     | HTTP Request: POST https://api.telegram.org/bot8223900828:AAGNG00joY9NKJRy9RnQSFq0St6kq9cZnCs/getUpdates "HTTP/1.1 200 OK"
2026-05-12 14:06:57 | INFO     | HTTP Request: POST https://api.telegram.org/bot8223900828:AAGNG00joY9NKJRy9RnQSFq0St6kq9cZnCs/getUpdates "HTTP/1.1 200 OK"
2026-05-12 14:07:07 | INFO     | HTTP Request: POST https://api.telegram.org/bot8223900828:AAGNG00joY9NKJRy9RnQSFq0St6kq9cZnCs/getUpdates "HTTP/1.1 200 OK"
2026-05-12 14:07:17 | INFO     | HTTP Request: POST https://api.telegram.org/bot8223900828:AAGNG00joY9NKJRy9RnQSFq0St6kq9cZnCs/getUpdates "HTTP/1.1 200 OK"
2026-05-12 14:07:28 | INFO     | HTTP Request: POST https://api.telegram.org/bot8223900828:AAGNG00joY9NKJRy9RnQSFq0St6kq9cZnCs/getUpdates "HTTP/1.1 200 OK"
2026-05-12 14:07:39 | INFO     | HTTP Request: POST https://api.telegram.org/bot8223900828:AAGNG00joY9NKJRy9RnQSFq0St6kq9cZnCs/getUpdates "HTTP/1.1 200 OK"
2026-05-12 14:07:49 | INFO     | HTTP Request: POST https://api.telegram.org/bot8223900828:AAGNG00joY9NKJRy9RnQSFq0St6kq9cZnCs/getUpdates "HTTP/1.1 200 OK"
2026-05-12 14:08:00 | INFO     | HTTP Request: POST https://api.telegram.org/bot8223900828:AAGNG00joY9NKJRy9RnQSFq0St6kq9cZnCs/getUpdates "HTTP/1.1 200 OK"
2026-05-12 14:08:10 | INFO     | HTTP Request: POST https://api.telegram.org/bot8223900828:AAGNG00joY9NKJRy9RnQSFq0St6kq9cZnCs/getUpdates "HTTP/1.1 200 OK"
2026-05-12 14:08:20 | INFO     | HTTP Request: POST https://api.telegram.org/bot8223900828:AAGNG00joY9NKJRy9RnQSFq0St6kq9cZnCs/getUpdates "HTTP/1.1 200 OK"
2026-05-12 14:08:31 | INFO     | HTTP Request: POST https://api.telegram.org/bot8223900828:AAGNG00joY9NKJRy9RnQSFq0St6kq9cZnCs/getUpdates "HTTP/1.1 200 OK"
2026-05-12 14:08:41 | INFO     | HTTP Request: POST https://api.telegram.org/bot8223900828:AAGNG00joY9NKJRy9RnQSFq0St6kq9cZnCs/getUpdates "HTTP/1.1 200 OK"
2026-05-12 14:08:51 | INFO     | HTTP Request: POST https://api.telegram.org/bot8223900828:AAGNG00joY9NKJRy9RnQSFq0St6kq9cZnCs/getUpdates "HTTP/1.1 200 OK"
2026-05-12 14:09:01 | INFO     | HTTP Request: POST https://api.telegram.org/bot8223900828:AAGNG00joY9NKJRy9RnQSFq0St6kq9cZnCs/getUpdates "HTTP/1.1 200 OK"
2026-05-12 14:09:12 | INFO     | HTTP Request: POST https://api.telegram.org/bot8223900828:AAGNG00joY9NKJRy9RnQSFq0St6kq9cZnCs/getUpdates "HTTP/1.1 200 OK"
2026-05-12 14:09:22 | INFO     | HTTP Request: POST https://api.telegram.org/bot8223900828:AAGNG00joY9NKJRy9RnQSFq0St6kq9cZnCs/getUpdates "HTTP/1.1 200 OK"
2026-05-12 14:09:32 | INFO     | HTTP Request: POST https://api.telegram.org/bot8223900828:AAGNG00joY9NKJRy9RnQSFq0St6kq9cZnCs/getUpdates "HTTP/1.1 200 OK"
2026-05-12 14:09:43 | INFO     | HTTP Request: POST https://api.telegram.org/bot8223900828:AAGNG00joY9NKJRy9RnQSFq0St6kq9cZnCs/getUpdates "HTTP/1.1 200 OK"
2026-05-12 14:09:53 | INFO     | HTTP Request: POST https://api.telegram.org/bot8223900828:AAGNG00joY9NKJRy9RnQSFq0St6kq9cZnCs/getUpdates "HTTP/1.1 200 OK"
2026-05-12 14:10:04 | INFO     | HTTP Request: POST https://api.telegram.org/bot8223900828:AAGNG00joY9NKJRy9RnQSFq0St6kq9cZnCs/getUpdates "HTTP/1.1 200 OK"
2026-05-12 14:10:14 | INFO     | HTTP Request: POST https://api.telegram.org/bot8223900828:AAGNG00joY9NKJRy9RnQSFq0St6kq9cZnCs/getUpdates "HTTP/1.1 200 OK"
2026-05-12 14:10:24 | INFO     | HTTP Request: POST https://api.telegram.org/bot8223900828:AAGNG00joY9NKJRy9RnQSFq0St6kq9cZnCs/getUpdates "HTTP/1.1 200 OK"
2026-05-12 14:10:36 | INFO     | HTTP Request: POST https://api.telegram.org/bot8223900828:AAGNG00joY9NKJRy9RnQSFq0St6kq9cZnCs/getUpdates "HTTP/1.1 200 OK"
2026-05-12 14:10:46 | INFO     | HTTP Request: POST https://api.telegram.org/bot8223900828:AAGNG00joY9NKJRy9RnQSFq0St6kq9cZnCs/getUpdates "HTTP/1.1 200 OK"
2026-05-12 14:10:57 | INFO     | HTTP Request: POST https://api.telegram.org/bot8223900828:AAGNG00joY9NKJRy9RnQSFq0St6kq9cZnCs/getUpdates "HTTP/1.1 200 OK"
2026-05-12 14:11:07 | INFO     | HTTP Request: POST https://api.telegram.org/bot8223900828:AAGNG00joY9NKJRy9RnQSFq0St6kq9cZnCs/getUpdates "HTTP/1.1 200 OK"
2026-05-12 14:11:17 | INFO     | HTTP Request: POST https://api.telegram.org/bot8223900828:AAGNG00joY9NKJRy9RnQSFq0St6kq9cZnCs/getUpdates "HTTP/1.1 200 OK"
2026-05-12 14:11:29 | INFO     | HTTP Request: POST https://api.telegram.org/bot8223900828:AAGNG00joY9NKJRy9RnQSFq0St6kq9cZnCs/getUpdates "HTTP/1.1 200 OK"
2026-05-12 14:11:39 | INFO     | HTTP Request: POST https://api.telegram.org/bot8223900828:AAGNG00joY9NKJRy9RnQSFq0St6kq9cZnCs/getUpdates "HTTP/1.1 200 OK"
2026-05-12 14:11:50 | INFO     | HTTP Request: POST https://api.telegram.org/bot8223900828:AAGNG00joY9NKJRy9RnQSFq0St6kq9cZnCs/getUpdates "HTTP/1.1 200 OK"
2026-05-12 14:12:00 | INFO     | HTTP Request: POST https://api.telegram.org/bot8223900828:AAGNG00joY9NKJRy9RnQSFq0St6kq9cZnCs/getUpdates "HTTP/1.1 200 OK"
2026-05-12 14:12:11 | INFO     | HTTP Request: POST https://api.telegram.org/bot8223900828:AAGNG00joY9NKJRy9RnQSFq0St6kq9cZnCs/getUpdates "HTTP/1.1 200 OK"
2026-05-12 14:12:21 | INFO     | HTTP Request: POST https://api.telegram.org/bot8223900828:AAGNG00joY9NKJRy9RnQSFq0St6kq9cZnCs/getUpdates "HTTP/1.1 200 OK"
2026-05-12 14:12:32 | INFO     | HTTP Request: POST https://api.telegram.org/bot8223900828:AAGNG00joY9NKJRy9RnQSFq0St6kq9cZnCs/getUpdates "HTTP/1.1 200 OK"
2026-05-12 14:13:35 | INFO     | HTTP Request: POST https://api.telegram.org/bot8223900828:AAGNG00joY9NKJRy9RnQSFq0St6kq9cZnCs/getUpdates "HTTP/1.1 200 OK"
2026-05-12 14:13:45 | INFO     | HTTP Request: POST https://api.telegram.org/bot8223900828:AAGNG00joY9NKJRy9RnQSFq0St6kq9cZnCs/getUpdates "HTTP/1.1 200 OK"
2026-05-12 14:13:55 | INFO     | HTTP Request: POST https://api.telegram.org/bot8223900828:AAGNG00joY9NKJRy9RnQSFq0St6kq9cZnCs/getUpdates "HTTP/1.1 200 OK"
2026-05-12 14:14:06 | INFO     | HTTP Request: POST https://api.telegram.org/bot8223900828:AAGNG00joY9NKJRy9RnQSFq0St6kq9cZnCs/getUpdates "HTTP/1.1 200 OK"
2026-05-12 14:14:17 | INFO     | HTTP Request: POST https://api.telegram.org/bot8223900828:AAGNG00joY9NKJRy9RnQSFq0St6kq9cZnCs/getUpdates "HTTP/1.1 200 OK"
2026-05-12 14:14:27 | INFO     | HTTP Request: POST https://api.telegram.org/bot8223900828:AAGNG00joY9NKJRy9RnQSFq0St6kq9cZnCs/getUpdates "HTTP/1.1 200 OK"
2026-05-12 14:14:37 | INFO     | HTTP Request: POST https://api.telegram.org/bot8223900828:AAGNG00joY9NKJRy9RnQSFq0St6kq9cZnCs/getUpdates "HTTP/1.1 200 OK"
2026-05-12 14:14:49 | INFO     | HTTP Request: POST https://api.telegram.org/bot8223900828:AAGNG00joY9NKJRy9RnQSFq0St6kq9cZnCs/getUpdates "HTTP/1.1 200 OK"
2026-05-12 14:15:02 | INFO     | HTTP Request: POST https://api.telegram.org/bot8223900828:AAGNG00joY9NKJRy9RnQSFq0St6kq9cZnCs/getUpdates "HTTP/1.1 200 OK"
2026-05-12 14:15:12 | INFO     | HTTP Request: POST https://api.telegram.org/bot8223900828:AAGNG00joY9NKJRy9RnQSFq0St6kq9cZnCs/getUpdates "HTTP/1.1 200 OK"
2026-05-12 14:15:22 | INFO     | HTTP Request: POST https://api.telegram.org/bot8223900828:AAGNG00joY9NKJRy9RnQSFq0St6kq9cZnCs/getUpdates "HTTP/1.1 200 OK"
2026-05-12 14:15:33 | INFO     | HTTP Request: POST https://api.telegram.org/bot8223900828:AAGNG00joY9NKJRy9RnQSFq0St6kq9cZnCs/getUpdates "HTTP/1.1 200 OK"
2026-05-12 14:15:44 | INFO     | HTTP Request: POST https://api.telegram.org/bot8223900828:AAGNG00joY9NKJRy9RnQSFq0St6kq9cZnCs/getUpdates "HTTP/1.1 200 OK"
2026-05-12 14:15:54 | INFO     | HTTP Request: POST https://api.telegram.org/bot8223900828:AAGNG00joY9NKJRy9RnQSFq0St6kq9cZnCs/getUpdates "HTTP/1.1 200 OK"
2026-05-12 14:16:04 | INFO     | HTTP Request: POST https://api.telegram.org/bot8223900828:AAGNG00joY9NKJRy9RnQSFq0St6kq9cZnCs/getUpdates "HTTP/1.1 200 OK"
2026-05-12 14:16:14 | INFO     | HTTP Request: POST https://api.telegram.org/bot8223900828:AAGNG00joY9NKJRy9RnQSFq0St6kq9cZnCs/getUpdates "HTTP/1.1 200 OK"
2026-05-12 14:16:24 | INFO     | HTTP Request: POST https://api.telegram.org/bot8223900828:AAGNG00joY9NKJRy9RnQSFq0St6kq9cZnCs/getUpdates "HTTP/1.1 200 OK"
2026-05-12 14:16:35 | INFO     | HTTP Request: POST https://api.telegram.org/bot8223900828:AAGNG00joY9NKJRy9RnQSFq0St6kq9cZnCs/getUpdates "HTTP/1.1 200 OK"
2026-05-12 14:16:45 | INFO     | HTTP Request: POST https://api.telegram.org/bot8223900828:AAGNG00joY9NKJRy9RnQSFq0St6kq9cZnCs/getUpdates "HTTP/1.1 200 OK"
2026-05-12 14:16:55 | INFO     | HTTP Request: POST https://api.telegram.org/bot8223900828:AAGNG00joY9NKJRy9RnQSFq0St6kq9cZnCs/getUpdates "HTTP/1.1 200 OK"
2026-05-12 14:17:06 | INFO     | HTTP Request: POST https://api.telegram.org/bot8223900828:AAGNG00joY9NKJRy9RnQSFq0St6kq9cZnCs/getUpdates "HTTP/1.1 200 OK"
2026-05-12 14:17:16 | INFO     | HTTP Request: POST https://api.telegram.org/bot8223900828:AAGNG00joY9NKJRy9RnQSFq0St6kq9cZnCs/getUpdates "HTTP/1.1 200 OK"
2026-05-12 14:17:26 | INFO     | HTTP Request: POST https://api.telegram.org/bot8223900828:AAGNG00joY9NKJRy9RnQSFq0St6kq9cZnCs/getUpdates "HTTP/1.1 200 OK"
2026-05-12 14:17:36 | INFO     | HTTP Request: POST https://api.telegram.org/bot8223900828:AAGNG00joY9NKJRy9RnQSFq0St6kq9cZnCs/getUpdates "HTTP/1.1 200 OK"
2026-05-12 14:17:47 | INFO     | HTTP Request: POST https://api.telegram.org/bot8223900828:AAGNG00joY9NKJRy9RnQSFq0St6kq9cZnCs/getUpdates "HTTP/1.1 200 OK"
2026-05-12 14:17:57 | INFO     | HTTP Request: POST https://api.telegram.org/bot8223900828:AAGNG00joY9NKJRy9RnQSFq0St6kq9cZnCs/getUpdates "HTTP/1.1 200 OK"
2026-05-12 14:18:07 | INFO     | HTTP Request: POST https://api.telegram.org/bot8223900828:AAGNG00joY9NKJRy9RnQSFq0St6kq9cZnCs/getUpdates "HTTP/1.1 200 OK"
2026-05-12 14:18:18 | INFO     | HTTP Request: POST https://api.telegram.org/bot8223900828:AAGNG00joY9NKJRy9RnQSFq0St6kq9cZnCs/getUpdates "HTTP/1.1 200 OK"
2026-05-12 14:18:29 | INFO     | HTTP Request: POST https://api.telegram.org/bot8223900828:AAGNG00joY9NKJRy9RnQSFq0St6kq9cZnCs/getUpdates "HTTP/1.1 200 OK"
2026-05-12 14:18:39 | INFO     | HTTP Request: POST https://api.telegram.org/bot8223900828:AAGNG00joY9NKJRy9RnQSFq0St6kq9cZnCs/getUpdates "HTTP/1.1 200 OK"
2026-05-12 14:18:50 | INFO     | HTTP Request: POST https://api.telegram.org/bot8223900828:AAGNG00joY9NKJRy9RnQSFq0St6kq9cZnCs/getUpdates "HTTP/1.1 200 OK"
2026-05-12 14:19:00 | INFO     | HTTP Request: POST https://api.telegram.org/bot8223900828:AAGNG00joY9NKJRy9RnQSFq0St6kq9cZnCs/getUpdates "HTTP/1.1 200 OK"
2026-05-12 14:19:13 | INFO     | HTTP Request: POST https://api.telegram.org/bot8223900828:AAGNG00joY9NKJRy9RnQSFq0St6kq9cZnCs/getUpdates "HTTP/1.1 200 OK"
2026-05-12 14:19:25 | INFO     | HTTP Request: POST https://api.telegram.org/bot8223900828:AAGNG00joY9NKJRy9RnQSFq0St6kq9cZnCs/getUpdates "HTTP/1.1 200 OK"
2026-05-12 14:19:35 | INFO     | HTTP Request: POST https://api.telegram.org/bot8223900828:AAGNG00joY9NKJRy9RnQSFq0St6kq9cZnCs/getUpdates "HTTP/1.1 200 OK"
2026-05-12 14:19:48 | INFO     | HTTP Request: POST https://api.telegram.org/bot8223900828:AAGNG00joY9NKJRy9RnQSFq0St6kq9cZnCs/getUpdates "HTTP/1.1 200 OK"
2026-05-12 14:19:59 | INFO     | HTTP Request: POST https://api.telegram.org/bot8223900828:AAGNG00joY9NKJRy9RnQSFq0St6kq9cZnCs/getUpdates "HTTP/1.1 200 OK"
2026-05-12 14:20:09 | INFO     | HTTP Request: POST https://api.telegram.org/bot8223900828:AAGNG00joY9NKJRy9RnQSFq0St6kq9cZnCs/getUpdates "HTTP/1.1 200 OK"
2026-05-12 14:20:20 | INFO     | HTTP Request: POST https://api.telegram.org/bot8223900828:AAGNG00joY9NKJRy9RnQSFq0St6kq9cZnCs/getUpdates "HTTP/1.1 200 OK"
2026-05-12 14:20:30 | INFO     | HTTP Request: POST https://api.telegram.org/bot8223900828:AAGNG00joY9NKJRy9RnQSFq0St6kq9cZnCs/getUpdates "HTTP/1.1 200 OK"
2026-05-12 14:20:42 | INFO     | HTTP Request: POST https://api.telegram.org/bot8223900828:AAGNG00joY9NKJRy9RnQSFq0St6kq9cZnCs/getUpdates "HTTP/1.1 200 OK"
2026-05-12 14:20:54 | INFO     | HTTP Request: POST https://api.telegram.org/bot8223900828:AAGNG00joY9NKJRy9RnQSFq0St6kq9cZnCs/getUpdates "HTTP/1.1 200 OK"
2026-05-12 14:21:05 | INFO     | HTTP Request: POST https://api.telegram.org/bot8223900828:AAGNG00joY9NKJRy9RnQSFq0St6kq9cZnCs/getUpdates "HTTP/1.1 200 OK"
2026-05-12 14:21:15 | INFO     | HTTP Request: POST https://api.telegram.org/bot8223900828:AAGNG00joY9NKJRy9RnQSFq0St6kq9cZnCs/getUpdates "HTTP/1.1 200 OK"
2026-05-12 14:21:27 | INFO     | HTTP Request: POST https://api.telegram.org/bot8223900828:AAGNG00joY9NKJRy9RnQSFq0St6kq9cZnCs/getUpdates "HTTP/1.1 200 OK"
2026-05-12 14:21:37 | INFO     | HTTP Request: POST https://api.telegram.org/bot8223900828:AAGNG00joY9NKJRy9RnQSFq0St6kq9cZnCs/getUpdates "HTTP/1.1 200 OK"
2026-05-12 14:21:48 | INFO     | HTTP Request: POST https://api.telegram.org/bot8223900828:AAGNG00joY9NKJRy9RnQSFq0St6kq9cZnCs/getUpdates "HTTP/1.1 200 OK"
2026-05-12 14:21:58 | INFO     | HTTP Request: POST https://api.telegram.org/bot8223900828:AAGNG00joY9NKJRy9RnQSFq0St6kq9cZnCs/getUpdates "HTTP/1.1 200 OK"
2026-05-12 14:22:08 | INFO     | HTTP Request: POST https://api.telegram.org/bot8223900828:AAGNG00joY9NKJRy9RnQSFq0St6kq9cZnCs/getUpdates "HTTP/1.1 200 OK"
2026-05-12 14:22:19 | INFO     | HTTP Request: POST https://api.telegram.org/bot8223900828:AAGNG00joY9NKJRy9RnQSFq0St6kq9cZnCs/getUpdates "HTTP/1.1 200 OK"
2026-05-12 14:22:30 | INFO     | HTTP Request: POST https://api.telegram.org/bot8223900828:AAGNG00joY9NKJRy9RnQSFq0St6kq9cZnCs/getUpdates "HTTP/1.1 200 OK"
2026-05-12 14:22:41 | INFO     | HTTP Request: POST https://api.telegram.org/bot8223900828:AAGNG00joY9NKJRy9RnQSFq0St6kq9cZnCs/getUpdates "HTTP/1.1 200 OK"
2026-05-12 14:22:51 | INFO     | HTTP Request: POST https://api.telegram.org/bot8223900828:AAGNG00joY9NKJRy9RnQSFq0St6kq9cZnCs/getUpdates "HTTP/1.1 200 OK"
2026-05-12 14:23:02 | INFO     | HTTP Request: POST https://api.telegram.org/bot8223900828:AAGNG00joY9NKJRy9RnQSFq0St6kq9cZnCs/getUpdates "HTTP/1.1 200 OK"
2026-05-12 14:23:12 | INFO     | HTTP Request: POST https://api.telegram.org/bot8223900828:AAGNG00joY9NKJRy9RnQSFq0St6kq9cZnCs/getUpdates "HTTP/1.1 200 OK"
2026-05-12 14:23:23 | INFO     | HTTP Request: POST https://api.telegram.org/bot8223900828:AAGNG00joY9NKJRy9RnQSFq0St6kq9cZnCs/getUpdates "HTTP/1.1 200 OK"
2026-05-12 14:23:33 | INFO     | HTTP Request: POST https://api.telegram.org/bot8223900828:AAGNG00joY9NKJRy9RnQSFq0St6kq9cZnCs/getUpdates "HTTP/1.1 200 OK"
2026-05-12 14:23:45 | INFO     | HTTP Request: POST https://api.telegram.org/bot8223900828:AAGNG00joY9NKJRy9RnQSFq0St6kq9cZnCs/getUpdates "HTTP/1.1 200 OK"
2026-05-12 14:23:56 | INFO     | HTTP Request: POST https://api.telegram.org/bot8223900828:AAGNG00joY9NKJRy9RnQSFq0St6kq9cZnCs/getUpdates "HTTP/1.1 200 OK"
2026-05-12 14:24:06 | INFO     | HTTP Request: POST https://api.telegram.org/bot8223900828:AAGNG00joY9NKJRy9RnQSFq0St6kq9cZnCs/getUpdates "HTTP/1.1 200 OK"
2026-05-12 14:24:16 | INFO     | HTTP Request: POST https://api.telegram.org/bot8223900828:AAGNG00joY9NKJRy9RnQSFq0St6kq9cZnCs/getUpdates "HTTP/1.1 200 OK"
2026-05-12 14:24:26 | INFO     | HTTP Request: POST https://api.telegram.org/bot8223900828:AAGNG00joY9NKJRy9RnQSFq0St6kq9cZnCs/getUpdates "HTTP/1.1 200 OK"
2026-05-12 14:24:36 | INFO     | HTTP Request: POST https://api.telegram.org/bot8223900828:AAGNG00joY9NKJRy9RnQSFq0St6kq9cZnCs/getUpdates "HTTP/1.1 200 OK"
2026-05-12 14:24:47 | INFO     | HTTP Request: POST https://api.telegram.org/bot8223900828:AAGNG00joY9NKJRy9RnQSFq0St6kq9cZnCs/getUpdates "HTTP/1.1 200 OK"
2026-05-12 14:24:57 | INFO     | HTTP Request: POST https://api.telegram.org/bot8223900828:AAGNG00joY9NKJRy9RnQSFq0St6kq9cZnCs/getUpdates "HTTP/1.1 200 OK"
2026-05-12 14:25:07 | INFO     | HTTP Request: POST https://api.telegram.org/bot8223900828:AAGNG00joY9NKJRy9RnQSFq0St6kq9cZnCs/getUpdates "HTTP/1.1 200 OK"
2026-05-12 14:25:18 | INFO     | HTTP Request: POST https://api.telegram.org/bot8223900828:AAGNG00joY9NKJRy9RnQSFq0St6kq9cZnCs/getUpdates "HTTP/1.1 200 OK"
2026-05-12 14:25:28 | INFO     | HTTP Request: POST https://api.telegram.org/bot8223900828:AAGNG00joY9NKJRy9RnQSFq0St6kq9cZnCs/getUpdates "HTTP/1.1 200 OK"
2026-05-12 14:25:38 | INFO     | HTTP Request: POST https://api.telegram.org/bot8223900828:AAGNG00joY9NKJRy9RnQSFq0St6kq9cZnCs/getUpdates "HTTP/1.1 200 OK"
2026-05-12 14:25:49 | INFO     | HTTP Request: POST https://api.telegram.org/bot8223900828:AAGNG00joY9NKJRy9RnQSFq0St6kq9cZnCs/getUpdates "HTTP/1.1 200 OK"
2026-05-12 14:25:59 | INFO     | HTTP Request: POST https://api.telegram.org/bot8223900828:AAGNG00joY9NKJRy9RnQSFq0St6kq9cZnCs/getUpdates "HTTP/1.1 200 OK"
2026-05-12 14:26:09 | INFO     | HTTP Request: POST https://api.telegram.org/bot8223900828:AAGNG00joY9NKJRy9RnQSFq0St6kq9cZnCs/getUpdates "HTTP/1.1 200 OK"
2026-05-12 14:26:20 | INFO     | HTTP Request: POST https://api.telegram.org/bot8223900828:AAGNG00joY9NKJRy9RnQSFq0St6kq9cZnCs/getUpdates "HTTP/1.1 200 OK"
2026-05-12 14:26:30 | INFO     | HTTP Request: POST https://api.telegram.org/bot8223900828:AAGNG00joY9NKJRy9RnQSFq0St6kq9cZnCs/getUpdates "HTTP/1.1 200 OK"
2026-05-12 14:26:40 | INFO     | HTTP Request: POST https://api.telegram.org/bot8223900828:AAGNG00joY9NKJRy9RnQSFq0St6kq9cZnCs/getUpdates "HTTP/1.1 200 OK"
2026-05-12 14:26:50 | INFO     | HTTP Request: POST https://api.telegram.org/bot8223900828:AAGNG00joY9NKJRy9RnQSFq0St6kq9cZnCs/getUpdates "HTTP/1.1 200 OK"
2026-05-12 14:27:01 | INFO     | HTTP Request: POST https://api.telegram.org/bot8223900828:AAGNG00joY9NKJRy9RnQSFq0St6kq9cZnCs/getUpdates "HTTP/1.1 200 OK"
2026-05-12 14:27:11 | INFO     | HTTP Request: POST https://api.telegram.org/bot8223900828:AAGNG00joY9NKJRy9RnQSFq0St6kq9cZnCs/getUpdates "HTTP/1.1 200 OK"
2026-05-12 14:27:22 | INFO     | HTTP Request: POST https://api.telegram.org/bot8223900828:AAGNG00joY9NKJRy9RnQSFq0St6kq9cZnCs/getUpdates "HTTP/1.1 200 OK"
2026-05-12 14:27:32 | INFO     | HTTP Request: POST https://api.telegram.org/bot8223900828:AAGNG00joY9NKJRy9RnQSFq0St6kq9cZnCs/getUpdates "HTTP/1.1 200 OK"
2026-05-12 14:27:42 | INFO     | HTTP Request: POST https://api.telegram.org/bot8223900828:AAGNG00joY9NKJRy9RnQSFq0St6kq9cZnCs/getUpdates "HTTP/1.1 200 OK"
2026-05-12 14:27:53 | INFO     | HTTP Request: POST https://api.telegram.org/bot8223900828:AAGNG00joY9NKJRy9RnQSFq0St6kq9cZnCs/getUpdates "HTTP/1.1 200 OK"
2026-05-12 14:28:03 | INFO     | HTTP Request: POST https://api.telegram.org/bot8223900828:AAGNG00joY9NKJRy9RnQSFq0St6kq9cZnCs/getUpdates "HTTP/1.1 200 OK"
2026-05-12 14:28:14 | INFO     | HTTP Request: POST https://api.telegram.org/bot8223900828:AAGNG00joY9NKJRy9RnQSFq0St6kq9cZnCs/getUpdates "HTTP/1.1 200 OK"
2026-05-12 14:28:24 | INFO     | HTTP Request: POST https://api.telegram.org/bot8223900828:AAGNG00joY9NKJRy9RnQSFq0St6kq9cZnCs/getUpdates "HTTP/1.1 200 OK"
2026-05-12 14:28:35 | INFO     | HTTP Request: POST https://api.telegram.org/bot8223900828:AAGNG00joY9NKJRy9RnQSFq0St6kq9cZnCs/getUpdates "HTTP/1.1 200 OK"
2026-05-12 14:28:45 | INFO     | HTTP Request: POST https://api.telegram.org/bot8223900828:AAGNG00joY9NKJRy9RnQSFq0St6kq9cZnCs/getUpdates "HTTP/1.1 200 OK"
2026-05-12 14:28:55 | INFO     | HTTP Request: POST https://api.telegram.org/bot8223900828:AAGNG00joY9NKJRy9RnQSFq0St6kq9cZnCs/getUpdates "HTTP/1.1 200 OK"
2026-05-12 14:29:05 | INFO     | HTTP Request: POST https://api.telegram.org/bot8223900828:AAGNG00joY9NKJRy9RnQSFq0St6kq9cZnCs/getUpdates "HTTP/1.1 200 OK"
2026-05-12 14:29:16 | INFO     | HTTP Request: POST https://api.telegram.org/bot8223900828:AAGNG00joY9NKJRy9RnQSFq0St6kq9cZnCs/getUpdates "HTTP/1.1 200 OK"
2026-05-13 02:17:32 | INFO     | DonishAI v7.0 started | model=qwen2.5:3b
2026-05-13 02:17:32 | INFO     | HTTP Request: POST https://api.telegram.org/bot8223900828:AAGNG00joY9NKJRy9RnQSFq0St6kq9cZnCs/getMe "HTTP/1.1 200 OK"
2026-05-13 02:17:32 | INFO     | HTTP Request: POST https://api.telegram.org/bot8223900828:AAGNG00joY9NKJRy9RnQSFq0St6kq9cZnCs/deleteWebhook "HTTP/1.1 200 OK"
2026-05-13 02:17:32 | INFO     | Application started
2026-05-13 02:17:33 | INFO     | HTTP Request: POST https://api.telegram.org/bot8223900828:AAGNG00joY9NKJRy9RnQSFq0St6kq9cZnCs/getUpdates "HTTP/1.1 200 OK"
2026-05-13 02:17:33 | INFO     | HTTP Request: POST https://api.telegram.org/bot8223900828:AAGNG00joY9NKJRy9RnQSFq0St6kq9cZnCs/sendChatAction "HTTP/1.1 200 OK"
2026-05-13 02:17:35 | WARNING  | ConnectError | model=qwen2.5:3b
2026-05-13 02:17:38 | WARNING  | ConnectError | model=qwen2.5:1.5b
2026-05-13 02:17:38 | INFO     | MSG | user=7154925371 | model=None | len=6 | 0s
2026-05-13 02:17:38 | INFO     | HTTP Request: POST https://api.telegram.org/bot8223900828:AAGNG00joY9NKJRy9RnQSFq0St6kq9cZnCs/sendMessage "HTTP/1.1 200 OK"
2026-05-13 02:17:43 | INFO     | HTTP Request: POST https://api.telegram.org/bot8223900828:AAGNG00joY9NKJRy9RnQSFq0St6kq9cZnCs/getUpdates "HTTP/1.1 200 OK"
2026-05-13 02:17:43 | INFO     | HTTP Request: POST https://api.telegram.org/bot8223900828:AAGNG00joY9NKJRy9RnQSFq0St6kq9cZnCs/getUpdates "HTTP/1.1 200 OK"
2026-05-13 02:17:43 | INFO     | START | user=2057476178
2026-05-13 02:17:44 | INFO     | HTTP Request: POST https://api.telegram.org/bot8223900828:AAGNG00joY9NKJRy9RnQSFq0St6kq9cZnCs/sendMessage "HTTP/1.1 200 OK"
2026-05-13 02:17:48 | INFO     | HTTP Request: POST https://api.telegram.org/bot8223900828:AAGNG00joY9NKJRy9RnQSFq0St6kq9cZnCs/getUpdates "HTTP/1.1 200 OK"
2026-05-13 02:17:48 | INFO     | HTTP Request: POST https://api.telegram.org/bot8223900828:AAGNG00joY9NKJRy9RnQSFq0St6kq9cZnCs/sendChatAction "HTTP/1.1 200 OK"
2026-05-13 02:17:51 | WARNING  | ConnectError | model=qwen2.5:3b
2026-05-13 02:17:53 | WARNING  | ConnectError | model=qwen2.5:1.5b
2026-05-13 02:17:53 | INFO     | MSG | user=2057476178 | model=None | len=9 | 0s
2026-05-13 02:17:54 | INFO     | HTTP Request: POST https://api.telegram.org/bot8223900828:AAGNG00joY9NKJRy9RnQSFq0St6kq9cZnCs/sendMessage "HTTP/1.1 200 OK"
2026-05-13 02:17:58 | INFO     | HTTP Request: POST https://api.telegram.org/bot8223900828:AAGNG00joY9NKJRy9RnQSFq0St6kq9cZnCs/getUpdates "HTTP/1.1 200 OK"
2026-05-13 02:18:08 | INFO     | HTTP Request: POST https://api.telegram.org/bot8223900828:AAGNG00joY9NKJRy9RnQSFq0St6kq9cZnCs/getUpdates "HTTP/1.1 200 OK"
2026-05-13 02:18:18 | INFO     | HTTP Request: POST https://api.telegram.org/bot8223900828:AAGNG00joY9NKJRy9RnQSFq0St6kq9cZnCs/getUpdates "HTTP/1.1 200 OK"
2026-05-13 02:18:29 | INFO     | HTTP Request: POST https://api.telegram.org/bot8223900828:AAGNG00joY9NKJRy9RnQSFq0St6kq9cZnCs/getUpdates "HTTP/1.1 200 OK"
2026-05-13 02:18:36 | INFO     | HTTP Request: POST https://api.telegram.org/bot8223900828:AAGNG00joY9NKJRy9RnQSFq0St6kq9cZnCs/getUpdates "HTTP/1.1 200 OK"
2026-05-13 02:18:37 | INFO     | HTTP Request: POST https://api.telegram.org/bot8223900828:AAGNG00joY9NKJRy9RnQSFq0St6kq9cZnCs/sendMessage "HTTP/1.1 200 OK"
2026-05-13 02:18:47 | INFO     | HTTP Request: POST https://api.telegram.org/bot8223900828:AAGNG00joY9NKJRy9RnQSFq0St6kq9cZnCs/getUpdates "HTTP/1.1 200 OK"
2026-05-13 02:18:47 | INFO     | HTTP Request: POST https://api.telegram.org/bot8223900828:AAGNG00joY9NKJRy9RnQSFq0St6kq9cZnCs/getUpdates "HTTP/1.1 200 OK"
2026-05-13 02:18:47 | INFO     | HTTP Request: POST https://api.telegram.org/bot8223900828:AAGNG00joY9NKJRy9RnQSFq0St6kq9cZnCs/sendChatAction "HTTP/1.1 200 OK"
2026-05-13 02:18:57 | INFO     | HTTP Request: POST https://api.telegram.org/bot8223900828:AAGNG00joY9NKJRy9RnQSFq0St6kq9cZnCs/getUpdates "HTTP/1.1 200 OK"
2026-05-13 02:18:57 | INFO     | HTTP Request: POST http://localhost:11434/api/chat "HTTP/1.1 200 OK"
2026-05-13 02:18:57 | INFO     | OK | model=qwen2.5:3b | 9.9s | attempt=1
2026-05-13 02:18:57 | INFO     | MSG | user=2057476178 | model=qwen2.5:3b | len=20 | 9.9s
2026-05-13 02:18:57 | INFO     | HTTP Request: POST https://api.telegram.org/bot8223900828:AAGNG00joY9NKJRy9RnQSFq0St6kq9cZnCs/sendMessage "HTTP/1.1 200 OK"
2026-05-13 02:19:07 | INFO     | HTTP Request: POST https://api.telegram.org/bot8223900828:AAGNG00joY9NKJRy9RnQSFq0St6kq9cZnCs/getUpdates "HTTP/1.1 200 OK"
2026-05-13 02:19:13 | INFO     | HTTP Request: POST https://api.telegram.org/bot8223900828:AAGNG00joY9NKJRy9RnQSFq0St6kq9cZnCs/getUpdates "HTTP/1.1 200 OK"
2026-05-13 02:19:13 | INFO     | HTTP Request: POST https://api.telegram.org/bot8223900828:AAGNG00joY9NKJRy9RnQSFq0St6kq9cZnCs/sendChatAction "HTTP/1.1 200 OK"
2026-05-13 02:19:15 | INFO     | HTTP Request: POST http://localhost:11434/api/chat "HTTP/1.1 200 OK"
2026-05-13 02:19:15 | INFO     | OK | model=qwen2.5:3b | 2.3s | attempt=1
2026-05-13 02:19:15 | INFO     | MSG | user=2057476178 | model=qwen2.5:3b | len=17 | 2.3s
2026-05-13 02:19:16 | INFO     | HTTP Request: POST https://api.telegram.org/bot8223900828:AAGNG00joY9NKJRy9RnQSFq0St6kq9cZnCs/sendMessage "HTTP/1.1 200 OK"
2026-05-13 02:19:23 | INFO     | HTTP Request: POST https://api.telegram.org/bot8223900828:AAGNG00joY9NKJRy9RnQSFq0St6kq9cZnCs/getUpdates "HTTP/1.1 200 OK"
2026-05-13 02:19:33 | INFO     | HTTP Request: POST https://api.telegram.org/bot8223900828:AAGNG00joY9NKJRy9RnQSFq0St6kq9cZnCs/getUpdates "HTTP/1.1 200 OK"
2026-05-13 02:19:43 | INFO     | HTTP Request: POST https://api.telegram.org/bot8223900828:AAGNG00joY9NKJRy9RnQSFq0St6kq9cZnCs/getUpdates "HTTP/1.1 200 OK"
2026-05-13 02:19:53 | INFO     | HTTP Request: POST https://api.telegram.org/bot8223900828:AAGNG00joY9NKJRy9RnQSFq0St6kq9cZnCs/getUpdates "HTTP/1.1 200 OK"
2026-05-13 02:20:03 | INFO     | HTTP Request: POST https://api.telegram.org/bot8223900828:AAGNG00joY9NKJRy9RnQSFq0St6kq9cZnCs/getUpdates "HTTP/1.1 200 OK"
2026-05-13 02:20:13 | INFO     | HTTP Request: POST https://api.telegram.org/bot8223900828:AAGNG00joY9NKJRy9RnQSFq0St6kq9cZnCs/getUpdates "HTTP/1.1 200 OK"
2026-05-13 02:20:24 | INFO     | HTTP Request: POST https://api.telegram.org/bot8223900828:AAGNG00joY9NKJRy9RnQSFq0St6kq9cZnCs/getUpdates "HTTP/1.1 200 OK"
2026-05-13 02:20:34 | INFO     | HTTP Request: POST https://api.telegram.org/bot8223900828:AAGNG00joY9NKJRy9RnQSFq0St6kq9cZnCs/getUpdates "HTTP/1.1 200 OK"
2026-05-13 02:20:44 | INFO     | HTTP Request: POST https://api.telegram.org/bot8223900828:AAGNG00joY9NKJRy9RnQSFq0St6kq9cZnCs/getUpdates "HTTP/1.1 200 OK"
2026-05-13 02:20:54 | INFO     | HTTP Request: POST https://api.telegram.org/bot8223900828:AAGNG00joY9NKJRy9RnQSFq0St6kq9cZnCs/getUpdates "HTTP/1.1 200 OK"
2026-05-13 02:21:04 | INFO     | HTTP Request: POST https://api.telegram.org/bot8223900828:AAGNG00joY9NKJRy9RnQSFq0St6kq9cZnCs/getUpdates "HTTP/1.1 200 OK"
2026-05-13 02:21:14 | INFO     | HTTP Request: POST https://api.telegram.org/bot8223900828:AAGNG00joY9NKJRy9RnQSFq0St6kq9cZnCs/getUpdates "HTTP/1.1 200 OK"
2026-05-13 02:21:24 | INFO     | HTTP Request: POST https://api.telegram.org/bot8223900828:AAGNG00joY9NKJRy9RnQSFq0St6kq9cZnCs/getUpdates "HTTP/1.1 200 OK"
2026-05-13 02:21:34 | INFO     | HTTP Request: POST https://api.telegram.org/bot8223900828:AAGNG00joY9NKJRy9RnQSFq0St6kq9cZnCs/getUpdates "HTTP/1.1 200 OK"
2026-05-13 02:21:44 | INFO     | HTTP Request: POST https://api.telegram.org/bot8223900828:AAGNG00joY9NKJRy9RnQSFq0St6kq9cZnCs/getUpdates "HTTP/1.1 200 OK"
2026-05-13 02:21:55 | INFO     | HTTP Request: POST https://api.telegram.org/bot8223900828:AAGNG00joY9NKJRy9RnQSFq0St6kq9cZnCs/getUpdates "HTTP/1.1 200 OK"
2026-05-13 02:22:05 | INFO     | HTTP Request: POST https://api.telegram.org/bot8223900828:AAGNG00joY9NKJRy9RnQSFq0St6kq9cZnCs/getUpdates "HTTP/1.1 200 OK"
2026-05-13 02:22:15 | INFO     | HTTP Request: POST https://api.telegram.org/bot8223900828:AAGNG00joY9NKJRy9RnQSFq0St6kq9cZnCs/getUpdates "HTTP/1.1 200 OK"
2026-05-13 02:22:25 | INFO     | HTTP Request: POST https://api.telegram.org/bot8223900828:AAGNG00joY9NKJRy9RnQSFq0St6kq9cZnCs/getUpdates "HTTP/1.1 200 OK"
2026-05-13 02:22:35 | INFO     | HTTP Request: POST https://api.telegram.org/bot8223900828:AAGNG00joY9NKJRy9RnQSFq0St6kq9cZnCs/getUpdates "HTTP/1.1 200 OK"
2026-05-13 02:22:45 | INFO     | HTTP Request: POST https://api.telegram.org/bot8223900828:AAGNG00joY9NKJRy9RnQSFq0St6kq9cZnCs/getUpdates "HTTP/1.1 200 OK"
2026-05-13 02:22:55 | INFO     | HTTP Request: POST https://api.telegram.org/bot8223900828:AAGNG00joY9NKJRy9RnQSFq0St6kq9cZnCs/getUpdates "HTTP/1.1 200 OK"
2026-05-13 02:23:05 | INFO     | HTTP Request: POST https://api.telegram.org/bot8223900828:AAGNG00joY9NKJRy9RnQSFq0St6kq9cZnCs/getUpdates "HTTP/1.1 200 OK"
2026-05-13 02:23:15 | INFO     | HTTP Request: POST https://api.telegram.org/bot8223900828:AAGNG00joY9NKJRy9RnQSFq0St6kq9cZnCs/getUpdates "HTTP/1.1 200 OK"
2026-05-13 02:23:26 | INFO     | HTTP Request: POST https://api.telegram.org/bot8223900828:AAGNG00joY9NKJRy9RnQSFq0St6kq9cZnCs/getUpdates "HTTP/1.1 200 OK"
2026-05-13 02:23:36 | INFO     | HTTP Request: POST https://api.telegram.org/bot8223900828:AAGNG00joY9NKJRy9RnQSFq0St6kq9cZnCs/getUpdates "HTTP/1.1 200 OK"
2026-05-13 02:23:46 | INFO     | HTTP Request: POST https://api.telegram.org/bot8223900828:AAGNG00joY9NKJRy9RnQSFq0St6kq9cZnCs/getUpdates "HTTP/1.1 200 OK"
2026-05-13 02:23:56 | INFO     | HTTP Request: POST https://api.telegram.org/bot8223900828:AAGNG00joY9NKJRy9RnQSFq0St6kq9cZnCs/getUpdates "HTTP/1.1 200 OK"
2026-05-13 02:24:06 | INFO     | HTTP Request: POST https://api.telegram.org/bot8223900828:AAGNG00joY9NKJRy9RnQSFq0St6kq9cZnCs/getUpdates "HTTP/1.1 200 OK"
2026-05-13 02:24:16 | INFO     | HTTP Request: POST https://api.telegram.org/bot8223900828:AAGNG00joY9NKJRy9RnQSFq0St6kq9cZnCs/getUpdates "HTTP/1.1 200 OK"
2026-05-13 02:24:26 | INFO     | HTTP Request: POST https://api.telegram.org/bot8223900828:AAGNG00joY9NKJRy9RnQSFq0St6kq9cZnCs/getUpdates "HTTP/1.1 200 OK"
2026-05-13 02:24:36 | INFO     | HTTP Request: POST https://api.telegram.org/bot8223900828:AAGNG00joY9NKJRy9RnQSFq0St6kq9cZnCs/getUpdates "HTTP/1.1 200 OK"
2026-05-13 02:24:47 | INFO     | HTTP Request: POST https://api.telegram.org/bot8223900828:AAGNG00joY9NKJRy9RnQSFq0St6kq9cZnCs/getUpdates "HTTP/1.1 200 OK"
2026-05-13 02:24:57 | INFO     | HTTP Request: POST https://api.telegram.org/bot8223900828:AAGNG00joY9NKJRy9RnQSFq0St6kq9cZnCs/getUpdates "HTTP/1.1 200 OK"
2026-05-13 02:25:07 | INFO     | HTTP Request: POST https://api.telegram.org/bot8223900828:AAGNG00joY9NKJRy9RnQSFq0St6kq9cZnCs/getUpdates "HTTP/1.1 200 OK"
2026-05-13 02:25:17 | INFO     | HTTP Request: POST https://api.telegram.org/bot8223900828:AAGNG00joY9NKJRy9RnQSFq0St6kq9cZnCs/getUpdates "HTTP/1.1 200 OK"
2026-05-13 02:25:27 | INFO     | HTTP Request: POST https://api.telegram.org/bot8223900828:AAGNG00joY9NKJRy9RnQSFq0St6kq9cZnCs/getUpdates "HTTP/1.1 200 OK"
2026-05-13 02:25:37 | INFO     | HTTP Request: POST https://api.telegram.org/bot8223900828:AAGNG00joY9NKJRy9RnQSFq0St6kq9cZnCs/getUpdates "HTTP/1.1 200 OK"
2026-05-13 02:25:43 | INFO     | HTTP Request: POST https://api.telegram.org/bot8223900828:AAGNG00joY9NKJRy9RnQSFq0St6kq9cZnCs/getUpdates "HTTP/1.1 200 OK"
2026-05-13 02:25:43 | INFO     | Application is stopping. This might take a moment.
2026-05-13 02:25:43 | INFO     | Application.stop() complete
2026-05-13 02:31:40 | INFO     | DonishAI v7.0 started | model=qwen2.5:3b
2026-05-13 02:31:40 | INFO     | HTTP Request: POST https://api.telegram.org/bot8223900828:AAGNG00joY9NKJRy9RnQSFq0St6kq9cZnCs/getMe "HTTP/1.1 200 OK"
2026-05-13 02:31:40 | INFO     | HTTP Request: POST https://api.telegram.org/bot8223900828:AAGNG00joY9NKJRy9RnQSFq0St6kq9cZnCs/deleteWebhook "HTTP/1.1 200 OK"
2026-05-13 02:31:40 | INFO     | Application started
2026-05-13 02:31:41 | INFO     | HTTP Request: POST https://api.telegram.org/bot8223900828:AAGNG00joY9NKJRy9RnQSFq0St6kq9cZnCs/getUpdates "HTTP/1.1 200 OK"
2026-05-13 02:31:41 | INFO     | START | user=2057476178
2026-05-13 02:31:41 | INFO     | HTTP Request: POST https://api.telegram.org/bot8223900828:AAGNG00joY9NKJRy9RnQSFq0St6kq9cZnCs/sendMessage "HTTP/1.1 200 OK"
2026-05-13 02:31:44 | INFO     | HTTP Request: POST https://api.telegram.org/bot8223900828:AAGNG00joY9NKJRy9RnQSFq0St6kq9cZnCs/getUpdates "HTTP/1.1 200 OK"
2026-05-13 02:31:44 | INFO     | HTTP Request: POST https://api.telegram.org/bot8223900828:AAGNG00joY9NKJRy9RnQSFq0St6kq9cZnCs/answerCallbackQuery "HTTP/1.1 200 OK"
2026-05-13 02:31:44 | INFO     | HTTP Request: POST https://api.telegram.org/bot8223900828:AAGNG00joY9NKJRy9RnQSFq0St6kq9cZnCs/editMessageText "HTTP/1.1 200 OK"
2026-05-13 02:31:46 | INFO     | HTTP Request: POST https://api.telegram.org/bot8223900828:AAGNG00joY9NKJRy9RnQSFq0St6kq9cZnCs/getUpdates "HTTP/1.1 200 OK"
2026-05-13 02:31:46 | INFO     | HTTP Request: POST https://api.telegram.org/bot8223900828:AAGNG00joY9NKJRy9RnQSFq0St6kq9cZnCs/answerCallbackQuery "HTTP/1.1 200 OK"
2026-05-13 02:31:46 | INFO     | HTTP Request: POST https://api.telegram.org/bot8223900828:AAGNG00joY9NKJRy9RnQSFq0St6kq9cZnCs/editMessageText "HTTP/1.1 200 OK"
2026-05-13 02:31:49 | INFO     | HTTP Request: POST https://api.telegram.org/bot8223900828:AAGNG00joY9NKJRy9RnQSFq0St6kq9cZnCs/getUpdates "HTTP/1.1 200 OK"
2026-05-13 02:31:49 | INFO     | HTTP Request: POST https://api.telegram.org/bot8223900828:AAGNG00joY9NKJRy9RnQSFq0St6kq9cZnCs/sendMessage "HTTP/1.1 200 OK"
2026-05-13 02:32:00 | INFO     | HTTP Request: POST https://api.telegram.org/bot8223900828:AAGNG00joY9NKJRy9RnQSFq0St6kq9cZnCs/getUpdates "HTTP/1.1 200 OK"
2026-05-13 02:32:10 | INFO     | HTTP Request: POST https://api.telegram.org/bot8223900828:AAGNG00joY9NKJRy9RnQSFq0St6kq9cZnCs/getUpdates "HTTP/1.1 200 OK"
2026-05-13 02:32:20 | INFO     | HTTP Request: POST https://api.telegram.org/bot8223900828:AAGNG00joY9NKJRy9RnQSFq0St6kq9cZnCs/getUpdates "HTTP/1.1 200 OK"
2026-05-13 02:32:30 | INFO     | HTTP Request: POST https://api.telegram.org/bot8223900828:AAGNG00joY9NKJRy9RnQSFq0St6kq9cZnCs/getUpdates "HTTP/1.1 200 OK"
2026-05-13 02:32:40 | INFO     | HTTP Request: POST https://api.telegram.org/bot8223900828:AAGNG00joY9NKJRy9RnQSFq0St6kq9cZnCs/getUpdates "HTTP/1.1 200 OK"
2026-05-13 02:32:50 | INFO     | HTTP Request: POST https://api.telegram.org/bot8223900828:AAGNG00joY9NKJRy9RnQSFq0St6kq9cZnCs/getUpdates "HTTP/1.1 200 OK"
2026-05-13 02:33:00 | INFO     | HTTP Request: POST https://api.telegram.org/bot8223900828:AAGNG00joY9NKJRy9RnQSFq0St6kq9cZnCs/getUpdates "HTTP/1.1 200 OK"
2026-05-13 02:33:10 | INFO     | HTTP Request: POST https://api.telegram.org/bot8223900828:AAGNG00joY9NKJRy9RnQSFq0St6kq9cZnCs/getUpdates "HTTP/1.1 200 OK"
2026-05-13 02:33:21 | INFO     | HTTP Request: POST https://api.telegram.org/bot8223900828:AAGNG00joY9NKJRy9RnQSFq0St6kq9cZnCs/getUpdates "HTTP/1.1 200 OK"
2026-05-13 02:33:31 | INFO     | HTTP Request: POST https://api.telegram.org/bot8223900828:AAGNG00joY9NKJRy9RnQSFq0St6kq9cZnCs/getUpdates "HTTP/1.1 200 OK"
